阶段 	时间 	大事记 							
初创阶段 	1996-2000 年 	1996 年，正泰工艺品成立，通过外贸公司开始拓展以欧美市场为主的产品出口业务，并迅速发展； 1997 年，公司获得第一个实用新型专利，良好的产品品质逐渐获得广大海外客户认可。 							
发展阶段 	2001-2004 年 	2001 年，公司开始自营出口业务； 2002 年，公司成为浙江省专利示范企业； 2004 年，公司产品种类继续拓宽，增加折叠式户外凉篷产品系列。 							
发展阶段 	2005-2008 年 	2005 年，公司自主研发的“罗马吊伞”荣获德国科隆SPOGA 国际博览会“创新设计奖”；同年开始主要产品汽车篷的生产制造； 2007 年，正特集团工业园正式落成，产能得到进一步扩大；同年，公司获得第一个国外专利并注册第一个国外商标。 2008 年后，业务不断壮大，新增宠物屋系列产品；公司日益重视产品原创设计，一方面与米兰理工学院和意大利设计师群体展开项目合作；另一方面注重知识产权及商标保护，着手自主专利注册及海外专利注册。同年，公司产品用于天安门广场。 							
升级阶段 	2009-2010 年 	2009 年，公司被评为高新技术企业，自主研发的“太阳能电动伞”荣获德国科隆 SPOGA 国际博览会创新设计奖。在国际市场拓展上，依托强大的研发设计能力，逐步实现从 OEM 到 ODM 模式跨越； 2010 年，公司客户群数量超过 300 家；同年，公司成为上海世博会户外遮阳伞类供应商；同年，公司与日本高秀株式会社合资成立正特高秀，进入户外新材料领域。 							
升级阶段 	2011-至今 	2011 年，晴天木塑成立，进一步拓宽户外新材料领域；2012 年，晴天花园成立，开始布局国内市场；  2013年至 2016 年，公司产品连续四年获得“红点奖”； 2014 年，公司开始布局跨境电子商务业务； 2015 年，公司整体改制为股份公司；同年，荷兰晴天花园设立；同年，公司研究院被评定为省级企业研究院。 							
									
类别 	产品分类 	产品分类 	产品分类 	代表性产品 图片 	应用领域 	产品技术、地位描述 	产品技术、地位描述 		
类别 	系列 	主要品种 	主要品种 	代表性产品 图片 	应用领域 	产品技术、地位描述 	产品技术、地位描述 		
遮阳制品 	遮阳篷：汽车篷、折叠凉篷、花园篷、暖篷等 	遮阳篷：汽车篷、折叠凉篷、花园篷、暖篷等 	遮阳篷：汽车篷、折叠凉篷、花园篷、暖篷等 	 	产品用于汽车停放、户外聚会、花草温床、移动商铺等方面，起遮阳挡雨的作用 	全球多家大型客户的产品供应商 	全球多家大型客户的产品供应商 		
遮阳制品 	遮阳伞：直伞、吊伞等 	遮阳伞：直伞、吊伞等 	遮阳伞：直伞、吊伞等 	 	产品用于别墅庭院及海滩、公园、酒店等户外休闲场所的遮阳，使用简单方便 	全球多家大型客户的产品供应商，部分产品获“红点奖” 	全球多家大型客户的产品供应商，部分产品获“红点奖” 		
户外休闲家具 	户外家具：阳台屏风、吊床、秋千、花园桌椅等 	户外家具：阳台屏风、吊床、秋千、花园桌椅等 	户外家具：阳台屏风、吊床、秋千、花园桌椅等 	 	产品用于酒店、海滩等户外休闲场所 	时尚的风格和个性化设计理念使户外家具成为国内外客户较为理想的选择 	时尚的风格和个性化设计理念使户外家具成为国内外客户较为理想的选择 		
户外休闲家具 	户外家具：阳台屏风、吊床、秋千、花园桌椅等 	户外家具：阳台屏风、吊床、秋千、花园桌椅等 	户外家具：阳台屏风、吊床、秋千、花园桌椅等 	 	休闲床具集遮阳、家具功能于一身，是户外休闲的理想产品，适合于花园、海滩、泳池及家庭等各种场所 	部分产品获“红点奖” 	部分产品获“红点奖” 		
类别 	产品分类 	产品分类 	产品分类 	代表性产品 图片 	应用领域 	产品技术、地位描述 	产品技术、地位描述 		
类别 	系列 	主要品种 	主要品种 	代表性产品 图片 	应用领域 	产品技术、地位描述 	产品技术、地位描述 		
宠物屋：宠物笼、围栏 	宠物屋：宠物笼、围栏 	宠物屋：宠物笼、围栏 	 	用于宠物的饲养，拆解方便，具有可移动性 	拥有多项国际、国内专利 	拥有多项国际、国内专利 			
晾晒用具：晾衣架、毛巾架等 	晾晒用具：晾衣架、毛巾架等 	晾晒用具：晾衣架、毛巾架等 	 	一种使用方便的折叠式结构的晾晒用具，主要用于室内、室外晾晒织物或堆放物件 	拥有完备的产品生产线和及专业的生产工艺 	拥有完备的产品生产线和及专业的生产工艺 			
									
 	2017 年 1-6 月 	2017 年 1-6 月 	2016 年 	2016 年 	2015 年 	2015 年 	2014 年 	2014 年 	
 	金额 	占比 	金额 	占比 	金额 	占比 	金额 	占比 	
1、遮阳制品 	32,663.77   	69.45% 	41,986.19 	69.44% 	36,428.43 	66.59% 	36,679.81 	66.13% 	
  遮阳篷 	23,457.32   	49.87% 	28,323.77 	46.84% 	24,468.94 	44.73% 	25,290.64 	45.60% 	
  遮阳伞 	  9,206.45   	19.57% 	13,662.42 	22.59% 	11,959.48 	21.86% 	11,389.16 	20.53% 	
2、户外休闲家具 	13,216.87   	28.10% 	16,533.63 	27.34% 	16,431.44 	30.04% 	17,827.50 	32.14% 	
  户外家具 	  4,384.57   	9.32% 	5,872.48 	9.71% 	6,775.21 	12.38% 	7,431.33 	13.40% 	
  宠物屋 	  6,493.74   	13.81% 	7,787.37 	12.88% 	6,162.71 	11.27% 	7,359.85 	13.27% 	
  晾晒用具 	  2,338.57   	4.97% 	2,873.78 	4.75% 	3,493.53 	6.39% 	3,036.32 	5.47% 	
3、其它 	  1,153.92   	2.45% 	1,947.09 	3.22% 	1,842.03 	3.38% 	957.15 	1.73% 	
合计 	47,034.56   	100.00% 	60,466.91 	100.00% 	54,701.90 	100.00% 	55,464.46 	100.00% 	
									
地区 	2017 年 1-6 月 	2017 年 1-6 月 	2016 年 	2016 年 	2015 年 	2015 年 	2014 年 	2014 年 	
地区 	金额 	比例 	金额 	比例 	金额 	比例 	金额 	比例 	
外销小计 	45,244.14 	96.19% 	56,601.14 	93.61% 	49,507.11 	90.50% 	50,514.62 	91.08% 	
北美 	31,271.79 	66.49% 	36,279.65 	60.00% 	25,505.31 	46.63% 	26,323.51 	47.46% 	
欧盟 	10,223.42 	21.74% 	13,574.38 	22.45% 	16,345.88 	29.88% 	15,082.18 	27.19% 	
亚洲（不含中东） 	2,896.92 	6.16% 	5,152.41 	8.52% 	6,596.41 	12.06% 	7,819.98 	14.10% 	
其他 	852.02 	1.81% 	1,594.70 	2.64% 	1,059.51 	1.94% 	1,288.95 	2.32% 	
其中：跨境电商平台收入 	3,126.75 	6.65% 	3,909.79 	6.47% 	1,458.11 	2.67% 	120.44 	0.22% 	
内销小计 	1,790.41 	3.81% 	3,865.77 	6.39% 	5,194.79 	9.50% 	4,949.84 	8.92% 	
合计 	47,034.56 	100.00% 	60,466.91 	100.00% 	54,701.90 	100.00% 	55,464.46 	100.00% 	
									
序号 	时间 	政策名称 	发布机构 	主要内容 					
1 	2016 年 	《信息化和工业化融合发展规划（2016-2020）》  	工业和信息化部 	推广个性化定制。推动家电、家具、服装、家纺、建材家居等行业发展动态感知、实时响应消费需求的大规模个性化定制模式。鼓励飞机、船舶等行业提升高端产品和装备模块化设计、柔性化制造、定制化服务能力。支持发展面向中小企业的工业设计、快速原型、模具开发和产品定制等在线服务，培育“互联网+”新型手工作坊等小批量个性化定制模式。 					
2 	2016 年 	《轻工业发展规划（2016－2020 年）》 	工业和信息化部 	推动家具工业向绿色、环保、健康、时尚方向发展。加强新型复合材料、强化水性涂料等研发，加快三维（3D）打印、逆向工程等新技术在家具设计和生产中应用。重点发展传统实木家具、高品质板式家具、具有文化创意的竹藤休闲家具、环保健康儿童家具和具有特殊功能的老年人家具。促进互联网、物联网、智能家居、电子商务等与家具生产销售相结合，支持智能车间（工厂）建设，培育个性化定制新模式。推动家具工业与建筑业融合发展，推进全屋定制新型制造模式发展，促进企业提供整体解决方案，提高用户体验。引导中西部地区积极承接产业转移。 					
3 	2016 年 	《国务院关于促进加工贸易创新发展的若干意见》 	国务院 	推动加工贸易企业由单纯的贴牌生产（OEM）向委托设计（ODM）、自有品牌（OBM）方式发展。支持企业加强技术研发和设备改造，提升产品技术含量和附加值，增强企业核心竞争力。 					
4 	2015 年 	《国务院关于加快培育外贸竞争新优势的若干意见》 	国务院 	继续巩固和提升家具等产品在全球的主导地位。 					
5 	2012 年 	《轻工业―十二五‖发展规划》 	工业和信息化部 	重点发展绿色环保、安全的家具产品，培育知名品牌，提高产品的附加值。加快绿色环保新材料、新技术的研发与应用，增强产品款式、功能、个性化研发设计能力，突出特色产品的技术和文化内涵。提升家具产业集群发展水平，主要家具产业集群创建国家级研发设计中心和公共信息服务平台。 					
6 	2009 年 	《轻工业调整和振兴规划》 	国务院 	明确国家将加快家具行业重点专业市场建设作为轻工业产业调整和振兴的主要任务之一，同时该规划将加强家具行业的产品质量管理作为基本原则。 					
									
序号 	法律法规名称 	法律法规名称 	颁布单位 	实施时间 					
1 	主要法律法规 	《中华人民共和国安全生产法》（2014 修正） 	全国人大常委会 	2002.11.01 					
2 	主要法律法规 	《中华人民共和国产品质量法》（2009 修订） 	全国人大常委会 	1993.09.01 					
3 	主要法律法规 	《中华人民共和国消费者权益保护法》（2013 修正） 	全国人大常委会 	1994.01.01 					
4 	《中华人民共和国进出口商品检验法》（2013 修正） 	《中华人民共和国进出口商品检验法》（2013 修正） 	全国人大常委会 	1989.08.01 					
5 	《中华人民共和国消防法》（2008 修订） 	《中华人民共和国消防法》（2008 修订） 	全国人大常委会 	2009.05.01 					
6 	《中华人民共和国商标法》（2013 修正） 	《中华人民共和国商标法》（2013 修正） 	全国人大常委会 	1983.03.01 					
7 	《中华人民共和国标准化法》 	《中华人民共和国标准化法》 	全国人大常委会 	1989.04.01 					
8 	《中华人民共和国商标法实施条例》（2014 修订） 	《中华人民共和国商标法实施条例》（2014 修订） 	国务院 	2014.05.01 					
9 	《中华人民共和国进出口商品检验法实施条例》（2016 修订） 	《中华人民共和国进出口商品检验法实施条例》（2016 修订） 	国务院 	2005.12.01 					
10 	《中华人民共和国标准化法实施条例》 	《中华人民共和国标准化法实施条例》 	国务院 	1990.04.06 					
11 	《消费品使用说明第 6 部分：家具》（GB5296.6—2004） 	《消费品使用说明第 6 部分：家具》（GB5296.6—2004） 	国家质量监督检验检疫总局 	2004.10.01 					
12 	《关于家具设计保护试行办法》 	《关于家具设计保护试行办法》 	中国家具协会 	2000.10.24 					
									
分类 	内容 								
永久固定在户外的休闲家具及用品 	如帐篷、实木桌椅、铁木桌椅、木亭等。由于长期放在户外，因此一般此类休闲家具需要选用优质材质，具有良好的防腐性。 								
可移动式户外休闲家具及用品 	如遮阳篷、遮阳伞、晾晒用具、西藤台椅、可折叠木桌椅、简易凉亭等。使用时放到户外，闲置时可收纳放在房间里。 								
可携带式户外休闲家具及用品 	如小餐桌、餐椅和阳伞，此类家具一般是由铝合金或帆布做成的，重量轻，便于携带，适合野外出行、游玩，垂钓等活动。 								
									
序号 	标准编号 	标准名称 	发布日期 						
1 	JG/T 239-2009 	建筑外遮阳产品抗风性能试验方法 	2009 年 3 月 20 日 						
2 	JG/T 240-2009 	建筑遮阳篷耐积水荷载试验方法 	2009 年 3 月 20 日 						
3 	JG/T 241-2009 	建筑遮阳产品机械耐久性能试验方法 	2009 年 3 月 20 日 						
4 	JG/T 242-2009 	建筑遮阳产品操作力试验方法 	2009 年 3 月 20 日 						
5 	JG/T 253-2009 	建筑用曲臂遮阳篷 	2009 年 6 月 18 日 						
6 	JG/T 424-2013 	建筑遮阳用织物通用技术要求 	2013 年 12 月 17 日 						
7 	JG/T423-2013 	遮阳用膜结构织物 	2013 年 12 月 17 日 						
8 	JG/T 443-2014 	建筑遮阳硬卷帘 	2014 年 9 月 11 日 						
9 	JG/T 500-2016 	建筑一体化遮阳窗 	2016 年 6 月 14 日 						
10 	JG/T 499-2016 	建筑用遮阳非金属百叶帘 	2016 年 6 月 14 日 						
									
 	2016 年度 	2015 年度 	2014 年度 						
总资产 	- 	0 	74.96 						
净资产 	- 	0 	-39.21 						
营业收入 	- 	0 	0 						
净利润 	- 	-23.03 	-118.88 						
									
公司名称 	江苏四海商舟电子商务有限公司 								
注册地址 	常州市新北区太湖东路 9-2 号 1001 室 								
成立日期 	2011 年 4 月 1 日 								
法定代表人 	周宁 								
注册资本 	1,158.289774 万元 								
经营范围 	电子商务的技术开发、技术咨询、技术服务及技术转让；企业管理咨询服务；计算机软件的开发、设计；网络的技术开发、技术服务、技术咨询及技术转让；百货、服装、鞋帽、针纺织品、日用百货、文化用品、工艺礼品、通讯器材、建筑材料、金属材料、化工产品（除危险品）、机械设备、电器、五金、交电、电子产品、计算机软硬件及外围设备、汽车零配件、家具的销售；计算机信息咨询、技术培训；自营和代理各类商品和技术的进出口业务，但国家限定公司经营或禁止进出口的商品和技术除外；设计、制作、代理、发布国内各类广告业务；非学历职业技能培训（不含国家统一认可的职业证书类培训）。（依法须经批准的项目，经相关部门批准后方可开展经营活动） 								
									
项目 	2016 年 12 月 31 日 / 2016 年 								
总资产 	17,167.01 								
净资产 	2,722.66 								
营业收入 	37,504.70 								
净利润 	429.53 								
									
项目 	项目 	项目 	2017 年 1-6 月 	2017 年 1-6 月 	2016 年度 	2015 年度 	2014 年度 		
项目 	项目 	项目 	美国孙公司销售 	母公司直接销售 	母公司直接销售 	母公司直接销售 	母公司直接销售 		
电商平台销售清单的 FOB 金额① 	电商平台销售清单的 FOB 金额① 	电商平台销售清单的 FOB 金额① 	$328.44 	$46.10 	$516.20 	$175.61 	$14.11 		
收入项目 	销售收入[注 1] 	销售收入[注 1] 	$882.58 	$111.61 	$1,404.47 	$507.21 	$37.95 		
收入项目 	赔偿收入[注 2] 	赔偿收入[注 2] 	$11.07 	$1.60 	$30.19 	$5.98 	$0.90 		
收入项目 	收入小计② 	收入小计② 	$893.65 	$113.21 	$1,434.66 	$513.19 	$38.85 		
支出项目 	平台佣金 	平台佣金 	$117.41 	$13.94 	$202.34 	$81.67 	$6.65  		
支出项目 	四海商舟服务费 	四海商舟服务费 	$38.55 	$4.41 	$63.35 	$23.13 	$1.75 		
支出项目 	产品成本 	产品 FOB 	$328.44 	$46.10 	$516.20 	$175.61 	$14.11 		
支出项目 	产品成本 	海运费及关税-美国晴天 [注 3] 	$18.18 	- 	- 	- 	- 		
支出项目 	产品成本 	海运费及关税-四海商舟 	$24.00 	$7.03 	$90.76 	$25.44 	$4.06 		
支出项目 	客户退货 	客户退货 	$36.90 	$4.42 	$72.58 	$19.55 	$2.11 		
支出项目 	配送运费 	配送运费 	$23.09 	$14.31 	$215.48 	$62.97 	$0.03 		
支出项目 	仓储费、广告费等 	仓储费、广告费等 	$222.78 	$25.79 	$163.45 	$37.75 	$2.42 		
支出项目 	支出小计③ 	支出小计③ 	$809.35 	$116.00 	$1,324.16 	$426.12 	$31.13 		
项目净利润④=②-③ 	项目净利润④=②-③ 	项目净利润④=②-③ 	$84.30 	-$2.79 	$110.50 	$87.07 	$7.72 		
利润分成⑤=④*70% 	利润分成⑤=④*70% 	利润分成⑤=④*70% 	$58.99 	-$1.95 	$77.35 	$60.95 	$5.40 		
收入金额合计⑥=①+⑤ 	收入金额合计⑥=①+⑤ 	收入金额合计⑥=①+⑤ 	$405.61 	$44.15 	$593.55 	$236.56 	$19.51 		
折算人民币收入金额 	折算人民币收入金额 	折算人民币收入金额 	2,786.47 	298.79  	3,909.79 	1,458.11 	120.88 		
									
 	2017 年 1-6 月 	2016 年末 	2015 年末 	2014 年末 					
临海市和美休闲用品有限公司 	32.80 	67.99 	59.62 	21.71 					
临海市奇合机械有限公司 	18.18 	33.40 	32.73 	32.86 					
临海市利仕达塑业有限公司 	9.10 	18.88 	19.21 	7.25 					
合计 	60.18 	120.27 	111.56 	61.82 					
营业收入 	51,682.67 	68,616.90 	60,155.90 	62,060.01 					
占营业收入比例 	0.12% 	0.18% 	0.19% 	0.10% 					
									
序号 	供应商名称 	2017 年 1-6 月 	2017 年 1-6 月 	主要采购内容和环节 					
序号 	供应商名称 	数量 	金额 	主要采购内容和环节 					
1 	临海市和美休闲用品有限公司 	244.55 	1,086.20 	金工件；金加工环节 					
2 	临海市利仕达塑业有限公司 	10,351.30 	1,006.99 	塑料件；塑料结构件 					
3 	临海市军勇机械厂 	850.55 	983.87 	金工件；金加工环节 					
4 	临海市奇合机械有限公司 	40.69 	790.64 	金工件；金加工环节 					
5 	临海市郭军机械厂 	731.31 	617.02 	金工件；金加工环节 					
合计 	合计 	12,218.39 	4,484.72 	- 					
全年采购数量/总额 	全年采购数量/总额 	- 	25,032.95 	-   					
占比 	占比 	- 	17.92% 	-   					
序号 	供应商名称 	2016 年度 	2016 年度 	主要采购内容和环节 					
序号 	供应商名称 	数量 	金额 	主要采购内容和环节 					
1 	临海市和美休闲用品有限公司 	421.92 	1,538.61 	金工件；金加工环节 					
2 	临海市利仕达塑业有限公司 	14,733.22 	1,725.39 	塑料件；塑料结构件 					
3 	临海市军勇机械厂 	913.20 	1,524.74 	金工件；金加工环节 					
4 	临海市奇合机械有限公司 	97.48 	1,016.85 	金工件；金加工环节 					
5 	临海市郭军机械厂 	943.50 	816.56 	金工件；金加工环节 					
合计 	合计 	17,109.32 	6,622.15 	- 					
全年采购数量/总额 	全年采购数量/总额 	- 	41,108.80 	-   					
占比 	占比 	- 	16.11% 	-   					
序号 	供应商名称 	2015 年度 	2015 年度 	主要采购内容和环节 					
序号 	供应商名称 	数量 	金额 	主要采购内容和环节 					
1 	临海市和美休闲用品有限公司 	563.87 	1,972.38 	金工件；金加工环节 					
2 	临海市利仕达塑业有限公司 	12,688.60 	1,642.99 	塑料件；塑料结构件 					
3 	临海市军勇机械厂 	967.93 	1,391.63 	金工件；金加工环节 					
									
4 	临海市奇合机械有限公司 	99.20 	1,120.51 	金工件；金加工环节 					
5 	临海市郭军机械厂 	740.41 	766.05 	金工件；金加工环节 					
合计 	合计 	15,060.01 	6,893.56 	- 					
全年采购数量/总额 	全年采购数量/总额 	- 	34,073.41 	-   					
占比 	占比 	- 	20.22% 	-   					
序号 	供应商名称 	2014 年度 	2014 年度 	主要采购内容和环节 					
序号 	供应商名称 	数量 	金额 	主要采购内容和环节 					
1 	临海市和美休闲用品有限公司 	136.44 	572.01 	金工件；金加工环节 					
2 	临海市利仕达塑业有限公司 	11,324.39 	1,523.24 	塑料件；塑料结构件 					
3 	临海市军勇机械厂 	1,000.35 	1,050.38 	金工件；金加工环节 					
4 	临海市奇合机械有限公司 	78.21 	761.01 	金工件；金加工环节 					
5 	临海市郭军机械厂 	506.62 	553.68 	金工件；金加工环节 					
合计 	合计 	13,046.01 	4,460.32 	- 					
全年采购数量/总额 	全年采购数量/总额 	- 	37,952.37 	-   					
占比 	占比 	- 	11.75% 	-   					
									
半成品供应商 	2017 年 1-6 月 	2016 年度 	2015 年度 	2014 年度 					
临海市和美休闲用品有限公司 	313.54 	609.24 	775.53 	337.53 					
临海市和美休闲用品有限公司 	313.54 	609.24 	775.53 	337.53 					
临海市奇合机械有限公司 	233.07 	401.63 	459.82 	194.05 					
临海市奇合机械有限公司 	233.07 	401.63 	459.82 	194.05 					
临海市军勇机械厂 	279.34 	430.09 	255.27 	183.98 					
临海市军勇机械厂 	279.34 	430.09 	255.27 	183.98 					
临海市郭军机械厂 	56.97 	172.76 	89.22 	165.76 					
临海市郭军机械厂 	56.97 	172.76 	89.22 	165.76 					
合计 	882.92 	1,613.72 	1,579.84 	881.32 					
合计 	882.92 	1,613.72 	1,579.84 	881.32 					
营业收入 	51,682.67 	68,616.90 	60,155.90 	62,060.01 					
营业收入 	51,682.67 	68,616.90 	60,155.90 	62,060.01 					
占营业收入比例 	1.71% 	2.35% 	2.63% 	1.42% 					
占营业收入比例 	1.71% 	2.35% 	2.63% 	1.42% 					
									
半成品供应商 	2017 年 1-6 月 	2016 年度 	2015 年度 	2014 年度 					
临海市和美休闲用品有限公司 	28.87% 	39.60% 	39.32% 	59.01% 					
临海市和美休闲用品有限公司 	28.87% 	39.60% 	39.32% 	59.01% 					
临海市奇合机械有限公司 	29.48% 	39.50% 	41.04% 	25.50% 					
临海市奇合机械有限公司 	29.48% 	39.50% 	41.04% 	25.50% 					
临海市军勇机械厂 	28.39% 	28.21% 	18.34% 	17.52% 					
临海市军勇机械厂 	28.39% 	28.21% 	18.34% 	17.52% 					
临海市郭军机械厂 	9.23% 	21.38% 	11.73% 	29.94% 					
临海市郭军机械厂 	9.23% 	21.38% 	11.73% 	29.94% 					
临海市利仕达塑业有限公司 	47.38% 	71.92% 	66.88% 	76.16% 					
临海市利仕达塑业有限公司 	47.38% 	71.92% 	66.88% 	76.16% 					
									
半成品品种 	外协采购平均单价 	自产单位生产成本 	自产单位生产成本 	自产单位生产成本 	自产单位生产成本 	差异 	差异 		
半成品品种 	外协采购平均单价 	直接材料 	直接人工 	制造费用 	合计 	金额 	比例 		
2017 年 1-6 月： 	2017 年 1-6 月： 	2017 年 1-6 月： 	2017 年 1-6 月： 	2017 年 1-6 月： 	2017 年 1-6 月： 	2017 年 1-6 月： 	2017 年 1-6 月： 		
1、网片 	21.14 	12.73 	3.72 	3.61 	20.06 	1.08 	5.11% 		
2、支架 	0.76 	0.57 	0.10 	0.09 	0.76 	0.00 	-0.34% 		
3、三 /四通（焊接） 	3.37 	2.18 	0.58 	0.56 	3.33 	0.04 	1.09% 		
4、其他管件（焊接） 	4.54 	3.24 	0.52 	0.49 	4.26 	0.28 	6.10% 		
5、其他 	1.55 	0.90 	0.29 	0.28 	1.47 	0.08 	5.43% 		
合计 	1.97 	1.27 	0.32 	0.30 	1.89 	0.08 	3.92% 		
2016 年度： 	2016 年度： 	2016 年度： 	2016 年度： 	2016 年度： 	2016 年度： 	2016 年度： 	2016 年度： 		
1、网片 	16.76 	10.37 	2.87 	2.77 	16.01 	0.75 	4.45% 		
2、支架 	0.87 	0.59 	0.12 	0.07 	0.77 	0.10 	11.61% 		
3、三 /四通（焊接） 	3.73 	2.10 	0.58 	0.56 	3.24 	0.49 	13.16% 		
4、其他管件（焊接） 	4.49 	2.92 	0.56 	0.54 	4.02 	0.47 	10.55% 		
5、其他 	1.44 	0.77 	0.32 	0.25 	1.34 	0.10 	6.85% 		
合计 	2.13 	1.29 	0.35 	0.30 	1.95 	0.18 	8.46% 		
2015 年度： 	2015 年度： 	2015 年度： 	2015 年度： 	2015 年度： 	2015 年度： 	2015 年度： 	2015 年度： 		
1、网片 	24.77 	16.56 	3.80 	3.65 	24.00 	0.77 	3.12% 		
2、支架 	1.01 	0.69 	0.14 	0.06 	0.89 	0.12 	12.17% 		
3、三 /四通（焊接） 	3.82 	2.33 	0.58 	0.56 	3.47 	0.35 	9.09% 		
4、其他管件（焊接） 	3.29 	2.19 	0.51 	0.49 	3.19 	0.10 	3.04% 		
5、其他 	1.61 	0.98 	0.37 	0.29 	1.63 	-0.02 	-1.42% 		
合计 	2.30 	1.48 	0.40 	0.33 	2.21 	0.09 	3.95% 		
2014 年度： 	2014 年度： 	2014 年度： 	2014 年度： 	2014 年度： 	2014 年度： 	2014 年度： 	2014 年度： 		
1、网片 	14.25 	9.55 	2.02 	1.90 	13.47 	0.77 	5.43% 		
2、支架 	1.25 	0.91 	0.19 	0.09 	1.19 	0.07 	5.38% 		
3、三 /四通（焊接） 	4.07 	2.62 	0.57 	0.54 	3.73 	0.34 	8.25% 		
4、其他管件（焊接） 	3.66 	2.56 	0.52 	0.50 	3.58 	0.08 	2.24% 		
5、其他 	1.17 	0.78 	0.23 	0.14 	1.15 	0.01 	0.91% 		
合计 	2.20 	1.50 	0.35 	0.26 	2.11 	0.09 	4.24% 		
									
 	2017 年 1-6 月 	2017 年 1-6 月 	2016 年 	2016 年 	2015 年 	2015 年 	2014 年 	2014 年 	
 	金额 	占比 	金额 	占比 	金额 	占比 	金额 	占比 	
1、遮阳制品 	32,663.77   	69.45% 	41,986.19 	69.44% 	36,428.43 	66.59% 	36,679.81 	66.13% 	
  遮阳篷 	23,457.32   	49.87% 	28,323.77 	46.84% 	24,468.94 	44.73% 	25,290.64 	45.60% 	
  遮阳伞 	  9,206.45   	19.57% 	13,662.42 	22.59% 	11,959.48 	21.86% 	11,389.16 	20.53% 	
2、户外休闲家具 	13,216.87   	28.10% 	16,533.63 	27.34% 	16,431.44 	30.04% 	17,827.50 	32.14% 	
  户外家具 	  4,384.57   	9.32% 	5,872.48 	9.71% 	6,775.21 	12.38% 	7,431.33 	13.40% 	
  宠物屋 	  6,493.74   	13.81% 	7,787.37 	12.88% 	6,162.71 	11.27% 	7,359.85 	13.27% 	
  晾晒用具 	  2,338.57   	4.97% 	2,873.78 	4.75% 	3,493.53 	6.39% 	3,036.32 	5.47% 	
3、其它 	  1,153.92   	2.45% 	1,947.09 	3.22% 	1,842.03 	3.38% 	957.15 	1.73% 	
合计 	47,034.56   	100.00% 	60,466.91 	100.00% 	54,701.90 	100.00% 	55,464.46 	100.00% 	
									
产品 	项目 	2017 年上半年 	2016 年 	2015 年 	2014 年 				
遮阳制品 	设计产能 	130.00 	130.00 	130.00 	130.00 				
遮阳制品 	实际产量 	101.57 	139.94 	111.73 	121.56 				
遮阳制品 	产能利用率 	156.26% 	107.65% 	85.95% 	93.51% 				
户外休闲家具 	设计产能 	135.00 	135.00 	135.00  	115.00  				
户外休闲家具 	实际产量 	46.55 	82.38 	106.46  	91.36  				
户外休闲家具 	产能利用率 	68.96% 	61.03% 	78.86% 	79.44% 				
									
产品名称 	核心生产工序 	核心技术含量 							
遮阳篷 	钻孔 	自动多孔加工技术，有效提升生产效能及产品品质 							
遮阳篷 	缩管/冲孔 	自动冲孔/缩管组合加工技术，有效提高生产效能及管件精度 							
遮阳篷 	焊接 	采用自动焊接技术，焊缝美观、高效、稳定 							
遮阳篷 	缝纫/热合 	采用大型自动 PE 布热合机，美观、高效、稳定 							
遮阳伞 	表面处理 	采用高品质粉末，提升金属件的外观及表面的抗腐蚀能力 							
遮阳伞 	面料裁剪 	全自动裁剪作业，保证品质稳定，减少料损 							
遮阳伞 	装配工艺 	自动流水线装配作业，减少表面划伤，保证品质稳定 							
户外家具 	编藤 	专业编藤工匠，编制紧密、花纹美观、结实耐用 							
宠物用具 	编网 	采用美国进口自动编织设备，高效、稳定 							
宠物用具 	焊接 	熔丝自动焊/电阻自动焊，焊点美观、高效、稳定 							
宠物用具 	表面处理 	所有紧固件采用热镀锌处理，耐腐蚀时间长 							
晾晒用具 	焊接 	自动填缝焊接技术，焊缝美观、高效、稳定 							
									
主要生产环节 	机械设备数量 	机械设备数量 	机械设备数量 	机械设备数量 	机械设备数量 	技术性能 			
主要生产环节 	设备名称 	数量 	原值 	净值 	成新率 	技术性能 			
轧钢 	酸洗机/起重机/冷轧机/退火炉 	30.00 	844.85 	580.93 	68.76% 	带钢轧平 			
制管 	制管机/起重机 	25.00 	409.64 	71.34 	17.41% 	金属制管 			
金加工 	冲床/车床/弯管机/缩管机 	257.00 	474.05 	79.45 	16.76% 	金加工/弯管/缩管 			
喷塑 	前处理系统/后处理系统/喷涂流水线/供气系统 	109.00 	2,525.18 	1,455.15 	57.63% 	表面处理 			
缝纫 	工业缝纫机/自动裁床/高频热合机 	969.00 	691.44 	254.32 	36.78% 	缝纫/热合 			
总装 	装配流水线/库卡机器人/织网机 	77.00 	380.36 	119.07 	31.31% 	装配/编藤/编网 			
									
主要产品 	2017 年上半年 	2017 年上半年 	2017 年上半年 						
主要产品 	产量（万件） 	销量（万件） 	产销率 						
遮阳制品 	101.59 	110.38 	108.65% 						
户外休闲家具 	46.52 	60.37 	129.77% 						
合计 	148.11 	170.75 	115.28% 	115.28% 					
主要产品 	2016 年 	2016 年 	2016 年 						
主要产品 	产量（万件） 	销量（万件） 	产销率 						
遮阳制品 	139.94 	127.33 	90.99% 						
户外休闲家具 	82.38 	80.08 	97.20% 						
合计 	222.33 	207.40 	93.29% 						
主要产品 	2015 年 	2015 年 	2015 年 						
主要产品 	产量（万件） 	销量（万件） 	产销率 						
遮阳制品 	111.73 	103.74 	92.84% 						
户外休闲家具 	106.46 	101.82 	95.64% 						
合计 	218.19 	205.56 	94.21% 						
主要产品 	2014 年 	2014 年 	2014 年 						
									
产量（万件） 	销量（万件） 	产销率 							
121.56 	120.45 	99.09% 							
91.36 	88.86 	97.26% 							
212.92 	209.31 	98.30% 							
									
遮阳制品 									
户外休闲家具 									
合计 									
									
产品名称 	产品名称 	2017 年上半年 	2016 年度 	2015 年度 	2014 年度 				
遮阳制品 	遮阳篷 	250.74 	284.54 	316.93   	267.69   				
遮阳制品 	遮阳伞 	547.05 	491.74 	450.76   	438.47   				
遮阳制品 	合计 	295.92 	329.73 	351.15 	304.52 				
户外休闲家具 	户外家具 	439.70 	461.46 	445.89   	448.78   				
户外休闲家具 	宠物屋 	621.26 	570.90 	634.22   	639.59   				
户外休闲家具 	晾晒用具 	58.54 	53.50 	45.42   	49.95   				
户外休闲家具 	合计 	218.91 	206.50 	161.37 	200.63 				
									
地区 	2017 年 1-6 月 	2017 年 1-6 月 	2016 年 	2016 年 	2015 年 	2015 年 	2014 年 	2014 年 	
地区 	金额 	比例 	金额 	比例 	金额 	比例 	金额 	比例 	
外销小计 	45,244.14 	96.19% 	56,601.14 	93.61% 	49,507.11 	90.50% 	50,514.62 	91.08% 	
北美 	31,271.79 	66.49% 	36,279.65 	60.00% 	25,505.31 	46.63% 	26,323.51 	47.46% 	
欧盟 	10,223.42 	21.74% 	13,574.38 	22.45% 	16,345.88 	29.88% 	15,082.18 	27.19% 	
亚洲（不含中东） 	2,896.92 	6.16% 	5,152.41 	8.52% 	6,596.41 	12.06% 	7,819.98 	14.10% 	
其他 	852.02 	1.81% 	1,594.70 	2.64% 	1,059.51 	1.94% 	1,288.95 	2.32% 	
其中：跨境电商平台收入 	3,126.75 	6.65% 	3,909.79 	6.47% 	1,458.11 	2.67% 	120.44 	0.22% 	
内销小计 	1,790.41 	3.81% 	3,865.77 	6.39% 	5,194.79 	9.50% 	4,949.84 	8.92% 	
合计 	47,034.56 	100.00% 	60,466.91 	100.00% 	54,701.90 	100.00% 	55,464.46 	100.00% 	
									
2017 年上半年 	2017 年上半年 	2017 年上半年 	2017 年上半年 						
序号 	客户名称 	销售额（万元） 	占营业收入比例 						
1 	美国沃尔玛 	14,842.34 	28.72% 						
2 	美国 JEC 	7,200.03 	13.93% 						
3 	好市多 	4,610.42 	8.92% 						
4 	美国 BA 	3,085.26 	5.97% 						
5 	意大利 GIMI 	2,338.57 	4.53% 						
6 	德国 LECO 	1,373.30 	2.66% 						
7 	法国 ADEO 	907.02 	1.76% 						
8 	比利时 LEGIO 	706.83 	1.37% 						
9 	加拿大 CANA 	620.40 	1.20% 						
10 	香港宝匙 	570.25 	1.10% 						
合计 	合计 	36,254.42 	70.16% 						
2016 年度 	2016 年度 	2016 年度 	2016 年度 						
序号 	客户名称 	销售额（万元） 	占营业收入比例 						
1 	美国沃尔玛 	15,732.42 	22.93% 						
2 	美国 JEC 	8,822.08 	12.86% 						
3 	好市多 	6,206.83 	9.05% 						
4 	美国 BA 	3,909.79 	5.70% 						
5 	意大利 GIMI 	2,873.78 	4.19% 						
6 	法国 ADEO 	1,502.73 	2.19% 						
7 	德国 LECO 	1,303.44 	1.90% 						
8 	德国 GLOBUS 	763.10 	1.11% 						
9 	香港 EFFA 	755.56 	1.10% 						
10 	香港宝匙 	673.25 	0.98% 						
合计 	合计 	42,542.98 	62.01% 						
2015 年度 	2015 年度 	2015 年度 	2015 年度 						
序号 	客户名称 	销售额（万元） 	占营业收入比例 						
1 	美国沃尔玛 	9,953.48 	16.55% 						
2 	美国 JEC 	6,991.13 	11.62% 						
3 	好市多 	5,623.64 	9.31% 						
4 	意大利 GIMI 	3,495.31 	5.81% 						
5 	法国 ADEO 	2,029.46 	3.37% 						
6 	德国 LECO 	1,680.58 	2.79% 						
7 	美国 BA 	1,458.11 	2.42% 						
8 	香港商大 	1,337.05 	2.22% 						
9 	香港宝匙 	1,294.85 	2.15% 						
10 	德国 GLOBUS 	1,131.96 	1.88% 						
合计 	合计 	34,995.57 	58.16% 						
2014 年度 	2014 年度 	2014 年度 	2014 年度 						
序号 	客户名称 	销售额（万元） 	占营业收入比例 						
1 	美国沃尔玛 	10,676.24 	17.20% 						
2 	美国 JEC 	7,874.91 	12.69% 						
3 	好市多 	6,212.43 	10.01% 						
4 	意大利 GIMI 	3,044.16 	4.91% 						
5 	香港雅哥士 	1,765.10 	2.84% 						
6 	法国 ADEO 	1,738.48 	2.80% 						
7 	德国 LECO 	1,676.80 	2.70% 						
8 	香港宝匙 	1,156.39 	1.86% 						
9 	香港商大 	1,099.09 	1.77% 						
10 	比利时 LEIGO 	1,061.37 	1.71% 						
合计 	合计 	36,304.97 	58.49% 						
									
合作历史 	双方于 2011 年起开始合作 								
合作模式 	直接销售 								
销售内容 	主要向其销售折叠篷 								
主要合同条款 	交货期：按照沃尔玛要求的出货时间交货； 交货方式：FOB NINGBO； 质量保证：产前测试、产中测试和出货前第三方验货； 信用政策：即期信用证、提单日后 75 天； 退货条款：2015 年 3 月后超出 8%的退货需由供应商承担。 								
信用政策 	即期信用证、提单日后 75 天 								
结算及收款方式 	即期信用证、提单日后 75 天 								
定价模式 	由公司与沃尔玛协商确定，多一年一签确定价格 								
									
合作历史 	双方于 2009 年底起开始合作 								
合作模式 	直接销售 								
销售内容 	主要向其销售宠物屋 								
主要合同条款 	交货期：按照美国 JEC 要求的出货时间交货； 交货方式：EX Works（工厂交货）； 质量保证：产前测试、产中测试和出货前第三方验货； 信用政策：订单下达后预收部分货款。 								
信用政策 	2015 年 4 月之前按 25%预收，之后按 10%预收。 								
结算及收款方式 	T/T 								
定价模式 	由公司与美国 JEC 协商确定，多一年一签确定价格 								
									
合作历史 	双方于 2006 年起开始合作 								
合作模式 	直接销售 								
销售内容 	主要向其销售汽车篷 								
主要合同条款 	交货期：根据好市多的采购订单发货； 定价：好市多采购订单中的价格不得变动； 装运：船上交货或采购订单另行规定； 								
									
交货方式：FOB NINGBO； 质量保证：产前测试、产中测试和出货前第三方验货； 付款条件：在好市多装卸站收到货物 10 天； 当前付款方式：T/T； 退货条款：所有退货需由供应商承担。 									
ROG（收到货物） 10 天 									
T/T 									
由公司与好市多协商确定，多一年一签确定价格 									
									
信用政策 									
结算及收款方式 									
定价模式 									
									
合作历史 	双方于 2011 年起开始合作 								
合作模式 	直接销售 								
销售内容 	主要向其销售晾晒用具 								
主要合同条款 	交货期：按照 GIMI 要求出货； 交货方式：FOB NINGBO； 付款方式：L/C 90 天； 索赔条款：晚交期所有罚款由供应商承担。 								
信用政策 	信用证 90 天 								
结算及收款方式 	信用证 90 天 								
定价模式 	由公司与意大利 GIMI 协商确定，多一年一签确定价格 								
									
合作历史 	双方于 2011 年起开始合作 								
合作模式 	直接销售 								
销售内容 	主要向其销售家具等 								
主要合同条款 	交货期：按照 ADEO 要求出货； 交货方式：FOB NINGBO； 付款方式：L/C 90 天； 索赔条款：超过 ETD 时间每天按大合同合约金额罚款。 								
信用政策 	信用证 90 天 								
结算及收款方式 	信用证 90 天 								
定价模式 	由公司与安达屋协商确定，多一年一签确定价格 								
									
合作历史 	双方于 2009 年起开始合作 								
合作模式 	直接销售 								
销售内容 	主要向其销售篷、床等 								
主要合同条款 	交货期：根据德国 LECO 的采购订单发货； 								
									
交货方式：FOB NINGBO； 质量保证：产前测试、产中测试和出货前第三方验货； 付款条件：T/T at sight； 当前付款方式：T/T； 退货条款：所有退货需由供应商承担。 									
T/T at sight 									
T/T 									
由公司与德国 LECO 协商确定，多一年一签确定价格 									
									
信用政策 									
结算及收款方式 									
定价模式 									
									
合作历史 	双方于 2009 年起开始合作 								
合作模式 	直接销售 								
销售内容 	主要向其销售伞、篷等 								
主要合同条款 	交货期：根据德国 GLOBUS 的采购订单发货； 交货方式：FOB NINGBO； 质量保证：产前测试、产中测试和出货前第三方验货； 付款条件：后 T/T 50 天； 当前付款方式：T/T； 退货条款：所有退货需由供应商承担。 								
信用政策 	后 T/T 50 天 								
结算及收款方式 	T/T 								
定价模式 	由公司与德国 GLOBUS 协商确定，多一年一签确定价格 								
									
合作历史 	双方于 2014 年起开始合作 								
合作模式 	间接销售 								
销售内容 	主要通过其代理销售伞、篷等 								
主要合同条款 	公司通过四海商舟全资子公司美国 BA 在线运营销售公司 ABBA PATIO 品牌系列产品。公司负责 ABBA PATIO 品牌系列产品的研发、生产和装运，美国 BA 负责在美国等地区销售公司产品，并按约定向公司支付货款。 美国 BA 运营销售公司 ABBA PATIO 品牌产品扣除运营成本费用后所产生的净利润由公司和四海商舟按照 7：3 的比例进行分配。 								
信用政策 	执行 FOB 条款，由公司先行垫付，美国 BA 公司按照实际销售进度，从当期销售款中支付。 								
结算及收款方式 	产品运营费用由美国 BA 先行承担，按月结算。 按月校对赊欠货款余额、当期应付货款、利润分成金额，次月银行转账支付。 								
定价模式 	根据市场情况由公司确定销售价格 								
合作历史 	双方于 2006 年起开始合作，2015 年后不再合作 								
合作模式 	间接销售 								
销售内容 	主要向其销售钢管凉篷 								
主要合同条款 	交货期按照合同约定； 交货方式：FOB NINGBO； 付款方式：T/T 90 天。 								
信用政策 	T/T 90 天 								
结算及收款方式 	T/T 								
定价模式 	每年 5、6 月份洽谈全年的采购价格，由公司与对方协商确定，多一年一签确定价格 								
									
合作历史 	双方于 2008 年起开始合作 								
合作模式 	间接销售 								
销售内容 	主要向其销售汽车篷 								
主要合同条款 	交货期：按照客户订单要求； 交货方式：FOB NINGBO； 付款方式:T/T at sight。 								
信用政策 	T/T at sight 								
结算及收款方式 	T/T 								
定价模式 	每年 3、4 月洽谈全年的采购价格，由公司与对方协商确定，多一年一签确定价格 								
									
合作历史 	双方于 2002 年起开始合作 								
合作模式 	间接销售 								
销售内容 	主要向其销售伞、家具、篷等 								
主要合同条款 	交货期按照合同要求； 交货方式：FOB NINGBO； 付款方式：T/T at sight。 								
信用政策 	T/T at sight 								
结算及收款方式 	T/T 								
定价模式 	每年 5、6 月洽谈全年的采购价格，由公司与对方协商确定，多一年一签确定价格 								
合作模式 	间接销售 								
销售内容 	主要向其销售伞、家具等 								
主要合同条款 	交货期：按照客户订单要求； 交货方式：FOB NINGBO； 付款方式:T/T at sight。 								
信用政策 	T/T at sight 								
结算及收款方式 	T/T 								
定价模式 	由公司与对方协商确定，多一年一签确定价格 								
									
合作历史 	双方于 2004 年起开始合作 								
合作模式 	间接销售 								
销售内容 	主要向其销售伞、家具等 								
主要合同条款 	交货期：按照客户订单要求； 交货方式：FOB NINGBO； 付款方式:T/T at sight。 								
信用政策 	T/T at sight 								
结算及收款方式 	T/T 								
定价模式 	由公司与对方协商确定，多一年一签确定价格 								
									
合作历史 	双方于 2012 年起开始合作 								
合作模式 	间接销售 								
销售内容 	主要向其销售吊伞等 								
主要合同条款 	交货期：按照客户订单要求； 交货方式：FOB NINGBO； 付款方式:T/T at sight。 								
信用政策 	T/T at sight 								
结算及收款方式 	T/T 								
定价模式 	由公司与对方协商确定，多一年一签确定价格 								
									
公司名称 	加拿大 CANA 								
合作历史 	双方于 2009 年起开始合作 								
合作模式 	直接销售 								
销售内容 	主要向其销售伞等 								
主要合同条款 	交货期：按照客户订单要求； 交货方式：FOB NINGBO； 付款方式：T/Tatsight。 								
信用政策 	T/Tatsight 								
结算及收款方式 	T/T，30%定金+70%见单付款，无延期 								
定价模式 	由公司与对方协商确定，多一年一签确定价格 								
									
序号 	客户类别 	2017 年 1-6 月 	2017 年 1-6 月 	2017 年 1-6 月 	2017 年 1-6 月 				
序号 	客户类别 	金额（万元） 	占比 	采购内容 	该客户的主要销售对象 				
1 	香港雅哥士 	- 	- 	- 	- 				
2 	香港商大 	176.11 	0.34% 	汽车篷 	英国GALATENT 				
3 	香港宝匙 	570.25 	1.10% 	伞、家具、篷 	西班牙客户 				
合计 	合计 	746.36 	1.44% 	- 	- 				
序号 	客户类别 	2016 年 	2016 年 	2016 年 	2016 年 				
序号 	客户类别 	金额（万元） 	占比 	采购内容 	该客户的主要销售对象 				
1 	香港雅哥士 	- 	- 	- 	- 				
2 	香港商大 	613.29 	0.89% 	汽车篷 	英国GALATENT 				
3 	香港宝匙 	673.39 	0.98% 	伞、家具、篷 	西班牙客户 				
合计 	合计 	2,599.61 	3.79% 	- 	- 				
序号 	客户类别 	2015 年 	2015 年 	2015 年 	2015 年 				
序号 	客户类别 	金额（万元） 	占比 	采购内容 	该客户的主要销售对象 				
1 	香港雅哥士 	- 	- 	- 	- 				
2 	香港商大 	1,336.84 	2.22% 	汽车篷 	英国GALATENT 				
3 	香港宝匙 	1,292.09 	2.15% 	伞、家具、篷 	西班牙客户 				
合计 	合计 	3,785.32 	6.29% 	- 	- 				
序号 	客户类别 	2014 年 	2014 年 	2014 年 	2014 年 				
序号 	客户类别 	金额（万元） 	占比 	采购内容 	该客户的主要销售对象 				
1 	香港雅哥士 	1,750.01 	2.82% 	钢管凉篷 	英国 ARGOS 				
2 	香港商大 	1,099.01 	1.77% 	汽车篷 	英国GALATENT 				
3 	香港宝匙 	1,156.39 	1.86% 	伞、家具、篷 	西班牙客户 				
合计 	合计 	5,458.51 	8.80% 	 	- 				
									
序号 	客户 	该客户的主要销售对象 	该客户与主要销售对象的关系 	主要销售对象简要情况 					
1 	香港雅哥士 	英国 ARGOS超市 	香港雅哥士根据英国 ARGOS超市的需求采购产品。 报告期内，该公司主要向发行人采购钢管凉篷。 	Argos 是英国排名首位的百货零售连锁商，其经营范围涉及五金交电工具、汽车配件、运动器材、家具、装饰材料、文化用品、家用电器、珠宝首饰、工艺品、照相器材、玩具等。 2016 年，Argos 的母公司 Home Retail Group被英国四大超市巨头之一 Sainsbury’s 收购。 					
2 	香港商大 	英国 GALA TENT（进口商） 	香 港 商 大 根 据 英 国 进 口 商GALA TENT 的需求采购各种产品。 报告期内，该公司主要向发行人采购汽车篷。 	英国 GALA TENT 是英国专业的商用篷类的进口商和提供商。 					
3 	香港宝匙 	一家西班牙公司 	报告期内，该公司主要向发行人采购伞、篷、家具等。 	西班牙一家户外产品的进口商、批发商。 					
									
项目 	2017 年 1-6 月 	2016 年度 	2015 年度 	2014 年度 					
获取订单（万元） 	56,864.33 	65,854.73 	67,889.49 	55,605.55 					
主营业务收入（万元） 	47,034.56 	60,466.91 	54,701.90 	55,464.46 					
销售收入占获取订单比例 	82.71% 	91.82% 	80.57% 	99.75% 					
									
项目 	营业收入 	利润总额 	净利润 						
2017 年 1-6 月 	51,682.67 	8,628.94 	7,400.45 						
2016 年 1-6 月 	45,551.01 	8,416.38 	7,184.29 						
同比变化 	13.46% 	2.53% 	3.01% 						
									
原材料种类 	2017 年上半年 	2017 年上半年 	2016 年 	2016 年 	2015 年 	2015 年 	2014 年 	2014 年 	
原材料种类 	采购 金额 	占比 	采购 金额 	占比 	采购 金额 	占比 	采购 金额 	占比 	
钢材 	7,304.14 	20.22% 	8,682.06 	18.08% 	5,569.72 	12.35% 	8,511.05 	17.24% 	
PE 布（KG） 	1,605.44 	4.44% 	3,211.04 	6.69% 	2,447.17 	5.42% 	2,495.55 	5.06% 	
其他布（米） 	2,460.30 	6.81% 	6,295.60 	13.11% 	5,542.93 	12.29% 	5,836.02 	11.82% 	
铝材 	716.14 	1.98% 	2,188.71 	4.56% 	2,215.50 	4.91% 	2,927.83 	5.93% 	
粉末 	939.79 	2.60% 	1,535.51 	3.20% 	1,412.47 	3.13% 	1,370.02 	2.78% 	
塑料粒子 	442.05 	1.22% 	1,003.35 	2.09% 	895.43 	1.98% 	1,006.94 	2.04% 	
小计 	13,467.86 	37.29% 	22,916.28 	47.71% 	18,083.22 	40.08% 	22,147.41 	44.87% 	
营业成本 	36,118.44 	100.00% 	48,028.62 	100.00% 	40,169.68 	100.00% 	43,137.79 	100.00% 	
									
原材料种类 	遮阳篷 	遮阳伞 	户外家具 	宠物屋 	晾晒用具 				
钢材 	骨架，起支撑作用 	部分支架 	骨架 	主要材料 	主要材料 				
PE 布（ KG 计量） 	主要材料，起围护作用 	伞面 	吊伞的面与篷顶阳台屏风的帘、家具罩的主材 	无 	无 				
其他布（米计量） 	主要材料，起围护作用 	伞面 	吊伞的面与篷顶阳台屏风的帘家具罩的主材 	篷布 	无 				
铝材 	无 	支架主材 	部分家具主材 	无 	部分材料 				
粉末 	金属表面处理 	金属表面处理 	金属表面处理 	金属表面处理 	金属表面处理 				
塑料粒子 	管子堵头等 	伞座、管子堵头等 	管子堵头等 	管子堵头等 	管子堵头等 				
									
主要原材料 	2017 年 1-6 月 	2017 年 1-6 月 	2016 年 	2016 年 	2015 年 	2015 年 	2014 年 	2014 年 	
主要原材料 	单价 	增长率 	单价 	增长率 	单价 	增长率 	单价 	增长率 	
钢材 	2.92 	35.81% 	2.15 	0.94% 	2.13 	-24.36% 	2.82 	- 	
铝材 	16.42 	6.00% 	15.49 	6.79% 	14.51 	-8.74% 	15.90 	- 	
PE 布（KG 计量） 	20.60 	8.76% 	18.94 	-5.68% 	20.08 	-1.85% 	20.46 	- 	
其他布（米计量） 	5.62 	0.36% 	5.60 	-9.98% 	6.22 	-9.30% 	6.86 	- 	
塑料粒子 	10.89 	5.42% 	10.33 	3.61% 	10.03 	-14.22% 	11.69 	- 	
粉末 	23.26 	-5.22% 	24.54 	1.58% 	24.16 	-6.62% 	25.87 	- 	
									
主要能源 	主要能源 	2017 年上半年 	2016 年 	2015 年 	2014 年 				
电 	用量（万度） 	751.46 	1,260.71 	935.92 	1,078.33 				
电 	不含税平均单价（元/度） 	0.93 	0.83 	0.88 	0.86 				
电 	金额（万元） 	701.21 	1,051.53 	822.70 	931.35 				
电 	占主营业务成本的比重 	2.22% 	2.02% 	2.05% 	2.16% 				
水 	用量（万吨） 	12.69 	22.09 	19.60 	25.72 				
水 	不含税平均单价（元/吨） 	4.54 	4.46 	4.42 	4.34 				
水 	金额（万元） 	57.63 	98.45 	86.53 	111.68 				
									
占主营业务成本的比重 	0.18% 	0.19% 	0.22% 	0.26% 					
用量（吨） 	152.99 	204.49 	87.61 	84.53 					
不含税平均单价（元/吨） 	3.54 	3.84 	4.25 	4.25 					
金额（万元） 	541.56 	785.95 	372.15 	359.05 					
占主营业务成本的比重 	1.72% 	1.51% 	0.93% 	0.83% 					
									
2017 年上半年 	2017 年上半年 	2017 年上半年 	2017 年上半年 	2017 年上半年 					
序号 	供应商名称 	采购金额 	采购占比 	采购内容 					
1 	浙江物产金属集团有限公司 	6,889.96   	27.52% 	钢带 					
2 	韩国 GANDE 	1,511.17   	6.04% 	布料类 					
3 	临海市利仕达塑业有限公司 	1,006.99   	4.02% 	塑料件 					
3 	临海驰阳休闲用品有限公司 	410.01   	1.64% 	金工件 					
4 	吴江市君谨纺织有限公司 	1,306.83   	5.22% 	布料类 					
5 	临海市铭海运动箱包厂 	1,086.20   	4.34% 	金工件 					
6 	临海市和美休闲用品有限公司 	1,025.14   	4.10% 	拎袋 					
7 	临海市军勇机械厂 	983.87   	3.93% 	金工件 					
8 	老虎粉末涂料制造（太仓）有限公司 	878.50   	3.51% 	粉末 					
9 	临海市奇合机械有限公司 	790.64   	3.16% 	金工件 					
10 	台州市东海包装制造有限公司 	689.81   	2.76% 	金工件 					
合计 	合计 	16,579.12 	66.23% 	 					
2016 年度 	2016 年度 	2016 年度 	2016 年度 	2016 年度 					
序号 	供应商名称 	采购金额 	采购占比 	采购内容 					
1 	浙江物产金属集团有限公司 	8,539.20 	20.77% 	钢带 					
2 	韩国 GANDE 	2,875.04 	6.99% 	布料类 					
3 	临海市利仕达塑业有限公司 	1,725.39 	4.20% 	塑料件 					
 	临海驰阳休闲用品有限公司 	671.78 	1.63% 	金工件 					
4 	苏州迪川织造有限公司 	1,754.84 	4.27% 	布料类 					
5 	临海市和美休闲用品有限公司 	1,538.61 	3.74% 	金工件 					
6 	临海市军勇机械厂 	1,524.74 	3.71% 	金工件 					
7 	老虎粉末涂料制造（太仓）有限公司 	1,386.78 	3.37% 	粉末 					
8 	临海市铭海运动箱包厂 	1,270.95 	3.09% 	拎袋 					
9 	东海翔集团有限公司 	1,119.14 	2.72% 	布料类 					
10 	台州市东海包装制造有限公司 	1,060.37 	2.58% 	纸箱 					
合计 	合计 	23,466.84 	57.08% 	 					
2015 年度 	2015 年度 	2015 年度 	2015 年度 	2015 年度 					
序号 	供应商名称 	采购金额 	采购占比 	采购内容 					
1 	金华市浙金钢材有限公司 	3,538.24 	10.38% 	钢带 					
2 	临海市利仕达塑业有限公司 	1,642.99 	4.82% 	塑料件 					
2 	临海驰阳休闲用品有限公司 	745.93 	2.19% 	金工件 					
3 	苏州迪川织造有限公司 	2,023.90 	5.94% 	布料类 					
4 	临海市和美休闲用品有限公司 	1,972.38 	5.79% 	金工件 					
5 	韩国 GANDE 	1,687.08 	4.95% 	布料类 					
6 	临海市军勇机械厂 	1,391.63 	4.08% 	金工件 					
7 	老虎粉末涂料制造（太仓）有限公司 	1,204.98 	3.54% 	粉末 					
8 	东海翔集团有限公司 	1,152.94 	3.38% 	布料类 					
9 	临海市奇合机械有限公司 	1,120.51 	3.29% 	金工件 					
10 	临海市铭海运动箱包厂 	958.76 	2.81% 	拎袋 					
合计 	合计 	17,439.35 	51.18% 	 					
2014 年度 	2014 年度 	2014 年度 	2014 年度 	2014 年度 					
序号 	供应商名称 	采购金额 	采购占比 	采购内容 					
1 	金华市浙金钢材有限公司 	8,458.22   	22.29% 	钢带 					
2 	临海市利仕达塑业有限公司 	1,523.24 	4.01% 	塑料件 					
2 	临海市和美休闲用品有限公司 	572.01 	1.51% 	金工件 					
2 	临海驰阳休闲用品有限公司 	627.93 	1.65% 	金工件 					
3 	韩国 GANDE 	2,361.95   	6.22% 	布料类 					
4 	东海翔集团有限公司 	1,879.72   	4.95% 	布料类 					
5 	老虎粉末涂料制造（太仓）有限公司 	1,278.56   	3.37% 	粉末 					
6 	苏州迪川织造有限公司 	1,053.26 	2.78% 	布料类 					
7 	临海市军勇机械厂 	1,050.38 	2.77% 	金工件 					
8 	临亚集团有限公司 	1,029.79 	2.71% 	铝材 					
9 	湖州银都铝业有限公司 	1,008.03 	2.66% 	铝材 					
10 	临海市铭海运动箱包厂 	946.73 	2.49% 	拎袋 					
合计 	合计 	21,789.82 	57.41% 	 					
									
序号 	供应商名称 	采购额 （万元） 	销售额 （万元） 	占比 	采购内容 	采购方式 	付款方式 		
1 	浙江物产金属集团有限公司 	6,889.96 	3,355,308.65 	0.21% 	钢带 	直接采购 	银行转账 /承兑 		
2 	韩国 GANDE  	1,511.17 	23,969.70 	6.30% 	布料类 	直接采购 	信用证/美元支付 		
3 	临海市利仕达塑业有限公司 	1,006.99 	948.34 	106.18% 	塑料类 	直接采购 	承兑 		
3 	临海驰阳休闲用品有限公司 	410.01 	591.62 	69.30% 	金工件 	直接采购 	承兑 		
4 	吴江市君谨纺织有限公司 	1,306.83 	1,860.11 	70.26% 	布料类 	直接采购 	承兑 		
5 	临海市和美休闲用品有限公司 	1,086.20 	948.17 	114.56% 	金工件 	直接采购 	承兑 		
6 	临海市铭海运动箱包厂 	1,025.14 	1,139.06 	90.00% 	拎袋 	直接采购 	承兑 		
7 	临海市军勇机械厂 	983.87 	939.45 	104.73% 	金工件 	直接采购 	承兑 		
8 	老虎粉末涂料制造（太仓）有限公司 	878.50 	13,508.00 	6.50% 	粉末 	直接采购 	承兑 		
9 	临海市奇合机械有限公司 	790.64 	699.63 	113.01% 	金工件 	直接采购 	承兑 		
10 	台州市东海包装制造有限公司 	689.81 	6,766.00 	10.20% 	纸箱 	直接采购 	承兑 		
合计 	合计 	16,579.12 	- 	- 	- 	- 	- 		
									
序号 	供应商名称 	采购额（万元） 	销售额（万元） 	占比 	采购内容 	采购方式 	付款方式 		
1 	浙江物产金属集团有限公司 	8,539.20 	6,250,007.97 	0.14% 	钢带 	直接采购 	银行转账 /承兑 		
2 	韩国 GANDE 	2,875.04 	44,530.30 	6.46% 	布料类 	直接采购 	信用证/美元支付 		
3 	临海市利仕达塑业有限公司 	1,725.39 	1,837.45 	93.90% 	塑料件 	直接采购 	承兑 		
3 	临海驰阳休闲用品有限公司 	671.78 	967.27 	69.45% 	金工件 	直接采购 	承兑 		
4 	苏州迪川织造有限公司 	1,754.84 	1,961.05 	89.48% 	布料类 	直接采购 	承兑 		
5 	临海市和美休闲用品有限公司 	1,538.61 	1,518.40 	101.33% 	金工件 	直接采购 	承兑 		
6 	临海市军勇机械厂 	1,524.74 	1,523.48 	100.08% 	金工件 	直接采购 	承兑 		
7 	老虎粉末涂料制造（太仓）有限公司 	1,386.78 	29,651.79 	4.68% 	粉末 	直接采购 	承兑 		
8 	临海市铭海运动箱包厂 	1,270.95 	1,445.65 	87.92% 	拎袋 	直接采购 	承兑 		
9 	东海翔集团有限公司 	1,119.14 	30,971.04 	3.61% 	布料类 	直接采购 	承兑 		
10 	台州市东海包装制造有限公司 	1,060.37 	10,166.57 	10.43% 	纸箱 	直接采购 	承兑 		
合计 	合计 	23,466.84 	- 	- 	- 	- 	- 		
									
序号 	供应商名称 	采购额（万元） 	销售额（万元） 	占比 	采购内容 	采购方式 	付款方式 		
1 	金华市浙金钢材有限公司 	3,538.24 	106,045.09 	3.34% 	钢带 	直接采购 	银行转账 /承兑 		
									
2 	临海市利仕达塑业有限公司 	1,642.99 	1,655.34 	99.25% 	塑料件 	直接采购 	承兑 		
2 	临海驰阳休闲用品有限公司 	745.93 	934.51 	79.82% 	金工件 	直接采购 	承兑 		
3 	苏州迪川织造有限公司 	2,023.90 	3,098.55 	65.32% 	布料类 	直接采购 	承兑 		
4 	临海市和美休闲用品有限公司 	1,972.38 	2,301.89 	85.69% 	金工件 	直接采购 	承兑 		
5 	韩国 GANDE 	1,687.08 	43,715.15 	3.86% 	布料类 	直接采购 	信用证/美元支付 		
6 	临海市军勇机械厂 	1,391.63 	1,413.60 	98.45% 	金工件 	直接采购 	承兑 		
7 	老虎粉末涂料制造（太仓）有限公司 	1,204.98 	27,927.06 	4.31% 	粉末 	直接采购 	承兑 		
8 	东海翔集团有限公司 	1,152.94 	27,718.06 	4.16% 	布料类 	直接采购 	承兑 		
9 	临海市奇合机械有限公司 	1,120.51 	1,131.43 	99.03% 	金工件 	直接采购 	银行转账 		
10 	临海市铭海运动箱包厂 	958.76 	1,137.82 	84.26% 	拎袋 	直接采购 	承兑 		
合计 	合计 	17,439.35 	- 	- 	- 	- 	- 		
									
序号 	供应商名称 	采购额（万元） 	销售额（万元） 	占比 	采购内容 	采购方式 	付款方式 		
1 	金华市浙金钢材有限公司 	8,458.22  	153,750.99 	5.50% 	钢带 	直接采购 	银行转账 /承兑 		
2 	临海市利仕达塑业有限公司 	1,523.24 	1,536.17 	99.16% 	塑料件 	直接采购 	承兑 		
2 	临海市和美休闲用品有限公司 	572.01 	223.18 	256.30% 	金工件 	直接采购 	承兑 		
2 	临海驰阳休闲用品有限公司 	627.93 	620.59 	101.18% 	金工件 	直接采购 	承兑 		
3 	韩国 GANDE 	2,361.95  	45,040.61 	5.24% 	布料类 	直接采购 	信用证/美元支付 		
4 	东海翔集团有限公司 	1,879.72  	33,016.43 	5.69% 	布料类 	直接采购 	承兑 		
5 	老虎粉末涂料制造（太仓）有限公司 	1,278.56  	25,734.61 	4.97% 	粉末 	直接采购 	承兑 		
6 	苏州迪川织造有限公司 	1,053.26 	4,674.23 	22.53% 	布料类 	直接采购 	承兑 		
7 	临海市军勇机械厂 	1,050.38 	1,229.43 	85.44% 	金工件 	直接采购 	承兑 		
8 	临亚集团有限公司 	1,029.79 	43,128.11 	2.39% 	铝材 	直接采购 	承兑 		
9 	湖州银都铝业有限公司 	1,008.03 	15,711.87 	6.42% 	铝材 	直接采购 	承兑 		
10 	临海市铭海运动箱包厂 	946.73 	1,267.38 	74.70% 	拎袋 	直接采购 	承兑 		
合计 	合计 	21,789.82 	- 	- 	- 	- 	- 		
									
公司名称 	浙江物产金属集团有限公司 								
成立时间 	1963-01-01 								
注册资本 	30,000.00 万元 								
开始合作时间 	2011 年 								
注册地 	杭州市凤起路 78 号 								
经营地 	杭州市 								
经营范围 	增值电信业务（范围详见《中华人民共和国增值电信业务经营许可证》，有效期至 2019 年 5 月 11 日）。 国内贸易（国家法律、法规禁止或限制的除外），实业投资，经营进出口业务，仓储服务（不含危险品），自有房产出租，物业管理，停车服务，经济信息咨询服务（不含期货、证券咨询），市场经营管理，投资管理，资产管理。 								
股权结构 	物产中大集团股份有限公司，持有 57.17%的股权； 杭州金航投资管理合伙企业（有限合伙）持有 42.83%的股权。 								
									
项目 	2017 年 6 月 30 日/2017 年 1-6 月 	2016 年 12 月 31 日/2016 年 							
总资产 	1,748,245.34 	1,451,958.67 							
净资产 	312,072.84 	300,249.29 							
营业收入 	3,355,308.65 	6,250,007.97 							
净利润 	20,568.16 	22,461.24 							
									
公司名称 	金华市浙金钢材有限公司 								
成立时间 	2006-09-28 								
开始合作时间 	2007 年 								
注册资本 	1,000.00 万元 								
注册地 	浙江省永康市东城龙川东路 408 号 410 号 								
经营地 	浙江省永康市 								
经营范围 	钢材销售；金属材料（不含危险物品）、建筑材料销售；货物和技术进出口业务；经济信息咨询[不含金融、证券、期货] 								
股权结构 	浙江物产金属集团有限公司，持有 100.00%的股权。 								
									
项目 	2015 年 12 月 31 日 / 2015 年 								
总资产 	14,800.69 								
净资产 	1,778.51 								
营业收入 	106,045.09 								
净利润 	364.43 								
									
公司名称 	临海市利仕达塑业有限公司 								
成立时间 	2012-11-08 								
开始合作时间 	2012 年 								
注册资本 	200 万元 								
注册地 	临海市大田街道办事处下沙屠村 								
经营地 	临海市大田街道 								
经营范围 	塑料制品、工艺品制造。 								
股权结构 	刘临皖，持有 60%的股权； 李宝珠，持有 40%的股权。 								
									
项目 	2017 年 6 月 30 日/2017 年 1-6 月 	2016 年 12 月 31 日/2016 年 							
总资产 	1,881.68 	1,222.09 							
净资产 	383.38 	354.89 							
营业收入 	948.34 	1,837.45 							
净利润 	28.49 	50.19 							
									
公司名称 	临海驰阳休闲用品有限公司 								
成立时间 	2013-08-05 								
开始合作时间 	2013 年 								
注册资本 	50 万元 								
注册地 	临海市大田街道大田刘村 								
经营地 	临海市大田街道 								
经营范围 	工艺品、户外家具、铝制品制造。 								
股权结构 	刘临皖，持有 90%的股权； 李宝珠，持有 10%的股权。 								
									
项目 	2017 年 6 月 30 日/2017 年 1-6 月 	2016 年 12 月 31 日/2016 年 							
总资产 	791.72 	1,283.72 							
净资产 	91.62 	79.21 							
营业收入 	591.62 	967.27 							
净利润 	12.41 	24.56 							
									
公司名称 	GEM HAUSYS CO.,LTD. 								
成立时间 	2000-6-28 								
开始合作时间 	2010 年 								
注册资本 	44,848,484 								
注册地 	706,GANGSEO IT VALLEY 638-3,DEUNGCHON-DONG, GANGSEO-GU,SEOUL(157-840),KOREA 								
经营地 	韩国 								
经营范围 	批发、零售/塑料，贸易 								
股权结构 	代表 70%，其他人员 30% 								
									
项目 	2017 年 6 月 30 日/2017 年 1-6 月 	2016 年 12 月 31 日/2016 年 							
总资产 	31,316.00 	30,939.39 							
净资产 	16,364.55 	15,987.88 							
营业收入 	23,969.70 	44,530.30 							
净利润 	376.67 	2,036.97 							
									
公司名称 	苏州迪川织造有限公司 								
成立时间 	2010-06-17 								
开始合作时间 	2012 年 								
注册资本 	3,000.00 万元 								
注册地 	吴江市桃源镇青云村 								
经营地 	吴江市桃源镇 								
经营范围 	高档织物面料、里料生产、销售；纺织品销售；自营和代理各类商品及技术的进出口业务。（依法须经批准的项目,经相关部门批准后方可开展经营活动） 								
股权结构 	张一奔，持有 50%的股权； 俞飞，持有 50%的股权。 								
									
项目 	2016 年 9 月 30 日/2016 年 1-9 月 	2015 年 12 月 31 日/2015 年 							
总资产 	8,311.68 	8,779.06 							
净资产 	3,345.94 	3,348.71 							
营业收入 	1,961.05 	3,098.55 							
净利润 	2.05 	46.75 							
									
公司名称 	临海市和美休闲用品有限公司 								
成立时间 	2014-06-26 								
开始合作时间 	2014 年 								
注册资本 	100 万元 								
注册地 	临海市大田街道办事处下沙屠村 								
经营地 	临海市大田街道 								
经营范围 	家具、工艺品、机械设备及配件制造、加工。 								
股权结构 	朱委，持有 60%的股权； 李伟，持有 40%的股权。 								
									
项目 	2017 年 6 月 30 日/2017 年 1-6 月 	2016 年 12 月 31 日/2016 年 							
总资产 	1,387.60 	1,154.99 							
净资产 	125.83 	115.99 							
营业收入 	948.17 	1,518.40 							
净利润 	11.04 	12.47 							
									
公司名称 	东海翔集团有限公司 								
成立时间 	2000-06-01 								
开始合作时间 	2006 年 								
注册资本 	11,660.00 万元 								
注册地 	临海市杜桥镇杜北路西段南侧 								
经营地 	临海市杜桥镇 								
经营范围 	纺织布、化纤、服装、箱包、工艺品（除金饰品）、塑料制品、眼镜制造，纺织布印染、印花、涂层、PVC 贴膜；自营进出口的范围凭中华人民共和国进出口企业资格证书核定的经营范围经营；涤沦丝、塑料粒子、化纤原料批发、零售,农、林业开发，花木种植，园林绿化工程施工、房地产开发经营、物业管理（凭资质经营），信息咨询服务。 								
股权结构 	金鹏，持有 36.36%的股权； 金良炳，持有 18.18%的股权； 林敬国、李合明、金荷花、王爱国和李合忠，分别持有 9.09%的股权。 								
									
项目 	2017 年 6 月 30 日/2017 年 1-6 月 	2016 年 12 月 31 日/2016 年 							
总资产 	54,715.63 	61,644.15 							
净资产 	7,478.65 	-24.83 							
营业收入 	13,118.41 	30,971.04 							
净利润 	-1,840.67 	-259.41 							
									
公司名称 	老虎粉末涂料制造（太仓）有限公司 								
成立时间 	1999-08-04 								
开始合作时间 	2007 年 								
注册资本 	460 万美元 								
注册地 	太仓市经济开发区青岛东路 28 号 								
经营地 	太仓市经济开发区 								
经营范围 	研究、设计、开发、生产粉末涂料（金属粉末及常规粉末），销售公司自产产品。 								
股权结构 	奥地利老虎海外投资公司，持有 100.00%的股权。 								
									
项目 	2017 年 6 月 30 日/2017 年 1-6 月 	2016 年 12 月 31 日/2016 年 							
总资产 	25,064.56 	25,595.92 							
净资产 	12,105.05 	12,504.78 							
营业收入 	13,508.00 	29,651.79 							
净利润 	-358.47 	1,114.13 							
									
公司名称 	临海市军勇机械厂 								
成立时间 	2004-03-12 								
开始合作时间 	2012 年 								
注册资本 	30 万元 								
注册地 	临海市杜桥下八年村 								
经营地 	临海市杜桥镇 								
经营范围 	一般经营项目：机械配件加工、销售。 								
股权结构 	项灵军，持有 66.67%的股权； 金国花，持有 33.33%的股权。 								
									
项目 	2017 年 6 月 30 日/2017 年 1-6 月 	2016 年 12 月 31 日/2016 年 							
总资产 	1,290.06 	1,163.99 							
净资产 	121.79 	102.26 							
营业收入 	939.45 	1,523.48 							
净利润 	19.53 	47.55 							
									
公司名称 	临海市铭海运动箱包厂 								
成立时间 	2001-03-27 								
开始合作时间 	2002 年 								
注册资本 	30 万元 								
注册地 	临海市东方大道 677 号 								
经营地 	临海市 								
经营范围 	箱包、服装、布艺品制造。 								
股权结构 	林碗珍，持有 83.33%的股权； 陈兴标，持有 16.67%的股权。 								
									
项目 	2017 年 6 月 30 日/2017 年 1-6 月 	2016 年 12 月 31 日/2016 年 							
总资产 	1,283.68 	1,733.07 							
净资产 	303.23 	277.75 							
营业收入 	1,139.06 	1,445.65 							
净利润 	25.86 	34.61 							
									
公司名称 	台州市东海包装制造有限公司 								
成立时间 	1999-02-03 								
开始合作时间 	1999 年 								
注册资本 	2,588.00 万元 								
注册地 	临海市杜桥镇东海第一大道 2 号 								
经营地 	临海市杜桥镇 								
经营范围 	包装装璜、其他印刷品印刷；瓦楞纸箱、纸盒制造，包装原材料、包装器材批发、零售；货物进出口。 								
股权结构 	台州东海翔投资有限公司，持有 51.02%的股权； 金良水、金良炳，分别持有 11.30%的股权； 林敬国、金荷花和王爱国，分别持有 7.53%的股权； 								
									
项目 	2017 年 6 月 30 日/2017 年 1-6 月 	2016 年 12 月 31 日/2016 年 							
总资产 	30,266.81 	25,891.07 							
净资产 	1,112.01 	-2,164.54 							
营业收入 	6,766.00 	10,166.57 							
净利润 	-28.89 	-4,304.93 							
									
公司名称 	临海市奇合机械有限公司 								
成立时间 	2010-03-08 								
开始合作时间 	2010 年 								
注册资本 	20 万元 								
注册地 	浙江省台州市临海市大田街道临海大道（东）558 号 								
经营地 	临海市大田街道 								
经营范围 	起重机械、机械配件、金属制品制造、加工。 								
股权结构 	卢华光，持有 90%的股权； 卢敏芬，持有 10%的股权。 								
									
项目 	2017 年 6 月 30 日/2017 年 1-6 月 	2016 年 12 月 31 日/2016 年 							
总资产 	1,201.40 	359.11 							
净资产 	60.19 	51.40 							
营业收入 	699.63 	1,021.68 							
净利润 	-4.99 	19.25 							
									
公司名称 	临亚集团有限公司 								
成立时间 	1996-11-18 								
开始合作时间 	1997 年 								
注册资本 	12,000.00 万元 								
注册地 	临海市东塍镇中街 								
经营地 	临海市东塍镇 								
经营范围 	铝型材、铝合金门窗、铝花格网、铝合金制品制造、加工；房地产开发经营；贵金属及制品销售；建材、金属材料、装潢材料（不含危险化学品及易制毒化学品）、包装材料、藤条、电线电缆、化工产品（不含危险化学品及易制毒化学品）、机械设备、家用电器、百货批发、零售；投资业务。 								
股权结构 	赵年良，持有 45%的股权； 赵年高，持有 25%的股权； 赵晓高和赵年郎，分别持有 12%的股权； 范肖群，持有 6%的股权。 								
									
项目 	2017 年 6 月 30 日/2017 年 1-6 月 	2016 年 12 月 31 日/2016 年 							
总资产 	122,907.95 	157,665.36 							
净资产 	94,519.55 	95,074.24 							
营业收入 	13,996.98 	35,108.18 							
净利润 	6,534.54 	8,553.35 							
									
公司名称 	湖州银都铝业有限公司 								
成立时间 	1999-04-26 								
开始合作时间 	2007 年 								
注册资本 	1,000.00 万元 								
注册地 	湖州市南浔镇横街辑里村菜子湾 								
经营地 	湖州市南浔镇 								
经营范围 	铝棒、铝型材制造、加工，金属表面电解着色加工，门窗加工、安装，装潢服务，熔铝添加剂、模具制造、销售；淋浴房组装加工、销售；钢化玻璃及制品、塑料制品销售；货物及技术进出口。 								
股权结构 	朱林根，持有 90%的股权； 倪湘萍，持有 7.15%的股权； 徐金新，持有 2.85%的股权。 								
									
项目 	2017 年 6 月 30 日/2017 年 1-6 月 	2016 年 12 月 31 日/2016 年 							
总资产 	9,038.99 	9,525.71 							
净资产 	4,498.33 	4,298.38 							
营业收入 	5,712.83 	12,046.19 							
净利润 	200.04 	313.73 							
									
公司名称 	吴江市君谨纺织有限公司 								
成立时间 	2010-09-01 								
开始合作时间 	2016 年 								
注册资本 	1,000.00 万元 								
注册地 	苏州市吴江区桃源镇青云社区浔青公路 								
经营地 	苏州市吴江区桃源镇 								
经营范围 	喷气织造；高档织物面料、纺织品、化学纤维、服装、服饰销售。 								
股权结构 	李道圆，持有 1,00%的股权。 								
									
项目 	2017 年 6 月 30 日/2017 年 1-6 月 	2016 年 12 月 31 日/2016 年 							
总资产 	1,639.67 	1,715.44 							
净资产 	228.60 	199.23 							
营业收入 	1,860.11 	1,384.91 							
净利润 	31.24 	19.01 							
									
序号 	供应商 	采购占比 	采购占比 	采购占比 	采购占比 	采购产品 	采购占比变化原因 	采 购 品 种 定 价原则 	价格变动趋势 
序号 	供应商 	2017 年1-6 月 	2016年 	2015年 	2014年 	采购产品 	采购占比变化原因 	采 购 品 种 定 价原则 	价格变动趋势 
1 	浙江物产金属集团有限公司/ 金 华 市浙金钢材有限公司 	27.52% 	20.77% 	10.38% 	22.29% 	钢带 	2015 年，公司直接钢材采购明显下降，一是当期钢材价格下降明显，公司适度控制了钢材的采购节奏；二是受当期中泰制管厂 房 搬 迁 影响，在此期间公司向其他公司购买部分带钢 	以 采 购 订 单 下单日为准，按下单 当 日 上 海 期货 交 易 所 螺 纹钢 平 均 价 为 基准，根据市场供需 情 况 协 商 确定 	2014-2015年钢材平均采购价格持续 下 降 ，2016 年后上升明显 
2 	临海市利仕达塑业有限公司 	4.02% 	4.20% 	4.82% 	4.01% 	塑料件 	公司与其长期合作，报告期内采购占比变化较小 	根 据 原 材 料 市场价格为基础，加上加工费、利润 计 算 得 出 对	报告期内，利仕达的塑料件加工费用金额基本
									
方采购价格，合同 有 效 期 一 般为一年，合同期内 定 价 原 则 不变 	维持稳定，变化较小 								
根 据 原 材 料 市场价格为基础，加上加工费、利润 计 算 得 出 对方采购价格，合同 有 效 期 一 般为一年，合同期内 定 价 原 则 不变 	报告期内，驰阳休闲的金工件加工费用金额基本 维 持 稳定，变化较小 								
以 采 购 订 单 下达日为准，定价基 础 为 以 浙 江荣 盛 公 布 的 涤纶 长 丝 产 品 报价为定价基础，公 司 测 算 其 加工费后 确 定 最终采购价格 	报告期内，涤纶布平均采购价格有所波动 								
根 据 原 材 料 市场价格为基础，加上加工费、利润 计 算 得 出 对方采购价格，合同 有 效 期 一 般为一年，合同期内 定 价 原 则 不变 	报告期内，和美休闲的金工件加工费用金额基本 维 持 稳定，变化较小 								
									
临海驰阳休闲用品有限公司 	1.64% 	1.63% 	2.19% 	1.65% 	金工件 	公司与其长期合作，报告期内采购占比变化较小 			
苏州迪川织造有限公司 	- 	4.27% 	5.94% 	2.78% 	布料类 	对方提供的涤纶 布 品 质 较好，报告期前期公司对其采购金额及占比总体呈上升趋势；2016 年，受其自身经营波动影响，公司转向吴江市君谨纺织有限公司采购 			
临海市和美休闲用品有限公司 	4.34% 	3.74% 	5.79% 	1.51% 	金工件 	2014 下半年，公司处置了部分 金 工 生 产线，增加了对金工外协厂金工半成品的采购量。报告期中后期，公司对和美休闲的采购量上升 			
									
3 									
4 									
									
5 	韩国GANDE 	6.04% 	6.99% 	4.95% 	6.22% 	布料类 	公司与其长期合作，公司对其采购的产品主要为 PE 布，用于生产好市多的汽车篷，报告期内对其采购量随好市多汽车篷的订单变化而变化 	对进口 PE 布，公 司 根 据 国 际市 场 报 价 按 需采购，基本采用一 年 一 定 价 的原则 	报告期内，PE 布 平 均采购价格略有波动，总体变化较小 
6 	临海市军勇机械厂 	3.93% 	3.71% 	4.08% 	2.77% 	金工件 	2014 下半年，公司处置了部分 金 工 生 产线，增加了对金工外协厂金工半成品的采购量。2015 年以来，公司对军勇机械的采购量上升 	根 据 原 材 料 市场价格为基础，加上加工费、利润 计 算 得 出 对方采购价格，合同 有 效 期 一 般为一年，合同期内 定 价 原 则 不变 	报告期内，军勇机械的金工件加工费用金额基本 维 持 稳定，变化较小 
7 	东海翔集团有限公司 	1.12% 	2.72% 	3.38% 	4.95% 	面料 	公司与其长期合作，报告期内对其采购金额及占比有所下降 	以 采 购 订 单 下达日为准，定价基 础 为 以 浙 江荣 盛 公 布 的 涤纶 长 丝 产 品 报价为定价基础，公 司 测 算 其 加工 费 后 确 定 最终采购价格 	报告期内，涤纶布平均采购价格有所波动 
8 	老虎粉末涂料制造（太仓）有限公司 	3.51% 	3.37% 	3.54% 	3.37% 	粉末 	公司与其长期合作，对方提供的粉末品质较好，报告期内对其采购金额及占比基本维持稳定 	合 作 模 式 以 签订 年 度 框 架 性合同为主，各型粉 末 产 品 价 格在 年 度 框 架 合同 里 有 明 确 约定。合同有效期	报告期内，粉末的价格基本维持稳定，变化较小 
									
一般为一年，合同 期 内 定 价 原则不变 									
根 据 原 材 料 市场价格为基础，加上加工费、利润 计 算 得 出 对方采购价格，合同 有 效 期 一 般为一年，合同期内 定 价 原 则 不变 	报告期内，奇合机械的金工件加工费用金额基本 维 持 稳定，变化较小 								
按 照 市 场 行 情采购，一般一年一签 	报告期内，拎袋的价格基本维持稳定，变化较小 								
随行就市采购，按 照 订 单 当 日的 价 格 确 定 价格 	报告期内，纸箱的价格基本维持稳定，变化较小 								
以 采 购 订 单 下单日为准，按下单 当 日 上 海 金属 网 铝 锭 平 均价为基准，加上供 应 商 加 工 费计算得出 	2014-2015年铝材平均采购价格呈下降趋势，2016 年后有所回升 								
									
9 	临海市奇合机械有限公司 	3.16% 	2.47% 	3.29% 	2.01% 	金工件 	2014 下半年，公司处置了部分 金 工 生 产线，增加了对金工外协厂金工半成品的采购量。2015 年以来，公司对奇合机械的采购量呈上升趋势 		
10 	临海市铭海运动箱包厂 	4.10% 	3.09% 	2.81% 	2.49% 	拎袋 	报告期内，公司与其合作良好，对其拎袋采购有所上升 		
11 	台州市东海包装制造有限公司 	2.76% 	2.58% 	2.03% 	1.69% 	纸箱 	报告期内，公司对其纸箱采购有所上升 		
12 	临亚集团有限公司 	0.57% 	1.30% 	2.64% 	2.71% 	铝材 	2014 下半年，公司处置了部分 金 工 生 产线，减少了对铝型材的采购量、增加了铝材金工半成品的采购。报告期内，公司对临亚集团铝材的采购量趋于下降 		
									
13 	湖州银都铝业有限公司 	1.15% 	1.40 	1.95% 	2.66% 	铝材 	2014 下半年，公司处置了部分 金 工 生 产线，减少了对铝型材的采购量、增加了铝材金工半成品的采购。报告期内，公司对银都铝业铝材的采购量趋于下降 	以 采 购 订 单 下单日为准，按下单 当 日 上 海 金属 网 铝 锭 平 均价为基准，加上供 应 商 加 工 费计算得出 	2014-2015年铝材平均采购价格呈下降趋势，2016 年后有所回升 
14 	吴江市君谨纺织有限公司 	5.22% 	2.32% 	- 	- 	布料类 	2016 年 下 半年，苏州迪川织造有限公司由于其受其他因素影响，导致其自身经营困难，公司转向吴江市君谨纺织有限公司采购布料 	以 采 购 订 单 下达日为准，定价基 础 为 以 浙 江荣 盛 公 布 的 涤纶 长 丝 产 品 报价为定价基础，公 司 测 算 其 加工 费 后 确 定 最终采购价格 	报告期内，涤纶布平均采购价格有所波动 
									
单位名称 	采购内容 	采购额 	占比 						
临海市和美休闲用品有限公司 	金工件 	572.01 	21.01% 						
临海驰阳休闲用品有限公司 	金工件 	627.93 	23.06% 						
临海市利仕达塑业有限公司 	塑料件 	1,523.24 	55.94% 						
临海市利仕达塑业有限公司 	塑料件 	1,523.24 	55.94% 						
合计 	合计 	2,723.18 	100.00% 						
合计 	合计 	2,723.18 	100.00% 						
									
类别 	固定资产净值（万元） 	固定资产原值（万元） 	财务成新率 						
房屋及建筑物 	9,999.00 	19,392.23 	51.56% 						
专用设备 	4,291.31 	10,229.95 	41.95% 						
运输工具 	181.39 	1,142.72 	15.87% 						
通用设备 	326.08 	889.89 	36.64% 						
合计 	14,797.78 	31,654.79 	46.75% 						
									
序号 	房屋 所有权证号 	房屋坐落 	建 筑 面 积（平方米） 	取得方式 	发证时间 	履行程序 			
1 	临 房 权 证 大 田街道字第16330630 号 	临海市大田街道 东 方 大 道811 号 	10,187.30 	自建取得 	2016.03.30 	发行人现持有临房权证大田街道字第 16330630 号、临房权证大田街道字第 16330631 号、临房权证大田街道字第 16337379号《房屋所有权证书》 			
2 	临 房 权 证 大 田街道字第16330631 号 	临海市大田街道 东 方 大 道811 号 	710.68 	自建取得 	2016.03.30 	发行人现持有临房权证大田街道字第 16330630 号、临房权证大田街道字第 16330631 号、临房权证大田街道字第 16337379号《房屋所有权证书》 			
3 	临 房 权 证 大 田街道字第16337379 号 	临海市大田街道 东 方 大 道811 号 	7,748.90 	自建取得 	2016.06.13 	发行人现持有临房权证大田街道字第 16330630 号、临房权证大田街道字第 16330631 号、临房权证大田街道字第 16337379号《房屋所有权证书》 			
4 	临 房 权 证 大 田街道字第16330635 号 	临海市大田街道 临 海 大 道（东）558 号 	91,410.48 	受让取得 	2016.03.30 	①正特金属于 2007 年先后取得《建设工程规划许可证》（2007编号 D-081）、《建筑工程施工许			
序号 	房屋 所有权证号 	房屋坐落 	建 筑 面 积（平方米） 	取得方式 	发证时间 	履行程序 			
可证》（332621200708300101），并于工程竣工验收合格后取得该处房产的所有权； ②后正特有限因吸收合并正泰金属而获得该处房产。2014 年 1月 20 日，正正特有限取得“临房权证大田街道字第 209537 号”《房屋所有权证》； ③发行人现持有“临房权证大田街道字第 16330635 号”《房屋所有权证书》 	可证》（332621200708300101），并于工程竣工验收合格后取得该处房产的所有权； ②后正特有限因吸收合并正泰金属而获得该处房产。2014 年 1月 20 日，正正特有限取得“临房权证大田街道字第 209537 号”《房屋所有权证》； ③发行人现持有“临房权证大田街道字第 16330635 号”《房屋所有权证书》 								
①正泰休闲于 2008 年先后取得《建设工程规划许可证》（建字第 331082200800034 号）、《建筑工程施工许可证》（332621200812090101），并于工程竣工验收合格后取得该处房产的所有权； ②后正特有限因吸收合并正泰休闲而获得该处房产。2013 年10 月 23 日，正特有限取得《房屋所有权证》（临房权证大田街道字第 202810 号）； ③发行人现持有“临房权证大田街道字第 16336867 号”《房屋所有权证书》 	①正泰休闲于 2008 年先后取得《建设工程规划许可证》（建字第 331082200800034 号）、《建筑工程施工许可证》（332621200812090101），并于工程竣工验收合格后取得该处房产的所有权； ②后正特有限因吸收合并正泰休闲而获得该处房产。2013 年10 月 23 日，正特有限取得《房屋所有权证》（临房权证大田街道字第 202810 号）； ③发行人现持有“临房权证大田街道字第 16336867 号”《房屋所有权证书》 								
①正特电子于 2008 年先后取得《建设工程规划许可证》（建字第 331082200800035 号）、《建筑工程施工许可证》（332621200808120101），并于工程竣工验收合格后取得该处房产的所有权； ②后正特有限因吸收合并正特	①正特电子于 2008 年先后取得《建设工程规划许可证》（建字第 331082200800035 号）、《建筑工程施工许可证》（332621200808120101），并于工程竣工验收合格后取得该处房产的所有权； ②后正特有限因吸收合并正特								
序号 	房屋 所有权证号 	房屋坐落 	建 筑 面 积（平方米） 	取得方式 	发证时间 	履行程序 			
电子而获得该处房产。2013 年10 月 23 日，正特有限取得“临房权证大田街道字第 202809 号”《房屋所有权证》 ③发行人现持有“临房权证大田街道字第 16330637 号”《房屋所有权证书》 	电子而获得该处房产。2013 年10 月 23 日，正特有限取得“临房权证大田街道字第 202809 号”《房屋所有权证》 ③发行人现持有“临房权证大田街道字第 16330637 号”《房屋所有权证书》 								
①正特有限取得《建设工程规划许可证》（2006 编号 D-081）、《建筑工程施工许可证》（332621200611200101），并于工程竣工验收合格后取得该处房产的所有权； ②发行人现持有“临房权证大田街道字第 16330645 号”《房屋所有权证书》 	①正特有限取得《建设工程规划许可证》（2006 编号 D-081）、《建筑工程施工许可证》（332621200611200101），并于工程竣工验收合格后取得该处房产的所有权； ②发行人现持有“临房权证大田街道字第 16330645 号”《房屋所有权证书》 								
①2006 年 7 月 21 日，正特有限取得《建设工程规划许可证》（2006 编号 D-080）、《建筑工程施工许可证》（332621200607270101），并于工程竣工验收合格后取得该处房产的所有权； ②发行人现持有“临房权证大田街道字第 16330636 号”《房屋所有权证书》 	①2006 年 7 月 21 日，正特有限取得《建设工程规划许可证》（2006 编号 D-080）、《建筑工程施工许可证》（332621200607270101），并于工程竣工验收合格后取得该处房产的所有权； ②发行人现持有“临房权证大田街道字第 16330636 号”《房屋所有权证书》 								
发行人现持有“临房权证大田街道字第 160560 号”《房屋所有权证书》。 	发行人现持有“临房权证大田街道字第 160560 号”《房屋所有权证书》。 								
发行人取得“浙（2017）临海市不动产权证第 0013790 号”《不动产权证书》。 	发行人取得“浙（2017）临海市不动产权证第 0013790 号”《不动产权证书》。 								
									
5 	临 房 权 证 大 田街道字第16336867 号 								
6 	临 房 权 证 大 田街道字第16330637 号 								
									
14,131.51 	受让取得 	2016.06.03 							
28,470.01 	受让取得 	2016.03.30 							
									
7 	 临 房 权 证 大 田街道字第16330645 号 								
8 	临 房 权 证 大 田街道字第16330636 号 								
9 	临 房 权 证 大 田街道字第160560 号 	临海市大田街道下沙屠村 	9,108.65 	自建取得 	2010.12.24 				
10 	临 海 市 不 动 产权证第 0013790号 	临海市大田街道大洋路东侧 	21,885.36 	受让取得 	2017.8.18 				
									
62,729.30 	自建取得 	2016.03.30 							
52,578.53 	自建取得 	2016.03.30 							
									
序号 	商标名称 	商标名称 	注册号 	注册号 	类别 	注册国家或地区 	有效期 		
商标权人：正特股份 	商标权人：正特股份 	商标权人：正特股份 	商标权人：正特股份 	商标权人：正特股份 	商标权人：正特股份 	商标权人：正特股份 	商标权人：正特股份 		
1 	 	 	3345993 	3345993 	第 20 类 	美国 	2007.11.27-2017.11.26 		
2 	 	 	3389609 	3389609 	第 6、8、11、16、18、19、21、22、28 类 	美国 	2008.02.26-2018.02.25 		
3 	 	 	966183 	966183 	第 16、18、28 类 	挪威 	2007.09.01-2017.08.31 		
3 	 	 	966183 	966183 	第 6、8、11、15、16、17、18、19、21、22、28 类 	奥地利、比利时、荷兰、卢森堡、瑞士、德国、丹麦、西班牙、芬兰、法	2007.09.01-2017.08.31 		
序号 	商标名称 	商标名称 	注册号 	注册号 	类别 	注册国家或地区 	有效期 		
国、英国、希腊、匈牙利、爱尔兰、意大利、波兰、葡萄牙、新加坡、越南 	国、英国、希腊、匈牙利、爱尔兰、意大利、波兰、葡萄牙、新加坡、越南 								
美国 	美国 	2008.07.22-2018.07.21  	2008.07.22-2018.07.21  						
美国 	美国 	2011.09.13-2021.09.12  	2011.09.13-2021.09.12  						
美国 	美国 	2013.01.22-2023.01.21  	2013.01.22-2023.01.21  						
美国 	美国 	2016.12.13-2026.12.12 	2016.12.13-2026.12.12 						
欧盟 	欧盟 	2013.05.17-2023.05.17 	2013.05.17-2023.05.17 						
瑞士 	瑞士 	2017.01.19-2026.09.01 	2017.01.19-2026.09.01 						
美国 	美国 	2012.05.01-2022.04.30 	2012.05.01-2022.04.30 						
美国 	美国 	2013.01.22-2023.01.21 	2013.01.22-2023.01.21 						
美国 	美国 	2016.11.22-2026.11.21 	2016.11.22-2026.11.21 						
欧盟 	欧盟 	2013.05.17-2023.05.17 	2013.05.17-2023.05.17 						
瑞士 	瑞士 	2017.01.19-2026.09.02 	2017.01.19-2026.09.02 						
									
4 	 	3473945 	第 20 类 						
5 	 	4025675 	第 22 类 						
6 	 	4279028 	第 18、20 类 						
7 	 	5098240 	第 20、28 类 						
8 	 	011824463 	第 18、20、22、35 类 						
9 	 	697951 	第 18、20、22、35 类 						
10 	 	4133921 	第 18、20、22 类 						
11 	 	4279027 	第 22 类 						
12 	 	5084671 	第 20、28 类 						
13 	 	011824431 	第 18、20、22、35 类 						
14 	 	697963 	第 18、20、22、35 类 						
									
序号 	商标名称 	注册号 	注册号 	类别 	有效期 	取得方式 			
商标权人：正特股份 	商标权人：正特股份 	商标权人：正特股份 	商标权人：正特股份 	商标权人：正特股份 	商标权人：正特股份 	商标权人：正特股份 			
1 	 	3449076 	3449076 	第 12 类 	2014.09.28-2024.09.27 	原始 取得 			
2 	 	3449080 	3449080 	第 16 类 	2014.12.28-2024.12.27 	原始 取得 			
3 	 	3449082 	3449082 	第 18 类 	2014.12.07-2024.12.06 	原始 取得 			
4 	 	3449084 	3449084 	第 20 类 	2015.02.14-2025.02.13 	原始 取得 			
序号 	商标名称 	注册号 	注册号 	类别 	有效期 	取得方式 			
5 	3449066 	第 22 类 	2014.11.07-2024.11.06 						
6 	3449071 	第 28 类 	2014.11.28-2024.11.27 						
7 	3449062 	第 44 类 	2015.06.14-2025.06.13 						
8 	 	3449085 	3449085 	第 1 类 	2014.11.07-2024.11.06 	原始 取得 			
9 	 	3449086 	3449086 	第 2 类 	2014.12.28-2024.12.27 	原始 取得 			
10 	 	3449087 	3449087 	第 3 类 	2015.01.07-2025.01.06 	原始 取得 			
11 	 	3449088 	3449088 	第 4 类 	2014.09.21-2024.09.20 	原始 取得 			
12 	 	3449089 	3449089 	第 5 类 	2015.01.14-2025.01.13 	原始 取得 			
13 	 	3449090 	3449090 	第 6 类 	2014.07.21-2024.07.20 	原始 取得 			
14 	 	3449091 	3449091 	第 7 类 	2015.08.14-2025.08.13 	原始 取得 			
15 	 	3449092 	3449092 	第 9 类 	2014.08.28-2024.08.27 	原始 取得 			
16 	 	3449093 	3449093 	第 10 类 	2014.08.28-2024.08.27 	原始 取得 			
17 	 	3449075 	3449075 	第 11 类 	2014.11.21-2024.11.20 	原始 取得 			
18 	 	3449077 	3449077 	第 13 类 	2014.08.28-2024.08.27 	原始 取得 			
19 	 	3449078 	3449078 	第 14 类 	2014.08.28-2024.08.27 	原始 取得 			
20 	 	3449079 	3449079 	第 15 类 	2014.11.14-2024.11.13 	原始 取得 			
21 	 	3449081 	3449081 	第 17 类 	2014.10.07-2024.10.06 	原始 取得 			
22 	 	3449083 	3449083 	第 19 类 	2015.01.21-2025.01.20 	原始 取得 			
23 	 	3449065 	3449065 	第 21 类 	2014.11.07-2024.11.06 	原始 取得 			
24 	 	3449067 	3449067 	第 23 类 	2014.11.07-2024.11.06 	原始 取得 			
25 	 	3449068 	3449068 	第 24 类 	2014.12.07-2024.12.06 	原始 取得 			
26 	 	3449069 	3449069 	第 26 类 	2015.01.14-2025.01.13 	原始 取得 			
27 	 	3449070 	3449070 	第 27 类 	2015.01.21-2025.01.20 	原始 取得 			
28 	 	3449072 	3449072 	第 29 类 	2014.09.14-2024.09.13 	原始 取得 			
29 	 	3449073 	3449073 	第 30 类 	2014.07.14-2024.07.13 	原始 取得 			
30 	 	3449074 	3449074 	第 31 类 	2014.03.14-2024.03.13 	原始 取得 			
31 	 	3449055 	3449055 	第 32 类 	2014.06.21-2024.06.20 	原始 取得 			
32 	 	3449056 	3449056 	第 34 类 	2014.03.14-2024.03.13 	原始 取得 			
33 	 	3449057 	3449057 	第 37 类 	2015.01.21-2025.01.20 	原始 取得 			
34 	 	3449058 	3449058 	第 38 类 	2014.10.14-2024.10.13 	原始 取得 			
35 	 	3449059 	3449059 	第 39 类 	2014.10.14-2024.10.13 	原始 取得 			
36 	 	3449060 	3449060 	第 40 类 	2014.08.28-2024.08.27 	原始 取得 			
37 	 	3449061 	3449061 	第 41 类 	2014.06.21-2024.06.20 	原始 取得 			
38 	 	5657371 	5657371 	第 1 类 	2009.11.21-2019.11.20 	原始 取得 			
39 	 	5657370 	5657370 	第 2 类 	2009.11.14-2019.11.13 	原始 取得 			
40 	 	5657369 	5657369 	第 3 类 	2009.11.07-2019.11.06 	原始 取得 			
41 	 	5657368 	5657368 	第 4 类 	2009.11.14-2019.11.13 	原始 取得 			
42 	 	5657367 	5657367 	第 5 类 	2009.11.21-2019.11.20 	原始 取得 			
43 	 	5657366 	5657366 	第 6 类 	2009.12.07-2019.12.06 	原始 取得 			
44 	 	5657365 	5657365 	第 7 类 	2009.12.07-2019.12.06 	原始 取得 			
45 	 	5657364 	5657364 	第 8 类 	2009.08.21-2019.08.20 	原始 取得 			
序号 	商标名称 	注册号 	注册号 	类别 	有效期 	取得方式 			
46 	5657363 	第 9 类 	2009.08.28-2019.08.27 						
47 	5657362 	第 10 类 	2009.10.21-2019.10.20 						
48 	5657381 	第 11 类 	2009.08.28-2019.08.27 						
49 	5657380 	第 12 类 	2009.07.14-2019.07.13 						
50 	5657379 	第 13 类 	2009.08.21-2019.08.20 						
51 	5657378 	第 14 类 	2009.09.28-2019.09.27 						
52 	5657377 	第 15 类 	2009.09.21-2019.09.20 						
53 	5657376 	第 16 类 	2009.09.28-2019.09.27 						
54 	5657375 	第 17 类 	2009.11.07-2019.11.06 						
55 	5657374 	第 18 类 	2009.10.28-2019.10.27 						
56 	5657373 	第 19 类 	2009.11.07-2019.11.06 						
57 	5657372 	第 20 类 	2009.09.28-2019.09.27 						
58 	5657391 	第 21 类 	2009.09.28-2019.09.27 						
59 	5657390 	第 22 类 	2009.10.28-2019.10.27 						
60 	5657389 	第 23 类 	2009.10.21-2019.10.20 						
61 	5657388 	第 24 类 	2009.10.28-2019.10.27 						
62 	5657387 	第 26 类 	2009.11.07-2019.11.06 						
63 	5657386 	第 27 类 	2009.10.21-2019.10.20 						
64 	5657385 	第 28 类 	2009.11.07-2019.11.06 						
65 	5657384 	第 29 类 	2009.06.14-2019.06.13 						
66 	5657383 	第 30 类 	2009.08.07-2019.08.06 						
67 	5657382 	第 31 类 	2009.06.14-2019.06.13 						
68 	5657401 	第 32 类 	2009.07.28-2019.07.27 						
69 	5657400 	第 33 类 	2009.07.21-2019.07.20 						
70 	5657399 	第 34 类 	2009.04.14-2019.04.13 						
71 	5657398 	第 35 类 	2009.10.28-2019.10.27 						
72 	5657397 	第 36 类 	2009.12.28-2019.12.27 						
73 	5657396 	第 37 类 	2009.12.28-2019.12.27 						
74 	5657395 	第 38 类 	2009.12.28-2019.12.27 						
75 	5657394 	第 39 类 	2009.10.28-2019.12.27 						
76 	5657393 	第 40 类 	2009.12.21-2019.12.20 						
77 	5657392 	第 41 类 	2009.10.28-2019.12.27 						
78 	5657405 	第 42 类 	2009.10.28-2019.12.27 						
79 	5657404 	第 43 类 	2009.12.28-2019.12.27 						
80 	5657403 	第 44 类 	2009.12.28-2019.12.27 						
81 	5657402 	第 45 类 	2009.12.21-2019.12.20 						
82 	 	5656121 	5656121 	第 1 类 	2009.11.21-2019.11.20 	原始 取得 			
83 	 	5656122 	5656122 	第 2 类 	2009.11.14-2019.11.13 	原始 取得 			
84 	 	5656124 	5656124 	第 4 类 	2009.11.14-2019.11.13 	原始 取得 			
85 	 	5656125 	5656125 	第 5 类 	2009.11.21-2019.11.20 	原始 取得 			
86 	 	5656126 	5656126 	第 6 类 	2009.10.21-2019.10.20 	原始 取得 			
序号 	商标名称 	注册号 	注册号 	类别 	有效期 	取得方式 			
87 	5656127 	第 7 类 	2009.12.21-2019.12.20 						
88 	5656128 	第 8 类 	2009.12.21-2019.12.20 						
89 	5656129 	第 9 类 	2009.12.21-2019.12.20 						
90 	5656130 	第 10 类 	2009.07.14-2019.07.13 						
91 	5656131 	第 11 类 	2009.12.21-2019.12.20 						
92 	5656132 	第 12 类 	2009.10.21-2019.10.20 						
93 	5656133 	第 13 类 	2009.08.21-2019.8.20 						
94 	5656134 	第 14 类 	2010.01.14-2020.01.13 						
95 	5656135 	第 15 类 	2009.11.28-2019.11.27 						
96 	5656136 	第 16 类 	2010.07.07-2020.07.06 						
97 	5656138 	第 17 类 	2009.11.07-2019.11.06 						
98 	5656139 	第 18 类 	2009.10.28-2019.10.27 						
99 	5656140 	第 19 类 	2010.03.07-2020.03.06 						
100 	5656141 	第 20 类 	2009.09.21-2019.09.20 						
101 	5656142 	第 21 类 	2010.01.14-2020.01.13 						
102 	5656143 	第 22 类 	2009.10.28-2019.10.27 						
103 	5656144 	第 23 类 	2009.10.21-2019.10.20 						
104 	5656145 	第 24 类 	2009.12.14-2019.12.13 						
105 	5656146 	第 26 类 	2009.11.07-2019.11.06 						
106 	5656147 	第 27 类 	2009.10.21-2019.10.20 						
107 	5656148 	第 28 类 	2009.12.14-2019.12.13 						
108 	5656149 	第 29 类 	2009.06.14-2019.06.13 						
109 	5656150 	第 30 类 	2009.07.28-2019.07.27 						
110 	5656151 	第 31 类 	2009.06.14-2019.06.13 						
111 	5656152 	第 32 类 	2009.07.28-2019.07.27 						
112 	5656153 	第 33 类 	2009.07.28-2019.07.27 						
113 	5656154 	第 34 类 	2009.04.14-2019.04.13 						
114 	5656155 	第 35 类 	2009.10.28-2019.10.27 						
115 	5656157 	第 37 类 	2010.03.28-2020.03.27 						
116 	5656158 	第 38 类 	2009.12.28-2019.12.27 						
117 	5656159 	第 39 类 	2009.10.28-2019.10.27 						
118 	5656160 	第 40 类 	2009.12.21-2019.12.20 						
119 	5656161 	第 41 类 	2009.10.28-2019.10.27 						
120 	5656168 	第 42 类 	2009.10.28-2019.10.27 						
121 	5656169 	第 43 类 	2010.03.28-2020.03.27 						
122 	5656171 	第 45 类 	2009.12.21-2019.12.20 						
123 	 	5656532 	5656532 	第 1 类 	2009.11.21-2019.11.20 	原始 取得 			
124 	 	5656533 	5656533 	第 2 类 	2009.11.14-2019.11.13 	原始 取得 			
125 	 	5656534 	5656534 	第 3 类 	2009.11.07-2019.11.06 	原始 取得 			
126 	 	5656535 	5656535 	第 4 类 	2009.11.14-2019.11.13 	原始 取得 			
127 	 	5656536 	5656536 	第 5 类 	2009.11.21-2019.11.20 	原始 取得 			
序号 	商标名称 	注册号 	注册号 	类别 	有效期 	取得方式 			
128 	5656537 	第 6 类 	2009.08.28-2019.08.27 						
129 	5656538 	第 7 类 	2010.05.28-2020.05.27 						
130 	5656539 	第 8 类 	2009.08.21-2019.08.20 						
131 	5656540 	第 9 类 	2009.08.28-2019.08.27 						
132 	5656541 	第 10 类 	2009.08.28-2019.08.27 						
133 	5656542 	第 11 类 	2009.08.21-2019.08.20 						
134 	5656543 	第 12 类 	2009.08.28-2019.08.27 						
135 	5656544 	第 13 类 	2009.08.21-2019.08.20 						
136 	5656545 	第 14 类 	2009.09.28-2019.09.27 						
137 	5656546 	第 15 类 	2009.09.21-2019.09.20 						
138 	5656547 	第 16 类 	2009.09.28-2019.09.27 						
139 	5656548 	第 17 类 	2009.11.07-2019.11.06 						
140 	5656549 	第 18 类 	2009.12.21-2019.12.20 						
141 	5656550 	第 19 类 	2009.11.07-2019.11.06 						
142 	5656551 	第 20 类 	2009.09.28-2019.09.27 						
143 	5656552 	第 21 类 	2009.09.28-2019.09.27 						
144 	5656553 	第 22 类 	2009.10.28-2019.10.27 						
145 	5656554 	第 23 类 	2009.10.21-2019.10.20 						
146 	5656555 	第 24 类 	2009.10.28-2019.10.27 						
147 	5656556 	第 25 类 	2010.01.28-2020.01.27 						
148 	5656557 	第 26 类 	2009.11.07-2019.11.06 						
149 	5656558 	第 27 类 	2009.10.21-2019.10.20 						
150 	5656559 	第 28 类 	2009.11.07-2019.11.06 						
151 	5656560 	第 29 类 	2009.06.14-2019.06.13 						
152 	5656561 	第 30 类 	2009.08.07-2019.08.06 						
153 	5656502 	第 31 类 	2009.06.14-2019.06.13 						
154 	5656503 	第 32 类 	2009.08.07-2019.08.06 						
155 	5656504 	第 33 类 	2009.08.07-2019.08.06 						
156 	5656505 	第 34 类 	2009.04.14-2019.04.13 						
157 	5656506 	第 35 类 	2010.02.07-2020.02.06 						
158 	5656507 	第 36 类 	2009.12.28-2019.12.27 						
159 	5656508 	第 37 类 	2009.12.28-2019.12.27 						
160 	5656509 	第 38 类 	2009.12.28-2019.12.27 						
161 	5656510 	第 39 类 	2009.10.28-2019.10.27 						
162 	5656511 	第 40 类 	2009.12.21-2019.12.20 						
163 	5656492 	第 41 类 	2010.02.07-2020.02.06 						
164 	5656493 	第 42 类 	2010.01.28-2020.01.27 						
165 	5656494 	第 43 类 	2009.12.28-2019.12.27 						
166 	5656495 	第 44 类 	2009.12.28-2019.12.27 						
167 	5656496 	第 45 类 	2009.12.21-2019.12.20 						
168 	 	6386161 	6386161 	第 6 类 	2010.03.07-2020.03.06 	原始 			
序号 	商标名称 	注册号 	注册号 	类别 	有效期 	取得方式 			
169 	6386162 	第 8 类 	2010.03.28-2020.03.27 	取得 					
170 	6386163 	第 11 类 	2010.06.21-2020.06.20 	取得 					
171 	6386164 	第 12 类 	2010.03.07-2020.03.06 	取得 					
172 	6386165 	第 14 类 	2010.03.07-2020.03.06 	取得 					
173 	6386166 	第 18 类 	2010.05.07-2020.05.06 	取得 					
174 	6386167 	第 19 类 	2010.04.14-2020.04.13 	取得 					
175 	6386168 	第 20 类 	2010.03.28-2020.03.27 	取得 					
176 	6386169 	第 21 类 	2010.03.28-2020.03.27 	取得 					
177 	6385335 	第 22 类 	2010.07.07-2020.07.06 	取得 					
178 	6385334 	第 24 类 	2010.05.14-2020.05.13 	取得 					
179 	6385333 	第 28 类 	2010.05.14-2020.05.13 	取得 					
180 	6385332 	第 35 类 	2011.01.07-2021.01.06 	取得 					
181 	6385331 	第 36 类 	2010.05.07-2020.05.06 	取得 					
182 	6385330 	第 37 类 	2010.09.14-2020.09.13 	取得 					
183 	 	6820984 	6820984 	第 4 类 	2010.06.14-2020.06.13 	原始 取得 			
184 	 	6820983 	6820983 	第 6 类 	2010.04.28-2020.04.27 	原始 取得 			
185 	 	6820982 	6820982 	第 7 类 	2010.04.28-2020.04.27 	原始 取得 			
186 	 	6820981 	6820981 	第 8 类 	2010.07.07-2020.07.06 	原始 取得 			
187 	 	6820980 	6820980 	第 11 类 	2010.07.07-2020.07.06 	原始 取得 			
188 	 	6820979 	6820979 	第 12 类 	2010.04.28-2020.04.27 	原始 取得 			
189 	 	6820978 	6820978 	第 14 类 	2010.04.14-2020.04.13 	原始 取得 			
190 	 	6820977 	6820977 	第 15 类 	2010.04.14-2020.04.13 	原始 取得 			
191 	 	6820976 	6820976 	第 17 类 	2010.04.21-2020.04.20 	原始 取得 			
192 	 	6820974 	6820974 	第 19 类 	2010.06.21-2020.06.20 	原始 取得 			
193 	 	6820973 	6820973 	第 20 类 	2011.04.21-2021.04.20 	原始 取得 			
194 	 	6820972 	6820972 	第 21 类 	2010.05.28-2020.05.27 	原始 取得 			
195 	 	6820971 	6820971 	第 22 类 	2010.08.14-2020.08.13 	原始 取得 			
196 	 	6820970 	6820970 	第 23 类 	2011.01.07-2021.01.06 	原始 取得 			
197 	 	6820969 	6820969 	第 24 类 	2010.08.14-2020.08.13 	原始 取得 			
198 	 	6820968 	6820968 	第 25 类 	2011.01.07-2021.01.06 	原始 取得 			
199 	 	6820967 	6820967 	第 26 类 	2010.11.14-2020.11.13 	原始 取得 			
200 	 	6820966 	6820966 	第 27 类 	2010.08.14-2020.08.13 	原始 取得 			
201 	 	6821064 	6821064 	第 29 类 	2010.03.28-2020.03.27 	原始 取得 			
202 	 	6821063 	6821063 	第 31 类 	2010.03.28-2020.03.27 	原始 取得 			
203 	 	6821062 	6821062 	第 34 类 	2010.03.28-2020.03.27 	原始 取得 			
204 	 	6821061 	6821061 	第 35 类 	2010.07.21-2020.07.20 	原始 取得 			
205 	 	6821060 	6821060 	第 36 类 	2010.05.07-2020.05.06 	原始 取得 			
206 	 	6821059 	6821059 	第 37 类 	2010.05.07-2020.05.06 	原始 取得 			
207 	 	6821058 	6821058 	第 39 类 	2010.09.14-2020.09.13 	原始 取得 			
208 	 	6821057 	6821057 	第 40 类 	2010.05.07-2020.05.06 	原始 取得 			
209 	 	6821056 	6821056 	第 44 类 	2010.05.21-2020.05.20 	原始 取得 			
序号 	商标名称 	注册号 	注册号 	类别 	有效期 	取得方式 			
210 	6821055 	第 45 类 	2010.05.21-2020.05.20 						
211 	10676643 	第 1 类 	2013.06.14-2023.06.13 						
212 	10676952 	第 2 类 	2013.05.21-2023.05.20 						
213 	10677451 	第 3 类 	2013.05.21-2023.05.20 						
214 	10677526 	第 5 类 	2013.05.21-2023.05.20 						
215 	10677477 	第 9 类 	2013.05.21-2023.05.20 						
216 	10677509 	第 10 类 	2013.05.21-2023.05.20 						
217 	10677709 	第 13 类 	2013.05.21-2023.05.20 						
218 	10677767 	第 16 类 	2013.07.07-2023.07.06 						
219 	10677820 	第 30 类 	2013.05.21-2023.05.20 						
220 	10682970 	第 32 类 	2013.05.28-2023.05.27 						
221 	10683093 	第 33 类 	2013.05.28-2023.05.27 						
222 	10683285 	第 41 类 	2013.09.07-2023.09.06 						
223 	10683478 	第 42 类 	2013.05.21-2023.05.20 						
224 	10683422 	第 43 类 	2013.05.28-2023.05.27 						
225 	11936094 	第 1 类 	2014.06.07-2024.06.06 						
226 	11936145 	第 2 类 	2014.06.07-2024.06.06 						
227 	11935353 	第 6 类 	2014.06.07-2024.06.06 						
228 	11934476 	第 7 类 	2014.06.07-2024.06.06 						
229 	11935400 	第 8 类 	2014.06.07-2024.06.06 						
230 	11939159 	第 9 类 	2014.06.07-2024.06.06 						
231 	11939197 	第 10 类 	2014.06.07-2024.06.06 						
232 	11935433 	第 11 类 	2014.06.07-2024.06.06 						
233 	11935485 	第 12 类 	2014.06.07-2024.06.06 						
234 	11935533 	第 14 类 	2014.06.07-2024.06.06 						
235 	11939246 	第 16 类 	2014.06.28-2024.06.27 						
236 	13948608 	第 18 类 	2016.02.28-2026.02.27 						
237 	11935569 	第 19 类 	2014.06.07-2024.06.06 						
238 	11935600 	第 20 类 	2014.06.07-2024.06.06 						
239 	11935639 	第 21 类 	2014.06.07-2024.06.06 						
240 	11935682 	第 23 类 	2014.06.07-2024.06.06 						
241 	11935707 	第 24 类 	2014.07.14-2024.07.13 						
242 	11935823 	第 29 类 	2014.06.07-2024.06.06 						
243 	11939264 	第 30 类 	2014.06.07-2024.06.06 						
244 	11939314 	第 32 类 	2014.06.07-2024.06.06 						
245 	11935847 	第 35 类 	2014.06.07-2024.06.06 						
246 	11935858 	第 36 类 	2014.06.07-2024.06.06 						
247 	11935894 	第 37 类 	2014.06.07-2024.06.06 						
248 	11936001 	第 39 类 	2014.06.07-2024.06.06 						
249 	11936042 	第 40 类 	2014.06.07-2024.06.06 						
250 	11939375 	第 41 类 	2014.06.28-2024.06.27 						
序号 	商标名称 	注册号 	注册号 	类别 	有效期 	取得方式 			
251 	11939410 	第 42 类 	2014.06.07-2024.06.06 						
252 	11939792 	第 43 类 	2014.06.07-2024.06.06 						
253 	11936053 	第 45 类 	2014.06.07-2024.06.06 						
254 	 	6675172 	6675172 	第 4 类 	2010.05.28-2020.05.27 	原始 取得 			
255 	 	6675171 	6675171 	第 6 类 	2010.03.28-2020.03.27 	原始 取得 			
256 	 	6675170 	6675170 	第 7 类 	2010.06.14-2020.06.13 	原始 取得 			
257 	 	6675169 	6675169 	第 8 类 	2010.05.21-2020.05.20 	原始 取得 			
258 	 	6675168 	6675168 	第 11 类 	2010.09.28-2020.09.27 	原始 取得 			
259 	 	6675167 	6675167 	第 12 类 	2010.03.28-2020.03.27 	原始 取得 			
260 	 	6675166 	6675166 	第 14 类 	2010.03.28-2020.03.27 	原始 取得 			
261 	 	6675165 	6675165 	第 15 类 	2010.03.28-2020.03.27 	原始 取得 			
262 	 	6675164 	6675164 	第 17 类 	2010.03.28-2020.03.27 	原始 取得 			
263 	 	6675163 	6675163 	第 18 类 	2010.07.21-2020.07.20 	原始 取得 			
264 	 	6675182 	6675182 	第 19 类 	2010.05.14-2020.05.13 	原始 取得 			
265 	 	6675181 	6675181 	第 20 类 	2010.03.28-2020.03.27 	原始 取得 			
266 	 	6675180 	6675180 	第 21 类 	2010.06.21-2020.06.20 	原始 取得 			
267 	 	6675179 	6675179 	第 22 类 	2011.01.14-2021.01.13 	原始 取得 			
268 	 	6675178 	6675178 	第 23 类 	2010.07.21-2020.07.20 	原始 取得 			
269 	 	6675177 	6675177 	第 24 类 	2010.07.21-2020.07.20 	原始 取得 			
270 	 	6675176 	6675176 	第 25 类 	2011.01.21-2021.01.20 	原始 取得 			
271 	 	6675175 	6675175 	第 26 类 	2011.01.14-2021.01.13 	原始 取得 			
272 	 	6675174 	6675174 	第 27 类 	2010.07.21-2020.07.20 	原始 取得 			
273 	 	6675173 	6675173 	第 28 类 	2010.07.28-2020.07.27 	原始 取得 			
274 	 	6675192 	6675192 	第 29 类 	2010.10.14-2020.10.13 	原始 取得 			
275 	 	6675191 	6675191 	第 31 类 	2010.10.14-2020.10.13 	原始 取得 			
276 	 	6675190 	6675190 	第 34 类 	2010.03.21-2020.03.20 	原始 取得 			
277 	 	6675188 	6675188 	第 36 类 	2010.04.14-2020.04.13 	原始 取得 			
278 	 	6675187 	6675187 	第 37 类 	2010.10.14-2020.10.13 	原始 取得 			
279 	 	6675186 	6675186 	第 39 类 	2010.08.28-2020.08.27 	原始 取得 			
280 	 	6675185 	6675185 	第 40 类 	2010.04.28-2020.04.27 	原始 取得 			
281 	 	6675184 	6675184 	第 44 类 	2010.08.14-2020.08.13 	原始 取得 			
282 	 	6820993 	6820993 	第 45 类 	2010.05.21-2020.05.20 	原始 取得 			
283 	 	10798091 	10798091 	第 38 类 	2013.09.14-2023.09.13 	原始 取得 			
284 	 	10798041 	10798041 	第 13 类 	2013.07.14-2023.07.13 	原始 取得 			
285 	 	10797856 	10797856 	第 2 类 	2013.10.21-2023.10.20 	原始 取得 			
286 	 	11183584 	11183584 	第 1 类 	2013.11.28-2023.11.27 	原始 取得 			
287 	 	11183660 	11183660 	第 16 类 	2014.02.28-2024.02.27 	原始 取得 			
288 	 	11183760 	11183760 	第 41 类 	2013.11.28-2023.11.27 	原始 取得 			
289 	 	11183816 	11183816 	第 42 类 	2014.02.28-2024.02.27 	原始 取得 			
290 	 	11183837 	11183837 	第 43 类 	2013.11.28-2023.11.27 	原始 取得 			
291 	 	11934288 	11934288 	第 6 类 	2014.06.07-2024.06.06 	原始 取得 			
序号 	商标名称 	注册号 	注册号 	类别 	有效期 	取得方式 			
292 	11934465 	第 7 类 	2014.08.28-2024.08.27 						
293 	11934585 	第 12 类 	2014.06.07-2024.06.06 						
294 	11934542 	第 14 类 	2014.06.07-2024.06.06 						
295 	11934592 	第 19 类 	2014.08.28-2024.08.27 						
296 	11934639 	第 20 类 	2014.06.07-2024.06.06 						
297 	11934673 	第 26 类 	2014.06.07-2024.06.06 						
298 	11934713 	第 39 类 	2014.06.07-2024.06.06 						
299 	 	6675244 	6675244 	第 6 类 	2010.03.28-2020.03.27 	原始 取得 			
300 	 	6675243 	6675243 	第 7 类 	2010.03.28-2020.03.27 	原始 取得 			
301 	 	6675162 	6675162 	第 8 类 	2010.05.21-2020.05.20 	原始 取得 			
302 	 	6675161 	6675161 	第 11 类 	2010.05.21-2020.05.20 	原始 取得 			
303 	 	6675160 	6675160 	第 18 类 	2010.07.21-2020.07.20 	原始 取得 			
304 	 	6675159 	6675159 	第 19 类 	2010.03.28-2020.03.27 	原始 取得 			
305 	 	6675158 	6675158 	第 20 类 	2010.03.28-2020.03.27 	原始 取得 			
306 	 	6675157 	6675157 	第 21 类 	2010.03.28-2020.03.27 	原始 取得 			
307 	 	6675156 	6675156 	第 22 类 	2010.07.21-2020.07.20 	原始 取得 			
308 	 	6675155 	6675155 	第 24 类 	2010.07.21-2020.07.20 	原始 取得 			
309 	 	6675154 	6675154 	第 27 类 	2010.07.21-2020.07.20 	原始 取得 			
310 	 	6675298 	6675298 	第 31 类 	2010.03.14-2020.03.13 	原始 取得 			
311 	 	6675297 	6675297 	第 35 类 	2010.11.14-2020.11.13 	原始 取得 			
312 	 	6675296 	6675296 	第 37 类 	2010.04.14-2020.04.13 	原始 取得 			
313 	 	6675295 	6675295 	第 44 类 	2010.05.07-2020.05.06 	原始 取得 			
314 	 	10653233 	10653233 	第 1 类 	2013.06.07-2023.06.06 	原始 取得 			
315 	 	10653346 	10653346 	第 2 类 	2013.06.07-2023.06.06 	原始 取得 			
316 	 	10653465 	10653465 	第 3 类 	2013.07.07-2023.07.06 	原始 取得 			
317 	 	10653562 	10653562 	第 4 类 	2013.06.07-2023.06.06 	原始 取得 			
318 	 	10653682 	10653682 	第 5 类 	2013.07.07-2023.07.06 	原始 取得 			
319 	 	10653777 	10653777 	第 9 类 	2013.05.21-2023.05.20 	原始 取得 			
320 	 	10653815 	10653815 	第 10 类 	2013.05.21-2023.05.20 	原始 取得 			
321 	 	13492526 	13492526 	第 11 类 	2015.03.07-2025.03.06 	原始 取得 			
322 	 	10653950 	10653950 	第 12 类 	2013.05.21-2023.05.20 	原始 取得 			
323 	 	10654035 	10654035 	第 13 类 	2013.05.21-2023.05.20 	原始 取得 			
324 	 	10654282 	10654282 	第 14 类 	2013.07.07-2023.07.06 	原始 取得 			
325 	 	10661002 	10661002 	第 15 类 	2013.06.14-2023.06.13 	原始 取得 			
326 	 	10661103 	10661103 	第 16 类 	2013.05.21-2023.05.20 	原始 取得 			
327 	 	10661386 	10661386 	第 17 类 	2013.07.07-2023.07.06 	原始 取得 			
328 	 	10661440 	10661440 	第 23 类 	2013.07.07-2023.07.06 	原始 取得 			
329 	 	16408665 	16408665 	第 24 类 	2016.04.14-2026.04.13 	原始 取得 			
330 	 	10661947 	10661947 	第 25 类 	2013.06.14-2023.06.13 	原始 取得 			
331 	 	10661998 	10661998 	第 26 类 	2013.06.14-2023.06.13 	原始 取得 			
332 	 	15271033 	15271033 	第 28 类 	2015.10.14-2025.10.13 	原始 取得 			
序号 	商标名称 	注册号 	注册号 	类别 	有效期 	取得方式 			
333 	10662052 	第 29 类 	2013.06.14-2023.06.13 						
334 	10662152 	第 30 类 	2013.06.14-2023.06.13 						
335 	10662155 	第 32 类 	2013.06.14-2023.06.13 						
336 	10667085 	第 34 类 	2013.07.28-2023.07.27 						
337 	10667199 	第 36 类 	2013.07.14-2023.07.13 						
338 	10667260 	第 38 类 	2013.07.28-2023.07.27 						
339 	10667350 	第 39 类 	2013.07.14-2023.07.13 						
340 	10667427 	第 40 类 	2013.07.14-2023.07.13 						
341 	10667517 	第 41 类 	2013.07.14-2023.07.13 						
342 	10667634 	第 43 类 	2013.07.14-2023.07.13 						
343 	10667691 	第 45 类 	2013.07.14-2023.07.13 						
344 	 	6126413 	6126413 	第 1 类 	2010.02.21-2020.02.20 	原始 取得 			
345 	 	6126412 	6126412 	第 2 类 	2010.02.21-2020.02.20 	原始 取得 			
346 	 	6126411 	6126411 	第 3 类 	2010.04.14-2020.04.13 	原始 取得 			
347 	 	6126410 	6126410 	第 4 类 	2010.02.14-2020.02.13 	原始 取得 			
348 	 	6126409 	6126409 	第 5 类 	2010.02.21-2020.02.20 	原始 取得 			
349 	 	6126408 	6126408 	第 6 类 	2009.12.21-2019.12.20 	原始 取得 			
350 	 	6126407 	6126407 	第 7 类 	2009.12.21-2019.12.20 	原始 取得 			
351 	 	6126406 	6126406 	第 8 类 	2010.02.14-2020.02.13 	原始 取得 			
352 	 	6126405 	6126405 	第 9 类 	2010.02.21-2020.02.20 	原始 取得 			
353 	 	6126423 	6126423 	第 11 类 	2010.02.21-2020.02.20 	原始 取得 			
354 	 	6126422 	6126422 	第 12 类 	2009.12.21-2019.12.20 	原始 取得 			
355 	 	6126421 	6126421 	第 14 类 	2010.01.14-2020.01.13 	原始 取得 			
356 	 	6126420 	6126420 	第 16 类 	2010.02.07-2020.02.06 	原始 取得 			
357 	 	6126419 	6126419 	第 17 类 	2010.03.14-2020.03.13 	原始 取得 			
358 	 	6126418 	6126418 	第 18 类 	2010.03.28-2020.03.27 	原始 取得 			
359 	 	6126417 	6126417 	第 19 类 	2010.03.07-2020.03.06 	原始 取得 			
360 	 	6126416 	6126416 	第 20 类 	2010.01.21-2020.01.20 	原始 取得 			
361 	 	6126415 	6126415 	第 21 类 	2010.01.21-2020.01.20 	原始 取得 			
362 	 	6126414 	6126414 	第 22 类 	2010.03.21-2020.03.20 	原始 取得 			
363 	 	6125992 	6125992 	第 23 类 	2010.08.28-2020.08.27 	原始 取得 			
364 	 	6125991 	6125991 	第 24 类 	2010.08.28-2020.08.27 	原始 取得 			
365 	 	6125990 	6125990 	第 25 类 	2010.08.28-2020.08.27 	原始 取得 			
366 	 	6125989 	6125989 	第 26 类 	2010.08.28-2020.08.27 	原始 取得 			
367 	 	6125988 	6125988 	第 27 类 	2010.08.28-2020.08.27 	原始 取得 			
368 	 	6125987 	6125987 	第 28 类 	2010.08.28-2020.08.27 	原始 取得 			
369 	 	6125986 	6125986 	第 29 类 	2009.08.28-2019.08.27 	原始 取得 			
370 	 	6125985 	6125985 	第 30 类 	2010.01.07-2020.01.06 	原始 取得 			
371 	 	6125984 	6125984 	第 31 类 	2009.08.28-2019.08.27 	原始 取得 			
372 	 	6125983 	6125983 	第 32 类 	2010.01.07-2020.01.06 	原始 取得 			
373 	 	6126003 	6126003 	第 33 类 	2009.12.28-2019.12.27 	原始 取得 			
序号 	商标名称 	注册号 	注册号 	类别 	有效期 	取得方式 			
374 	6126002 	第 34 类 	2009.08.07-2019.08.06 						
375 	6126001 	第 35 类 	2010.05.21-2020.05.20 						
376 	6126000 	第 36 类 	2010.07.21-2020.07.20 						
377 	6125999 	第 37 类 	2010.07.21-2020.07.20 						
378 	6125998 	第 39 类 	2010.06.21-2020.06.20 						
379 	6125997 	第 40 类 	2010.07.21-2020.07.20 						
380 	6125996 	第 41 类 	2010.06.21-2020.06.20 						
381 	6125995 	第 42 类 	2010.06.14-2020.06.13 						
382 	 	6675239 	6675239 	第 6 类 	2010.03.28-2020.03.27 	原始 取得 			
383 	 	6675238 	6675238 	第 7 类 	2010.03.28-2020.03.27 	原始 取得 			
384 	 	6675237 	6675237 	第 8 类 	2010.09.28-2020.09.27 	原始 取得 			
385 	 	6675236 	6675236 	第 18 类 	2010.07.21-2020.07.20 	原始 取得 			
386 	 	6675235 	6675235 	第 19 类 	2010.03.28-2020.03.27 	原始 取得 			
387 	 	6675234 	6675234 	第 20 类 	2010.03.28-2020.03.27 	原始 取得 			
388 	 	6675233 	6675233 	第 21 类 	2010.06.21-2020.06.20 	原始 取得 			
389 	 	6675252 	6675252 	第 22 类 	2010.07.21-2020.07.20 	原始 取得 			
390 	 	6675251 	6675251 	第 24 类 	2010.07.21-2020.07.20 	原始 取得 			
391 	 	6675250 	6675250 	第 27 类 	2010.07.21-2020.07.20 	原始 取得 			
392 	 	6675249 	6675249 	第 28 类 	2010.07.28-2020.07.27 	原始 取得 			
393 	 	6675248 	6675248 	第 31 类 	2010.04.28-2020.04.27 	原始 取得 			
394 	 	6675247 	6675247 	第 35 类 	2011.02.21-2021.02.20 	原始 取得 			
395 	 	6675246 	6675246 	第 37 类 	2011.02.21-2021.02.20 	原始 取得 			
396 	 	6675245 	6675245 	第 44 类 	2010.08.14-2020.08.13 	原始 取得 			
397 	 	13869394 	13869394 	第 35 类 	2015.03.07-2025.03.06 	原始 取得 			
398 	 	12054752 	12054752 	第 35 类 	2014.07.07-2024.07.06 	原始 取得 			
399 	 	12055201 	12055201 	第 42 类 	2014.07.07-2024.07.06 	原始 取得 			
400 	 	12444056 	12444056 	第 18 类 	2014.09.21-2024.09.20 	受让 取得 			
401 	 	12444041 	12444041 	第 20 类 	2014.09.21-2024.09.20 	受让 取得 			
402 	 	12444011 	12444011 	第 22 类 	2014.09.21-2024.09.20 	受让 取得 			
403 	 	11951585 	11951585 	第 35 类 	2014.06.14-2024.06.13 	原始 取得 			
									
序号 	专利名称 	专利号 	专利类别 	申请日期 					
1 	一种平面有光耐高温粉末涂	ZL200910034114.7 	发明专利 	2009.09.01 					
									
料及其制备方法和应用 									
一种拒油性热固型粉末涂料及其制备方法和应用 	ZL200910034115.1 	发明专利 	2009.09.01 						
一种焊缝仿形焊接机 	ZL201010543820.7 	发明专利 	2010.11.15 						
一种制备抗老化热塑性聚氨酯热熔胶膜的方法 	ZL201110142697.2 	发明专利 	2011.05.26 						
一种自动焊机及其控制方法 	ZL201310096685.X 	发明专利 	2013.03.22 						
									
2 									
3 									
4 									
5 									
									
序号 	专利名称 	专利类型 	专利号 	申请国别 	有效期 	取得 方式 			
专利权人：正特股份 	专利权人：正特股份 	专利权人：正特股份 	专利权人：正特股份 	专利权人：正特股份 	专利权人：正特股份 	专利权人：正特股份 			
1 	Assembly of a spindle and guide therefor 	发明专利 	2008203587 	澳大利亚 	2008.01.02-2028.01.01 	受让取得 			
2 	Solar-powered Pulley-assisted Umbrella Having Simultaneously and Oppositely Movable Top-and-bottom Weighted Brackets 	发明专利 	US8,757,183 B2 	美国 	2012.10.05-2032.10.04 	受让取得 			
3 	Unique Multi-adjustable Rotating-and-locking Umbrella –stanchion System 	发明专利 	US8,807,513 B2 	美国 	2012.08.24-2032.08.23 	受让取得 			
4 	Assembly of a Spindle and Guide Therefore 	发明专利 	US7,997,290 B2 	美国 	2008.01.02-2028.01.01 	受让取得 			
5 	Assembly of a Spindle and Guide Therefor 	发明专利 	2115324   	奥地利、比利时、瑞士、德国、丹麦、西班牙、芬兰、法国、英国、希腊、意大利、荷兰、挪威、波兰、葡萄牙、瑞典、土耳其 	2008.01.02-2028.01.01 	受让取得 			
6 	Samenstel van een spindel 	发明专利 	2000413 	荷兰 	2007.01.02-2027.01.01 	受让取得 			
序号 	专利名称 	专利类型 	专利号 	申请国别 	有效期 	取得 方式 			
en geleiding daarvoor 									
Pence post system 									
									
US9,518,404 B2 	美国 	2016.04.27-2036.04.26 	受让取得 						
									
序号 	国有土地使用权号 	坐落 	使用权类型 	面积 （平方米） 	取得方式 	取得时间 	履行程序 		
1 	临 大 国 用（2016）第0057 号 	东方大道811 号 	出让 	16,960.24 	原始取得 	1996.08.23 	①1996 年，大田机械厂与临海市国土管理局签署《国有土地使用权出让合同》，正泰工艺品后承继了该宗土地使用权，并获发《国有土地使用权证》［临田国用（2007）第 0019号］（注）； ②2000 年，正泰工艺品与临海市国土管理局签署《国有土地使用权出让合同》，交纳土地出让金后，取得该宗土地使用权，并获发《国有土地使用权证》［临田国用（2007）第 0020号］； ③2016 年，以上两项《国有土地使用权证》合并，发行人于 2016 年 3 月 18 日获发《国有土地使用权证书》［临大国用（2016）第0057 号］。  		
2 	临 大 国 用	大田	出让 	66,977.95 	原始	2003.0	①2003 年，正泰工艺品与临海市国土管理局		
序号 	国有土地使用权号 	坐落 	使用权类型 	面积 （平方米） 	取得方式 	取得时间 	履行程序 		
（2016）第0126 号 	街道临海大道（东）558 号 	取得 	7.31 	签署《国有土地使用权出让合同》，交纳土地出让金后，取得该宗土地使用权； ②发行人现持有《国有土地使用权证书》［临大国用（2016）第 0126 号］。 					
临 大 国用（2016）第0124 号 	街道临海大道（东）558 号 	继受取得 	2003.09.30 	①2003 年，正泰金属与临海市国土管理局签署《国有土地使用权出让合同》，交纳土地出让金后，取得该宗土地使用权； ②后因正特有限吸收合并正泰金属获得该宗土地使用权。2014 年，正特有限获发《国有土地使用权证》［临大国用（2014）第 0087号］； ③发行人现持有《国有土地使用权证书》［临大国用（2016）第 0124 号］。 					
临 大 国 用（2016）第0136 号 	街道临海大道（东）558 号 	继受取得 	2003.09.18 	①2003 年，正泰休闲与临海市国土管理局签署《国有土地使用权出让合同》，交纳土地出让金后，取得该宗土地使用权； ②后因正特有限吸收合并正泰休闲获得该宗土地使用权。2013 年，正特有限获发《国有土地使用权证》［临大国用（2013）第 0807号］； ③发行人现持有《国有土地使用权证书》［临大国用（2016）第 0136 号］。 					
临 大 国 用（2016）第0125 号 	街道临海大道（东）558 号 	出让 	40,399.21 	继受取得 	2003.09.30 	①2003 年，正泰电子与临海市国土管理局签署《国有土地使用权出让合同》，交纳土地出让金后，取得该宗土地使用权； ②后因正特有限吸收合并正特电子获得该宗土地使用权。2013 年，正特有限获发《国有土地使用权证》［临大国用（2013）第 0806号］； ③发行人现持有《国有土地使用权证书》［临大国用（2016）第 0125 号］。 			
临 大 国 用（2011）第0014 号 	大田街道下沙	出让 	7,307.28 	原始取得 	2010.05.25 	①2010 年，中泰制管与临海市国土资源局签署《国有建设用地使用权出让合同》，交纳土地出让金后，取得该宗土地使用权； 			
序号 	国有土地使用权号 	坐落 	使用权类型 	面积 （平方米） 	取得方式 	取得时间 	履行程序 		
屠村 	②中泰制管现持有《国有土地使用权证书》［临大国用（2011）第 0014 号］。 								
临海市大田街道大洋路东侧 	出让 	32,901.00 	继受取得 	2017.8.18 	发行人现持有“浙（2017）临海市不动产权证第 0013790 号”不动产权证书。 				
									
3 									
4 									
5 									
6 									
									
出让 	67,416.12 								
出让 	43,880.92 								
									
7 	临海市不动产 权 证 第0013790 号 								
									
序号 	研发产品名称 	技术描述 	所处阶段 						
1 	直伞 	普通中杆遮阳直伞的升级遮阳伞，采用高强度阳极氧化铝合金、全新式伞骨堵头和伞布之间的固定方法，双齿式卡绳结构，插销导向辅助机构，全铝合金固定伞盘机构。结构合理、质感饱满。 	大批量生产 						
2 	吊伞 	普通边杆遮阳伞的升级遮阳伞，采用高强度的阳极氧化铝合金，可随太阳光照角度调节伞面方向，采用无级定位原理的调节机构，可定位在任意位置，所有连接件均采用高强度压铸铝合金制作。 	大批量生产 						
3 	固定式窗篷 	使用卷布装置和曲臂装置系统，依靠曲臂弹簧产生伸缩张力，整个曲臂组可实现 20-70 度任意角度调整，可通过手动曲柄或电动遥控操纵。 	大批量生产 						
4 	宠物屋 	由若干个框架拼装而成，框架包括边框、连接在边框内的栏杆或网片，相邻两个边框之间通过可拆卸的插件铸件相固连。插件组件具有一插拔板和至少两个能插入到正方形管件的敞口内，从而将两个相邻边框固定在一起的插接柱。插接柱垂直连接在插拔板上，且插接件与适配管件均为正方形。结构简单、拆装方便。 	大批量生产 						
5 	花园篷 	户外大型遮阳篷，采用开放式张紧机构，从而对篷布的收紧度进行调节，保证篷布的实用性和美观性，解决了目前平布张紧度不可调节及稳定性不高的问题。选用新型加工工艺，去除现有产品喷涂单一的模式，对产品表面进行贴膜加工，产品表面颜色实现多样化。 	大批量生产 						
6 	毛巾架 	采用滑轮拉绳机构，由滑轮架控制挂杆两端。每条拉绳控制一根挂杆，多根挂杆可同时或分别升降。通过调整拉绳长度，可设定不同的挂杆高度的，使用方便。 	大批量生产 						
									
序号 	研发产品 	技术描述 	研发阶段 						
1 	休闲用品行业大型伞类多机器人柔性装配生产线开发与应用 	由浙江大学、杭州新松机器人自动化有限公司和我司联合研制。针对遮阳伞类产品装配工艺复杂、人工参与多等特点，采用智能化装配基件的创新思路，进行了遮阳伞自动化总装工艺研究、自动插伞柱机器人研究、分布式协同作业运动平台及滑触线控制研究、遮阳伞分布式机器人柔性自动化系统集成技术研究等，是一条面向大型伞类的多机器人柔性装配生产线。 	投入使用 						
2 	夏威夷吊伞 	产品由欧洲设计师精心设计、公司技术骨干作结构细化，具有时尚的欧式设计风格和考究的伞架工艺处理，伞布采用抗 UV 面料。 	试生产 						
3 	时尚户外家居机器人集群智能装配检测生产线开发与应用 	针对时尚户外家居产品，进行装检生产工艺优化和生产线总体布局设计、装检生产线机器人零件抓取和定位技术等研究，实现户外家具产品的智能装配检测。 	小试 						
4 	《遮阳伞》浙江制造标准及编制说明 	以市场需求为导向、以消费者使用安全期望为重要指标、以高于目前国内外可借鉴类似标准为前提编制的遮阳伞浙江制造标准，作为公司生产和检验的依据， 	发布实施 						
5 	国家建筑工业行业标准《建筑智能化控制遮阳系统技术规程》 	面对建筑物能耗居高不下的现状，智能遮阳系统主要依靠它的智能控制系统实现了节能的目的，特别是在一些新建的建筑当中，智能遮阳产品被广泛的应用于其中。适用于新建、改建和扩建的建筑采用智能化控制遮阳系统的设计、安装及验收。 	已送审 						
6 	伞柱自动装配生产线开发与应用 	通过对伞柱自动装配生产线关键工位的研究，自主开发直伞伞柱组装生产线装配，实现了伞柱组装的智能化和自动化。 	试生产 						
7 	晾衣架自动装配线开发与应用 	通过对晾衣架装检生产线关键工位的自动化装配技术研究以及晾衣架装检生产线产品质量检测与生产线集成控制技术等的研究，开发自动装配生产线。 	小试 						
8 	智能收放遮阳篷系列产品的研发与产业化 	项目自主研发了气象传感器技术，设计了遮阳篷调节器，利用传感器技术、单片机技术设计了遮阳篷智能收放控制系统。 	试生产 						
9 	系列化围栏及智能生产线研发及应用 	项目创新设计了三面凹槽结构立柱，并自主研发了立柱平衡调节装置，采用环保木塑板材以及耐腐蚀喷塑铝合金立柱，通过木塑板材的自动切割、立柱的定长切割及自动化孔加工、装饰板自动冲孔等自动化加工工艺，实现围栏的智能化生产。 	试生产 						
10 	手拉阳台屏风外壳智能冲孔装备研发及应用 	项目利用杠杆原理、丝杆施力等，自主研发了数控液压冲孔复合机，改进原有通用设备单工序的缺点，将切断、冲孔等完全不同的加工工艺有机结合起来，实现阳台屏风外壳的智能化生产。 	试生产 						
									
期间 	2017 年上半年 	2016 年 	2015 年 	2014 年 					
营业收入（万元） 	51,682.67 	68,616.90 	60,155.90 	62,060.01 					
研发费用（万元） 	1,220.18 	2,209.04 	2,028.56 	2,143.56 					
研发费用占比 	2.36% 	3.22% 	3.37% 	3.45% 					
									
项目名称 	材料 能耗 	人工 薪酬 	折旧及 摊销 	外部 研发费 	其他 费用 	合计 	合计 		
休闲用品行业大型伞类多机器人柔性装配生产线开	133.14  	40.10  	11.42  	16.00  	20.07  	220.73  			
									
发与应用 									
《夏威夷吊伞》的研发与产业化 	82.76  	42.98  	10.82  	-    	7.28  	143.84  			
时尚户外家居机器人集群智能装配检测生产线开发与应用 	162.36  	83.09  	5.99  	-    	10.03  	261.47  			
《遮阳伞》浙江制造标准及编制说明 	2.24  	18.46  	-    	-    	2.04  	22.74  			
国家建筑工业行业标准《建筑智能化控制遮阳系统技术规程》 	1.92  	20.90  	-    	-    	1.87  	24.69  			
伞柱自动装配生产线开发与应用 	78.15  	32.24  	10.82  	-    	3.01  	124.22  			
晾衣架自动装配线开发与应用 	37.28  	39.94  	4.22  	-    	3.15  	84.59  			
智能收放遮阳篷系列产品的研发与产业化 	69.03  	51.66  	3.17  	-    	26.51  	150.37  			
系列化围栏及智能生产线研发及应用 	41.58  	55.87  	4.05  	-    	7.87  	109.37  			
手拉阳台屏风外壳智能冲孔装备研发及应用 	22.93  	49.83  	3.07  	-    	2.33  	78.16  			
合计 	631.39 	435.07 	53.56 	16.00 	84.16 	1,220.18 			
									
项目名称 	材料 能耗 	人工 薪酬 	折旧及 摊销 	外部 研发费 	其他 费用 	合计 	合计 		
绿色建筑材料选用及评价技术研究 	 24.43  	 30.56  	      -    	 -    	7.39  	   62.38  			
轻型防腐一次成型技术户外椅系列产品的研发与产业化 	167.23  	123.85  	  25.20  	 -    	46.29  	  362.57  			
多向旋转多角度调节的西西里系列吊伞的研发与产业化 	217.58  	 78.04  	  30.51  	 -    	20.59  	  346.72  			
带 USB 充电功能的光伏电动伞 	 21.62  	 66.68  	  61.76  	 -    	3.43  	  153.49  			
									
休闲用品行业大型伞类多机器人柔性装配生产线开发与应用 	202.58  	204.01  	  15.63  	64.00  	18.41  	  504.63  			
《中国伞》的研发与产业化 	138.27  	113.30  	  26.28  	 -    	35.64  	  313.49  			
《夏威夷吊伞》的研发与产业化 	172.63  	109.56  	  29.11  	 -    	35.49  	  346.79  			
时尚户外家居机器人集群智能装配检测生产线开发与应用 	 48.04  	 54.75  	   3.82  	 -    	12.36  	  118.97  			
合 计 	992.38  	780.75  	 192.31  	64.00  	179.60  	2,209.04  			
									
项目名称 	材料 能耗 	人工 薪酬 	折旧及 摊销 	外部 研发费 	其他 费用 	合计 	合计 		
绿色建筑材料选用及评价技术研究 	14.61  	  46.28  	      -    	 -    	7.03  	   67.92  			
批量化休闲用品高效智能焊接自动化系统研发项目 	0.16  	  12.56  	   6.00  	 -    	0.98  	   19.70  			
遮阳伞用光伏驱动装置的应用研究 	1.50  	  10.51  	   9.90  	 -    	0.18  	   22.09  			
遮阳伞手扳式旋转底座的研发与产业化 	19.85  	  63.36  	   6.67  	 -    	32.74  	  122.62  			
可调式双面遮阳篷的研发与产业化 	63.35  	  47.92  	  15.40  	 -    	7.95  	  134.62  			
刚多拉吊床的研发与产业化 	52.23  	  38.58  	  17.45  	 -    	8.68  	  116.94  			
樱桃系列编藤家具的研发与产业化 	74.57  	  54.08  	  10.46  	 -    	13.57  	  152.68  			
φ2-4 米光亮氧化处理系列直吊伞的研发与产业化 	70.27  	  36.48  	 15.61  	 -    	5.49  	  127.85  			
2-5 米 PVC/A1 复合系列蝴蝶篷的研发与产业化 	77.93  	  33.03  	  15.58  	 -    	26.11  	  152.65  			
1-4 米双面拉系列阳台屏风的研发与产业化 	52.00  	  32.16  	  12.61  	 -    	5.45  	  102.22  			
带 LED 照明的多功能烤炉篷系列产品的研发与产业化 	146.05  	  47.29  	  22.10  	 -    	62.47  	  277.91  			
									
轻型防腐一次成型技术户外椅系列产品的研发与产业化 	82.74  	  67.06  	  29.96  	 -    	18.18  	  197.94  			
多向旋转多角度调节的西西里系列吊伞的研发与产业化 	143.44  	  67.10  	  23.93  	 -    	17.28  	  251.75  			
国 家 建 筑 工 业 行业 标准《建筑外遮阳工程施工及验收规程》 	1.88  	  42.61  	      -    	 -    	5.86  	   50.35  			
带 USB 充电功能的光伏电动伞 	75.87  	  51.61  	  52.66  	 -    	51.18  	  231.32  			
合 计 	876.45  	 650.63  	 238.33  	 -    	263.15  	2,028.56  			
									
项目名称 	材料 能耗 	人工 薪酬 	折旧及 摊销 	外部 研发费 	其他 费用 	合计 	合计 		
批量化休闲用品高效智能焊接自动化系统研发项目 	 65.59  	 64.25  	  29.39  	 27.00  	15.37  	201.60  			
遮阳伞用光伏驱动装置的应用研究 	 70.78  	 79.80  	  60.60  	     -    	14.17  	225.36  			
遮阳伞手扳式旋转底座的研发与产业化 	 78.47  	 54.04  	  15.82  	     -    	20.17  	168.50  			
可调式双面遮阳篷的研发与产业化 	 98.70  	 50.08  	  12.66  	     -    	35.32  	196.76  			
刚多拉吊床的研发与产业化 	 93.51  	 36.89  	  19.01  	     -    	26.92  	176.32  			
樱桃系列编藤家具的研发与产业化 	105.62  	 56.23  	   8.06  	     -    	26.49  	196.40  			
φ2-4 米光亮氧化处理系列直吊伞的研发与产业化 	108.10  	 25.90  	  12.01  	     -    	22.01  	168.02  			
2-5 米 PVC/A1 复合系列蝴蝶篷的研发与产业化 	111.54  	 30.76  	   7.12  	     -    	18.16  	167.58  			
1-4 米双面拉系列阳台屏风的研发与产业化 	 76.33  	 26.95  	   5.95  	     -    	16.54  	125.78  			
ZT-80 自动双头冲压机研制及产业化项目 	 69.69  	 12.44  	   3.91  	     -    	8.26  	 94.30  			
绿色建筑材料选用及评价	 12.17  	 23.31  	      -    	     -    	5.26  	 40.74  			
									
技术研究 									
带 LED 照明的多功能烤炉篷系列产品的研发与产业化 	 33.79  	 21.51  	   1.65  	     -    	37.18  	 94.13  			
轻型防腐一次成型技术户外椅系列产品的研发与产业化 	 19.09  	 30.00  	   2.38  	     -    	54.12  	105.60  			
多向旋转多角度调节的西西里系列吊伞的研发与产业化 	 30.49  	 30.67  	   3.82  	    -    	91.40  	156.37  			
国 家 建 筑 工 业 行业 标准《建筑外遮阳工程施工及验收规程》 	  0.64  	 17.74  	      -    	     -    	7.73  	   26.11  			
合 计 	974.51  	560.56  	 182.39  	 27.00  	399.11  	2,143.56  			
									
项目 	2017 年 1-6 月 	2017 年 1-6 月 	2017 年 1-6 月 	2017 年 1-6 月 	2016 年度 	2016 年度 	2016 年度 	2016 年度 	
项目 	平均人数 	人数变动 	人均薪酬（万元/年）[注] 	薪酬变动（%） 	平均人数 	人数变动 	人均薪酬（万元/年） 	薪酬变动（%） 	
研发人员 	124 	2 	3.51 	9.65 	122 	12 	6.40 	8.29 	
浙江省人均工资 	 	 	 	 	 	 	5.64 	9.00 	
台州市人均工资 	 	 	 	 	 	 	5.47 	8.00 	
									
项目 	2015 年度 	2015 年度 	2015 年度 	2015 年度 	2014 年度 	2014 年度 			
项目 	平均人数 	人数变动 	人均薪酬（万元/年） 	薪酬变动（%） 	平均人数 	人均薪酬（万元/年） 			
研发人员 	110 	2 	5.91 	13.87 	108 	5.19 			
浙江省人均工资 	 	 	5.17 	6.92 	 	4.84 			
台州市人均工资 	 	 	5.07 	5.19 	 	4.82 			
									
公司名称 	Sorara Outdoor Living B.V.（晴天花园家居有限公司（荷兰）） 								
注册地址 	荷兰北布拉班特纽南市 								
成立日期 	2015 年 5 月 								
注册资本 	66.72 万美元 								
经营范围 	遮阳产品和家具的贸易及服务 								
股权结构 	正特股份持有 91.67%股权，Verhagen Far East Sourcing B.V.持有 8.33%股权 								
									
 	营业收入 	净利润 	总资产 	净资产 					
2016 年/2016 年末 	469.27 	7.61 	764.30 	377.40 					
2017 年上半年/2017 年 6 月30 日 	3,164.93 	10.41 	6,718.16 	386.32 					
									
公司名称 	Sorara Outdoor Living USA, Inc.（晴天花园家居有限公司（美国）） 								
注册地址 	美国加利福尼亚州 								
成立日期 	2016 年 9 月 23 日 								
注册资金 	33.50 万美元 								
经营范围 	户外遮阳产品和家具、庭院家具及装饰品的销售 								
股权结构 	荷兰晴天花园持有 100%股权 								
									
 	营业收入 	净利润 	总资产 	净资产 					
2016 年/2016 年末 	- 	-0.01 	232.37 	232.37 					
2017 年上半年/2017 年 6 月30 日 	2,827.96 	22.07 	6,159.52 	244.89 					
									
序号 	文件名称 	文件编号 	使用部门 	受控状态 					
1 	采购原辅材料检验规程 	ZT03-08-01-00-2012 	品管部 	受控 					
序号 	文件名称 	文件编号 	使用部门 	受控状态 					
2 	采购物资（钢材）检验规程 	ZT03-08-01-2012 	品管部 	受控 					
3 	采购物资（铝型材）检验规程 	ZT03-08-02-2012 	品管部 	受控 					
4 	采购物资（纺织品）检验规程 	ZT03-08-03-2012 	品管部 	受控 					
5 	采购物资（五金件）检验规程 	ZT03-08-04-2012 	品管部 	受控 					
6 	采购物资（电镀件）检验规程 	ZT03-08-05-2012 	品管部 	受控 					
7 	采购物资（包装盒）检验规程 	ZT03-08-06-2012 	品管部 	受控 					
8 	采购物资（辅助材料）检验规程 	ZT03-08-07-2012 	品管部 	受控 					
9 	采购物资（塑胶件）检验规程 	ZT03-08-08-2012 	品管部 	受控 					
10 	采购物资（压铸件）检验规程 	ZT03-08-09-2012 	品管部 	受控 					
11 	过程产品检验规程 	ZT03-08-02-00-2012 	品管部 	受控 					
12 	首件（机加工）检验规程 	ZT03-08-02-01-2012 	品管部 	受控 					
13 	首件（裁剪、缝纫）检验规程 	ZT03-08-02-02-2012 	品管部 	受控 					
14 	过程（机加工）检验规程 	ZT03-08-03-01-2012 	品管部 	受控 					
15 	过程（喷涂）检验规程 	ZT03-08-03-02-2012 	品管部 	受控 					
16 	过程（裁剪）检验规程 	ZT03-08-03-03-2012 	品管部 	受控 					
17 	过程（缝制品）检验规程 	ZT03-08-03-04-2012 	品管部 	受控 					
18 	成品出厂检验规程 	ZT03-08-04-00-2012 	品管部 	受控 					
19 	直立伞成品检验规程 	ZT03-08-04-01-2012 	品管部 	受控 					
20 	普通吊伞成品检验规程 	ZT03-08-04-02-2012 	品管部 	受控 					
21 	重型吊伞成品检验规程 	ZT03-08-04-03-2012 	品管部 	受控 					
22 	轻型篷成品检验规程 	ZT03-08-04-04-2012 	品管部 	受控 					
23 	重型篷成品检验规程 	ZT03-08-04-05-2012 	品管部 	受控 					
24 	吊床、摇床类成品检验规程 	ZT03-08-04-06-2012 	品管部 	受控 					
25 	烤炉成品检验规程 	ZT03-08-04-07-2012 	品管部 	受控 					
26 	窗篷成品检验规程 	ZT03-08-04-08-2012 	品管部 	受控 					
27 	折叠篷成品检验规程 	ZT03-08-04-09-2012 	品管部 	受控 					
28 	蹦床成品检验规程 	ZT03-08-04-10-2012 	品管部 	受控 					
29 	桌、椅成品检验规程 	ZT03-08-04-11-2012 	品管部 	受控 					
30 	健身器成品检验规程 	ZT03-08-04-12-2012 	品管部 	受控 					
31 	成品可靠性测试程序 	ZT03-08-04-13-2014 	品管部 	受控 					
32 	晾衣架成品检验规程 	ZT03-08-04-14-2012 	品管部 	受控 					
33 	宠物屋类成品检验规程 	ZT03-08-04-15-2012 	品管部 	受控 					
									
