产品类别 	产品名称 	代表图示 	产品用途 						
节点 	无线压力传感器节点 	 	用于工业管网气体、液体压力数据的采集 						
节点 	无线温度传感器节点 	 	用于环境、液体、气体等温度数据的采集 						
节点 	无线温湿度传感器节点 	 	用于环境、液体、气体等温度、湿度数据的采集 						
节点 	无线三相电参数数据采集节点 	 	用于动力 系 统 中 电机的三相电压、电流数据的采集 						
节点 	三轴无线振动烈度节点 	 	用于旋转 机 械 设 备的振动和温 度 数 据 的采集 						
									
无线开关门传感器节点 	 	用于电力 设 施 的 状态信号的采集 							
无线功图节点 	 	用于油田 抽 油 机 功图采集 							
无线泄漏电流传感器节点 	 	用于电力设施泄漏电流数据采集 							
无线水浸传感器节点 	 	用于高低 电 平 数 据的采集 							
无线网关 	 	用于将接 收 到 的 无线节点数据转 发到监测软件 							
无线网络通讯协议 BeeLPW 	 	用于工业 监 测 系 统中节点和网关间通讯 							
工业组态软件 BeeViewer 	 	监控系统 中 节 点 数据的显示、存储和控制 							
红外监控分析软件 BM_IR 	 	监控系统 中 热像 仪 数据的显示、存储和控制 							
									
网关 									
协议 									
软件 									
									
主要客户 	应用介绍 								
装备制造企业 	桥梁、建筑、井架、工程机械等大型结构应力、振动检测；汽车、工程机械、轨道交通工具路面试验；产品研发，结构优化设计研究实验、产品出厂的质量检验及重要装备配套测试系统等。 								
科研院所及检测单位 	各地质量技术监督局、工程中心、专业检测机构对企业装备、桥梁、铁路等项目安全性、可靠性进行定期检测；大型结构应变、疲劳、强度、承载能力检测；电厂、钢厂、车辆、船舶、油田的旋转机械扭矩、功率检测；地震勘探检测等。 								
教学及实验机构 	科学理论的研究，国家、企业重点研究课题，以及教学实验等。 								
国防研究所 	直升机、舰船、火炮、导弹等国防产品性能试验检测、稳定性检测、安全性检测、动力环境检测、力学结构检测以及结构优化设计等。 								
									
产品类别 	产品名称 	产品图示 	产品功能 						
节点 	无线加速度节点 	 	用于工业设备状态振动数据的采集  						
节点 	无线电阻应变仪 	 	用于工业设备结构应变应力信号采集 						
节点 	无线温度节点 	 	用于工业设备状态温度数据的采集 						
									
无线风速风向节点 	 	用于陆地、海洋环境风速风向数据采集 							
无线扭矩节点 	 	用于旋转设备轴的无线应变、转速数据采集 							
无线电压节点 	 	用于外接传感器等设备的电压信号采集 							
无线倾角节点 	 	用于土木、大型结构、工程机械的倾斜角度数据采集 							
无线弹载测试仪 	 	用于冲击设备等加速度信号和脉冲信号采集 							
无线网关 	 	用于将接收到的无线节点数据转发到检测软件 							
无 线 网 络 通 讯 协 议BeeNet 	 	用于工业检测系统中节点和网关间通讯 							
采 集 控 制 软 件BeeData 	 	检测系统中节点的管理、数据的显示、存储和控制 							
									
网关 									
协议 									
软件 									
									
产品类别 	产品名称 	代表图示 	应用领域 						
MEMS 压力传感器芯片 	高压压力传感器芯片(3MPa） 	 	汽车、过程控制、家用电器、医疗器械、 表计等 						
MEMS 压力传感器芯片 	低压压力传感器芯片(1.5MPa) 	 	汽车、过程控制、家用电器、医疗器械、 表计等 						
MEMS 压力传感器芯片 	压力信号处理芯片 	 	汽车、过程控制、家用电器、医疗器械、 表计等 						
MEMS 压力传感器模组 	压力传感器模组 	 	汽车、过程控制、家用电器、医疗器械、 表计等 						
MEMS 压力传感器模组 	数字压力传感器模组 	 	汽车、移动设备、 导航设备、运动手表、 气象站、无人机及航模等 						
MEMS 压力传感器模组 	模拟二合一压力传感器模组 	 	汽车、移动设备、 导航设备、运动手表、 气象站、无人机及航模等 						
									
产品类别 	2016 年度 	2016 年度 	2015 年度 	2015 年度 	2014 年度 	2014 年度 			
产品类别 	金额 (万元) 	比例 （%） 	金额 (万元) 	比例 （%） 	金额 (万元) 	比例 （%） 			
监测方案 	7,170.15 	54.66 	4,277.44 	45.72 	2,638.06 	35.56 			
检测方案 	4,975.14 	37.93 	4,146.61 	44.33 	4,059.47 	54.71 			
MEMS 产品 	971.99 	7.41 	930.82 	9.95 	722.04 	9.73 			
合计 	13,117.27 	100.00 	9,354.87 	100.00 	7,419.57 	100.00 			
									
加工内容 	加工数量（个） 	加工数量（个） 	加工数量（个） 						
加工内容 	2016 年度 	2015 年度 	2014 年度 						
节点、网关的贴片、插件、焊接等 	13,852 	6,697 	12,693 						
MEMS 产品的晶圆加工、流片及划片 	91 	105 	46 						
									
加工内容 	委托加工费金额（万元） 	委托加工费金额（万元） 	委托加工费金额（万元） 						
加工内容 	2016 年度 	2015 年度 	2014 年度 						
节点、网关的贴片、插件、焊接等 	18.72 	5.86 	12.55 						
MEMS 产品的晶圆加工、流片及划片 	54.89 	63.97 	65.56 						
合计 	73.61 	69.83 	78.11 						
占当期产品采购总额比例（%） 	0.92 	1.75 	2.56 						
									
年份 	委托加工厂商名称 	加工数量（个） 	加工单价（个/元） 	加工费（万元） 					
2016 年 	河南超能达电子技术有限公司 	11,052 	10.01 	11.07 					
2016 年 	惠州市鑫芯电子有限公司 	2,800  	27.32 	7.65  					
2015 年 	北京江宏电子技术有限公司 	6,697 	8.75 	5.86 					
2014 年 	北京江宏电子技术有限公司 	12,693 	9.89 	12.55 					
									
年份 	委托加工企业 	加工数量（片） 	收回数量 （片） 	单价 （元/片） 	加工费 （万元） 				
2016 年 	沈阳硅基科技有限公司 	93 	91 	2,527.47 	23.00 				
2016 年 	无锡矽能微电子科技有限公司 	91 	91 	1,756.04 	15.98 				
2016 年 	无锡合晶微电子科技有限公司 	91 	91 	1,748.35 	15.91 				
2016 年 	合计 	-（注） 	-（注） 	6,031.86 	54.89 				
2015 年 	沈阳硅基科技有限公司 	109 	105 	2,571.43 	27.00 				
2015 年 	无锡矽能微电子科技有限公司 	105 	105 	1,763.81 	18.52 				
2015 年 	无锡合晶微电子科技有限公司 	105 	105 	1,757.14 	18.45 				
2015 年 	合计 	-（注） 	-（注） 	6,092.38 	63.97 				
2014 年 	沈阳硅基科技有限公司 	27 	26 	2,538.46 	6.60 				
2014 年 	无锡矽能微电子科技有限公司 	26 	26 	1,792.31 	4.66 				
2014 年 	无锡合晶微电子科技有限公司 	26 	26 	1,769.23 	4.60 				
2014 年 	小计 	-（注） 	-（注） 	6,100.00 	15.86 				
2014 年 	北京华清益康科技有限公司 	21 	20 	24,850.00 	49.70 				
									
时间 	发文单位 	文件名 	主要相关内容 						
2016年 12月27日 	国务院 	《“十三五”国家 信 息 化 规划》国发【2016】73号 	核心技术自主创新实现系统性突破；信息领域核心技术设备自主创新能力全面增强，新一代网络技术体系、云计算技术体系、端计算技术体系和安全技术体系基本建立。集成电路、基础软件、核心元器件等关键薄弱环节实现系统性突破。5G技术研发和标准制定取得突破性进展并启动商用。云计算、大数据、物联网、移动互联网等核心技术接近国际先进水平。部分前沿技术、颠覆性技术在全球率先取得突破，成为全球网信产业重要领导者。 						
2016 年 3月16日 	全国人大 	《中华人民共和国国民经济和社会发展第十三个五年规划纲要》 	积极推进云计算和物联网发展；推进物联网感知设施规划布局，发展物联网开环应用；推进信息物理系统关键技术研发和应用。 						
2015年 12月29日 	工业和信息化部、国家标准化管理委员会 	《国家智能制造标准体系建设指南》 	明确了建设智能制造标准体系的总体要求、建设思路、建设内容和组织实施方式，从生命周期、系统层级、智能功能等3个维度建立了智能制造标准体系参考模型，并由此提出了智能制造标准体系框架，框架包括“基础”、“安全”、“管理”、“检测评价”、“可靠性”等5类基础共性标准和“智能装备”、“智能工厂”、“智能服务”、“工业软件和大数据”、“工业互联网”等5类关键技术标准以及包括《中国制造2025》中 10大应用领域在内的不同行业的应用标准。 						
2015年 5月8日 	国务院 	《中国制造2025》 	明确加快推动新一代信息技术与制造技术融合发展，把智能制造作为两化深度融合的主攻方向；突破新型传感器、智能测量仪表、工业控制系统等智能核心装置，推进工程化和产业化；在重点领域试点建设智能工厂/数字化车间，促进制造工艺的仿真优化、数字化控制、状态信息实时监测和自适应控制。 						
2014年 6月24日 	国务院 	《国家集成电路产业发展推进纲要》 	明确提出要加快云计算、物联网、大数据等新兴领域核心技术研发，开发基于新业态、新应用的信息处理、传感器、新型存储等关键芯片；大力发展微机电系统（MEMS）等特色专用工艺生产线，增强芯片制造综合能力。 						
2013年 2月18日 	工信部、科技部、财政部和国家标准化管理委员会 	《加快推进传感器及智能化仪器仪表产业发展行动计划》 	明确提出要重点支持传感器设计和制造技术，传感器测量和数据处理技术，智能传感器系统及无线传感网络技术；重点开发一批典型行业和领域测控系统解决方案，推动自主研发产品在工业过程测控、工厂自动化、物流、环境监测、产品质量检验、汽车电子、智能电网、重大设施健康监测、物联网和节能减排等应用领域和国际市场应用，提高市场占有率。 						
2013年 2月5日 	国务院 	《国务院关于推进物联网有序健康发展的指导意见》 	明确指出要加强低成本、低功耗、高精度、高可靠、智能化传感器的研发与产业化，着力突破物联网核心芯片、软件、仪器仪表等基础共性技术，加快传感器网络、智能终端、大数据处理、智能分析、服务集成等关键技术研发创新。 						
2012年 7月9日 	国务院 	《“十二五”国家战略性新兴产业发展规划》 	明 确 提 出 要 重 点 开 发 移 动 互 联 、 射 频 识 别（RFID）、传感器等芯片，大力发展先进封装和测试技术；掌握智能传感器和新型电力电子器件及系统的核心技术，推进微机电系统（MEMS）、智能传感器、新型电力电子器件装备等产业化。 						
2011年 6月23日 	国家发改委、科技部、工信部、商务部、知识产权局 	《当前优先发展的高技术产业化重点领域指南（2011年度）》 	将新型传感器列为优先发展的先进制造行业，其中新型传感器主要包括高性能、多功能的位移、力敏、磁敏、光敏、热敏、气敏、湿敏、离子敏和生物敏型传感器以及红外传感器、光纤传感器，紫外传感器，声表面波传感器，微纳传感器，环境监测传感器，工业过程控制传感器，汽车传感器，结构健康监测传感器等。 						
2011年 11月28日 	工信部 	《物联网“十二五”发展规划》 	明确提出要重点支持超高频和微波RFID标签、智能传感器、嵌入式软件的研发，支持位置感知技术、基于MEMS的传感器等关键设备的研制；重点支持适用于物联网的新型近距离无线通信技术和传感器节点的研发，支持自感知、自配置、自修复、自管理的传感网组网和管理技术的研究。 						
2010年10月10日 	国务院 	《国务院关于加快培育和发展战略性新兴产业的决定》 	明确提出要加快建设宽带、泛在、融合、安全的信息网络基础设施，推动新一代移动通信、下一代互联网核心设备和智能终端的研发及产业化，加快推进三网融合，促进物联网、云计算的研发和示范应用。 						
2006年2月9日 	国务院 	《国家中长期科学和技术发展规划纲要（2006-2020年）》 	明确将自组织传感器网技术列入前沿技术范畴，并将传感器网络及智能信息处理列入信息产业优先发展主题，重点开发多种新型传感器及先进条码自动识别、射频标签、基于多种传感信息的智能化信息处理技术，发展低成本的传感器网络和实时信息处理系统，提供更方便、功能更强大的信息服务平台和环境。 						
									
特点 	内容 								
灵活布设 	WSN 节点无需传输线缆支持，而且体积较小，布设之后由节点间自动组网，无需后期维护，同时免去了大量的布线时间。因此，WSN 在一些对节点体积有特殊要求或者难于布线的区域有着难以替代的优势。 								
大范围 	WSN 通过节点间的多跳连接，使得其布设范围不受单节点传输距离的影响，可以覆盖几十平方公里甚至更大的范围。 								
低成本 	WSN 节点采用高度集成化的集成电路芯片，整体生产成本较低。并且由于其一般不需要进行供电，布设之后可自行工作避免了大量的布线成本和后期维护成本，在与有线网络的竞争中占有成本优势。 								
高稳定性 	作为一种自组织网络，WSN 技术不依赖于任何一个单一节点，任何节点的损坏都不影响整个系统的正常运转，避免了传统网络核心节点故障对整个系统的威胁，避免了高昂的核心节点维护成本，同时大大提高了整个系统的稳定性。 								
移动支持 	WSN 节点之间采用无线连接，不依赖线缆传输，故而可以在数据源移动、采集点移动等多种场合体现出巨大的优势。 								
									
监测应用 	智能工业领域应用 	构建生产车间内部的专用网络架构，将所有生产及辅助设备实现互联互通，实现“机联网”；提供生产设备状态动态监测，主要包括设备故障在线诊断、工艺参数在线监测、设备能耗在线监测分析等；提供工艺参数在线监测，提高工业生产过程的智能监测、智能控制、智能诊断、智能决策、智能维护水平；提供智能生产线的设计、建设系统解决方案 							
监测应用 	数字油田领域应用 	应用于油田单井野外生产数据采集和输送原油过程监测；设备的监测和预维护。 							
监测应用 	智能电网领域应用 	容性设备介损及泄露电流的在线监测、充油设备油中溶解气体的在线监测、变压器／发电机／GIS 等局部放电的在线监测、交联电缆泄露电流及温度的在线监测、红外／紫外温度及电晕的在线监测、输电线路的在线监测；智能表计、用户电压控制、动态储能在线监测。 							
检测应用 	装备制造领域应用 	装备配套产品研发、结构优化设计研究实验、产品出厂的质量检验及装备测试系统研发等。 							
检测应用 	科研及检测领域应用 	按国家规定对企业装备、桥梁、铁路等项目的安全性、可靠性进行定期检测。 							
检测应用 	教学及实验领域应用 	应用于科学理论的研究，国家、企业重点研究课题，以及教学实验等。 							
检测应用 	国防研究应用 	应用于稳定性测试、安全性测试、动力环境测试、力学结构测试以及结构优化设计等。 							
									
序号 	竞争对手 	竞争对手简介 							
1 	美国艾默生电气公司（EMERSON） 	主营业务为通过网络能源、过程管理、工业自动化、环境优化技术为全球工业、商业及消费者市场客户提供创新性的解决方案。 							
2 	美国邦纳（BANNER） 	主营业务为自动化技术、整体解决方案，产品包括光电传感器、测量与检测产品、工业无线传感器网络产品、视觉传感器、安全产品、工业智能指示灯及旋转编码器等。 							
3 	美国本特利内华达（Bently NevadaTM） 	主营业务为提供振动监测系统和振动、位移、转速、压力、能量、温度等传感器及服务。 							
									
序号 	竞争对手 	竞争对手简介 							
1 	北京安控科技股份有限公司 	成立于1998年，主营业务为RTU产品的研发、生产和销售，以RTU产品为应用核心的远程测控系统整体解决方案的提供与实施，以及相关运维与技术服务；主要服务于石油天然气行业中的油气开采、运输（长输管线）、储存、分配（城市燃气管网）领域和环境保护行业中的环境在线监测领域；2014年1月在深交所上市；2015年，其营业收入为54,764.70万元，净利润8,137.05 万元、总资产154,210.93万元、净资产82,798.29万元。 							
2 	贵州航天凯山石油仪器有限公司 	成立于2003年，主营业务为研制、生产和销售油田测试装备。 							
3 	安徽蚌埠日月仪器研究所有限公司 	成立于2000年，主营业务为研发、生产SM系列传感器、称重和测控仪表、动静态智能化称重系统、油井测试仪器、数字化远程测控系统、便携式油井诊断仪器、工业级RTU和工业自动化控制柜整机系统，主要服务于石油、化工、建材等自动化测控领域。 							
4 	天津市万众科技股份有限公司 	成立于2007年，主营业务为物联网设备设计、开发、研制、生产、工程实施及售后服务。 							
5 	深圳市博海粤能科技开发有限公司 	成立于2010年，主营业务是为能源行业提供两化融合管理解决方案，提供从现场智能传感器、远程终端、通讯网络到信息管理平台的“M2M”工业物联网整体解决方案。 							
									
序号 	竞争对手 	竞争对手简介 							
1 	宁波理工环境能源科技股份有限公司 	成立于2000年，主营业务为智能电网在线监测、环境监测及电力信息化，主要服务于电力（包括国网公司、南网公司、五大发电集团、核电等）、钢铁、冶金、铁路、煤矿、石化、化 工、环保、水利、市政等领域；2009年12月在深交所上市；2015年，其营业收入为44,880.25 万 元 ， 净 利 润 10,618.75 万 元 、 总 资 产326,232.72万元、净资产286,393.14万元。 							
2 	浙江大立科技股份有限公司 	成立于1984年，主营业务为非制冷焦平面探测器、红外热像仪、红外热成像系统的研发、生产和销售；2008年2月在深交所上市；2015年，其营业收入为32,307.08万元，净利润3,220.61万元、总资产141,870.55万元、净资产95,629.68万元。 							
									
序号 	竞争对手 	竞争对手简介 	所属领域 						
1 	南京达智通信技术有限责任公司 	成立于2006年，要从事无线通信系统及产品研发、生产和系统集成，核心业务为无线宽带通信系统、无线电监测系统、无线射频识别系统、无线传感自组网系统、无线图像传输系统及专业通信系统等。 	安防、电网、工业等 						
2 	深圳市信立科技有限公司  	成立于2006年，核心产品有智能网关、智能测控装置、智能转换器、智能环境监测装置、智能传感器（压力、温度、气体、液位、光照、位移、振动等），以及智能漏水监测装置、智能温湿度传感器，XL.View监控软件、触摸屏等。 	生 产 制 造 企业，石油、石化、冶金、能源企业，供排水管网、管沟监测，农业养殖行业，以及水利、医疗、仓储等 						
3 	浙江维思无线网络技术有限公司  	成立于2007年，经营的主要产品为电力物联网系列产品，包括无线温度传感器、无线电流传感器、无线数据传输基站、无线避雷器泄漏电流传感器、智能避雷器、智能用电测控终端、汇聚控制器等30多种物联网产品。 	电网 						
4 	南京科耐沃传感科技有限公司 	成立于2015年，致力于研发、生产、销售工业设备的”监管控”生产定制，主要产品包括无线智能传感器、智能网关、无线智能测控装置、无线终端控制机等。 	工业、油田等 						
5 	无锡锦柯辰科技有限公司 	成立于2015年，是传感监测网络系统解决方案提供商，向客户提供满足其需求的产品、解决方案和服务；产品涉及各种传感器、测控软件等； 	通信、石油、电力、煤矿、交通、军事、农业等 						
									
序号 	竞争对手 	竞争对手简介 							
1 	美国国家仪器公司（National Instruments） 	主营业务为提供设备状态监测、动态测试、嵌入式控制、硬件在环测试、多媒体测试、射频与通信测试、声音与振动测试、台架测试与控制等产品及方案。 							
2 	西门子PLM软件公司（Siemens PLM Software） 	主营业务为提供产品生命周期管理和制造运营管理软件，产品主要应用于汽车、航空航天和其它先进制造业等领域。 							
3 	奥地利德维创有限公司（DEWETRON） 	主要产品为通用数采仪、动静态应变测试分析仪、动态信号分析仪、瞬态记录仪，产品应用于汽车测试、电力测试分析、航空航天测试、铁道运输测试、兵器船舶测试、通用测试等领域。 							
4 	江苏东华测试技术股份有限公司 	成立于1993年，主营业务是为客户提供由传感器、调理放大器、数据采集仪、分析软件、工程应用软件及专业服务组成的“一站式”测试系统解决方案；主要服务于航空航天、国防、科研、检测、教学、装备制造等领域。公司于2012年在深交所上市；2015年，其营业收入为11,419.38万元，净利润816.54万元、总资产 36,516.65 万元、净资产 34,037.59 万元。 							
									
序号 	竞争对手 	竞争对手简介 	所属领域 						
1 	上 海 牧 坤电 子 科 技有限公司 	成立于2013年，是工业物联网系统解决方案的供应商，产品涉及工业测量，工业安全防护，自动化检测，物流系统解决方案四块领域；为客户提供智能传感器， 无线加速度传感器，无线振动传感器，无线倾角传感器，无线温度传感器，无线压力传感器，无线力传感器，无线数据采集端，综合性智能传输基站，无线传感解决方案； 	军事、航空、反恐、防爆、救灾、环境、医疗、保健、家居、工业、商业等 						
2 	杭 州 时 祺科 技 有 限公司 	成立于2006年，是专业从事无线传感器研发、设计、生产、销售、服务于一体的企业；主要产品有无线测温器、无线温度传感器、无线地磁车辆检测器等 	电力、农业，医院及科研单位、医疗、交通等 						
									
序号 	竞争对手 	竞争对手简介 							
1 	德国博世传感器有限公司（Bosch Sensortec） 	主营业务为提供智能手机、平板电脑、佩戴式装置和 MEMS 传感器与解决方案。 							
2 	德国英飞凌科技股份公司（INFINEON） 	主营业务是为汽车和工业功率器件、芯片卡和安全应用提供半导体和系统解决方案。 							
3 	恩智浦半导体（NXP） 	主营业务是为手机、个人媒体播放器、电视、机顶盒、辨识应用、汽车以及其他电子设备提供半导体、系统解决方案和软体。 							
4 	意法半导体（ST） 	主营业务为提供面向所有电子市场的集成电路。 							
5 	深圳市惠贻华普电子有限公司 	成立于1998年，主营业务为无线收发模块，无线收发芯片，射频应用模块，射频元器件等RF射频技术和气压传感器、温湿度传感器、定制传感器的研发、生产。 							
6 	上海芯敏微系统技术有限公司 	成立于2006年，主营业务为MEMS传感器芯片的研发、生产和销售。 							
7 	苏州敏芯微电子技术有限公司 	成立于2007年，主要产品为MEMS麦克风产品、MEMS压力传感产品、MEMS惯性传感产品。 							
									
2016 世界物联网博览会新技术新产品成果获奖名单 	2016 世界物联网博览会新技术新产品成果获奖名单 	2016 世界物联网博览会新技术新产品成果获奖名单 	2016 世界物联网博览会新技术新产品成果获奖名单 						
序号 	申报单位 	项目名称 	奖项类型 						
1 	华为技术有限公司 	华为 NB-IoT 解决方案 	金奖 						
2 	国动网络通信集团 	智慧城市感知信号接入网系统及应用技术解决方案 	金奖 						
3 	北京必创科技股份有限公司 	NBEE 工业级物联网数据通信模块 	金奖 						
4 	南京三宝科技股份有限公司 	南京城市综合智能交通系统关键	金奖 						
									
技术研究及示范应用 									
SK Telecom 融合 Healthcare 解决方案 	金奖 								
基于自主研发 RFID 芯片的动物电子标签及应用系统关键技术 	金奖 								
知谷.航旅 iFLYMATE-TM 平台 	金奖 								
基于定焦扫描和软解码算法高速扫描技术的智能移动终端 N5000 	金奖 								
多元异构感知融合技术在电网智能运检中的研究及示范应用 	金奖 								
混合物联网下城市大气环境实时跟踪诊断技术平台 	金奖 								
									
5 	爱思开医疗管理（无锡）有限公司 								
6 	无锡市富华科技有限责任公司 								
7 	无锡知谷网络科技有限公司 								
8 	江苏智联天地科技有限公司 								
9 	国网江苏省电力公司无锡供电公司无锡物联网产业研究院 								
10 	美国科罗拉多大学、大连理工大学 								
									
序号 	政府研发和产业化项目 	项目内容 							
1 	2014 年度无锡市物联网关键技术研发项目 	基于无线振动烈度传感节点的泵群组健康监测系统研发 							
2 	2013 年度无锡市物联网发展专项资金项目 	微型高精度 MEMS 气压传感器规模化生产及应用开发 							
3 	2012 年北京市科技计划项目 	基于 MEMS 多轴力传感器的智能物流绑带信息系统研发 							
4 	2012 年度无锡市物联网与云计算产业资金项目 	MEMS 压力传感器规模化生产及应用开发 							
5 	2011 年“无锡千人计划”嫁接式企业引进科技领军型创业人才 	基于物联网技术的智能捆绑系统 							
6 	2011 年科技部科技型中小企业技术创新基金项目 	无线城市建筑室内温度在线监测系统 							
7 	2008 年北京市海淀区科技项目 	低功耗无线宽带地震测量传感器网络 							
8 	2007 年科技型小企业技术创新基金项目 	低功耗无线工业监控传感器网络 							
									
序号 	标准类别 	标准名称 							
1 	国家 	《MEMS 压阻式压力敏感芯片性能的圆片级试验方法》 							
2 	国家 	《半导体器件机械和气候试验方法第 13 部分：盐雾》 							
3 	国家 	《半导体器件机械和气候试验方法第 14 部分：引线牢固性》 							
4 	国家 	《半导体器件机械和气候试验方法第 15 部分：通孔安装器件的耐焊接热》 							
									
序号 	项目名称 	奖项名称 	颁发单位 	获奖名次 	获奖时间 				
1 	NBEE 工业级物联网数据通信模块 	新技术新产品成果评比 	世界物联网博览会组委会 	金奖 	2016 年 				
2 	便携式无线温湿度监控器在国药冷链城配中的应用 	中国冷链双年“金链奖” 	中国物流与采购联合会冷链物流专业委员会 	优 秀 产 品应 用 案 例奖 	2016 年 				
3 	大型施工机械安全分析、评估与监测关键技术的研究及应用6 	河北省科学技术科技进步奖 	河北省科学技术厅 	一等奖 	2013 年 				
4 	无线传感器网络在水电工程测试中的技术研究与应用7 	综合事业局昆仑科技奖 	水利部综合事业局 	二等奖 	2013 年 				
5 	基于无线传感器网络的水利水电工程监测关键技术研究与实践8 	大禹水利科学技术奖 	大禹水利科学技术奖奖励委员会 	三等奖 	2013 年 				
6 	低功耗大型工程结构无线监测系统9 	中冶集团科学技术奖 	中冶集团科学技术奖委员会 	中 冶 集 团科 技 进 步三等奖 	2009 年 				
									
时间 	政策名称 								
2016年12月27日 	《“十三五”国家信息化规划》 								
2016年03月16日 	《中华人民共和国国民经济和社会发展第十三个五年规划纲要》 								
2015年12月29日 	《国家智能制造标准体系建设指南》 								
2015年05月08日 	《中国制造2025》 								
2014年06月24日 	《国家集成电路产业发展推进纲要》 								
2013年02月18日 	《加快推进传感器及智能化仪器仪表产业发展行动计划》 								
2013年02月05日 	《国务院关于推进物联网有序健康发展的指导意见》 								
2012年07月09日 	《“十二五”国家战略性新兴产业发展规划》 								
2011年06月23日 	《当前优先发展的高技术产业化重点领域指南（2011年度）》 								
2011年11月28日 	《物联网“十二五”发展规划》 								
2010年10月10日 	《国务院关于加快培育和发展战略性新兴产业的决定》 								
2006年02月09日 	《国家中长期科学和技术发展规划纲要（2006-2020年）》 								
									
项目 	项目 	监测/检测节点、网关（个） 	监测/检测节点、网关（个） 	监测/检测节点、网关（个） 					
项目 	项目 	2016 年 	2015 年 	2014 年 					
产能 	产能 	15,000 	15,000 	15,000 					
产量 	监测 	13,453 	6,992 	5,223 					
产量 	检测 	971 	3,712 	4,207 					
产量 	小计 	14,424 	10,704 	9,430 					
销量 	监测 	11,316 	5,893 	4,552 					
销量 	检测 	3,607 	2,312 	2,952 					
销量 	小计 	14,923 	8,205 	7,504 					
产能利用率（%） 	产能利用率（%） 	96.16 	71.36 	62.87 					
产销率（%） 	监测 	84.12 	84.28 	87.15 					
产销率（%） 	检测 	371.45 	62.28 	70.17 					
									
项目 	MEMS 压力传感器芯片（个） 	MEMS 压力传感器芯片（个） 	MEMS 压力传感器芯片（个） 						
项目 	2016 年 	2015 年 	2014 年 						
产能 	1,200,000 	900,000 	900,000 						
产量 	1,134,336 	816,838 	214,719 						
销量 	686,610 	556,200 	- 						
产能利用率（%） 	94.53 	90.76 	23.86 						
产销率（%）（注） 	60.53 	68.09 	- 						
项目 	MEMS 压力传感器模组（个） 	MEMS 压力传感器模组（个） 	MEMS 压力传感器模组（个） 						
项目 	2016 年 	2015 年 	2014 年 						
产能 	400,000 	300,000 	200,000 						
产量 	353,789 	277,581 	214,719 						
销量 	331,178 	228,580 	214,220 						
产能利用率（%） 	88.45 	92.53 	107.36 						
产销率（%） 	93.61 	82.35 	99.77 						
									
方案 	方案 	2016 年 	2015 年 	2014 年 					
监测方案 	销售收入（万元） 	7,170.15 	4,277.44 	2,638.06 					
监测方案 	销售的方案数量（个） 	431 	134 	74 					
监测方案 	方案的单价（万元） 	16.64 	31.92 	35.65 					
检测方案 	销售收入（万元） 	4,975.14 	4,146.61 	4,059.47 					
检测方案 	销售的方案数量（个） 	264 	287 	376 					
检测方案 	方案的单价（万元） 	18.85 	14.45 	10.80 					
									
方案 	方案 	2016 年 	2015 年 	2014 年 					
监测方案 	含节点、网关销售收入（万元） 	7,170.15 	4,277.44 	2,638.06 					
监测方案 	销售的节点、网关（个） 	11,451 	5,917 	4,555 					
									
节点、网关的单价（万元） 	0.63 	0.72 	0.58 						
含节点、网关销售收入（万元） 	4,975.14 	4,146.61 	4,059.47 						
销售的节点、网关（个） 	3,719 	2,444 	2,990 						
节点、网关的单价（万元） 	1.34 	1.70 	1.36 						
									
产品类型 	产品类型 	2016 年 	2015 年 	2014 年 					
MEMS 芯片 	销售收入（万元） 	261.23 	208.77 	- 					
MEMS 芯片 	销售数量（个） 	686,610 	556,200 	- 					
MEMS 芯片 	单价（元） 	3.80 	3.75 	- 					
MEMS 模组 	销售收入（万元） 	710.75 	722.05 	722.04 					
MEMS 模组 	销售数量（个） 	331,178 	228,580 	214,220 					
MEMS 模组 	单价（元） 	21.46 	31.59 	33.71 					
									
报告期 	排名 	客户名称 	销售金额 （万元） 	占同期销售总额比例（%） 	是否为新增客户 	是否为报告期内客户 			
2016 年 	1 	武汉欧亚电气自动化设备有限公司 	1,106.84 	8.44 	是 	- 			
2016 年 	2 	山东天工石油装备有限公司 	724.24 	5.52 	- 	是 			
2016 年 	3 	上海长江服装机械有限公司 	676.32 	5.16 	- 	是 			
2016 年 	4 	北京助创科技有限公司 	655.77 	5.00 	- 	是 			
2016 年 	5 	北京华通信联科技有限公司 	637.43 	4.86 	- 	是 			
2016 年 	合计 	合计 	3,800.60 	28.97 	- 	- 			
2015年 	1 	无锡英石新能源科技有限公司 	1,282.05 	13.63 	- 	- 			
2015年 	2 	山东天工石油装备有限公司 	729.91 	7.76 	- 	是 			
2015年 	3 	中国航空工业集团公司上海航空测控技术研究所 	469.91 	4.99 	是 	是 			
2015年 	4 	北京助创科技有限公司 	409.14 	4.35 	- 	是 			
2015年 	5 	北京华通信联科技有限公司 	379.38 	4.03 	是 	是 			
2015年 	合计 	合计 	3,270.40 	34.76 	- 	- 			
2014年 	1 	山东天工石油装备有限公司 	701.78 	9.44 	是 	是 			
2014年 	2 	安徽东日昌新能源电力有限公司 	410.26 	5.52 	是 	- 			
									
3 	DMS(INTERNATIONAL)CO.，LTD 	331.39 	4.46 	是 	是 				
4 	北京兴科瑞虹科技发展有限公司 	311.81 	4.19 	- 	是 				
5 	北京天威国网电气成套设备有限公司 	257.15 	3.46 	- 	是 				
合计 	合计 	2,012.39 	27.07 	- 	- 				
									
产品类别 	原材料类别 	原材料类别 	原材料类别 	主要原材料当期采购金额 	主要原材料当期采购金额 	主要原材料当期采购金额 	主要原材料当期采购金额 	主要原材料当期采购金额 	主要原材料当期采购金额 
产品类别 	原材料类别 	原材料类别 	原材料类别 	2016 年 	2016 年 	2015 年 	2015 年 	2014 年 	2014 年 
产品类别 	原材料类别 	原材料类别 	原材料类别 	金额 （万元） 	比例（%） 	金额 （万元） 	比例（%） 	金额 （万元） 	比例（%） 
监测方案 	自产节点、网关用原材料 	电子元器件及委托加工费 	电子元器件 	1,164.94 	14.60 	681.17 	17.03 	608.72 	19.96 
监测方案 	自产节点、网关用原材料 	电子元器件及委托加工费 	委托加工费 	12.72 	0.16 	3.05 	0.08 	5.86 	0.19 
监测方案 	自产节点、网关用原材料 	外壳及辅料 	外壳及辅料 	121.21 	1.52 	139.16 	3.48 	152.48 	5.00 
监测方案 	配套方案原材料 	采集设备及配件 	采集设备及配件 	2,363.34 	29.62 	994.70 	24.87 	127.94 	4.19 
监测方案 	配套方案原材料 	终端设备及配件 	终端设备及配件 	384.22 	4.82 	357.82 	8.95 	163.98 	5.38 
监测方案 	小计 	小计 	小计 	4,046.43 	50.72 	2,175.90 	54.40 	1,058.98 	34.72 
检测方案 	自产节点、网关用原材料 	电子元器件及委托加工费 	电子元器件 	18.72 	0.23 	293.64 	7.34 	194.12 	6.36 
检测方案 	自产节点、网关用原材料 	电子元器件及委托加工费 	委托加工费 	6.00 	0.08 	2.81 	0.07 	6.69 	0.22 
检测方案 	自产节点、网关用原材料 	外壳及辅料 	外壳及辅料 	31.56 	0.40 	16.17 	0.40 	62.59 	2.05 
检测方案 	配套方案原材料 	采集设备及配件 	采集设备及配件 	3,088.00 	38.70 	1,006.64 	25.17 	1,221.58 	40.05 
检测方案 	配套方案原材料 	终端设备及配件 	终端设备及配件 	381.73 	4.78 	90.09 	2.25 	194.81 	6.39 
检测方案 	小计 	小计 	小计 	3,526.01 	44.19 	1,409.34 	35.23 	1,679.78 	55.07 
MEMS产品 	MEMS芯片 	晶圆及委托加工费 	晶圆 	3.00 	0.04 	4.47 	0.11 	1.44 	0.05 
MEMS产品 	MEMS芯片 	晶圆及委托加工费 	委托加工费 	54.89 	0.69 	63.97 	1.60 	65.56 	2.15 
MEMS产品 	MEMS芯片 	电子元器件 	电子元器件 	53.90 	0.68 	41.33 	1.03 	15.59 	0.51 
MEMS产品 	MEMS芯片 	小计 	小计 	111.79 	1.40 	109.77 	2.74 	82.59 	2.71 
MEMS产品 	MEMS模组 	电子元器件 	电子元器件 	268.35 	3.36 	298.99 	7.47 	214.79 	7.04 
MEMS产品 	MEMS模组 	外壳及辅料 	外壳及辅料 	26.15 	0.33 	5.93 	0.15 	14.00 	0.46 
									
小计 	294.49 	294.49 	3.69 	3.69 	304.92 	7.62 	228.79 	7.50 	7.50 
7,978.72 	7,978.72 	100.00 	100.00 	3,999.93 	100.00 	3,050.14 	100.00 	100.00 	
									
电 	2016 年度 	2015 年度 	2014 年度 						
用量（度） 	147,896 	144,143 	122,944 						
金额（元） 	208,819.22 	152,379.81 	130,149.61 						
									
 	排名 	供应商名称 	采购金额 （万元） 	占同期采购总额比例（%） 	是否为新增供应商 	是否为报告期内供应商 			
2016年 	1 	西门子工业软件（北京）有限公司 	2,007.17 	25.16 	- 	是 			
2016年 	2 	明枫国际有限公司 	1,104.69 	13.85 	- 	是 			
2016年 	3 	山东昊泰交通设施工程有限公司 	553.49 	6.94 	是 	- 			
2016年 	4 	深圳市讯诺联合通信技术有限公司 	409.83 	5.14 	- 	是 			
2016年 	5 	北京首康南海科贸有限公司 	280.34 	3.51 	是 	- 			
2016年 	合计 	合计 	4,355.52 	54.60 	- 	- 			
2015年 	1 	西门子工业软件(北京)有限公司 	793.91 	19.85 	- 	是 			
2015年 	2 	常州灵瑞自动化设备有限公司 	316.24 	7.91 	是 	是 			
2015年 	3 	明枫国际有限公司 	300.63 	7.52 	- 	是 			
2015年 	4 	前视红外光电科技(上海)有限公司 	241.57 	6.04 	- 	是 			
2015年 	5 	北京神州恒亿科技发展有限公司 	202.14 	5.05 	是 	- 			
2015年 	合计 	合计 	1,854.49 	46.37 	- 	- 			
2014年 	1 	北京君广汇电子有限公司 	384.49 	12.61 	- 	是 			
2014年 	2 	西门子工业软件(北京)有限公司 	300.51 	9.85 	- 	是 			
2014年 	3 	前视红外光电科技（上海）有限公司 	269.75 	8.84 	- 	是 			
									
4 	明枫国际有限公司 	241.27 	7.91 	- 	是 				
5 	北京欣锐腾科技有限公司 	205.68 	6.74 	- 	是 				
合计 	合计 	1,401.70 	45.95 	- 	- 				
									
项目 	项目 	设备名称 	用途 	2016 年 	2016 年 				
项目 	项目 	设备名称 	用途 	资产净值 	成新率(%) 				
1、检测、监测产品专用设备 	1、检测、监测产品专用设备 	通讯距离测试系统 	测试校准 	117.45 	100.00 				
1、检测、监测产品专用设备 	1、检测、监测产品专用设备 	压力测试台 	测试校准 	54.06 	58.83 				
1、检测、监测产品专用设备 	1、检测、监测产品专用设备 	振动台 	测试校准 	1.94 	5.01 				
1、检测、监测产品专用设备 	1、检测、监测产品专用设备 	其他 	- 	27.19 	- 				
1、检测、监测产品专用设备 	1、检测、监测产品专用设备 	小计 	- 	200.64 	- 				
2、检测、监测产品与 MEMS产品共用设备 	2、检测、监测产品与 MEMS产品共用设备 	高速贴片机 	SMT 贴片 	57.51 	54.88 				
2、检测、监测产品与 MEMS产品共用设备 	2、检测、监测产品与 MEMS产品共用设备 	全自动视觉印刷机 	SMT 贴片 	35.15 	75.46 				
2、检测、监测产品与 MEMS产品共用设备 	2、检测、监测产品与 MEMS产品共用设备 	其他 	- 	16.64 	- 				
2、检测、监测产品与 MEMS产品共用设备 	2、检测、监测产品与 MEMS产品共用设备 	小计 	- 	109.30 	- 				
3、MEMS产品专用设备 	MEMS 压力传感器芯片专用设备 	ASM(贴片机） 	芯片贴片、绑线、注塑封装 	134.90 	70.19 				
3、MEMS产品专用设备 	MEMS 压力传感器芯片专用设备 	QFN 测试台 	测试编带 	71.84 	98.42 				
3、MEMS产品专用设备 	MEMS 压力传感器芯片专用设备 	器件分选器 	测试编带 	69.80 	74.66 				
3、MEMS产品专用设备 	MEMS 压力传感器芯片专用设备 	包装编带机 	测试编带 	67.97 	72.29 				
3、MEMS产品专用设备 	MEMS 压力传感器芯片专用设备 	等离子清洗机（含真空泵) 	芯片贴片、绑线、注塑封装 	25.22 	93.68 				
3、MEMS产品专用设备 	MEMS 压力传感器芯片专用设备 	焊接机 	芯片贴片、绑线、注塑封装 	24.81 	69.11 				
3、MEMS产品专用设备 	MEMS 压力传感器芯片专用设备 	喷胶机 	芯片贴片、绑线、注塑封装 	21.07 	94.44 				
3、MEMS产品专用设备 	MEMS 压力传感器芯片专用设备 	其他 	- 	42.31 	- 				
3、MEMS产品专用设备 	MEMS 压力传感器芯片专用设备 	小计 	- 	457.92 	- 				
									
MEMS 压力传感器模组专用设备 	1 号 1MPa 压力校准台 	1 号 1MPa 压力校准台 	测试校准 	179.96 	88.12 				
MEMS 压力传感器模组专用设备 	2 号 1Mpa 压力校准台 	2 号 1Mpa 压力校准台 	测试校准 	173.22 	98.41 				
MEMS 压力传感器模组专用设备 	1 号 3MPa 压力校准台 	1 号 3MPa 压力校准台 	测试校准 	54.57 	88.13 				
MEMS 压力传感器模组专用设备 	压力老化装置 	压力老化装置 	加电、加压老化 	27.42 	78.63 				
MEMS 压力传感器模组专用设备 	高低温环境测试试验设备 	高低温环境测试试验设备 	加电、加压老化 	22.50 	85.75 				
MEMS 压力传感器模组专用设备 	分板机 	分板机 	分板、分类 	21.77 	78.62 				
MEMS 压力传感器模组专用设备 	其他 	其他 	- 	23.21 	- 				
MEMS 压力传感器模组专用设备 	小计 	小计 	- 	502.65 	- 				
- 	1,270.51 	- 							
									
房产证号 	房产位置 	面积 （平方米） 	房屋 用途 	取得 方式 	他项 权利 				
WX1000945907 	无锡市南湖大道飞宏路58-1 	501.02 	工交仓储 	出让 	抵押 				
									
序号 	出租方 	承租方 	房产位置 	面积 （平方米） 	年租金（万） 	房屋 用途 	租赁期限 		
1 	北京汇众电源设备厂 	必创 科技 	北京市海淀区上地七街 1 号 2 号楼 7 层 710 室（原710 室、722 室） 	647.32 	125.22 	办公 	2016.10.29-2019.10.28 		
2 	北京汇众电源设备厂 	必创 科技 	北京海淀区上地七街 1 号，2 号楼F102 库房 	65.00 	7.59 	办公 	2016.10.15- 2019.10.14 		
3 	北京汇众电源设备厂 	必创 软件 	北京市海淀区上地七街 1 号 2 号楼 7 层 726 室 	56.90 	11.01 	办公 	2016.10.29-2019.10.28 		
4 	无锡恒丰钨	无锡 	无锡市南湖大道	1,800 	27.00 	生产 	2016.03.01- 		
									
业有限公司 	必创 	飞宏路 58 号内厂区车间大楼四楼一层 							
									
商标 	注册人 	取得方式 	商标注册号 	使用范围 	有效期限 				
 	必创科技 	原始取得 	第 9228459 号 	核定使用商品（第 9 类） 	2012.04.07- 2022.04.06 				
 	必创科技 	原始取得 	第 15908032 号 	核定使用商品（第 9 类） 	2016.4.21- 2026.4.20 				
									
序号 	权证号 	座落地 	面积 （平方米） 	终止日期 	用途 	使用权类型 			
1 	锡南国用 2015第 001635 号 	无锡市南湖大道飞宏路 58-1 	2,948.40 	2055.12.30 	工业 用地 	出让 			
									
序号 	所有权人 	专利名称 	专利号 	取得 方式 	有效期 	备注 			
1 	必创科技 	一种压力传感器应力释放装置 	ZL201510182303.4 	原始取得 	2017.2.22- 2037.2.21 	- 			
2 	无锡必创、必创科技 	一种半导体封装件及制造方法 	ZL201410228272.7 	原始 取得 	2014.5.27- 2034.5.26 	共有专利（注） 			
3 	必创科技 	一种应力分散MEMS 塑封压力传感器及其制备方法 	ZL201310727351.8 	原始取得 	2013.12.25- 2033.12.24 	_ 			
4 	必创科技 	一种带腔体的芯片封装结构及其封装方法 	ZL201310727342.9 	原始取得 	2017.1.18- 2037.1.17 	- 			
5 	必创科技 	一种基于无线传感器网络传输数据的方法、装置及系统 	ZL201110448270.5 	原始 取得 	2011.12.28-2031.12.27 	_ 			
6 	必创科技 	一种无线传感器网络节点协同工作的方法、装置及系统 	ZL201110448931.4 	原始 取得 	2011.12.28-2031.12.27 	- 			
7 	无锡必创 	唤醒无线传感器的方法、无线传感器及无线传感器系统 	ZL201210199060.1 	原始 取得 	2012.06.15-2032.06.14 	- 			
8 	必创科技 	一种无线数据采集与处理方法及其系统 	ZL200610113660.6 	原始 取得 	2006.10.11-2026.10.10 	- 			
9 	必创科技 	实现同步采集的方法、无线传感器网络系统及同步装置 	ZL200810100918.8 	原始 取得 	2008.02.26-2028.02.25 	本专利曾用于公司向工商银行中关村支行银行借款的质押，2016 年12 月已到期 			
10 	必创科技 	一种重传数据包的方法、装置及系统 	ZL200910091232.1 	原始 取得 	2009.08.13-2029.08.12 	本专利曾用于公司向工商银行中关村支行银行借款的质押，2016 年12 月已到期 			
11 	必创科技 	一种无线供电装置及其调谐方法 	ZL201410229681.9 	原始 取得 	2014.05.28-2034.05.27 	- 			
12 	无锡必创 	实现同步采集的方法、无线传感器网络系统及同步装置 	ZL200810100919.2 	受让 取得 	2008.02.26-2028.02.25 	- 			
13 	必创科技 	一种应变采集电路系统及应变采集方法 	ZL201110460556.5 	原始 取得 	2011.12.31-2031.12.30 	本专利已用于公司向工商银行中关村支行银行借款的质押 			
14 	浙江双友、 无锡必创 	无线传感器网络分组的方法、系统、传感器及数据汇聚节点 	ZL201110282228.0 	原始 取得 	2011.09.16-2031.09.15 	共有专利（注） 			
15 	必创科技 	一种实现远程无线监测的方法及无线监测装置 	ZL201010137652.1 	原始 取得 	2010.03.30-2030.03.29 	本专利曾用于公司向工商银行中关村支行银行借款的质押，2016 年12 月已到期 			
16 	无锡必创 	一种电池测试方法和装置 	ZL201310014437.6 	原始 取得 	2013.01.15-2033.01.14 	- 			
17 	无锡必创 	一种电源动态路径管理电路 	ZL201310004338.X 	原始 取得 	2013.01.07-2033.01.06 	- 			
18 	浙江双友10、无锡必创 	大电流设备的驱动装置、控制装置及控制方法 	ZL201110356119.9 	原始 取得 	2011.11.08-2031.11.07 	共有专利（注） 			
19 	必创科技 	一种实现低功耗无线监测的装置 	ZL200710117948.5 	原始 取得 	2007.06.26-2027.06.25 	本专利已用于公司向工商银行中关村支行银行借款的质押 			
20 	必创科技 	机动车载荷安全监测系统及方法 	ZL201210003966.1 	原始 取得 	2012.01.06-2032.01.05 	本专利已用于公司向工商银行中关村支行银行借款的质押 			
21 	必创科技、 北京助创 	掺水拌热控制方法 	ZL201110341522.4 	原始 取得 	2011.11.02-2031.11.01 	共有专利（注） 			
22 	必创科技 	一种海况测量浮标 	ZL201410041493.3 	原始取得 	2014.01.28-2034.01.27 	本专利已用于公司向工商银行中关村支行银行借款的质押 			
23 	无锡必创 	一种智能加油棒 	ZL200910085762.5 	受让 取得 	2009.05.31-2029.05.30 	- 			
24 	无锡必创 	公交车到站预报时方法和装置 	ZL201310007006.7 	原始 取得 	2013.01.09-2033.01.08 	- 			
25 	必创科技、无锡必创 	一种传感器 	ZL201410012357.1 	原始 取得 	2014.1.10- 2034.1.11 	共有专利（注） 			
26 	安徽省电力科学研究院、必创有限、 国家电网 	无线传感器网络节点晶振频率误差补偿方法 	ZL200910083000.1 	原始 取得 	2009.04.28-2029.04.27 	共有专利 			
27 	石家庄铁道大学、河北新大地机电制造有限公司、必创有限 	无砟轨道混凝土浇筑机用的防脱轨倾覆安全装置 	ZL201410322302.0 	原始 取得 	2014.07.08-2034.07.07 	共有专利 			
									
序号 	所有 权人 	专利名称 	专利号 	取得 方式 	有效期 	备注 			
1 	必创科技 	一种桥梁施工期结构安全监测系统 	ZL201520595574.8 	原始取得 	2015.8.7-2025.8.6 	- 			
2 	必创 科技 	一种过压保护电路 	ZL201420642521.2 	原始 取得 	2014.10.31-2024.10.30 	- 			
3 	必创科技、708 研究所 	一种气垫船无线监测装置 	ZL201420628273.6 	原始 取得 	2014.10.27-2024.10.26 	共有专利（注） 			
4 	必创 科技 	一种压力传感器批量调试装置 	ZL201420535067.0 	原始 取得 	2014.09.17-2024.09.16 	- 			
5 	必创 科技 	一种绝压传感器批量调试装置 	ZL201420254818.1 	原始 取得 	2014.05.19-2024.05.18 	- 			
6 	必创 科技 	测温电缆、测温杆及温度监测机构 	ZL201320889988.2 	原始 取得 	2013.12.31-2023.12.30 	- 			
7 	必创 科技 	无线双向模拟量信号控制装置及封装结构、流量控制系统 	ZL201320655980.X 	原始 取得 	2013.10.23-2023.10.22 	- 			
8 	必创 科技 	一种汽车制动辅助系统 	ZL201320009464.X 	原始 取得 	2013.01.09-2023.01.08 	- 			
9 	必创 科技 	一种位移测量装置 	ZL201220685577.7 	原始 取得 	2012.12.12-2023.12.11 	- 			
10 	必创 科技 	用于防止汽车急刹车而产生追尾的智能刹车警报系统 	ZL201220581883.6 	受让 取得 	2012.11.06-2022.11.05 	北京敏易联传感技术有限公司转让给必创有限 			
11 	必创 科技 	机动车载荷安全监测系统 	ZL201220005223.3 	原始 取得 	2012.01.06-2022.01.05 	- 			
12 	必创科技、北京助创 	掺水拌热控制系统 	ZL201120429038.2 	原始 取得 	2011.11.02-2021.11.01 	共有专利（注） 			
13 	必创 科技 	一种便携式设备 	ZL200920106120.4 	原始 取得 	2009.03.11-2019.03.10 	- 			
14 	无锡 必创 	一种高压电力设备温度监控装置 	ZL201320202401.6 	原始 取得 	2013.04.19-2023.04.18 	- 			
15 	无锡 必创 	一种密闭中空壳体的电路开关装置 	ZL201320015491.8 	原始 取得 	2013.01.11-2023.01.10 	- 			
16 	无锡 必创 	车载无线节点 	ZL201320009307.9 	原始 取得 	2013.01.09-2023.01.08 	- 			
17 	无锡 必创 	一种状态指示系统、一种状态指示器以及一种主控制器 	ZL201320008370.0 	原始 取得 	2013.01.08-2023.01.07 	- 			
18 	浙江 双友、 无锡 必创 	大电流设备的控制装置与驱动装置 	ZL201120443260.8 	原始 取得 	2011.11.08-2021.11.07 	共有专利（注） 			
19 	必创科技、无锡必创 	一种无线闸门设备状态监测装置 	ZL201320889343.9 	原始 取得 	2013.12.31-2023.12.30 	共有专利（注） 			
20 	必创 科技、 无锡 必创 	电缆隧道井的安全监测系统 	ZL201320763881.3 	原始 取得 	2013.11.27-2023.11.26 	共有专利（注） 			
21 	必创科技、无锡必创 	一种天线装置及应用该天线的无线通讯设备 	ZL201320655951.3 	原始 取得 	2013.10.23-2023.10.22 	共有专利（注） 			
22 	必创 科技 	一种传感器外壳的防拆卸结构 	ZL201420778417.6 	原始 取得 	2014.12.12-2024.12.11 	- 			
23 	必创 	一种表压传感器外	ZL20142077	原始 	2014.12.12-2024.12.11 	- 			
									
科技 	壳防水透气结构 	8418.0 	取得 						
必创 科技 	一种定向传感器的万向安装结构 	ZL201420630285.2 	原始 取得 	2014.10.29-2024.10.28 	- 				
必创 科技 	一种加速度振动烈度传感器的安装结构 	ZL201320349610.3 	原始 取得 	2013.06.19-2023.06.18 	- 				
必创 科技 	一种加速度振动烈度传感器的安装结构 	ZL201320300174.0 	原始 取得 	2013.05.29-2023.05.28 	- 				
必创 科技 	一种螺栓 	ZL201220684532.8 	原始 取得 	2012.12.12-2022.12.11 	- 				
安徽省电力科学研究院、必创有限 	一种无线数据采集器 	ZL200920107740.X 	原始 取得 	2009.04.28-2019.04.27 	共有专利 				
									
24 									
25 									
26 									
27 									
28 									
									
序号 	所有权人 	专利名称 	专利号 	取得方式 	有效期 	备注 			
1 	必创科技 	网关外壳 	ZL201530053938.5 	原始取得 	2015.03.05- 2025.03.05 	- 			
2 	必创科技 	功图采集器 	ZL201430415786.4 	原始取得 	2014.10.29-2024.10.28 	- 			
3 	必创科技 	传感器外壳 	ZL201330482806.5 	原始取得 	2013.10.14-2023.10.13 	- 			
4 	必创科技 	数据采集器外壳 	ZL201330046767.4 	原始取得 	2013.02.27-2023.02.26 	- 			
5 	必创科技 	传感器外壳 	ZL201330046768.9 	原始取得 	2013.02.27-2023.02.26 	- 			
6 	必创科技 	无线功图采集器 	ZL201230209085.6 	原始取得 	2012.05.30-2022.05.29 	- 			
7 	必创科技 	无线压力传感器节点 	ZL201230073190.1 	原始取得 	2012.03.23-2022.03.22 	- 			
8 	必创科技 	传感器防水外壳 	ZL201030130340.9 	原始取得 	2010.04.01-2020.03.31 	- 			
9 	必创科技 	无线应变传感器节点 	ZL200730350825.7 	原始取得 	2007.11.15-2017.11.14 	- 			
									
序号 	著作权人 	软件名称 	登记号 	取得方式 	权利范围 				
1 	必创科技 	无线位移节点软件 V1.0 	2012SR119798 	原始取得 	全部权利 				
2 	必创科技 	无线振弦节点软件 V1.0 	2012SR113344 	原始取得 	全部权利 				
3 	必创科技 	Monitor 油田专用监测软件V3.0 	2012SR113552 	原始取得 	全部权利 				
4 	必创科技 	无线扭矩节点软件 V1.0 	2012SR108198 	原始取得 	全部权利 				
5 	必创科技 	无线电压节点软件 V1.0 	2012SR108202 	原始取得 	全部权利 				
6 	必创科技 	无线温度测量节点软件V1.0 	2012SR102886 	原始取得 	全部权利 				
7 	必创科技 	无线风速风向节点软件V1.0 	2012SR102880 	原始取得 	全部权利 				
8 	必创科技 	无线压力节点软件 V1.0 	2012SR102883 	原始取得 	全部权利 				
9 	必创科技 	无线振动测量节点软件V1.0 	2012SR102372 	原始取得 	全部权利 				
10 	必创科技 	BM_IR 热像仪实时监测系统V6.0 	2012SR102687 	原始取得 	全部权利 				
11 	必创科技 	无线加速度传感器节点采集板软件 V1.0 	2011SR067359 	原始取得 	全部权利 				
12 	必创科技 	无线应变传感器节点采集板软件 V1.0 	2011SR067263 	原始取得 	全部权利 				
13 	必创科技 	远程网关软件 V1.0 	2011SR064556 	原始取得 	全部权利 				
14 	必创科技 	基于 RS485 总线的测量节点软件 V1.0 	2011SR059678 	原始取得 	全部权利 				
15 	必创科技 	BeeData 软件单 机 版 软件V2.00 	2009SR026839 	原始取得 	全部权利 				
16 	无锡必创 	冷链温湿度监测云平台V1.01 	2016SR298464 	原始取得 	全部权利 				
17 	无锡必创 	温湿度监测终端软件 V1.01 	2016SR303452 	原始取得 	全部权利 				
18 	无锡必创 	必创无线倾角计节点软件V1.03 	2013SR161893 	原始取得 	全部权利 				
19 	无锡必创 	必创 BeeServer 传感网络服务软件 V3.0.3.0 	2013SR161882 	原始取得 	全部权利 				
20 	无锡必创 	必创 BeeSM 静态应变专用测试软件 V1.0.8.0 	2013SR095692 	原始取得 	全部权利 				
21 	无锡必创 	必创无线温湿度测量节点软件 V1.03 	2013SR161601 	原始取得 	全部权利 				
22 	无锡必创 	必创无线热电偶节点软件	2013SR161739 	原始取得 	全部权利 				
									
V1.06 									
必创车辆跟踪软件 V1.0 	2011SR071406 	原始取得 	全部权利 						
必创无线智能绞车控制软件 V1.0 	2011SR071639 	原始取得 	全部权利 						
智能网关配置软件[简称：SmartWayCfg]V4.0 	2014SR076301 	原始取得 	全部权利 						
BeeViewer 组态软件 V2.1 	2014SR077896 	原始取得 	全部权利 						
架桥机安全监测系统软件V1.0.7.0 	2014SR156936 	原始取得 	共有专利 						
									
23 	无锡必创 								
24 	无锡必创 								
25 	必创软件 								
26 	必创软件 								
27 	必创科技、石家庄铁道大学 								
									
序号 	域名持有者/域名注册人 	域名 	注册时间 	备案号 					
1 	必创科技 	Beemems.cn 	2014 年 07 月 01 日 	京 ICP 备 09034664 号-4 					
2 	必创科技 	Beemems.com 	2014 年 07 月 01 日 	京 ICP 备 09034664 号-4 					
3 	必创科技 	Beemems.com.cn 	2014 年 07 月 01 日 	京 ICP 备 09034664 号-4 					
4 	必创科技 	beetechhw.cn 	2013 年 07 月 03 日 	京 ICP 备 09034664 号-5 					
5 	必创科技 	beetech.com.cn 	2007 年 01 月 19 日 	京 ICP 备 09034664 号-2 					
6 	必创科技 	beetech.cn 	2006 年 06 月 01 日 	京 ICP 备 09034664 号-2 					
									
序号 	申请企业 	产品名称 	证书编号 	核发部门 	有效期限 				
1 	无锡必创 	无线数字压力传感器（注） 	苏制 02000448号-1 	江 苏 省 无 锡 质 量技术监督局 	2014.04.30-2017.04.29 				
2 	必创科技 	无线电阻应变仪 	京制 01080389号 01 	北 京 市 海 淀 区 质量技术监督局 	2017.2.15- 2020.2.14 				
									
序号 	所有权人 	产品名称 	证书编号 	核发部门 	有效期限 				
1 	必创科技 	数字式无线压力采集节点 	CE12.2059 	石油和化学工业电气产品防爆质量监督检验中心 	2012.04.24-2017.04.23 				
2 	必创科技 	数字式无线压力采集节点 	CE12.2058X 	石油和化学工业电气产品防爆质量监督检验中心 	2012.04.24-2017.04.23 				
3 	必创科技 	数字式无线温度采集节点 	CE12.2057X 	石油和化学工业电气产品防爆质量监督检验中心 	2012.04.24-2017.04.23 				
4 	必创科技 	无线振动传感器 	CE14.2002X 	石油和化学工业电气产品防爆质量监督检验中心 	2014.01.02-2019.01.01 				
5 	必创科技 	无线温度传感器 	CE15.2046X 	石油和化学工业电气产品防爆质量监督检验中心 	2015.03.20-2020.03.19 				
6 	必创科技 	无线电阻应变仪 	CE15.2039 	石油和化学工业电气产品防爆质量监督检验中心 	2015.03.03-2020.03.02 				
7 	必创科技 	无线示功仪 	CE15.2309X 	石油和化学工业电气产品防爆质量监督检验中心 	2015.11.13-2020.11.12 				
8 	无锡必创 	无线示功仪 	CE14.2185X 	石油和化学工业电气产品防爆质量监督检验中心 	2014.10.16-2019.10.15 				
									
序号 	所有权人 	软件名称 	编号 	发证机关 	发证日期 				
1 	必创科技 	必创无线振动测量节点软件 V1.0 	京 DGY-2012-5777 	北京经信委 	2012.12.28 				
2 	必创科技 	必创无线振弦节点软件V1.0 	京 DGY-2012-5773 	北京经信委 	2012.12.28 				
3 	必创科技 	必创无线扭矩节点软件V1.0 	京 DGY-2012-5771 	北京经信委 	2012.12.28 				
4 	必创科技 	必创无线温度测量节点软件 V1.0 	京 DGY-2012-5776 	北京经信委 	2012.12.28 				
5 	必创科技 	必创无线电压节点软件V1.0 	京 DGY-2012-5764 	北京经信委 	2012.12.28 				
6 	必创科技 	必创无线风速风向节点软件 V1.0 	京 DGY-2012-5775 	北京经信委 	2012.12.28 				
7 	必创科技 	必创无线压力节点软件V1.0 	京 DGY-2012-5768 	北京经信委 	2012.12.28 				
8 	必创科技 	必创无线位移节点软件V1.0 	京 DGY-2012-5767 	北京经信委 	2012.12.28 				
9 	必创科技 	必创 Monitor 油田专用监测软件 V3.0 	京 DGY-2012-5774 	北京经信委 	2012.12.28 				
10 	必创科技 	必创 BM_IR 热像仪实时监测系统软件 V6.0 	京 DGY-2012-5769 	北京经信委 	2012.12.28 				
11 	必创科技 	必创远程网关软件 V1.0 	京 DGZ-2011-0231 	北京经信委 	2011.12.29 				
12 	必创科技 	必创无线加速度传感器节点采集板软件 V1.0 	京 DGY-2011-2190 	北京经信委 	2011.12.29 				
13 	必创科技 	必创无线应变传感器节点采集板软件 V1.0 	京 DGY-2011-2192 	北京经信委 	2011.12.29 				
14 	必创科技 	必创基于 RS485 总线的测量节点软件 V1.0 	京 DGY-2011-2189 	北京经信委 	2011.12.29 				
15 	无锡必创 	必创车辆跟踪软件 V1.0 	苏 DGY-2011-4222 	江苏经信委 	2011.11.04 				
16 	无锡必创 	必创无线智能绞车控制软件 V1.0 	苏 DGY-2011-4236 	江苏经信委 	2011.11.10 				
17 	必创软件 	必创接收网关软件 V1.0 	京 DGY-2014-7213 	北京经信委 	2015.01.12 				
18 	必创软件 	必创红外热像仪实时监测系统软件 V1.0 	京 DGY-2014-6111 	北京经信委 	2014.12.17 				
19 	必创软件 	必创 BeeViewer 组态软件V2.1 	京 DGY-2014-6112 	北京经信委 	2014.12.17 				
20 	必创软件 	必创智能网关配置软件[简称：SmartWayCfg]V4.0 	京 DGY-2014-6113 	北京经信委 	2014.12.17 				
21 	必创软件 	必创加速度传感器采集软件 V1.0 	京 DGY-2014-6115 	北京经信委 	2014.12.17 				
22 	必创软件 	必创应变传感器采集软件V1.0 	京 DGX-2014-0193 	北京经信委 	2014.12.17 				
23 	必创软件 	必创油田专用监测软件V1.0 	京 DGY-2014-6114 	北京经信委 	2014.12.17 				
									
序号 	申请人 	备案登记表编号 	核发部门 	备案日期 					
1 	必创科技 	01723735 	北京市海淀区商务委员会 	2014 年 12 月 04 日 					
									
序号 	申请人 	注册编码 	注册海关 	登记日期 					
1 	必创科技 	1108963195 	京中关村 	2013 年 10 月 30 日 					
2 	无锡必创 	32029600AA 	无锡海关 	2016 年 03 月 21 日 					
									
序号 	申请人 	备案登记号 	核发部门 	核发日期 					
1 	必创科技 	1100620768 	北京出入境检验检疫局 	2014 年 12 月 29 日 					
2 	无锡必创 	3208605542 	无锡出入境检验检疫局 	2011 年 12 月 02 日 					
									
序号 	核心技术 	技术 来源 	对应的专利或 非专利技术 	专利 类型 	在产品或服务中的应用 				
1 	采用比较器对突变信号进行比较捕获，实现节点在低功耗状态下对被测对象变化的快速响应。 	原始 创新 	一种实现远程无线监测的方法及无线监测装置。 （ZL 2010 1013 7652.1） 	发明 专利 	无线传感器网络、节点及网关 				
2 	在节点内部进行数字信号处理，实现数据融合，降低无线网络的流量负担和电池功耗。 	原始 创新 	一种无线数据采集与处理方法及其系统。 （ZL 2006 1011 3660.6） 	发明 专利 	无线传感器网络、节点及网关 				
3 	采用射频电路和射频天线匹配技术，降低射频的接收噪声，并根据接收的场强值及信号质量自动调整增益，避免能量浪费。 	原始 创新 	- 	- 	无线传感器网络、节点及网关 				
4 	通过最底层编写程序并使用时间戳，消除发送节点的处理延迟和层间传输延迟，消除授时时延误差，提高时间同步精度。 	原始 创新 	实现同步采集的方法、无线传感器网络系统及同步装置。 （ZL 2008 1010 0918.8） 	发明 专利 	无线传感器网络、节点及网关 				
5 	采用大数据缓存，建立数据应答及重发等机制，有效的提高了噪声环境下数据恢复能力，保证通信的可靠性。 	原始 创新 	- 	- 	无线传感器网络、节点及网关 				
6 	采用受到干扰时自动切换到干净信道，不需要人工干预的自适应信道切换技术以及随机避让的载波监听机制，减小了数据碰撞，增加了网络节点容量，保障通信的顺畅可靠。 	原始 创新 	- 	- 					
7 	采用在实时传输时同时对数据进行本地备份的方式，并在信道空闲时刻自动对实时传输中丢失的信息进行重新传输，从而保证在遭受到射频强干扰后数据传输的可靠性。 	原始 创新 	一种基于无线传感器网络传输数据的方法、装置及系统。 （ZL 2011 1044 8270.5） 	发明 专利 					
8 	采用铁电存贮区保存数据的目录区及计数指针，在节点意外断电或关闭时，数据不会丢失，从而保证在异常掉电情况下数据的可靠性。 	原始 创新 	- 	- 					
9 	采用在数据传输过程中对数据包的接收进行判断，并作出相应处理，避免对接收数据进行重新排序，提高数据中断后重传的无线通信的可靠性。 	原始 创新 	一种重传数据包的方法、装置及系统。 （ZL 2009 1009 1232.1） 	发明 专利 					
10 	采用数字化油田无线监测技术，以实现油田生产过程的采集、监控、报警、安防、管理，提高油气田生产决策的及时性和准确性。 	集成 创新 	一种位移测量装置。 （ZL 2012 2068 5577.7） 	实用 新型 	监测方案 				
10 	采用数字化油田无线监测技术，以实现油田生产过程的采集、监控、报警、安防、管理，提高油气田生产决策的及时性和准确性。 	集成 创新 	一种螺栓。 （ZL 2012 2068 4532.8） 	实用 新型 	监测方案 				
11 	采用电力设施无线监测技术，以保障电力设备的安全运行，帮助电力维护部门解决变电站高效维护、统一管理、远程监控的问题。 	集成 创新 	一种高压电力设备温度监控装置。 （ZL 2013 2020 2401.6） 	实用 新型 	监测方案 				
11 	采用电力设施无线监测技术，以保障电力设备的安全运行，帮助电力维护部门解决变电站高效维护、统一管理、远程监控的问题。 	集成 创新 	一种密闭中空壳体的电路开关装置。 （ZL 2013 2001 5491.8） 	实用 新型 	监测方案 				
12 	采用工业过程无线监测技术，以实现预知性维护，保障生产过程的可靠性和安全性，提高产品生产质量和设备使用效率，降低生产运行成本。 	集成 创新 	一种基于无线传感器网络传输数据的方法、装置及系统。 （ZL 2011 1044 8270.5） 	发明 专利 	监测方案 				
12 	采用工业过程无线监测技术，以实现预知性维护，保障生产过程的可靠性和安全性，提高产品生产质量和设备使用效率，降低生产运行成本。 	集成 创新 	一种无线传感器网络节点协同工作的方法、装置及系统。 （ZL 2011 1044 8931.4） 	发明 专利 	监测方案 				
13 	采用泵群组在线监测技术，以消除机泵群等设备隐患，为企业减少事故损失，节约管理成本和库存费用。 	集成 创新 	一种加速度振动烈度传感器的安装结构 （ZL 2013 2034 9610.3） 	实用 新型 					
13 	采用泵群组在线监测技术，以消除机泵群等设备隐患，为企业减少事故损失，节约管理成本和库存费用。 	集成 创新 	一种加速度振动烈度传感器的安装结构。 （ZL 2013 2030 0174.0） 	实用 新型 					
14 	采用红外视频温度监控技术，以减少施工难度，节约了成本，增加了可操作性。 	集成 创新 	- 	- 					
15 	采用加速度二次积分求位移算法，解决了功图仪位移测量的难题，简化节点设计，避免了采用拉线进行位移测量的不便性。 	原始 创新 	- 	- 					
16 	采用功图冲次求取算法，以提高原有冲次的计算精度。 	原始 创新 	- 	- 					
17 	基于光学传感器节点的空气能见度求取算法，解决后向散射式雷达计算方程的实用问题，实现高速公路团雾的远程测量。 	原始 创新 	- 	- 					
18 	采用相关数据采集设备及分析软件，对各工程领域关键设备结构特性的力学物理参数进行采集（如加速度、应变、扭矩等），通过公司专业技术人员对采集的数据进行处理、分析（如阶次分析、自谱分析、疲劳分析、模态分析、小波分析、包络谱分析等），对设备动态、静态性能做出评定，实现设备状态评估、减振降噪、寿命预测、故障预警及故障诊断。 典型的服务内容包括：船舶自航模运动参数测试；气垫船实船测试；流体动力学测试方案咨询；结构监测及疲劳分析；汽车路谱采集及耐久性分析；设备振动噪声分析；旋转机械故障诊断等。 	集成 创新 	- 	- 	检测方案 				
19 	采用软胶薄膜的压力缓冲层覆盖压力芯片的敏感结构，在压力缓冲层上采用大面积空腔，实现一种应力分散 MEMS 塑封压力传感器及其制备方法。 	原始 创新 	一种应力分散 MEMS 塑封压力传感器及其制备方法。（201310727351.8） 	发明专利 	MEMS 产品 				
									
20 	在塑封体与芯片之间采用空腔，使芯片表面的敏感部位与塑封体不接触，减少封装结构对于芯片内部结构的应力影响，实现了一种带腔体的芯片封装结构及其封装方法。 	原始 创新 	一种带腔体的芯片封装结构及其封装方法。（201310727342.9） 	发明专利 					
21 	通过在半导体芯片顶面的预定义封装开口区形成至少一圈环绕封装开口区域中心的沟槽，降低溢胶对半导体封装件温度特性的不良影响，实现了一种半导体封装件及制造方法。 	原始 创新 	一种半导体封装件及制造方法。（201410228272.7） 	发明专利 					
22 	采用压力罐，提供一个恒压的调试环境，将承载多个被测试绝压传感芯片的芯片测试板，或者承载多个被校准绝压传感器模块的模块校准板，通过接口插接的方式与放置于压力罐容纳腔内的调试板座连接，实现了一种绝压传感器批量调试装置。 	原始 创新 	一种绝压传感器批量调试装置。（ZL201420254818.1） 	实用 新型 					
23 	通过自主编写计算机程序，实现计算机对温控箱，压力控制器等设备的自动控制，再结合 MEMS产品或模组批量校准装置，校准在不同温度和不同压力情况下的产品参数，并进行自动标定，实现 MEMS 全自动温度补偿校准。 	原始 创新 	- 	- 					
									
项目 	2016 年度 	2015 年度 	2014 年度 						
核心技术产品收入（万元） 	13,117.27 	9,354.87 	7,419.57 						
营业收入（万元） 	13,117.27 	9,409.04 	7,433.11 						
所占比例（%） 	100.00 	99.42 	99.82 						
									
项目 	2016 年度 	2015 年度 	2014 年度 						
研发支出（万元） 	1,504.07 	1,348.25 	1,083.28 						
占营业收入比例（%） 	11.47 	14.33 	14.57 						
									
项目 	2016.12.31 	2015.12.31 	2014.12.31 						
研发人员（人） 	50 	54 	53 						
占员工总数的比例(%) 	34.01 	44.26 	47.75 						
									
姓名 	职务 	主要研发成果 							
代啸宁 	董事长、 总经理 	主要负责MEMS压力传感器芯片及模组项目总体工艺规划及建设，无线传感器网络产品产业化项目的规划与集成项目的开发。 主持获得的主要专利：一种无线数据采集与处理方法及其系统；测温电缆、测温杆及温度监测机构；一种无线闸门设备状态监测装置等专利。 							
									
唐智斌 	董事、 副总经理 	中国仪器仪表学会仪表工艺分会第六届理事会理事，主要负责无线传感器网络核心与关键技术的研究与开发。 主持获得的主要专利：一种重传数据包的方法、装置及系统；实现同步采集的方法、无线传感器网络系统及同步装置；一种实现低功耗无线监测的装置；一种电池测试方法和装置；一种传感器等专利。 获得奖项：中冶集团颁发的中冶集团科学技术奖（三等奖）；水利部综合事业局颁发的综合事业局昆仑科技奖（二等奖）；河北省科学技术厅颁发的河北省科学技术成果证书（成果水平：国际先进）；大禹水利科学技术奖奖励委员会颁发的大禹水利科学技术奖（三等奖）；河北省人民政府颁发的河北省科学技术科技进步奖（一等奖）等。 							
徐锋 	副总经理 	主要负责公司MEMS压力传感器芯片及模组产品自动化生产线规划与建设。 获得奖项:国防科工委授予国防科技进步（三等奖）； 中国船舶重工集团科技进步（二等奖）。 							
张俊辉 	研发经理 	主要负责无线传感器网络的研究与开发。 主持获得的主要专利：唤醒无线传感器的方法、无线传感器及无线传感器系统；一种实现远程无线监测的方法及无线监测装置；一种基于无线传感器网络传输数据的方法、装置及系统等专利。 							
罗银生 	软件研发经理 	主要负责上位机应用软件开发及解决方案架构设计。 主持获得的主要专利：机动车载荷安全监测系统及方法；一种无线传感器网络节点协同工作的方法、装置及系统；一种应变采集电路系统及应变采集方法等专利。 							
									
序号 	股东名称 	与公司的关系 	持股数量（万股） 	持股比例（%） 					
1 	代啸宁 	控股股东、实际控制人 	2,010.01 	39.41 					
2 	朱红艳 	控股股东、实际控制人 	212.92 	4.18 					
3 	何蕾 	持股 5%以上的主要股东 	1,481.96 	29.06 					
4 	陈发树 	持股 5%以上的主要股东 	561.00 	11.00 					
5 	长友融智 	持股 5%以上的主要股东 	280.50 	5.50 					
									
序号 	关联方名称 	关联关系 							
1 	无锡必创传感科技有限公司 	公司全资子公司 							
2 	北京必创软件有限公司 	公司全资子公司 							
									
序号 	姓名 	职务 							
1 	代啸宁 	董事长、总经理 							
2 	何蕾 	董事 							
3 	朱红艳 	董事、副总经理 							
4 	唐智斌 	董事、副总经理 							
5 	龚道勇 	董事 							
6 	鞠盈然 	董事、财务总监 							
7 	谈大同(注 1) 	独立董事 							
8 	杨玉华 	独立董事 							
9 	苏金其 	独立董事 							
10 	常海龙（注 2） 	独立董事 							
11 	陶克非 	监事会主席 							
12 	刘晓静 	监事、证券事务代表 							
13 	朱鸿儒（注 3） 	监事 							
14 	胥英杰（注 4） 	监事 							
15 	孙艳华 	职工监事 							
16 	邓延卿 	副总经理 							
17 	沈唯真 	副总经理 							
18 	徐锋 	副总经理 							
19 	胡丹 	副总经理、董事会秘书 							
									
序号 	关联方名称 	关联关系 							
1、主要股东及其他关联股东控制或施加重大影响的，及担任董事、高级管理人员的其他公司 	1、主要股东及其他关联股东控制或施加重大影响的，及担任董事、高级管理人员的其他公司 	1、主要股东及其他关联股东控制或施加重大影响的，及担任董事、高级管理人员的其他公司 							
（1） 	新华都实业集团股份有限公司 	陈发树控制的公司 							
（2） 	厦门新华都投资管理咨询有限公司 	陈发树控制的公司 							
（3） 	新华都购物广场股份有限公司 	陈发树控制的公司 							
（4） 	新华都实业集团（上海）投资有限公司 	陈发树控制的公司 							
（5） 	福建新华都投资有限责任公司 	陈发树控制的公司 							
（6） 	福建新华都房地产开发有限公司 	陈发树控制的公司 							
（7） 	昆明德和罐头食品有限责任公司 	陈发树控制的公司 							
（8） 	福州海悦酒店物业管理有限公司 	陈发树控制的公司 							
（9） 	长沙武夷置业有限公司 	陈发树控制的公司 							
（10） 	上海新烁置业有限公司 	陈发树控制的公司 							
（11） 	湖南新华都房地产投资发展有限公司（注 1） 	陈发树控制的公司 							
（12） 	保亭半山半岛雨林地产有限公司 	陈发树控制的公司 							
（13） 	福建新华都置业有限公司 	陈发树控制的公司 							
（14） 	泉州新华都购物广场有限公司 	陈发树控制并担任董事的公司 							
（15） 	福建武夷山旅游发展股份有限公司 	陈发树施加重大影响的公司 							
（16） 	上海复医天健医疗服务产业股份有限公司 	陈发树施加重大影响的公司 							
（17） 	云南白药清逸堂实业有限公司 	陈发树施加重大影响的公司 							
（18） 	武汉神动汽车电子电器股份有限公司 	陈发树施加重大影响的公司 							
(19) 	北京优捷信达信息科技有限公司 	陈发树施加重大影响的公司 							
（20） 	成都雷电微力科技有限公司 	陈发树施加重大影响的公司 							
（21） 	北京智创联合科技股份有限公司 	陈发树施加重大影响的公司 							
（22） 	临沂市海纳电子有限公司 	陈发树施加重大影响的公司 							
（23） 	昆明清逸堂现代商务有限公司（注 2） 	陈发树施加重大影响的公司 							
（24） 	云南白药控股有限公司（注 3） 	陈发树施加重大影响的公司 							
（25） 	米卡米卡（北京）食品有限公司 	长友融智施加重大影响的公司 							
（26） 	北京博隆嘉兴科贸有限公司 	何蕾、邢文龙夫妇控制，何蕾担任监事的公司 							
（27） 	北京助创科技有限公司 	宁秀文、郝利梅夫妇控制，宁秀文担任监事、郝利梅担任执行董事及经理的公司 							
2、公司董事、监事、高级管理人员控制或施加重大影响的，及担任董事、高级管理人员的其他公司 	2、公司董事、监事、高级管理人员控制或施加重大影响的，及担任董事、高级管理人员的其他公司 	2、公司董事、监事、高级管理人员控制或施加重大影响的，及担任董事、高级管理人员的其他公司 							
（1） 	新华都实业集团（上海）投资有限公司 	龚道勇担任常务副总经理的公司 							
（2） 	北京智创联合科技股份有限公司 	龚道勇担任董事的公司 							
（3） 	成都雷电微力科技有限公司 	龚道勇担任董事的公司 							
（4） 	武汉神动汽车电子电器股份有限公司 	龚道勇担任董事的公司 							
（5） 	临沂市海纳电子有限公司 	龚道勇担任董事的公司 							
（6） 	北京优捷信达信息科技有限公司 	龚道勇担任董事的公司 							
（7） 	沃衍国际投资(香港)有限公司 	苏金其担任董事的公司 							
（8） 	沃衍国际投资环球有限公司 	苏金其担任董事的公司 							
（9） 	中联达通广（北京）新能源科技有限公司 	苏金其担任董事的公司 							
（10） 	中立元（北京）电动汽车加电科技有限公司 	苏金其担任董事的公司 							
（11） 	酒仙网电子商务股份有限公司 	苏金其担任董事的公司 							
（12） 	金果园老农（北京）食品股份有限公司（注 4） 	苏金其担任董事的公司 							
（13） 	北京合众思壮科技股份有限公司 	苏金其担任独立董事的公司 							
（14） 	北京东方雨虹防水技术股份有限公司 	苏金其担任独立董事的公司 							
（15） 	北京东方园林生态股份有限公司 	苏金其担任独立董事的公司 							
（16） 	北京同兰财务顾问有限公司 	胡丹控制的公司 							
（17） 	北京同兰会计服务有限责任公司 	胡丹共同控制的公司 							
3、其他关联自然人控制或施加重大影响的其他公司 	3、其他关联自然人控制或施加重大影响的其他公司 	3、其他关联自然人控制或施加重大影响的其他公司 							
（1） 	必创（香港）有限公司 	与朱红艳关系密切的家庭成员之朱鸿杰控制的公司（注 5） 							
（2） 	北京勤润科技有限公司 	与何蕾关系密切的家庭成员之步桂莲控制的公司 							
（3） 	成都美信达科技有限公司 	与邓延卿关系密切的家庭成员之邓平安控制的公司 							
（4） 	北京明泽汇智科技有限公司 	与胡丹关系密切的家庭成员之万斌施加重大影响的公司 							
（5） 	南京裕宝投资管理有限公司 	与胡丹关系密切的家庭成员之朱华舟共同控制的公司 							
									
年份 	交易内容 	交易金额 （不含税， 万元） 	定价方式 	占当期营业收入的比例（%） 	占当期同类型交易的比例（%）（注 1） 				
2016 年度 	阀组间及抽油机监测及智能控制系统方案 	652.58 	市场价 	4.97 	5.37 				
2015 年度 	阀组间及抽油机监测及智能控制系统方案 	409.14 	市场价 	4.35 	4.86 				
2014 年度 	阀组间及抽油机监测及智能控制系统方案 	40.94 	市场价 	0.55 	0.61 				
									
年份 	交易内容 	交易金额（不含税， 万元） 	定价方式 	占当期营业收入的比例（%） 	占当期同类型交易的比例（%） 				
2016 年度 	销售自动化生产线监测方案 	256.41 	市场价 	1.95 	2.11（注 2） 				
2016 年度 	销售自动化生产线监测方案 	188.03 	市场价 	1.43 	1.55（注 3） 				
2015 年度 	销售 MEMS 产品 	55.73 	市场价 	0.59 	5.99（注 4） 				
									
项目 	2016 年度 	2015 年度 	2014 年度 						
关键管理人员报酬 	313.18 	251.61 	201.77 						
									
担保事项 	担保权银行 	担保人 	担保金额 （万元） 	担保期间 	主合同是否履行完毕 	担保是否履行完毕 			
《小企业借款合同》（2016 年中关字 00404号）（注 1） 	中国工商银行股份有限公司北京中关村支行 	代啸宁、朱红艳 	200.00 	主合同项下的借款期限届满之次日起两年 	否 	否 			
《基本额度授信合同》（兴银京海淀小企【2016】基授字第 201604号）（注 2） 	兴业银行股份有限公司北京海淀支行 	代啸宁、朱红艳、陈发树 	3,000.00 	主合同项下的主债务履行期届满之日起两年 	否 	否 			
《授信额度协议》（2016年中南必授字 0408 号）（注 3） 	中国银行股份有限公司无锡南长支行 	代啸宁、朱红艳、徐锋 	500.00 	主合同项下的借款期限届满之次日起两年 	否 	否 			
《小企业借款合同》（2015 年中关字 00451	中国工商银行股份有限公司北京中关村支行 	代啸宁、朱红艳 	500.00 	主合同项下的借款期限届满之次日起两年 	是 	是 			
号）（注 4） 									
《基本额度授信合同》（兴银京海淀小企【2015】基授字第 201502号）（注 5） 	兴业银行股份有限公司北京海淀支行 	陈发树 	1,500.00 	主合同项下的主债务履行期届满之日起两年 	是 	是 			
									
关联方 	拆借金额（万元） 	拆借日期 	归还日期 						
朱红艳 	30.00 	2014 年 06 月 06 日 	2014 年 06 月 09 日 						
徐锋 	20.00 	2013 年 10 月 28 日 	2013 年 10 月 31 日 						
徐锋 	20.00 	2013 年 10 月 28 日 	2014 年 12 月 18 日 						
徐锋 	20.00 	2013 年 10 月 29 日 	2014 年 12 月 18 日 						
徐锋 	20.00 	2013 年 10 月 30 日 	2014 年 12 月 18 日 						
徐锋 	20.00 	2015 年 03 月 24 日 	2015 年 06 月 12 日 						
徐锋 	20.00 	2015 年 03 月 24 日 	2015 年 06 月 30 日 						
孙艳华 	19.00 	2013 年 07 月 04 日 	2014 年 12 月 22 日 						
朱鸿儒 	30.00 	2013 年 07 月 09 日 	2014 年 12 月 23 日 						
									
项目 	2016.12.31 	2016.12.31 	2015.12.31 	2015.12.31 	2014.12.31 	2014.12.31 			
项目 	金额 （万元） 	占应收账款余额的比例（%） 	金额 （万元） 	占应收账款余额的比例（%） 	金额 （万元） 	占应收账款余额的比例（%） 			
北京助创 	916.26 	11.62 	506.21 	6.65 	862.35 	13.27 			
项目 	金额 （万元） 	占应收票据余额的比例（%） 	金额 （万元） 	占应收票据余额的比例（%） 	金额 （万元） 	占应收票据余额的比例（%） 			
武汉神动 	75.00 	41.50 	- 	- 	- 	- 			
									
经常性关联交易 	经常性关联交易 	经常性关联交易 	经常性关联交易 	经常性关联交易 	经常性关联交易 	经常性关联交易 	经常性关联交易 	经常性关联交易 	
序号 	关联交易方 	交易内容 	2016 年度 	2016 年度 	2015 年度 	2015 年度 	2014 年度 	2014 年度 	
序号 	关联交易方 	交易内容 	金额 	占当期同类型交易的比例（%） 	金额 	占当期同类型交易的比例（%） 	金额 	占当期同类型交易的比例（%） 	
1 	北京助创 	公司向其销售商品 	652.58 	5.37 	409.14 	4.86 	40.94 	0.61 	
2 	武汉神动 	公司向其销售商品 	256.41（注 1） 	2.11 	55.73 	5.99 	- 	- 	
2 	武汉神动 	公司向其销售商品 	188.03（注 2） 	1.55 	55.73 	5.99 	- 	- 	
									
序号 	关联交易方 	交易内容 	金额 	金额 	金额 				
3 	关键管理人员 	公司向其发放薪酬 	313.18 	251.61 	201.77 				
偶发性关联交易 	偶发性关联交易 	偶发性关联交易 	偶发性关联交易 	偶发性关联交易 	偶发性关联交易 				
4 	代啸宁、朱红艳、陈发树 	为公司提供担保 	3,000.00 	- 	- 				
5 	代啸宁、朱红艳、徐锋 	为公司提供担保 	500.00 	- 	- 				
6 	代啸宁、朱红艳 	为公司提供担保 	200.00 	500.00 	- 				
7 	陈发树 	为公司提供担保 	- 	1,500.00 	- 				
8 	北京助创 	公司向其提供服务 	3.19 	- 	- 				
9 	朱红艳 	资金拆借 	- 	- 	30.00 				
10 	徐锋 	资金拆借 	- 	20.00 	- 				
11 	朱红艳 	公司向其转让资产 	- 	- 	209.56 				
									
报告期全部关联交易的简要汇总表中改制前未履行程序的关联交易 	1（注）、9、10 								
									
序号 	姓名 	本公司职务 	提名人 	任职期间 					
									
1 	代啸宁 	董事长、总经理 	代啸宁 	2014年8月-2017年8月 					
									
2 	朱红艳 	董事、副总经理 	朱红艳 	2014年8月-2017年8月 					
									
3 	龚道勇 	董事 	陈发树 	2014年8月-2017年8月 					
									
4 	何蕾 	董事 	何蕾 	2014年8月-2017年8月 					
									
5 	唐智斌 	董事、副总经理 	代啸宁 	2014年8月-2017年8月 					
									
6 	鞠盈然 	董事、财务总监 	代啸宁 	2014年8月-2017年8月 					
									
7 	常海龙 	独立董事 	董事会 	2016年11月-2017年8月 					
									
8 	杨玉华 	独立董事 	董事会 	2014年8月-2017年8月 					
									
9 	苏金其 	独立董事 	董事会 	2015年9月-2017年8月 					
									
