产品大类 	产品系列 	主要用途 						
建筑化学品 	聚羧酸系减水剂聚醚单体 	合成聚羧酸系减水剂，具有掺量低、减水率高、适应性广、坍落度损失小以及混凝土耐久性优异的特性，应用于高性能混凝土制造。 						
建筑化学品 	醇胺类 	生产水泥助磨剂的主要原料，应用于水泥生产中提高水泥性能、降低能耗及生产成本，并可作为生产混凝土外加剂的原料；还广泛应用于日化洗涤、金属防锈、纺织物防静电、聚合物催化剂、油品加工、眼镜加工、刹车液、防冻液等。 						
聚氨酯原料产品 	硬泡聚醚 	合成聚氨酯硬泡制品，应用于冰箱、冰柜和冷库等冷藏保温、建筑外保温、太阳能热水器、汽车保温材料等。 						
聚氨酯原料产品 	软泡聚醚 	合成聚氨酯软泡制品，应用于床垫、沙发、玩具、服装制鞋、汽车和火车等交通工具座垫等。 						
聚氨酯原料产品 	CASE 聚醚 	CASE 聚醚多元醇系以丙二醇、甘油、环氧化物合成，用于聚氨酯弹性体、粘合剂、涂料、防水涂料、化学灌浆材料、鞋底浆						
								
料等。 								
聚合物多元醇以聚醚多元醇、丙烯腈、苯乙烯等合成，适用于制备高回弹软质聚氨酯泡沫塑料、高硬度软泡、自结皮软泡、冷模塑等，下游普遍广泛应用于汽车、高级家私、运动器材、鞋材、玩具等领域。 								
高活性软泡聚醚多元醇系以甘油、环氧化物等合成，适用于制备高回弹聚氨酯泡沫塑料，如汽车、火车、飞机、摩托车、电瓶车、自行车等的坐垫、汽车方向盘、仪表盘等。 								
广泛用于日化、工业清洗、纺织、医药、农药、原油开采、橡胶等行业。 								
								
POP 聚醚 								
高活性聚醚 								
脂肪醇聚氧乙烯、聚氧丙烯醚、聚乙二醇等其他系列 								
								
部门或组织 	简介 	主要职责 						
中国水泥协会水泥助磨剂分会 	成立于 2007 年，是由从事水泥助磨剂原料、科研、生产制造、使用单位及服务领域的独立法人单位自愿组成的全国性社团组织 	宣传、贯彻党和国家节能减排方针、政策，开展行业基本情况调查，向政府部门提出水泥助磨剂技术进步、发展规划及技术、经济、政策和经济法规等方面的建议，并参与有关活动；推动水泥助磨剂产品的安全、节能、环保的科技进步；参与和组织涉及水泥助磨剂产品的有关国家标准的修订工作；为会员提供及时、准确的行业政策、技术发展动态和市场信息；组织国内、国际学术、技术交流；推广水泥助磨剂新技术、新产品。 						
中国建筑材料联	成立于 1986 年，是由全国	每两年开展一次行业基本情况调查，及时向政府						
部门或组织 	简介 	主要职责 						
合会混凝土外加剂分会 	混凝土外加剂生产企业、科研、设计、高校、工程应用单位及相关的社会团体和个人自愿联合组成的行业组织 	领导部门和中国建材联合会反应本行业的问题和意见，并通过制定、贯彻行业标准、规范、行规、行约来加强行业管理；向有关部门提出行业技术进展和发展规划以及技术、经济政策和经济法规等方面建议；加强行业间及行业内的技术、经济合作，协调产销和竞争中出现的问题等。 						
中国聚氨酯工业协会 	成立于 1994 年，下设异氰酸酯、聚醚、泡沫、弹性体、涂料、革鞋用树脂六个专业委员会 	反映会员单位的愿望和要求，维护会员单位的合法权益，协助政府部门对聚氨酯行业进行管理，在政府与企业之间发挥桥梁和纽带作用；为企业、行业和政府决策服务，促进企业之间的横向联系、协作，组织行业信息交流和技术交流活动，积极发展与国外同行业组织的业务联系，开展经济技术等方面的合作与交流活动。 						
								
序号 	主要政策法规 	发布单位 	实施/修订日期 					
1 	中华人民共和国产品质量法 	全国人大 	2009.08.27 					
2 	中华人民共和国监控化学品管理条例 	国务院 	2011.01.08 					
3 	危险化学品登记管理办法 	国家安监总局 	2012.08.01 					
4 	危险化学品安全管理条例 	国务院 	2013.12.07 					
5 	中华人民共和国安全生产法 	全国人大 	2014.08.31 					
6 	中华人民共和国环境保护法 	全国人大 	2015.01.01 					
7 	职业健康检查管理办法 	国家卫计委 	2015.05.01 					
8 	危险化学品经营许可证管理办法 	国家安监总局 	2015.05.27 					
9 	危险化学品生产企业安全生产许可证实施管理办法 	国家安监总局 	2015.05.27 					
								
文件名称 	重点内容 	颁发机构 	时间 					
国家中长期科学和技术发展规划纲要（2006－2020年） 	指出要重点研究开发满足国民经济基础产业发展需求的高性能复合材料及大型、超大型复合结构部件的制备技术，高性能工程塑料，轻质高强金属和无机非金属结构材料，高纯材料，稀土材料，石油化工、精细化工及催化、分离材料，轻纺材料及应用技术，具有环保和健康功能的绿色材料 	国务院 	2006 年 					
“十一五”化学工业科技发展纲要 	提出将精细化工列为“十一五”期间优先发展的六大领域之一，并将表面活性剂等精细化工产品列为“十一五”精细化工技术开发和产业化的重点 	中国石油和化学工业协会 	2006 年 					
农产品冷链物流发展规划 	指出要加快冷链物流基础设施建设，以促进农民持续增收和保障消费安全；提出到 2015 年，推动全社会通过改造、扩建和新建，增加冷库库容1,000 万吨，并争取全社会新增冷藏运输车 4 万辆。冷链物流的发展，将拉动聚氨酯行业需求增长 	国家发改委 	2010 年 					
石油和化学工业“十二五”发展指南 	指出要大力发展化工新材料、高端专用化学品、新能源、生物化工、节能环保等新兴产业；同时，还提出要加快聚氨酯在国民经济各领域的推广应用，尤其是节能保温方面的应用 	中国石油和化学工业联合会 	2011 年 					
石化和化学工业“十二五”发展规划 	提出进一步提高聚氨酯及中间体、高性能纤维、功能高分子材料及复合材料、新型专用化学品等高端产品国内保障能力 	工业和信息化部 	2011 年 					
《产业结构调整指导目录（2011年本）》修正版 	将聚醚改性型硅油、新型墙体和屋面材料、绝热隔音材料、新型建筑防水和密封材料、环保型表面活性剂的开发与生产等列为国家鼓励类产业 	国家发改委 	2013 年 					
《中国制造2025》 	瞄准新一代信息技术、高端装备、新材料、生物医药等战略重点，引导社会各类资源集聚，推动优势和战略产业快速发展。该文件提出加快制造业绿色改造升级，将功能性高分子材料列为发展重点 	国务院 	2015 年 					
《石化和化学工业发展规划（2016-2020 年）》 	明确了八项主要任务，即实施创新驱动战略、促进传统行业转型升级、发展化工新材料、促进两化深度融合、强化危化品安全管理、规范化工园区建设、推进重大项目建设、扩大国际合作，并以十项重大工程（重点领域）作为规划实施的抓手 	工业和信息化部 	2016 年 					
								
通用化学品 代表产品有： 化肥、硫酸、烧碱和通用塑料 	拟通用化学品 代表产品有： 炭黑、火药和合成纤维 							
								
精细化学品 代表产品有： 染料、颜料、医药和农药的原药 	专用化学品 代表产品有： 医药制剂、农药制剂、感光材料 							
								
竞争领域 	公司名称 	公司简介 						
建筑化学品 	奥克股份 	奥克股份（股票代码：300082），其主要产品为聚醚单体产品（聚乙二醇单甲醚、甲基烯基聚氧乙烯、烯丙基聚氧乙烯醚）、晶硅切割液系列产品和聚乙二醇系列产品。 						
建筑化学品 	皇马科技 	皇马科技成立于 2003 年，位于浙江省上虞市；是目前国内生产规模较大、品种较全的表面活性剂生产企业，形成了聚羧酸减水剂用高分子聚醚板块、有机硅新材料改性用高性能聚醚板块、印染助剂用表面活性剂板块、农化助剂板块等 10 大板块 1,200 多个产品。 						
建筑化学品 	科隆精化 	科隆精化（股票代码：300405），经过多年发展已经形成了以聚羧酸系减水剂为主导，太阳能切削液、苯醚系列产品、纺织印染助剂、SCR 新型脱硝催化剂、聚酯弹性体、多功能整理剂、涂料助剂、建材助剂产品等为补充的完善的产品线体系。 						
建筑化学品 	联泓集团有限公司 	联泓集团有限公司成立于 2012 年 11 月，以精细化工和化工新材料为主要发展方向，致力于打造行业内有规模、有影响力、有综合竞争力的化工产业集群。主要产品为非离子表面活性剂、聚醚以及封端产品等。 						
建筑化学品 	红宝丽 	红宝丽为 A 股上市公司，主要生产组合聚醚、单体聚醚、异丙醇胺、硬泡聚氨酯外墙保温板材。 						
建筑化学品 	嘉兴金燕化工有限公司 	嘉兴金燕化工有限公司是一家中外合资企业，位于浙江省嘉兴市，专业从事醇胺系列产品的生产和销售，主要有乙醇胺、甲基乙醇胺和异丙醇胺三大系列产品。 						
建筑化学品 	湖北仙粼化工有限公司 	湖北仙粼化工有限公司位于湖北省仙桃市，是一家从事化工原料、化学肥料和精细化学品等综合研发、生产和销售的高新技术企业，主要产品为硫酸、乙醇胺、乙烯						
								
亚胺和甲乙酮肟等系列产品。 								
乐天化学（嘉兴）有限公司位于嘉兴的外商独资化工企业，其主要有一乙醇胺、二乙醇胺、三乙醇胺等产品。 								
2016 年 6 月，中国石油化工股份有限公司上海高桥分公司进行重组，设立了中国石化上海高桥石油化工有限公司，并于当月正式全面投入运营，主要产品包括聚氨酯原料产品等精细化工品。 								
山东蓝星东大化工有限责任公司成立于 1958 年，是国家大型企业，隶属于中国化工集团下属的中国蓝星（集团）股份有限公司新材料板块，其主要产品包括特种品种聚醚，粘合剂用聚醚，防水材料用聚醚，皮革涂饰剂用聚醚等多种聚醚产品。 								
句容宁武新材料股份有限公司成立于 2001 年，是一家以生产聚氨酯聚醚为主的高新技术企业，拥有甘油聚醚系列、高活性聚醚系列、甲苯二胺聚醚系列、山梨醇聚醚系列、乙二胺聚醚系列等 11 个系列的产品。 								
隆华新材（股票代码：839122）为新三板挂牌企业，主要生产聚醚多元醇系列产品、聚合物多元醇系列产品，包括普通软泡聚醚多元醇、高活性软泡聚醚多元醇、CASE 用聚醚多元醇、通聚合物多元醇及高活性聚合物多元醇等。 								
壳牌化学作为世界领先的能源和化工公司，主要提供天然气、液化天然气和高质量的油品，在精细化工方面，主要生产聚氨酯原料产品。 								
陶氏化学是一家全球知名的化学公司，为各消费市场提供各类产品，包括涂料和基础设施、基础塑料、基础化学品、聚氨酯原料产品、个人护理产品，涉及建筑、家居和汽车等众多领域。 								
皇马科技是目前国内生产规模较大、品种较全的表面活性剂生产企业，形成了聚羧酸减水剂用高分子聚醚板块、有机硅新材料改性用高新更聚醚板块、印染助剂用表面活性剂板块、农化助剂板块等 10 大板块 1,200 多个产品。 								
江苏钟山化工有限公司前身是中国石化集团金陵石化公司化工二厂，始建于 1954 年，以生产多种表面活性剂、聚醚多元醇为主的大型精细化工企业，也是我国大型农用乳化剂生产企业之一。主要生产农用助剂、聚醚、纺织助剂、特种化学品等系列 1,000 多种产品。 								
赢创工业集团作为一家特种化工企业，是全球第一家使用生物技术批量生产高品质表面活性剂的企业。开发并推广槐糖酯、鼠李糖酯等生物表面活性剂。赢创主要提供基于硅氧烷及有机表面活性剂的农业化学品。 								
科莱恩是全球领先的特种化学品公司，提供多种类表面活性剂，主要为阴离子和阳离子表面活性剂及漂白激活剂。主要生产个人护理、农药、涂料、亮漆等产品。 								
								
乐天化学（嘉兴）有限公司 								
中国石化上海高桥石油化工有限公司 								
山东蓝星东大化工有限责任公司 								
句容宁武新材料股份有限公司 								
隆华新材 								
壳牌化学 								
陶氏化学 								
皇马科技 								
江苏钟山化工有限公司 								
赢创 								
科莱恩 								
								
聚氨酯原料产品 								
表面活性剂 								
								
索尔维 	索尔维是全球首屈一指的温和性表面活性剂生产商，在两性表面活性剂和磷酸酯阴离子表面活性剂领域占据领先地位，供应完整系列的表面活性剂化工产品，如：日化、工业清洗、农化等产品。 							
								
专利类型 	阶段 	专利名称 	专利号 					
发明专利 	获批 	1、一种聚醚多元醇的制备方法 	ZL 2005 1 0046581.3 					
发明专利 	获批 	2、一种生产三乙醇胺产品的方法 	ZL 2004 1 0020463.0 					
发明专利 	获批 	2、一种生产三乙醇胺产品的方法 	ZL 2004 1 0020463.0 					
发明专利 	获批 	3、一种链烷醇胺的生产工艺 	ZL 2009 1 0010144.4 					
发明专利 	获批 	4、一种制备链烷醇胺的方法 	ZL 2009 1 0010143.X 					
发明专利 	获批 	5、一种聚合物多元醇分散稳定剂的制备方法 	ZL 2010 1 0600732.6 					
发明专利 	获批 	5、一种聚合物多元醇分散稳定剂的制备方法 	ZL 2010 1 0600732.6 					
发明专利 	获批 	6、一种低温喷涂组合料及其制备方法和应用 	ZL 2010 1 0600718.6 					
发明专利 	获批 	7、一种制备聚醚多元醇的方法 	ZL 2011 1 0020190.X 					
发明专利 	获批 	8、一种合成高效聚羧酸减水剂用单体聚醚的制备方法 	ZL 2013 1 0043767.8 					
发明专利 	获批 	8、一种合成高效聚羧酸减水剂用单体聚醚的制备方法 	ZL 2013 1 0043767.8 					
实用新型 	获批 	9、一种雾化喷嘴 	ZL 2014 2 0317230.6 					
								
项目 	循环雾化法 	联产法（三乙醇胺） 	普通间歇法 （三异丙醇胺） 					
产品专一性 	专一合成三乙醇胺、三异丙醇胺产品。 	联产生成一乙醇胺、二乙醇胺、三乙醇胺等的混合物，再经后处理精	采用普通的搅拌釜式间歇生产三异丙醇胺，副产物较多。 					
项目 	循环雾化法 	联产法（三乙醇胺） 	普通间歇法 （三异丙醇胺） 					
馏分离出各个产品。 								
蒸汽消耗多，能耗高；设备复杂，运行和维护费用较高。 	蒸汽消耗多，能耗高；设备运行和维护费用较低。 							
1、高温、高压反应，危险性较大。 2、过量的氨回收使用，原材料利用率接近100%。 	设备密封保障性差，反应物泄漏风险高，原材料利用率相对较低。 							
工艺复杂。 	技术含量较低。 							
不能单一生产，还要考虑一乙醇胺、二乙醇胺的销售平衡。 	效率较低。 							
								
能耗 	蒸汽消耗少，能耗低；设备运行和维护费用较低。 							
安全环保性 	1、反应温度最低可达 20摄氏度，反应压力最低可达常压，安全性好。 2、氨回收量较小，原材料利用率接近 100%。 							
技术含量 	三乙醇胺生产中采用了选择性催化控制技术，技术含量高。 							
生产效率及灵活性 	效率高，无其它联产产品。 							
								
产品大类 	产品系列 	主要用途 						
建筑化学品 	聚羧酸系减水剂聚醚单体 	合成聚羧酸系减水剂，应用于高性能混凝土制造。 						
建筑化学品 	醇胺类 	制备水泥助磨剂的主要成分，应用于水泥生产中提高水泥性能，并可作为混凝土外加剂；还广泛应用于日化洗涤、金属防锈、纺织物防静电、聚合物催化剂、油品加工、眼镜加工、刹车液、防冻液等。 						
聚氨酯原料产品 	硬泡聚醚 	合成聚氨酯硬泡制品，应用于冰箱、冰柜和冷库等冷藏保温、建筑外保温、太阳能热水器、汽车保温材料等。 						
聚氨酯原料产品 	软泡聚醚 	合成聚氨酯软泡制品，应用于床垫、沙发、玩具、服装制鞋、汽车和火车等交通工具座垫等。 						
聚氨酯原料产品 	CASE 聚醚 	CASE 聚醚多元醇系以丙二醇、甘油、环氧化物合成，用于聚氨酯弹性体、粘合剂、涂料、防水涂料、化学灌浆材料、鞋底浆料等。 						
聚氨酯原料产品 	POP 聚醚 	聚合物多元醇以聚醚多元醇、丙烯腈、苯乙烯等合成，适用于制备高回弹软质聚氨酯泡沫塑料、高硬度软泡、自结皮软泡、冷模塑等，下游普遍广泛应用于汽车、高级家私、运动器材、鞋材、玩具等领域。 						
聚氨酯原料产品 	高活性聚醚 	高活性软泡聚醚多元醇系以甘油、环氧化物等合成，适用于制备高回弹聚氨酯泡沫塑料，如汽车、火车、飞机、摩托车、电瓶车、自行车等坐垫、汽车方向盘、仪表盘等。 						
表面活性剂 	脂肪醇聚氧乙烯、聚氧丙烯醚、聚乙二醇等其他系列 	广泛用于日化、工业清洗、纺织、医药、农药、原油开采、橡胶等行业。 						
								
产品 	项目 	2016 年度 	2015 年度 	2014 年度 				
产品 	项目 	2016 年度 	2015 年度 	2014 年度 				
建筑化学品 	销量 	16.29     	  18.81   	  21.75   				
建筑化学品 	产量 	  16.49   	  18.68   	  21.93   				
建筑化学品 	产销率 	98.81% 	100.66% 	99.16% 				
聚氨酯原料产品 	销量 	  9.48   	  7.84   	  10.31   				
聚氨酯原料产品 	产量 	              10.14   	                7.94   	              10.39   				
聚氨酯原料产品 	产销率 	93.44% 	98.63% 	99.21% 				
表面活性剂 	销量 	  3.32   	  2.75   	  0.70   				
表面活性剂 	产量 	                3.38   	2.86   	                0.69   				
表面活性剂 	产销率 	98.48% 	96.04% 	101.45% 				
								
项目 	2016 年度 	2015 年度 	2014 年度 					
产量 	30.01 	29.49 	33.01 					
产能 	37.46 	36.63 	34.05 					
产能利用率 	80.10% 	80.51% 	96.95% 					
								
产品 	项目 	2016 年度 	2015 年度 	2014 年度 				
建筑化学品 	销售金额 	135,553.63     	148,783.57   	218,309.27   				
建筑化学品 	销售数量 	    16.29     	  18.81   	  21.75   				
建筑化学品 	销售均价（元/吨） 	8,320.68     	7,910.50   	10,038.33   				
聚氨酯原料产品 	销售金额 	82,840.12   	76,409.36   	124,768.26   				
产品 	项目 	2016 年度 	2015 年度 	2014 年度 				
销售数量 	  9.48   	  7.84   	  10.31   					
销售均价（元/吨） 	8,739.20   	9,751.96   	12,100.84   					
销售金额 	18,293.88   	14,376.17   	7,817.03   					
销售数量 	  3.32   	  2.75   	  0.70   					
销售均价（元/吨） 	5,503.36   	5,232.01   	11,171.60   					
								
年度 	序号 	客户名称 	销售金额（万元） 	占比 				
2016 年度 	1 	基仕伯集团 	18,614.84     	7.60% 				
2016 年度 	2 	巴斯夫集团 	14,191.27   	5.79% 				
2016 年度 	3 	PEIK FOAM CO. 	6,048.77   	2.47% 				
2016 年度 	4 	CHIYOWA TSUSHO CORP.,LTD 	3,325.54   	1.36% 				
2016 年度 	5 	上海聚尚国际贸易有限公司 	3,155.81   	1.29% 				
2016 年度 	合计 	合计 	45,336.22     	18.51% 				
2015 年度 	1 	格雷斯集团 	13,705.79   	5.52% 				
2015 年度 	2 	巴斯夫集团 	9,500.09   	3.83% 				
2015 年度 	3 	浙江五龙新材股份有限公司 	3,909.98   	1.57% 				
2015 年度 	4 	MIDDLE EAST FZE 客户群 	3,735.64   	1.50% 				
2015 年度 	5 	烟台市顺达客户群 	 3,063.51   	1.23% 				
2015 年度 	合计 	合计 	 33,915.00   	13.66% 				
2014 年度 	1 	格雷斯集团 	15,029.33   	4.15% 				
2014 年度 	2 	浙江五龙新材股份有限公司 	6,205.77   	1.72% 				
2014 年度 	3 	NORTEX 客户群 	6,084.33   	1.68% 				
2014 年度 	4 	广州市华力新客户群 	5,440.79   	1.50% 				
2014 年度 	5 	BAALBAKI 客户群 	5,257.09   	1.45% 				
2014 年度 	合计 	合计 	38,017.32   	10.51% 				
								
原材料 	项目 	2016 年度 	2015 年度 	2014 年度 				
环氧乙烷 	采购量（万吨） 	15.08 	16.07 	17.46 				
环氧乙烷 	采购金额（万元） 	107,246.17 	107,962.66 	155,423.46 				
环氧乙烷 	占采购总额比重 	50.42% 	51.01% 	48.51% 				
环氧丙烷 	采购量（万吨） 	8.79 	7.50 	9.90 				
环氧丙烷 	采购金额（万元） 	67,164.43 	67,434.32 	112,305.36 				
环氧丙烷 	占采购总额比重 	31.57% 	31.86% 	35.05% 				
								
原材料 	项目 	2016 年度 	2015 年度 	2014 年度 				
环氧乙烷 	采购均价（万元/吨） 	  0.71   	  0.67   	  0.89   				
环氧丙烷 	采购均价（万元/吨） 	  0.76   	  0.90   	  1.13   				
								
能源 	项目 	2016 年度 	2015 年度 	2014 年度 				
电 	耗用量（千瓦时） 	29,818,267.56   	29,359,226.61   	31,102,569.68   				
电 	金额（万元） 	2,010.46   	2,000.95   	2,121.96   				
								
年度 	供应商名称 	采购金额（万元） 	占比 					
2016 年度 	中石化集团 	    54,652.15     	25.69% 					
2016 年度 	利安德集团 	   28,939.77     	13.60% 					
2016 年度 	中石油集团   	 23,769.59   	11.17% 					
								
三江集团 	  20,529.61   	9.65% 						
滨化集团 	  18,855.06   	8.86% 						
合计 	    146,746.19     	68.98% 						
中石化集团 	    62,660.67     	29.61% 						
利安德集团 	  32,524.05   	15.37% 						
中石油集团 	19,009.88     	8.98% 						
滨化集团 	    18,030.05     	8.52% 						
三江集团 	  17,783.71   	8.40% 						
合计 	  150,008.36   	70.88% 						
中石化集团 	94,908.30     	29.62% 						
利安德集团 	46,858.97     	14.63% 						
滨化集团 	28,956.68     	9.04% 						
三江集团 	  26,103.33   	8.15% 						
中石油集团 	23,343.87     	7.29% 						
合计 	  220,171.16   	68.72% 						
								
2015 年度 								
2014 年度 								
								
类别 	账面原值 	累计折旧 	减值准备 	账面价值 				
房屋及建筑物 	22,984.44 	3,183.22 	22.41 	19,778.81 				
机器设备 	37,260.57 	11,201.14 	-- 	26,059.43 				
运输设备 	687.92 	547.23 	-- 	140.69 				
通用设备 	1,289.85   	805.94   	-- 	483.91 				
类别 	账面原值 	累计折旧 	减值准备 	账面价值 				
小计 	62,222.78   	15,737.53   	22.41 	46,462.84 				
								
 	所属公司 	设备名称 	数量 	原值 	净值 	成新率 		
1 	佳化化学 	研发设备自动化系统 	1 	368.16 	333.19 	90.50% 		
2 	佳化化学 	60 立方米反应釜装置 	1 	203.86 	10.19 	5.00% 		
3 	佳化化学 	配电系统 	1 	181.05 	163.85 	90.50% 		
4 	佳化化学 	60 立方米反应釜装置 	1 	116.33 	99.75 	85.75% 		
5 	滨州佳化 	丙烷储罐 	1 	  509.04 	412.50   	81.04% 		
6 	滨州佳化 	反应釜 	1 	  444.10 	233.46   	52.57% 		
7 	滨州佳化 	反应釜 	1 	  397.08 	208.75   	52.57% 		
8 	滨州佳化 	反应釜 	1 	  292.67 	153.86   	52.57% 		
9 	滨州佳化 	反应釜 	1 	  253.88 	133.46   	52.57% 		
10 	滨州佳化 	POP 混合釜 	1 	  239.08 	125.68   	52.57% 		
11 	滨州佳化 	配电系统 	1 	  231.14 	121.73   	52.66% 		
12 	滨州佳化 	反应釜 	1 	  200.08 	200.08   	100.00% 		
13 	滨州佳化 	中和釜 	1 	197.85 	104.01 	52.57% 		
14 	滨州佳化 	中和釜 	1 	194.16 	102.08 	52.57% 		
15 	滨州佳化 	厌氧罐 	1 	175.01 	158.62 	90.63% 		
16 	滨州佳化 	POP 混合釜 	1 	154.97 	81.47 	52.57% 		
17 	滨州佳化 	蒸馏釜 	1 	143.25 	75.31 	52.57% 		
18 	滨州佳化 	反应釜 	1 	117.55 	61.71 	52.50% 		
19 	滨州佳化 	反应釜 	1 	115.27 	60.60 	52.57% 		
20 	滨州佳化 	水剂储罐 	1 	114.15 	114.15 	100.00% 		
21 	滨州佳化 	PO 原料储罐 	1 	114.04 	60.25 	52.83% 		
22 	滨州佳化 	质量流量计 	1 	101.80 	53.44 	52.50% 		
23 	滨州佳化 	变压吸附制氮设备 	1 	100.85 	52.95 	52.50% 		
 	所属公司 	设备名称 	数量 	原值 	净值 	成新率 		
24 	上海抚佳 	反应釜 	10 	1,344.09 	1,278.90 	95.15% 		
25 	上海抚佳 	2000 立方米环氧丙烷球罐 	2 	609.46 	579.91 	95.15% 		
26 	上海抚佳 	配电系统 	1 	490.07 	466.30 	95.15% 		
27 	上海抚佳 	全自动包装机 	1 	439.19 	417.89 	95.15% 		
28 	上海抚佳 	硬泡反应釜 	2 	366.60 	348.82 	95.15% 		
29 	上海抚佳 	软泡中和釜 	2 	344.06 	327.38 	95.15% 		
30 	上海抚佳 	软泡反应釜 	2 	343.40 	326.74 	95.15% 		
31 	上海抚佳 	硬泡反应釜 	2 	303.29 	288.58 	95.15% 		
32 	上海抚佳 	聚合反应釜 	1 	276.15 	88.64 	32.10% 		
33 	上海抚佳 	配电系统 	1 	273.73 	119.01 	43.48% 		
34 	上海抚佳 	80 立方米 LP 釜 	1 	204.18 	194.28 	95.15% 		
35 	上海抚佳 	聚合反应釜 	1 	164.47 	52.79 	32.10% 		
36 	上海抚佳 	废水处理设备 	1 	164.26 	156.29 	95.15% 		
37 	上海抚佳 	带搅拌反应釜 	1 	155.14 	34.75 	22.40% 		
38 	上海抚佳 	立式反应釜 	1 	154.85 	101.07 	65.27% 		
39 	上海抚佳 	DCS 系统 	1 	154.13 	146.66 	95.15% 		
40 	上海抚佳 	SIS 系统 	1 	152.47 	145.08 	95.15% 		
41 	上海抚佳 	CAS 全自动包装机 	1 	143.59 	101.81 	70.90% 		
42 	上海抚佳 	不带搅拌反应釜 	1 	140.50 	31.47 	22.40% 		
43 	上海抚佳 	立式反应釜 	1 	134.31 	93.09 	69.31% 		
44 	上海抚佳 	研发高压发泡机 	1 	129.07 	116.55 	90.30% 		
45 	上海抚佳 	硬泡反应釜 	1 	107.06 	101.87 	95.15% 		
46 	上海抚佳 	反应釜 	1 	104.14 	45.28 	43.48% 		
47 	上海抚佳 	反应釜 	1 	102.98 	44.77 	43.48% 		
48 	上海抚佳 	软泡反应釜 	1 	102.75 	97.77 	95.15% 		
49 	上海抚佳 	电力设备 	1 	102.75 	23.02 	22.40% 		
50 	上海抚佳 	高压配电设备 	1 	100.17 	67.77 	67.65% 		
51 	茂名佳化 	管道设备 	1 	396.36 	246.06 	62.08% 		
52 	茂名佳化 	配电系统 	1 	389.56 	241.85 	62.08% 		
53 	茂名佳化 	50 立方米反应釜 	2 	211.75 	131.89 	62.28% 		
54 	茂名佳化 	消防系统 	1 	172.31 	107.02 	62.11% 		
55 	茂名佳化 	用水系统 	1 	123.06 	76.48 	62.11% 		
								
序号 	产权证号 	面积（平米） 	地点 	取得时间 	取得时间 	所有权人 		
1 	村房字第04030600079 号 	2,180.50 	抚顺市顺城区河北乡东华村 	2010-3-8 	2010-3-8 	佳化化学 		
2 	房字第 008122 号 	1,522.36 	抚顺市顺城区河北乡东沟村 	2003-2-24 	2003-2-24 	佳化化学 		
3 	房字第 008125 号 	585.52 	抚顺市顺城区河北乡东沟村 	2003-2-24 	2003-2-24 	佳化化学 		
4 	房字第 0026093 号 	548.88 	抚顺市顺城区河北乡东沟村 	2003-2-24 	2003-2-24 	佳化化学 		
5 	村房字第04030600083 号 	511.95 	抚顺市顺城区河北乡东华村 	2010-9-17 	2010-9-17 	佳化化学 		
6 	房字第 008123-1 号 	499.71 	抚顺市顺城区河北乡东沟村 	2003-2-24 	2003-2-24 	佳化化学 		
7 	房字第 008123 号 	389.88 	抚顺市顺城区河北乡东沟村 	2003-2-24 	2003-2-24 	佳化化学 		
8 	房字第 004799 号 	369.12 	抚顺市顺城区河北乡东沟村 	- 	- 	佳化化学 		
9 	房字第 008127 号 	353.25 	抚顺市顺城区河北乡东沟村 	2003-2-24 	2003-2-24 	佳化化学 		
10 	房字第 94-117 号 	313.04 	抚顺市顺城区河北乡东沟村 	2003-2-24 	2003-2-24 	佳化化学 		
11 	房字第 94-116 号 	240.87 	抚顺市顺城区河北乡东沟村 	2003-2-24 	2003-2-24 	佳化化学 		
12 	房字第 0026242 号 	227.11 	抚顺市顺城区河北乡东沟村 	2003-2-24 	2003-2-24 	佳化化学 		
13 	房字第 008123-3 号 	223.46 	抚顺市顺城区河北乡东沟村 	2003-2-24 	2003-2-24 	佳化化学 		
14 	村房字第04030600084 号 	220.00 	抚顺市顺城区河北乡东华村 	2010-9-17 	2010-9-17 	佳化化学 		
15 	房字第 008128 号 	172.10 	抚顺市顺城区河北乡东沟村 	2003-2-24 	2003-2-24 	佳化化学 		
16 	房字第 008123-2 号 	167.80 	抚顺市顺城区河北乡东沟村 	2003-2-24 	2003-2-24 	佳化化学 		
17 	村房字第04030600082 号 	88.68 	抚顺市顺城区河北乡东华村 	2010-9-17 	2010-9-17 	佳化化学 		
18 	房字第 94-120 号 	84.83 	抚顺市顺城区河北乡东沟村 	2003-2-24 	2003-2-24 	佳化化学 		
19 	房字第 0026262 号 	83.92 	抚顺市顺城区河北乡东沟村 	2003-2-24 	2003-2-24 	佳化化学 		
20 	村房字第04030600081 号 	80.90 	抚顺市顺城区河北乡东华村 	2010-9-17 	2010-9-17 	佳化化学 		
序号 	产权证号 	面积（平米） 	地点 	取得时间 	取得时间 	所有权人 		
21 	房字第 0026263 号 	64.40 	抚顺市顺城区河北乡东沟村 	- 	- 	佳化化学 		
22 	房字第 0026095 号 	62.83 	抚顺市顺城区河北乡东沟村 	2003-2-24 	2003-2-24 	佳化化学 		
23 	房字第 94-122 号 	46.00 	抚顺市顺城区河北乡东沟村 	2003-2-24 	2003-2-24 	佳化化学 		
24 	房字第 0026339 号 	66.08 	抚顺市顺城区河北乡东沟村 	2003-2-24 	2003-2-24 	佳化化学 		
25 	房字第 0026094 号 	64.69 	抚顺市顺城区河北乡东沟村 	2003-2-24 	2003-2-24 	佳化化学 		
26 	房字第 0026243 号 	49.46 	抚顺市顺城区河北乡东沟村 	2003-2-24 	2003-2-24 	佳化化学 		
27 	村房字第04030600080 号 	43.78 	抚顺市顺城区河北乡东华村 	2010-9-17 	2010-9-17 	佳化化学 		
28 	房字第 94-119 号 	42.27 	抚顺市顺城区河北乡东沟村 	2003-2-24 	2003-2-24 	佳化化学 		
29 	房字第 0026266 号 	30.60 	抚顺市顺城区河北乡东沟村 	2003-2-24 	2003-2-24 	佳化化学 		
30 	高湾字第G1109111302 号 	68.02 	抚顺开发区高湾街金顺花园8#-4-603 	2011-9-21 	2011-9-21 	佳化化学 		
31 	高湾字第G1109111303 号 	68.14 	抚顺开发区高湾街金顺花园8#-2-601 	2011-9-21 	2011-9-21 	佳化化学 		
32 	高湾字第G1109111304 号 	68.86 	抚顺开发区高湾街金顺花园8#-3-601 	2011-9-21 	2011-9-21 	佳化化学 		
33 	沪房地金字（2014）第 014195 号 	3,149.64 	上海市金山区金山卫镇海金路258 号 	2011-6-22 	2011-6-22 	上海抚佳 		
34 	沪房地金字（2014）第 014195 号 	2,784.46 	上海市金山区金山卫镇海金路258 号 	2011-6-22 	2011-6-22 	上海抚佳 		
35 	沪房地金字（2014）第 014195 号 	2,080.48 	上海市金山区金山卫镇海金路258 号 	2011-6-22 	2011-6-22 	上海抚佳 		
36 	沪房地金字（2014）第 014195 号 	1,694.51 	上海市金山区金山卫镇海金路258 号 	2011-6-22 	2011-6-22 	上海抚佳 		
37 	沪房地金字（2014）第 014195 号 	1,126.69 	上海市金山区金山卫镇海金路258 号 	2011-6-22 	2011-6-22 	上海抚佳 		
38 	沪房地金字（2014）第 014195 号 	870.47 	上海市金山区金山卫镇海金路258 号 	2011-6-22 	2011-6-22 	上海抚佳 		
39 	沪房地金字（2014）第 014195 号 	224.72 	上海市金山区金山卫镇海金路258 号 	2011-6-22 	2011-6-22 	上海抚佳 		
40 	沪房地金字（2014）第 014195 号 	57.09 	上海市金山区金山卫镇海金路258 号 	2011-6-22 	2011-6-22 	上海抚佳 		
41 	沪房地金字（2014）第 014195 号 	17.69 	上海市金山区金山卫镇海金路258 号 	2011-6-22 	2011-6-22 	上海抚佳 		
42 	沪房地金字（2016）第 012764 号 	1,869.34 	上海市金山区金山卫镇海金路168 号 	2016-7-5 	2016-7-5 	上海抚佳 		
	沪房地金字（2016）第 012764 号 		上海市金山区金山卫镇海金路168 号 	2016-7-5 	2016-7-5 	上海抚佳 		
43 	沪房地金字（2016）第 012764 号 	920.51 	上海市金山区金山卫镇海金路168 号 	2016-7-5 	2016-7-5 	上海抚佳 		
	沪房地金字（2016）第 012764 号 		上海市金山区金山卫镇海金路168 号 	2016-7-5 	2016-7-5 	上海抚佳 		
44 	沪房地金字（2016）第 012764 号 	43.22 	上海市金山区金山卫镇海金路168 号 	2016-7-5 	2016-7-5 	上海抚佳 		
	沪房地金字（2016）第 012764 号 		上海市金山区金山卫镇海金路168 号 	2016-7-5 	2016-7-5 	上海抚佳 		
45 	沪房地金字（2016）第 012764 号 	31.27 	上海市金山区金山卫镇海金路168 号 	2016-7-5 	2016-7-5 	上海抚佳 		
46 	沪（2017）金字不动	72.92 	上海市金山区金	2017-5-4 	2017-5-4 	上海抚佳 		
序号 	产权证号 	面积（平米） 	地点 	取得时间 	取得时间 	所有权人 		
47 	产权第 009471 号 	2,877.35 	山卫镇海金路355 号 					
48 	产权第 009471 号 	4,330.13 	山卫镇海金路355 号 					
49 	产权第 009471 号 	4,823.13 	山卫镇海金路355 号 					
50 	产权第 009471 号 	749.09 	山卫镇海金路355 号 					
51 	产权第 009471 号 	7,831.36 	山卫镇海金路355 号 					
52 	产权第 009471 号 	1,280.42 	山卫镇海金路355 号 					
53 	产权第 009471 号 	222.26 	山卫镇海金路355 号 					
54 	产权第 009471 号 	4,391.92 	山卫镇海金路355 号 					
55 	产权第 009471 号 	179.13 	山卫镇海金路355 号 					
56 	房权证滨字 第 2014040384 号 	1,191.39 	滨州市滨城区滨北街道办事处梧桐八路 88 号佳化化学（滨州）有限公司 3 幢 	2014-4-23 	2014-4-23 	滨州佳化 		
57 	房权证滨字 第 2014040392 号 	502.52 	滨州市滨城区滨北街道办事处梧桐八路 88 号佳化化学（滨州）有限公司 2 幢 	2014-4-23 	2014-4-23 	滨州佳化 		
58 	房权证滨字 第 2014040393 号 	639.79 	滨州市滨城区滨北街道办事处梧桐八路 88 号佳化化学（滨州）有限公司 1 幢 	2014-4-23 	2014-4-23 	滨州佳化 		
59 	抚房权证东字 第 DZ00063539 号 	3,184.00 	抚顺市东洲区 齐隆东街 3 号 	2015-10-29 	2015-10-29 	佳化新材料 		
60 	抚房权证东字 第 DZ00063544 号 	3,282.40 	抚顺市东洲区 齐隆东街 3 号 	2015-10-29 	2015-10-29 	佳化新材料 		
61 	抚房权证东字 第 DZ00063549 号 	29.22 	抚顺市东洲区 齐隆东街 3 号 	2015-10-29 	2015-10-29 	佳化新材料 		
62 	抚房权证东字 第 DZ00063550 号 	1,912.01 	抚顺市东洲区 齐隆东街 3 号 	2015-10-29 	2015-10-29 	佳化新材料 		
63 	抚房权证东字 第 DZ00063551 号 	1,912.01 	抚顺市东洲区 齐隆东街 3 号 	2015-10-29 	2015-10-29 	佳化新材料 		
64 	抚房权证东字 第 DZ00063552 号 	637.05 	抚顺市东洲区 齐隆东街 3 号 	2015-10-29 	2015-10-29 	佳化新材料 		
65 	抚房权证东字 第 DZ00063553 号 	36.34 	抚顺市东洲区 齐隆东街 3 号 	2015-10-29 	2015-10-29 	佳化新材料 		
66 	粤房地权证茂房字 第 0900085928 号 	3,135.78 	茂名市茂水路 高新段 88 号大院 	2015-8-18 	2015-8-18 	茂名佳化 		
67 	粤房地权证茂房字 第 0900085923 号 	2,001.82 	茂名市茂水路 高新段 88 号大院 	2015-8-18 	2015-8-18 	茂名佳化 		
序号 	产权证号 	面积（平米） 	地点 	取得时间 	取得时间 	所有权人 		
68 	粤房地权证茂房字 第 0900085917 号 	1,877.83 	2015-8-14 	2015-8-14 	茂名佳化 			
								
项 目 	面积（平米） 							
滨州佳化组合料项目厂房、仓库等 	2,701.75 							
								
 	承租方 	出租方 	地点 	年租金 	租赁期间 			
1 	佳化化学 	上海浦梦集团有限公司 	上海市中国（上海）自由贸易试验区泰谷路 78 号三层 356室 	7.20 	2016.11.1 至2017.11.1 			
2 	上海抚佳 	上海陆家嘴金融贸易区开发股份有限公司 	上海市锦康路 258 号 12 层01、04 单元 	313.27 	2017.3.1 至2020.2.29 			
3 	佳化科技 	上海张江高科技园区开发股份有限公司 	上海张江高科技园区祖冲之路 887 弄 88 号 502 室 B 座 	115.90 	2015.10.1 至2018.9.30 			
4 	滨州佳化 	王玉健 	济南市槐荫区朱庄商业街 34号 	1.00 	2017.4.7 至2018.4.6 			
5 	茂名佳化 	广州天银房地产开发有限公司 	广州市天河区中山大道中路439 号 1028-1030 	26.23 	2017.4.1至2022.7.31 			
6 	金博宇贸易 	杨进军 	天津市和平区西安道与长沙路交口东北侧诚基经贸中心1-2-917 	4.31 	2016.8.20至2017.8.20 			
7 	金博宇贸易 	高炳麟 	天津市河西区江西路富润中心 2-1006 	5.86 	2016.8.3至2017.8.2 			
8 	金博宇贸易 	张晓萍、陈家欣 	成都市成华区二环路东三段8 号 14 栋 1 单元 1 楼 8 号 	2.16 	2017.1.1至2019.1.1 			
9 	上海佳化 	上海通易仓储有限公司 	上海市中国（上海）自由贸易试验区富特西一路 115 号 2号全幢楼 3 层 358 室 	1.40 	2017.5.8至2020.5.7 			
10 	上海佳化 	Rosetree KPG Ⅲ,LLC 	1400 N. Providence Road Media, Pennsylvania, United States 	3.46USD 	2016.7.1至2021.10.31 			
11 	中东佳化 	Jebel Ali Free Zone FZE 	No.FZJOA1812, Jebel Ali, Dubai,   United Arab Emirates 	22.64 AED 	2016.8.30至2017.8.29 			
12 	欧洲佳化 	Regus Management (UK) Limited 	Office 303,304 Rotterdam House 116 Quayside Newcastle Upon Tyne Northumberland NE1 3DY United Kindom 	1.54GBP 	2017.5.1至2018.4.30 			
								
 	土地使用证号 	面积（平米） 	地点 	终止日期 	取得方式 	取得方式 	所有权人 	所有权人 
1 	抚顺国用(2011)第0190 号 	56,992.55 	抚顺市顺城区河北乡东沟村 	2053.4.1 	出让 	出让 	佳化化学 	佳化化学 
2 	抚顺国用(2011)第0124 号 	504.00 	抚顺市顺城区河北乡东沟村 	2053.4.1 	出让 	出让 	佳化化学 	佳化化学 
3 	抚顺国用(2011)第0125 号 	41.00 	抚顺市顺城区河北乡东沟村 	2053.4.1 	出让 	出让 	佳化化学 	佳化化学 
4 	抚顺国用(2011)第0126 号 	250.00 	抚顺市顺城区河北乡东沟村 	2053.4.1 	出让 	出让 	佳化化学 	佳化化学 
5 	抚顺国用(2011)第0127 号 	150.00 	抚顺市顺城区河北乡东沟村 	2053.4.1 	出让 	出让 	佳化化学 	佳化化学 
6 	沪房地金字（2014） 第 014195 号 	35,525.00 	金山区金山卫镇海金路 258号 	2058.10.13 	出让 	出让 	上海抚佳 	上海抚佳 
7 	沪（2017）金字不	60,796.00 	金山区金	2062.11.26 	出让 	出让 	上海抚佳 	上海抚佳 
 	土地使用证号 	面积（平米） 	地点 	终止日期 	取得方式 	取得方式 	所有权人 	所有权人 
动产权第 009471号 	山卫镇海金路 355号 							
沪房地金字（2016） 第 012764 号 	20,685.00 	金山区金山卫镇海金路 168号 	2055.6.27 	出让 	出让 	上海抚佳 	上海抚佳 	
滨国用（2011）第8494 号 	53,333.00 	滨州市滨城区滨北办事处凤凰六路以东、梧桐九路以南 	2061.8.31 	出让 	出让 	滨州佳化 	滨州佳化 	
茂国用（2012）第03000008 号 	37,286.70 	茂名石化工业区一区北片B-03-02 地块 	2062.1.8 	出让 	出让 	茂名佳化 	茂名佳化 	
茂国用（2014）第04000065 号 	22,624.00 	茂名石化工业区一区北片B-03-02（西） 	2063.12.30 	出让 	出让 	茂名佳化 	茂名佳化 	
抚顺国用（2011）第 0269 号 	101,349.00 	抚顺市东洲区张甸园区 	2061.7.5 	出让 	出让 	佳化新材料 	佳化新材料 	
泉港国用（2015）第 534 号 	40,001.00 	泉港区石化园区南山片区桥西路与南埔路交叉口东南侧 	2065.11.22 	出让 	出让 	泉州佳化 	泉州佳化 	
								
8 								
9 								
10 								
11 								
12 								
13 								
								
项 目 	面积（平米） 							
滨洲佳化新增地块 	6,665.00 							
								
序号 	注册号 	商标 	权利人 	取得方式 	权利期限 			
1 	1750098 	 	佳化化学 	申请 	2012.04.21-2022.04.20 			
2 	8212127 	 	佳化化学 	申请 	2011.10.28-2021.10.27 			
3 	8660512 	 	佳化化学 	申请 	2011.12.07-2021.12.06 			
4 	9991929 	 	佳化化学 	申请 	2014.05.21-2024.05.20 			
5 	12350836 	 	佳化化学 	申请 	2014.09.07-2024.09.06 			
6 	12350849 	 	佳化化学 	申请 	2014.09.07-2024.09.06 			
7 	12350821 	 	佳化化学 	申请 	2015.08.28-2025.08.27 			
8 	12351676 	 	佳化化学 	申请 	2015.11.14-2025.11.13 			
9 	12614860 	 	佳化化学 	申请 	2014.10.14-2024.10.13 			
10 	12903843 	 	佳化化学 	申请 	2014.12.14-2024.12.13 			
11 	13040179 	 	佳化化学 	申请 	2014.12.28-2024.12.27 			
12 	13220716 	 	佳化化学 	申请 	2015.01.07-2025.01.06 			
13 	13220712 	 	佳化化学 	申请 	2015.04.07-2025.04.06 			
14 	17625494 	 	佳化化学 	申请 	2016.09.28-2026.09.27 			
15 	17992135 	 	佳化化学 	申请 	2016.11.14-2026.11.13 			
序号 	注册号 	商标 	权利人 	取得方式 	权利期限 			
16 	17992136 	 	佳化化学 	申请 	2016.11.14-2026.11.13 			
17 	9282634 	 	金博宇贸易 	申请 	2012.05.21-2022.05.20 			
								
序号 	注册号 	商标 	类号 	权利人 	取得方式 	地区 	权利期限 	
1 	302580750 	 	第 1类 	佳化化学 	申请 	香港 	2013.04.17-2023.04.16 	
2 	302582064 	 	第 1类 	佳化化学 	申请 	香港 	2013.04.18-2023.04.17 	
3 	302580787 	 	第 1类 	佳化化学 	申请 	香港 	2013.04.17-2023.04.16 	
4 	302580778 	 	第 1类 	佳化化学 	申请 	香港 	2013.04.17-2023.04.16 	
5 	302580804 	 	第 1类 	佳化化学 	申请 	香港 	2013.04.17-2023.04.16 	
6 	302664982 	 	第 1类 	佳化化学 	申请 	香港 	2013.07.09-2023.07.08 	
7 	302695898 	 	第 1类 	佳化化学 	申请 	香港 	2013.08.06-2023.08.05 	
								
序号 	专利名称 	取得方式 	专利类型 	专利类型 	专利号 	授权日期 	专利期限 	
1 	一种聚醚 多 元 醇 的制备方法 	自主研发 	发明 	发明 	ZL 2005 1 0046581.3 	2007.06.06 	20 年 	
2 	一 种 生 产 三 乙 醇 胺产品的方法 	自主研发 	发明 	发明 	ZL 2004 1 0020463.0 	2006.07.19 	20 年 	
3 	一 种 链 烷 醇 胺 的 生	自主研	发明 	发明 	ZL 2009 1 	2012.01.18 	20 年 	
序号 	专利名称 	取得方式 	专利类型 	专利类型 	专利号 	授权日期 	专利期限 	
产工艺 	发 	0010144.4 						
一 种 制 备 链 烷 醇 胺的方法 	自主研发 	发明 	发明 	ZL 2009 1 0010143.X 	2012.05.02 	20 年 		
一 种 聚 合 物 多 元 醇分 散 稳 定 剂 的 制 备方法 	自主研发 	发明 	发明 	ZL 2010 1 0600732.6 	2014.03.05 	20 年 		
一 种 低 温 喷 涂 组 合料 及 其 制 备 方 法 和应用 	自主研发 	发明 	发明 	ZL 2010 1 0600718.6 	2014.05.07 	20 年 		
一 种 制 备 聚 醚 多 元醇的方法 	自主研发 	发明 	发明 	ZL 2011 1 0020190.X 	2014.05.07 	20 年 		
一 种 合 成 高 效 聚 羧酸 减 水 剂 用 单 体 聚醚的制备方法 	自主研发 	发明 	发明 	ZL 2013 1 0043767.8 	2014.08.13 	20 年 		
一种雾化喷嘴 	自主研发 	实用新型 	实用新型 	ZL 2014 2 0317230.6 	2014.11.05 	10 年 		
								
4 								
5 								
6 								
7 								
8 								
9 								
								
技术名称 	技术简介 	应用产品 	所处阶段 					
产品合成的催化剂 	使用双金属催化剂合成 	聚醚多元醇，表面活性剂 	大批量生产 					
固体起始剂合成聚醚 	使用不同的合成工艺和活化方式 	硬泡聚醚多元醇 	大批量生产 					
固体起始剂合成聚醚 	使用不同的合成工艺和活化方式 	硬泡聚醚多元醇 	大批量生产 					
低分子量聚合物的钾钠离子移除 	新的吸附工艺 	聚醚多元醇，表面活性剂，建筑化学品 	大批量生产 					
高含量一次性合成三乙醇胺 	新的合成工艺和方法 	三乙醇胺 	大批量生产 					
外循环喷雾合成三乙醇胺技术 	采用自有专利外循环及雾化技术，增强传质、传热，合成高品质三乙醇胺。 	三乙醇胺 	大批量生产 					
外循环喷雾合成三乙醇胺技术 	采用自有专利外循环及雾化技术，增强传质、传热，合成高品质三乙醇胺。 	三乙醇胺 	大批量生产 					
外循环喷雾合成三异丙醇胺技术 	采用外循环及雾化技术，增强传质、传热，合成高品质三异丙醇胺。 	三异丙醇胺 	大批量生产 					
采用可再生资源合成保温节能材料技术 	采用自有专利技术，利用可再生资源植物油，替代部分不可再生的石化资源，生产聚醚多元醇，用于制造保温节能材料。 	硬泡聚醚多元醇 	大批量生产 					
以不饱和醇合成高效减水剂单体聚醚技术 	采用特种不饱和醇为起始剂，在高性能催化剂作用下，与环氧化物聚合，制得高效聚羧酸减水剂单体聚醚。 	单体聚醚 	大批量生产 					
以不饱和醇合成高效减水剂单体聚醚技术 	采用特种不饱和醇为起始剂，在高性能催化剂作用下，与环氧化物聚合，制得高效聚羧酸减水剂单体聚醚。 	单体聚醚 	大批量生产 					
采用高效催化剂合成高分子量聚乙二醇 	采用复合高效催化剂，以乙二醇为起始剂，合成高分子量聚乙二醇 	聚乙二醇 	大批量生产 					
非离子表面活性剂及合成技术 	以天然脂肪醇为起始剂，在高效催化剂作用下，与环氧化物聚合，制造非离子表面活性剂 	表面活性剂 	大批量生产 					
高效静态混合技	采用高效静态混合器，混合环	聚醚多元醇，表面	大批量生产 					
高效静态混合技	采用高效静态混合器，混合环	聚醚多元醇，表面	大批量生产 					
技术名称 	技术简介 	应用产品 	所处阶段 					
术合成无规共聚醚 	氧化物，合成无规共聚醚。 	活性剂 						
术合成无规共聚醚 	氧化物，合成无规共聚醚。 	活性剂 						
中和过滤除金属离子技术 	采用无机酸及精制助剂，去除聚醚中的技术离子，达到 PPM级。 	聚醚多元醇，表面活性剂 	大批量生产 					
中和过滤除金属离子技术 	采用无机酸及精制助剂，去除聚醚中的技术离子，达到 PPM级。 	聚醚多元醇，表面活性剂 	大批量生产 					
旋转切片技术 	采用旋转滚筒及切片装置，将高凝点产品，制成片状产品。 	表面活性剂、单体聚醚 	大批量生产 					
DCS 控制技术 	采用 DCS 控制环氧化物聚合生产技术。 	以环氧乙烷、环氧丙烷为原料的生产控制 	大批量生产 					
采用复合催化剂合成乙二醇苯醚、丙二醇苯醚技术 	以苯酚为起始剂，采用复合催化剂催化环氧乙烷、环氧丙烷与苯 酚合成高品质乙二醇 苯醚、丙二醇苯醚。 	表面活性剂 	大批量生产 					
采用复合催化剂合成乙二醇苯醚、丙二醇苯醚技术 	以苯酚为起始剂，采用复合催化剂催化环氧乙烷、环氧丙烷与苯 酚合成高品质乙二醇 苯醚、丙二醇苯醚。 	表面活性剂 	大批量生产 					
聚醚改性硅油合成技术 	采用专用催化剂，利用不饱和聚醚与含氢硅油反应，制造聚醚改性硅油 	表面活性剂 	大批量生产 					
聚氨酯催化剂合成技术 	利用有机酸与无机盐，采用环保技术，合成聚氨酯催化剂。 	聚氨酯催化剂 	大批量生产 					
软泡聚醚合成技术 	采用甘油等为起始剂，在催化剂作用下与环氧乙烷、环氧丙烷聚合，制得特定分子结构及分子量的聚醚。 	软泡聚醚 	大批量生产 					
软泡聚醚合成技术 	采用甘油等为起始剂，在催化剂作用下与环氧乙烷、环氧丙烷聚合，制得特定分子结构及分子量的聚醚。 	软泡聚醚 	大批量生产 					
CASE 聚 醚 合成技术 	采用二元醇为起始剂，在催化剂作用下，与环氧乙烷、环氧丙烷聚合，制得特定分子结构及分子量的聚醚。 	CASE 聚醚 	大批量生产 					
硬泡聚醚合成技术 	采用蔗糖、二元醇、三元醇等为起始剂，在催化剂作用下与环氧丙烷聚合，制得特定分子结构、组成、分子量的聚醚。 	硬泡聚醚 	大批量生产 					
聚合物改性聚醚合成技术 	采用软泡聚醚或 CASE 聚醚为基础聚醚，在分散剂、分子量调节剂及催化剂作用下，将丙烯腈、苯乙烯在聚醚中聚合成高分子聚合物，利用此高分子聚合物对聚醚进行改性。 	POP 聚醚 	大批量生产 					
聚合物改性聚醚合成技术 	采用软泡聚醚或 CASE 聚醚为基础聚醚，在分散剂、分子量调节剂及催化剂作用下，将丙烯腈、苯乙烯在聚醚中聚合成高分子聚合物，利用此高分子聚合物对聚醚进行改性。 	POP 聚醚 	大批量生产 					
DMC 催化合成聚醚技术 	采用 DMC 高效双金属催化剂，催化环氧化物合成聚醚。 	聚醚多元醇 	大批量生产 					
催化交联聚醚合成技术 	采用胺类起始剂与环氧丙烷合成具有自催化交联性能聚醚 	聚醚多元醇，表面活性剂 	大批量生产 					
阻燃聚醚合成技	采用含有芳环的起始剂，与环	聚醚多元醇 	大批量生产 					
阻燃聚醚合成技	采用含有芳环的起始剂，与环	聚醚多元醇 	大批量生产 					
技术名称 	技术简介 	应用产品 	所处阶段 					
术 	氧化物聚合，制备阻燃聚醚。 							
术 	氧化物聚合，制备阻燃聚醚。 							
聚醚型消泡剂合成技术 	采用甘油为起始剂，在催化剂作用下，与环氧丙烷、环氧乙烷聚合，制得特定分子结构及分子量的聚醚，用于消泡剂。 	表面活性剂 	大批量生产 					
组合聚醚技术 	采用聚醚、催化剂、匀泡剂、发泡剂等，按特定配方制备组合聚醚，用于制造管道、墙体节能保温材料。 	组合聚醚 	大批量生产 					
组合聚醚技术 	采用聚醚、催化剂、匀泡剂、发泡剂等，按特定配方制备组合聚醚，用于制造管道、墙体节能保温材料。 	组合聚醚 	大批量生产 					
高固含量的 POP合成 	用于合成固含量大于 45%POP聚醚的新的合成工艺与新的引发剂。 	POP 聚醚 	小批量生产 					
低粘度高分子量聚醚的合成 	新的合成工艺与进料方式。 	聚醚多元醇 	小批量生产 					
一步法合成高分子量聚醚 	新的设备与工艺。 	聚醚多元醇 	小批量生产 					
一步法合成高分子量聚醚 	新的设备与工艺。 	聚醚多元醇 	小批量生产 					
								
序号 	项目名称 	所处阶段 						
长线前瞻性项目 	长线前瞻性项目 	长线前瞻性项目 						
1 	以二氧化碳为原材料合成的聚醚多元醇的研究 	基础研究 						
2 	以非食用性油脂合成的生物类聚醚多元醇 	基础研究 						
3 	不采用异氰酸酯的聚氨酯合成材料 	基础研究 						
中线产品开发项目 	中线产品开发项目 	中线产品开发项目 						
1 	部分代替 PTMEG 在聚氨酯弹性体的聚醚多元醇 	试生产 						
序号 	项目名称 	所处阶段 						
2 	涂料及弹性体的的新型聚醚多元醇的开发 	基础研究 						
3 	不含卤素的阻燃聚醚多元醇开发 	基础研究 						
4 	汽车工业不含有苯乙烯单体的接枝共聚多元醇的开发 	试生产 						
5 	无胺类 VOC 残留制品的自催化聚醚多元醇的开发 	试生产 						
6 	新型的接枝聚合多元醇系列开发 	基础研究 						
7 	曼尼希醇系列多元醇的开发及应用开发 	基础研究 						
8 	新型减水剂单体的开发 	试生产 						
9 	新型的非离子表面活性剂的开发 	基础研究 						
10 	取代壬基酚的环保表面活性剂的开发 	基础研究 						
短线产品开发项目 	短线产品开发项目 	短线产品开发项目 						
1 	环保发泡剂仿木用聚醚多元醇组合料的开发研究 	试生产 						
2 	汽车坐垫用组合聚醚多元醇的开发 	试生产 						
3 	海绵用记忆慢回弹海绵组合多元醇的开发 	试生产 						
4 	曼尼希阻燃硬泡多元醇的开发 	试生产 						
5 	环保发泡剂高品质保温管道的组合聚醚多元醇开发 	基础研究 						
6 	提高固体填料相容性的聚醚多元醇开发 	试生产 						
7 	特种开孔聚醚多元醇的开发 	试生产 						
8 	水性灌浆用特种聚醚多元醇的系列性开发 	试生产 						
9 	特种胺的开发研究 	试生产 						
10 	日化用非离子表面活性剂的开发 	试生产 						
11 	新型破乳剂的开发 	试生产 						
12 	纺织助剂用表面活性剂的开发 	试生产 						
13 	脂肪族聚氧乙烯聚氧丙烯醚的开发 	试生产 						
								
项目 	2016 年度 	2015 年度 	2014 年度 					
研发费用总计 	2,487.54 	2,959.23 	3,191.21 					
营业收入 	244,970.35 	248,264.80 	361,829.59 					
研发费用占营业收入比重 	1.02% 	1.19% 	0.88% 					
								
产品大类 	产品系列 	产品系列 	相关标准 					
建筑化学品 	聚羧酸系减水剂聚醚单体 	聚羧酸系减水剂聚醚单体 	Q/FJH003-2013  烯丙基聚醚 					
建筑化学品 	聚羧酸系减水剂聚醚单体 	聚羧酸系减水剂聚醚单体 	Q/FJH004-2013  甲氧基聚乙二醇 					
建筑化学品 	醇胺类 	醇胺类 	Q/FJH001-2013  合成三乙醇胺 					
建筑化学品 	醇胺类 	醇胺类 	Q/FJH002-2013  三异丙醇胺 					
建筑化学品 	醇胺类 	醇胺类 	Q/FJH019-2013  系列烷醇胺 					
聚氨酯原料产品 	软泡聚醚 	软泡聚醚 	Q/FJH005-2013  聚醚多元醇 					
聚氨酯原料产品 	硬泡聚醚 	硬泡聚醚 	Q/FJH005-2013  聚醚多元醇 					
聚氨酯原料产品 	CASE 聚醚 	CASE 聚醚 	Q/FJH005-2013  聚醚多元醇 					
聚氨酯原料产品 	高活性聚醚 	高活性聚醚 	Q/FJH005-2013  聚醚多元醇 					
聚氨酯原料产品 	POP 聚醚 	POP 聚醚 	Q/FJH005-2013  聚醚多元醇 					
表面活性剂 	脂肪醇聚氧乙烯、聚乙二醇等其他系列 	脂肪醇聚氧乙烯、聚乙二醇等其他系列 	Q/FJH006-2013  聚乙二醇 					
表面活性剂 	脂肪醇聚氧乙烯、聚乙二醇等其他系列 	脂肪醇聚氧乙烯、聚乙二醇等其他系列 	Q/FJH007-2013  脂肪醇聚氧乙烯醚（平平加） 					
表面活性剂 	脂肪醇聚氧乙烯、聚乙二醇等其他系列 	脂肪醇聚氧乙烯、聚乙二醇等其他系列 	Q/FJH008-2013  乳化剂 AEO 系列 					
表面活性剂 	脂肪醇聚氧乙烯、聚乙二醇等其他系列 	脂肪醇聚氧乙烯、聚乙二醇等其他系列 	Q/FJH009-2013  乳化剂 NP（TX）OP 系列 					
产品大类 	产品系列 	产品系列 	相关标准 					
Q/FJH010-2013  乳化剂 T-80 	Q/FJH010-2013  乳化剂 T-80 							
Q/FJH011-2013  乳化剂 S-80 	Q/FJH011-2013  乳化剂 S-80 							
Q/FJH012-2013  渗透剂 	Q/FJH012-2013  渗透剂 							
Q/FJH015-2013  消泡剂 	Q/FJH015-2013  消泡剂 							
Q/FJH016-2013  油田助剂 	Q/FJH016-2013  油田助剂 							
Q/FJH017-2013  系列醇醚 	Q/FJH017-2013  系列醇醚 							
Q/FJH018-2013  系列苯醚 	Q/FJH018-2013  系列苯醚 							
								
序号 	相关标准 							
1 	GB/T 12008.3-2009 塑料聚醚多元醇第 3 部分：羟值的测定 							
2 	GB/T 12008.5-2010 塑料聚醚多元醇第 5 部分：酸值的测定 							
3 	GB 22313-2008  塑料用于聚氨酯生产的多元醇水分含量的测定 							
4 	GB/T 12008.7-2010 塑料聚醚多元醇第 7 部分：黏度的测定 							
5 	GB/T  5559-2010 环氧乙烷型及环氧乙烷-环氧丙烷嵌段聚合型非离子表面活性剂浊点的测定 							
6 	GB/T 6368-2008 表面活性剂水溶液 pH 值的测定电位法 							
7 	GB/T 7383-2007 非离子表面活性剂羟值的测定 							
8 	GB/T 11275-2007 表面活性剂和洗涤剂含水量的测定卡尔.费休法 							
9 	GB/T 618-2006 化学试剂结晶点测定通用方法 							
10 	GB/T 3143-1982 液体化学产品颜色测定法 							
11 	GB/T 22295-2008    透明液体颜色测定方法（加德纳色度） 							
12 	GB/T 6283-2008    化工产品中水分含量的测定 卡尔 费休法（通用方法） 							
13 	GB/T 605-2006    化学试剂 色度测定通用方法 							
14 	GB/T 6365-2006  表面活性剂 游离酸度或游离碱度的测定 滴定法 							
15 	GB/T 4472-2011  化工产品密度、相对密度的测定 							
16 	HG/T 3505-2000    表面活性剂  皂化值的测定 							
17 	GB/T 12008.6 塑料 聚醚多元醇 第 6 部分：不饱和度的测定 							
18 	HG/T    3268-2002    工业三乙醇胺 							
19 	DIN EN1262 SOL B  表面活性剂溶液的 PH 值测量发放—溶液 B 							
序号 	相关标准 							
20 	DIN 53240  羟值的测定 							
21 	EN13267  表面活性剂含水的测定 							
22 	ASTM D2024  非离子表面活性剂浊点的标准试验方法 							
23 	GB/T 26388  表面活性剂中二噁烷残留量的测定 气相色谱法 							
24 	ASTM E70  用玻璃电极测定水溶液 pH 的标准试验方法 							
25 	ASTM E203 容量卡尔菲舍尔滴定法测定水的标准试验方法 							
26 	ASTM D1209 澄清液色度的标准试验方法（铂钴标度） 							
								
