种类 	效益/（美元/KG） 	种类 	效益/（美元/KG） 								
轻型民航机 	60 	超音速民航机 	1000 								
轻型民航机 	60 	超音速民航机 	1000 								
直升机 	100 	近地轨道卫星 	2000 								
直升机 	100 	近地轨道卫星 	2000 								
航空发动机 	450 	同步轨道卫星 	20000 								
航空发动机 	450 	同步轨道卫星 	20000 								
战斗机 	450 	航天飞机 	30000 								
战斗机 	450 	航天飞机 	30000 								
干线飞机 	450 	- 	- 								
干线飞机 	450 	- 	- 								
											
牌号 	拉伸强度（MPa） 	拉伸模量（Gpa） 	断裂伸长率（%） 	体密度（g/cm3） 							
ZT3-3K/12K 	3500~4600 	255± 10 	1.5 	1.78± 0.2 							
ZT3-3K/12K 	3500~4600 	255± 10 	1.5 	1.78± 0.2 							
ZT7-3K/12K 	≥4900 	235~265 	1.8~2.1 	1.78± 0.2 							
ZT7-3K/12K 	≥4900 	235~265 	1.8~2.1 	1.78± 0.2 							
ZT8-6K/12K 	≥5500 	290± 15 	1.9 	1.8± 0.2 							
ZT8-6K/12K 	≥5500 	290± 15 	1.9 	1.8± 0.2 							
M40J-6K/12K 	≥4400 	380± 10 	≥1.2 	1.78± 0.2 							
M40J-6K/12K 	≥4400 	380± 10 	≥1.2 	1.78± 0.2 							
M55J-6K/12K 	≥4000 	540± 10 	≥0.8 	1.78± 0.2 							
M55J-6K/12K 	≥4000 	540± 10 	≥0.8 	1.78± 0.2 							
											
力学性能类型 	拉伸强度（MPa） 	拉伸模量（GPa） 	断裂伸长率（%） 	体密度（g/cm3） 							
GQ3522 	≥3500-4500 	≥220-260 	1.3-2.0 	1.78± 0.02 							
GQ3522 	≥3500-4500 	≥220-260 	1.3-2.0 	1.78± 0.02 							
GQ4522 	≥4500 	≥220-260 	1.8-2.5 	1.80± 0.02 							
GQ4522 	≥4500 	≥220-260 	1.8-2.5 	1.80± 0.02 							
QZ4526 	≥4500-5000 	≥260-350 	1.3-1.9 	1.80± 0.02 							
QZ4526 	≥4500-5000 	≥260-350 	1.3-1.9 	1.80± 0.02 							
QZ5026 	≥5000-5500 	≥260-350 	1.4-2.1 	1.80± 0.02 							
QZ5026 	≥5000-5500 	≥260-350 	1.4-2.1 	1.80± 0.02 							
QZ5525 	≥5500-6000 	≥260-350 	1.5-2.3 	1.80± 0.02 							
QZ5525 	≥5500-6000 	≥260-350 	1.5-2.3 	1.80± 0.02 							
GM3040 	≥3000-3500 	≥400-450 	≥0.6 	≥1.81 							
GM3040 	≥3000-3500 	≥400-450 	≥0.6 	≥1.81 							
											
牌号 	拉伸强度（MPa） 	拉伸模量（GPa） 	断裂伸长率（%） 	体密度（g/cm3） 							
T300-3K/12K 	3530 	230 	1.5 	1.76 							
T300-3K/12K 	3530 	230 	1.5 	1.76 							
T700S-12K 	4900 	230 	2.1 	1.80 							
T700S-12K 	4900 	230 	2.1 	1.80 							
T700G-12K 	4900 	240 	2.0 	1.80 							
T700G-12K 	4900 	240 	2.0 	1.80 							
T800H-6K/12K 	5490 	294 	1.9 	1.81 							
T800H-6K/12K 	5490 	294 	1.9 	1.81 							
T800S-24K 	5880 	294 	2.0 	1.80 							
T800S-24K 	5880 	294 	2.0 	1.80 							
T1000G-12K 	6370 	294 	2.2 	1.80 							
T1000G-12K 	6370 	294 	2.2 	1.80 							
T1100 	6600 	324 	2.0 	1.79 							
T1100 	6600 	324 	2.0 	1.79 							
M35J-6K/12K 	4700 	343 	1.4 	1.75 							
M35J-6K/12K 	4700 	343 	1.4 	1.75 							
M40-6K/12K 	2740 	392 	0.7 	1.81 							
M40-6K/12K 	2740 	392 	0.7 	1.81 							
M40J-6K/12K 	4410 	377 	1.2 	1.77 							
M40J-6K/12K 	4410 	377 	1.2 	1.77 							
M46J-6K/12K 	4210 	436 	1.0 	1.84 							
M46J-6K/12K 	4210 	436 	1.0 	1.84 							
M50J-6K/12K 	4120 	475 	0.8 	1.88 							
M50J-6K/12K 	4120 	475 	0.8 	1.88 							
M55J-6K 	4020 	540 	0.8 	1.91 							
M55J-6K 	4020 	540 	0.8 	1.91 							
M60J-3K/12K 	3920 	588 	0.7 	1.93 							
M60J-3K/12K 	3920 	588 	0.7 	1.93 							
											
中简牌号 	与日本东丽产品比较 	与日本东丽产品比较 	与国家标准比较 	与国家标准比较 							
ZT3 系列-3K/12K 	拉伸强度与 T300 相当，拉伸模量高于T300 	拉伸强度与 T300 相当，拉伸模量高于T300 	属于 GQ3522 性能范畴，但拉伸模量接近上限 	属于 GQ3522 性能范畴，但拉伸模量接近上限 							
ZT3 系列-3K/12K 	拉伸强度与 T300 相当，拉伸模量高于T300 	拉伸强度与 T300 相当，拉伸模量高于T300 	属于 GQ3522 性能范畴，但拉伸模量接近上限 	属于 GQ3522 性能范畴，但拉伸模量接近上限 							
ZT7 系列-3K/12K 	拉伸强度与 T700 相当，拉伸模量高于	拉伸强度与 T700 相当，拉伸模量高于	属于 GQ4522 性能范畴，但拉伸	属于 GQ4522 性能范畴，但拉伸							
ZT7 系列-3K/12K 	拉伸强度与 T700 相当，拉伸模量高于	拉伸强度与 T700 相当，拉伸模量高于	属于 GQ4522 性能范畴，但拉伸	属于 GQ4522 性能范畴，但拉伸							
中简牌号 	与日本东丽产品比较 	与日本东丽产品比较 	与国家标准比较 	与国家标准比较 							
T700 	T700 	模量接近上限 	模量接近上限 								
T700 	T700 	模量接近上限 	模量接近上限 								
与 T800H 相当 	与 T800H 相当 	属于 QZ5526 性能范畴 	属于 QZ5526 性能范畴 								
与 T800H 相当 	与 T800H 相当 	属于 QZ5526 性能范畴 	属于 QZ5526 性能范畴 								
与 M40J 性能相当 	与 M40J 性能相当 	拉伸强度高于 GM3040，拉伸模量低于 GM3040 	拉伸强度高于 GM3040，拉伸模量低于 GM3040 								
与 M40J 性能相当 	与 M40J 性能相当 	拉伸强度高于 GM3040，拉伸模量低于 GM3040 	拉伸强度高于 GM3040，拉伸模量低于 GM3040 								
											
ZT8-6K/12K 											
ZM40J-6K/12K 											
ZM40J-6K/12K 											
											
牌号 	单位面积质量 	丝束规格 	纤维牌号 	编织方式 							
ZT7******A 	198g/m2 	3K 	ZT7 系列 	平纹 							
ZT7******A 	198g/m2 	3K 	ZT7 系列 	平纹 							
ZT7******B 	194g/m2 	3K 	ZT7 系列 	单向 							
ZT7******B 	194g/m2 	3K 	ZT7 系列 	单向 							
ZT7******C 	198g/m2 	3K 	ZT7 系列 	平纹 							
ZT7******C 	198g/m2 	3K 	ZT7 系列 	平纹 							
ZT7******D 	205g/m2 	3K 	ZT7 系列 	平纹 							
ZT7******D 	205g/m2 	3K 	ZT7 系列 	平纹 							
ZT7******E 	198g/m2 	3K 	ZT7 系列 	平纹 							
ZT7******E 	198g/m2 	3K 	ZT7 系列 	平纹 							
ZT7******F 	165g/m2 	3K 	ZT7 系列 	单向 							
ZT7******F 	165g/m2 	3K 	ZT7 系列 	单向 							
											
产品名称 	主要性能指标 	关键技术装备 	主要应用领域 								
高性能纤维及材料 	高性能纤维及材料 	高性能纤维及材料 	高性能纤维及材料 	高性能纤维及材料 							
高性能纤维及材料 	高性能纤维及材料 	高性能纤维及材料 	高性能纤维及材料 	高性能纤维及材料 							
聚丙烯腈基碳纤维 	GQ3522:拉伸强度3.53GPa、拉伸模量230GPa，伸长1.5%； GQ4522:拉伸强度4.9Gpa；拉伸模量230Gpa，伸长2.1%；QZ5526:拉伸强度≥5.49Gpa；拉伸模量≥294Gpa，伸长1.9%； 	高压水蒸气牵伸机、预氧化炉、低温碳化炉、高温碳化 	航空航天、高档民用产品 								
聚丙烯腈基碳纤维 	GQ3522:拉伸强度3.53GPa、拉伸模量230GPa，伸长1.5%； GQ4522:拉伸强度4.9Gpa；拉伸模量230Gpa，伸长2.1%；QZ5526:拉伸强度≥5.49Gpa；拉伸模量≥294Gpa，伸长1.9%； 	高压水蒸气牵伸机、预氧化炉、低温碳化炉、高温碳化 	航空航天、高档民用产品 								
通用级沥青基碳纤维 	拉伸强度≥600MPa，拉伸模量≥30GPa 	反应釜、热定型炉、碳化炉 	高温绝热材料，以及耐热耐腐蚀材料 								
通用级沥青基碳纤维 	拉伸强度≥600MPa，拉伸模量≥30GPa 	反应釜、热定型炉、碳化炉 	高温绝热材料，以及耐热耐腐蚀材料 								
树脂基复合材料 	树脂基复合材料 	树脂基复合材料 	树脂基复合材料 	树脂基复合材料 							
树脂基复合材料 	树脂基复合材料 	树脂基复合材料 	树脂基复合材料 	树脂基复合材料 							
连续纤维增强热塑性复合材料 	碳纤维增强PPS，拉伸强度≥1500MPa，拉伸模量≥100GPa；碳纤维增强PEEK，拉伸强度≥1800MPa，拉伸模量≥120GPa； 	热塑性树脂对纤维的浸渍工艺，浸渍设备 	汽车部件、能源等 								
连续纤维增强热塑性复合材料 	碳纤维增强PPS，拉伸强度≥1500MPa，拉伸模量≥100GPa；碳纤维增强PEEK，拉伸强度≥1800MPa，拉伸模量≥120GPa； 	热塑性树脂对纤维的浸渍工艺，浸渍设备 	汽车部件、能源等 								
碳纤维复合芯铝导线 	碳纤维芯密度≤1.60g/cm³，导线拉伸强度≥2600MPa 	拉挤，拉挤机 	电力输送 								
碳纤维复合芯铝导线 	碳纤维芯密度≤1.60g/cm³，导线拉伸强度≥2600MPa 	拉挤，拉挤机 	电力输送 								
风力发电复合材料叶片 	2.0MW、3.0MW、5.0MW 及以上规格，在规定的使用环境条件下，在使用寿命期内不损坏 	液体成型(RIM)，模具、真空系统 	风力发电 								
风力发电复合材料叶片 	2.0MW、3.0MW、5.0MW 及以上规格，在规定的使用环境条件下，在使用寿命期内不损坏 	液体成型(RIM)，模具、真空系统 	风力发电 								
复合材料桥和桥面板 	主受力方向：拉伸强度≥400MPa，拉伸模量≥30GPa，压缩强度≥200MPa，压缩模量≥30GP；面内纵横剪切强度≥10GPa 	拉挤、真空罐注，拉挤机、真空系统 	桥梁 								
复合材料桥和桥面板 	主受力方向：拉伸强度≥400MPa，拉伸模量≥30GPa，压缩强度≥200MPa，压缩模量≥30GP；面内纵横剪切强度≥10GPa 	拉挤、真空罐注，拉挤机、真空系统 	桥梁 								
高速列车机车车头材料 	尺寸误差不＞± 2mm，0.9kg 的方形钢块以350km/h的速度撞击不击穿 	真空罐注，模具、真空系统 	铁路 								
高速列车机车车头材料 	尺寸误差不＞± 2mm，0.9kg 的方形钢块以350km/h的速度撞击不击穿 	真空罐注，模具、真空系统 	铁路 								
产品名称 	主要性能指标 	关键技术装备 	主要应用领域 								
复合材料杆塔 	复合材料横担：额定弯曲负荷(SCL)≥27KN;最大设计弯曲负荷(MDCL)≥50KN；强度系数：2.5；1000h 盐雾实验、1h淋雨实验；复合材料杆塔：耐电痕化≥3.5级，1000h 盐雾实验、1h淋雨实验 	缠绕、拉挤，缠绕机、拉挤机 	电力输送 								
复合材料杆塔 	复合材料横担：额定弯曲负荷(SCL)≥27KN;最大设计弯曲负荷(MDCL)≥50KN；强度系数：2.5；1000h 盐雾实验、1h淋雨实验；复合材料杆塔：耐电痕化≥3.5级，1000h 盐雾实验、1h淋雨实验 	缠绕、拉挤，缠绕机、拉挤机 	电力输送 								
储氢复合材料气瓶 	工作压力≥70MPa，疲劳次数≥10000次 	缠绕，缠绕机 	汽车 								
储氢复合材料气瓶 	工作压力≥70MPa，疲劳次数≥10000次 	缠绕，缠绕机 	汽车 								
无机改性高聚物复合材料 	浆料类：耐人工气候老化≥2000h，拉伸性能，断裂伸长率≥200%，拉伸强度≥1.5MPa，粘结力≥0.7MPa；型材类：抗压强度≥1.8MPa，抗折强度≥1.0MPa；导热系数≤0.06w/mk；系统耐候性：5个循环无异常，材料还应具有装饰性、防水性，保温隔热性 	无机接枝改性技术及无机改性聚合物系统生产线，保温隔热装饰、防水浆料集成系统配方技术及一体化生产线；高仿真陶瓷、金属、石材、木材效果的成型技术及一体化系统生产线 	建筑行业、机械装备，电器行业、汽车领域 								
无机改性高聚物复合材料 	浆料类：耐人工气候老化≥2000h，拉伸性能，断裂伸长率≥200%，拉伸强度≥1.5MPa，粘结力≥0.7MPa；型材类：抗压强度≥1.8MPa，抗折强度≥1.0MPa；导热系数≤0.06w/mk；系统耐候性：5个循环无异常，材料还应具有装饰性、防水性，保温隔热性 	无机接枝改性技术及无机改性聚合物系统生产线，保温隔热装饰、防水浆料集成系统配方技术及一体化生产线；高仿真陶瓷、金属、石材、木材效果的成型技术及一体化系统生产线 	建筑行业、机械装备，电器行业、汽车领域 								
											
项目 	2016 年 1-6 月 	2015 年 	2014 年 	2013 年 							
产能（KG） 	25,000.00   	50,000.00 	50,000.00 	50,000.00 							
产能（KG） 	25,000.00   	50,000.00 	50,000.00 	50,000.00 							
产量（KG） 	17,816.19   	43,177.16   	23,465.61   	13,688.06   							
产量（KG） 	17,816.19   	43,177.16   	23,465.61   	13,688.06   							
销量（KG） 	19,296.72   	45,111.87   	20,539.69   	12,162.12   							
产销率 	108.31% 	104.48% 	87.53% 	88.85% 							
产销率 	108.31% 	104.48% 	87.53% 	88.85% 							
产能利用率 	71.26% 	86.35% 	46.93% 	27.38% 							
产能利用率 	71.26% 	86.35% 	46.93% 	27.38% 							
											
项目 	2016年1-6月 	2016年1-6月 	2015年度 	2015年度 	2014年度 	2014年度 	2014年度 	2013年度 	2013年度 	2013年度 	
项目 											
项目 	金额 	比例 	金额 	比例 	金额 	比例 	金额 	金额 	比例 		
碳纤维 	5,353.73   	68.25% 	11,079.84 	82.26% 	4,757.14     	81.51% 	1,813.73   	1,813.73   	88.59% 		
碳纤维 	5,353.73   	68.25% 	11,079.84 	82.26% 	4,757.14     	81.51% 	1,813.73   	1,813.73   	88.59% 		
碳纤维织物 	2,490.56   	31.75% 	2,389.43 	17.74% 	1,079.04   	18.49% 	233.68 	233.68 	11.41% 		
碳纤维织物 	2,490.56   	31.75% 	2,389.43 	17.74% 	1,079.04   	18.49% 	233.68 	233.68 	11.41% 		
合计 	7,844.28   	100.00% 	13,469.27 	100.00% 	5,836.18     	100.00% 	2,047.41     	2,047.41     	100.00% 		
合计 	7,844.28   	100.00% 	13,469.27 	100.00% 	5,836.18     	100.00% 	2,047.41     	2,047.41     	100.00% 		
											
报告期 	序号 	客户名称 	交易额 	交易额 	占营业收入的比重 	占营业收入的比重 					
2016 年1-6 月 	1 	客户 A 	3,974.49 	3,974.49 	50.60% 	50.60% 					
2016 年1-6 月 	1 	客户 A 	3,974.49 	3,974.49 	50.60% 	50.60% 					
2016 年1-6 月 	1 	客户 C 	627.18 	627.18 	7.99% 	7.99% 					
2016 年1-6 月 	1 	客户 C 	627.18 	627.18 	7.99% 	7.99% 					
2016 年1-6 月 	1 	客户 K 	14.96 	14.96 	0.19% 	0.19% 					
2016 年1-6 月 	1 	客户 K 	14.96 	14.96 	0.19% 	0.19% 					
2016 年1-6 月 	1 	小计 	4,616.63 	4,616.63 	58.78% 	58.78% 					
2016 年1-6 月 	1 	小计 	4,616.63 	4,616.63 	58.78% 	58.78% 					
2016 年1-6 月 	2 	客户 B 	3,227.65 	3,227.65 	41.10% 	41.10% 					
2016 年1-6 月 	2 	客户 B 	3,227.65 	3,227.65 	41.10% 	41.10% 					
2016 年1-6 月 	3 	常州利尔德通新材料科技有限公司 	9.71 	9.71 	0.12% 	0.12% 					
2016 年1-6 月 	3 	常州利尔德通新材料科技有限公司 	9.71 	9.71 	0.12% 	0.12% 					
2016 年1-6 月 	4 	客户 F 	0.12 	0.12 	0.00% 	0.00% 					
2016 年1-6 月 	4 	客户 F 	0.12 	0.12 	0.00% 	0.00% 					
2016 年1-6 月 	合计 	合计 	合计 	7,854.11 	7,854.11 	100.00% 	100.00% 				
2016 年1-6 月 	合计 	合计 	合计 	7,854.11 	7,854.11 	100.00% 	100.00% 				
2015 年度 	1 	客户 A 	10,150.09 	10,150.09 	74.50% 	74.50% 					
2015 年度 	1 	客户 A 	10,150.09 	10,150.09 	74.50% 	74.50% 					
2015 年度 	1 	客户 C 	658.31 	658.31 	4.83% 	4.83% 					
2015 年度 	1 	客户 C 	658.31 	658.31 	4.83% 	4.83% 					
2015 年度 	1 	客户 E 	51.28 	51.28 	0.38% 	0.38% 					
2015 年度 	1 	客户 E 	51.28 	51.28 	0.38% 	0.38% 					
2015 年度 	1 	客户 K 	7.48 	7.48 	0.05% 	0.05% 					
2015 年度 	1 	客户 K 	7.48 	7.48 	0.05% 	0.05% 					
2015 年度 	1 	小计 	10,867.17 	10,867.17 	79.76% 	79.76% 					
2015 年度 	1 	小计 	10,867.17 	10,867.17 	79.76% 	79.76% 					
2015 年度 	2 	客户 B 	2,455.80 	2,455.80 	18.03% 	18.03% 					
2015 年度 	2 	客户 B 	2,455.80 	2,455.80 	18.03% 	18.03% 					
2015 年度 	3 	哈尔滨工业大学 	97.44 	97.44 	0.72% 	0.72% 					
2015 年度 	3 	哈尔滨工业大学 	97.44 	97.44 	0.72% 	0.72% 					
2015 年度 	4 	常州特诺复合材料有限公司 	84.74 	84.74 	0.62% 	0.62% 					
2015 年度 	4 	常州特诺复合材料有限公司 	84.74 	84.74 	0.62% 	0.62% 					
2015 年度 	5 	客户 F 	26.96 	26.96 	0.20% 	0.20% 					
2015 年度 	5 	客户 F 	26.96 	26.96 	0.20% 	0.20% 					
2015 年度 	合计 	合计 	合计 	13,532.10 	13,532.10 	99.32% 	99.32% 				
2015 年度 	合计 	合计 	合计 	13,532.10 	13,532.10 	99.32% 	99.32% 				
2014 年度 	1 	客户 A 	4,121.92 	4,121.92 	68.36% 	68.36% 					
2014 年度 	1 	客户 A 	4,121.92 	4,121.92 	68.36% 	68.36% 					
2014 年度 	1 	客户 C 	334.49 	334.49 	5.55% 	5.55% 					
2014 年度 	1 	客户 C 	334.49 	334.49 	5.55% 	5.55% 					
2014 年度 	1 	客户 E 	269.57 	269.57 	4.47% 	4.47% 					
2014 年度 	1 	客户 E 	269.57 	269.57 	4.47% 	4.47% 					
2014 年度 	1 	客户 K 	6.36 	6.36 	0.11% 	0.11% 					
2014 年度 	1 	客户 K 	6.36 	6.36 	0.11% 	0.11% 					
2014 年度 	1 	客户 L 	111.11 	111.11 	1.84% 	1.84% 					
2014 年度 	1 	客户 L 	111.11 	111.11 	1.84% 	1.84% 					
2014 年度 	1 	客户 D 	855.50 	855.50 	14.19% 	14.19% 					
2014 年度 	1 	客户 D 	855.50 	855.50 	14.19% 	14.19% 					
2014 年度 	1 	小计 	5,698.95 	5,698.95 	94.52% 	94.52% 					
2014 年度 	1 	小计 	5,698.95 	5,698.95 	94.52% 	94.52% 					
2014 年度 	2 	哈尔滨工业大学 	225.73 	225.73 	3.74% 	3.74% 					
2014 年度 	2 	哈尔滨工业大学 	225.73 	225.73 	3.74% 	3.74% 					
2014 年度 	3 	常州特诺复合材料有限公司 	20.63 	20.63 	0.34% 	0.34% 					
2014 年度 	3 	常州特诺复合材料有限公司 	20.63 	20.63 	0.34% 	0.34% 					
2014 年度 	4 	客户 F 	18.63 	18.63 	0.31% 	0.31% 					
2014 年度 	4 	客户 F 	18.63 	18.63 	0.31% 	0.31% 					
2014 年度 	5 	常州利尔德通新材料科技有限公司 	32.43 	32.43 	0.54% 	0.54% 					
2014 年度 	5 	常州利尔德通新材料科技有限公司 	32.43 	32.43 	0.54% 	0.54% 					
2014 年度 	合计 	合计 	合计 	5,996.37 	5,996.37 	99.45% 	99.45% 				
2014 年度 	合计 	合计 	合计 	5,996.37 	5,996.37 	99.45% 	99.45% 				
2013 年度 	1 	客户 A 	1,512.72 	1,512.72 	71.72% 	71.72% 					
2013 年度 	1 	客户 A 	1,512.72 	1,512.72 	71.72% 	71.72% 					
2013 年度 	1 	客户 E 	328.21 	328.21 	15.56% 	15.56% 					
2013 年度 	1 	客户 E 	328.21 	328.21 	15.56% 	15.56% 					
2013 年度 	1 	客户 D 	170.94 	170.94 	8.10% 	8.10% 					
2013 年度 	1 	客户 D 	170.94 	170.94 	8.10% 	8.10% 					
											
小计 	2,011.87 	2,011.87 	95.38% 	95.38% 							
客户 F 	15.80 	15.80 	0.75% 	0.75% 							
客户 F 	15.80 	15.80 	0.75% 	0.75% 							
常州利尔德通新材料科技有限公司 	37.89 	37.89 	1.80% 	1.80% 							
常州利尔德通新材料科技有限公司 	37.89 	37.89 	1.80% 	1.80% 							
山东大学 	23.93 	23.93 	1.13% 	1.13% 							
山东大学 	23.93 	23.93 	1.13% 	1.13% 							
客户 G 	13.93 	13.93 	0.66% 	0.66% 							
客户 G 	13.93 	13.93 	0.66% 	0.66% 							
2,103.43 	2,103.43 	99.73% 	99.73% 								
2,103.43 	2,103.43 	99.73% 	99.73% 								
											
2 											
3 											
3 											
4 											
4 											
5 											
5 											
合计 	合计 										
合计 	合计 										
											
序号 	主要原材料及能源 	单位 	采购数量 	采购单价 	采购金额（不含税） 						
2016 年 1-6 月 	2016 年 1-6 月 	2016 年 1-6 月 	2016 年 1-6 月 	2016 年 1-6 月 	2016 年 1-6 月 						
2016 年 1-6 月 	2016 年 1-6 月 	2016 年 1-6 月 	2016 年 1-6 月 	2016 年 1-6 月 	2016 年 1-6 月 						
1 	丙烯腈 	KG 	88,680.00   	11.90 	 1,055,066.68   						
1 	丙烯腈 	KG 	88,680.00   	11.90 	 1,055,066.68   						
2 	电 	度 	5,941,795.00   	0.70 	 4,175,080.17   						
2 	电 	度 	5,941,795.00   	0.70 	 4,175,080.17   						
3 	蒸汽 	立方米 	7,420.55   	147.01 	 1,090,894.85   						
3 	蒸汽 	立方米 	7,420.55   	147.01 	 1,090,894.85   						
4 	氮气 	立方米 	2,325,119.00     	0.53 	   1,239,497.14     						
4 	氮气 	立方米 	2,325,119.00     	0.53 	   1,239,497.14     						
5 	油剂 	KG 	4,500.00   	70.80 	                318,615.38   						
5 	油剂 	KG 	4,500.00   	70.80 	                318,615.38   						
2015 年度 	2015 年度 	2015 年度 	2015 年度 	2015 年度 	2015 年度 						
2015 年度 	2015 年度 	2015 年度 	2015 年度 	2015 年度 	2015 年度 						
1 	丙烯腈 	KG 	249,340.00 	12.44 	3,101,969.23 						
1 	丙烯腈 	KG 	249,340.00 	12.44 	3,101,969.23 						
2 	电 	度 	13,377,811.40 	0.67 	8,982,776.73 						
2 	电 	度 	13,377,811.40 	0.67 	8,982,776.73 						
3 	蒸汽 	立方米 	16,060.00 	151.40 	2,431,486.73 						
3 	蒸汽 	立方米 	16,060.00 	151.40 	2,431,486.73 						
4 	氮气 	立方米 	3,962,563   	0.48 	1,904,132.03   						
4 	氮气 	立方米 	3,962,563   	0.48 	1,904,132.03   						
5 	油剂 	KG 	10,620.00 	73.08 	776,153.85 						
5 	油剂 	KG 	10,620.00 	73.08 	776,153.85 						
2014 年度 	2014 年度 	2014 年度 	2014 年度 	2014 年度 	2014 年度 						
2014 年度 	2014 年度 	2014 年度 	2014 年度 	2014 年度 	2014 年度 						
1 	丙烯腈 	KG 	142,600.00 	14.59 	2,081,124.79 						
1 	丙烯腈 	KG 	142,600.00 	14.59 	2,081,124.79 						
2 	电 	度 	9,648,468.16 	0.67 	6,474,121.56 						
2 	电 	度 	9,648,468.16 	0.67 	6,474,121.56 						
3 	蒸汽 	立方米 	11,283.37 	153.02 	1,726,598.80 						
3 	蒸汽 	立方米 	11,283.37 	153.02 	1,726,598.80 						
4 	氮气 	立方米 	2,516,950 	0.48 	1,208,138.01 						
4 	氮气 	立方米 	2,516,950 	0.48 	1,208,138.01 						
5 	油剂 	KG 	6,300.00 	75.21 	473,846.15 						
5 	油剂 	KG 	6,300.00 	75.21 	473,846.15 						
2013 年度 	2013 年度 	2013 年度 	2013 年度 	2013 年度 	2013 年度 						
2013 年度 	2013 年度 	2013 年度 	2013 年度 	2013 年度 	2013 年度 						
1 	丙烯腈 	KG 	142,520.00 	13.84 	1,972,666.68 						
2 	电 	度 	10,032,177.00 	0.64 	6,440,616.42 						
2 	电 	度 	10,032,177.00 	0.64 	6,440,616.42 						
3 	蒸汽 	立方米 	9,498.55 	163.29 	1,551,005.00 						
3 	蒸汽 	立方米 	9,498.55 	163.29 	1,551,005.00 						
4 	氮气 	立方米 	2,235,327 	0.48 	1,065,080.70 						
4 	氮气 	立方米 	2,235,327 	0.48 	1,065,080.70 						
5 	油剂 	KG 	4,320.00 	75.21 	324,923.08 						
5 	油剂 	KG 	4,320.00 	75.21 	324,923.08 						
											
报告期 	序号 	供应商 	采购金额 	采购金额 	占当期采购 总额比重 						
2016 年1-6 月 	1 	江苏省电力公司常州供电公司 	417.51   	417.51   	32.58% 						
2016 年1-6 月 	1 	江苏省电力公司常州供电公司 	417.51   	417.51   	32.58% 						
2016 年1-6 月 	2 	林德气体（常州）有限公司 	153.08   	153.08   	11.95% 						
2016 年1-6 月 	2 	林德气体（常州）有限公司 	153.08   	153.08   	11.95% 						
2016 年1-6 月 	3 	常州市长江热能有限公司 	109.09   	109.09   	8.51% 						
2016 年1-6 月 	3 	常州市长江热能有限公司 	109.09   	109.09   	8.51% 						
2016 年1-6 月 	4 	江阴市深腾石化贸易有限公司 	105.51   	105.51   	8.23% 						
2016 年1-6 月 	4 	江阴市深腾石化贸易有限公司 	105.51   	105.51   	8.23% 						
2016 年1-6 月 	5 	黄骅市永胜模具有限公司 	59.83   	59.83   	4.67% 						
2016 年1-6 月 	5 	黄骅市永胜模具有限公司 	59.83   	59.83   	4.67% 						
2016 年1-6 月 	合计 	合计 	合计 	845.01 	845.01 	65.95%   					
2016 年1-6 月 	合计 	合计 	合计 	845.01 	845.01 	65.95%   					
2015 年度 	1 	江苏省电力公司常州供电公司 	898.28 	898.28 	38.79% 						
2015 年度 	1 	江苏省电力公司常州供电公司 	898.28 	898.28 	38.79% 						
2015 年度 	2 	江阴市深腾石化贸易有限公司 	310.20 	310.20 	13.40% 						
2015 年度 	2 	江阴市深腾石化贸易有限公司 	310.20 	310.20 	13.40% 						
2015 年度 	3 	常州市长江热能有限公司 	243.15 	243.15 	10.50% 						
2015 年度 	3 	常州市长江热能有限公司 	243.15 	243.15 	10.50% 						
2015 年度 	4 	林德气体（常州）有限公司 	215.37 	215.37 	9.30% 						
2015 年度 	4 	林德气体（常州）有限公司 	215.37 	215.37 	9.30% 						
2015 年度 	5 	江苏宏飞复合新材料有限公司 	85.64 	85.64 	3.70% 						
2015 年度 	5 	江苏宏飞复合新材料有限公司 	85.64 	85.64 	3.70% 						
2015 年度 	合计 	合计 	合计 	1,752.63 	1,752.63 	75.69% 					
2015 年度 	合计 	合计 	合计 	1,752.63 	1,752.63 	75.69% 					
2014 年度 	1 	江苏省电力公司常州供电公司 	647.41 	647.41 	40.06% 						
2014 年度 	1 	江苏省电力公司常州供电公司 	647.41 	647.41 	40.06% 						
2014 年度 	2 	江阴市深腾石化贸易有限公司 	208.11 	208.11 	12.88% 						
2014 年度 	2 	江阴市深腾石化贸易有限公司 	208.11 	208.11 	12.88% 						
2014 年度 	3 	常州市长江热能有限公司 	172.66 	172.66 	10.68% 						
2014 年度 	3 	常州市长江热能有限公司 	172.66 	172.66 	10.68% 						
2014 年度 	4 	林德气体（常州）有限公司 	120.81 	120.81 	7.48% 						
2014 年度 	4 	林德气体（常州）有限公司 	120.81 	120.81 	7.48% 						
2014 年度 	5 	常州市杰栋建材有限公司 	51.08 	51.08 	3.16% 						
2014 年度 	5 	常州市杰栋建材有限公司 	51.08 	51.08 	3.16% 						
2014 年度 	合计 	合计 	合计 	1,200.07 	1,200.07 	74.26% 					
2014 年度 	合计 	合计 	合计 	1,200.07 	1,200.07 	74.26% 					
2013 年度 	1 	江苏省电力公司常州供电公司 	644.06 	644.06 	47.57% 						
2013 年度 	1 	江苏省电力公司常州供电公司 	644.06 	644.06 	47.57% 						
2013 年度 	2 	江阴市深腾石化贸易有限公司 	197.27 	197.27 	14.57% 						
2013 年度 	2 	江阴市深腾石化贸易有限公司 	197.27 	197.27 	14.57% 						
2013 年度 	3 	常州市长江热能有限公司 	155.10 	155.10 	11.46% 						
2013 年度 	3 	常州市长江热能有限公司 	155.10 	155.10 	11.46% 						
2013 年度 	4 	林德气体（常州）有限公司 	106.51 	106.51 	7.87% 						
2013 年度 	4 	林德气体（常州）有限公司 	106.51 	106.51 	7.87% 						
2013 年度 	5 	常州振杰机械有限公司 	35.33 	35.33 	2.61% 						
2013 年度 	5 	常州振杰机械有限公司 	35.33 	35.33 	2.61% 						
2013 年度 	合计 	合计 	合计 	1,138.27 	1,138.27 	84.08% 					
2013 年度 	合计 	合计 	合计 	1,138.27 	1,138.27 	84.08% 					
											
权证号 	坐落 	权利类型 	用途 	面积（M²） 	国有建设用地使用权期限 						
苏（2016）常州市不动产权第0008815 号 	常州市新北区兴丰路 6 号 	房屋所有权/国有土地使用权 	工业/工业 	房屋建筑面积：17613.49 宗地面积：52080 	2059.07.19 						
苏（2016）常州市不动产权第0008815 号 	常州市新北区兴丰路 6 号 	房屋所有权/国有土地使用权 	工业/工业 	房屋建筑面积：17613.49 宗地面积：52080 	2059.07.19 						
											
序号 	设备名称 	数量/台套 	原值/万元 	净值/万元 	成新率 						
1 	聚合反应系统 	1 	2,775.14 	1,440.94 	51.92% 						
1 	聚合反应系统 	1 	2,775.14 	1,440.94 	51.92% 						
2 	凝固牵引系统 	1 	3,250.25 	1,598.42 	49.18% 						
2 	凝固牵引系统 	1 	3,250.25 	1,598.42 	49.18% 						
3 	氧化系统 	1 	3,227.53 	1,455.46 	45.10% 						
3 	氧化系统 	1 	3,227.53 	1,455.46 	45.10% 						
4 	碳化系统 	1 	3,635.13 	1,789.95 	49.24% 						
4 	碳化系统 	1 	3,635.13 	1,789.95 	49.24% 						
5 	自控设备 	1 	573.63 	28.68 	5.00% 						
5 	自控设备 	1 	573.63 	28.68 	5.00% 						
											
序号 	商标名称 	商标名称 	注册号 	注册号 	核定使用商品及类别 	核定使用商品及类别 	取得 方式 	权利期限 			
1 	 	 	10616009 	10616009 	第 23 类；纱；毛线和粗纺毛纱；细线和细纱；人造线和纱；纺织线和纱；纺织用弹性纱和线；落丝；弹力丝（纺织用）；长丝；人造丝（截止） 	第 23 类；纱；毛线和粗纺毛纱；细线和细纱；人造线和纱；纺织线和纱；纺织用弹性纱和线；落丝；弹力丝（纺织用）；长丝；人造丝（截止） 	原始取得 	自 2013.6.14至 2023.6.13 			
1 	 	 	10616009 	10616009 	第 23 类；纱；毛线和粗纺毛纱；细线和细纱；人造线和纱；纺织线和纱；纺织用弹性纱和线；落丝；弹力丝（纺织用）；长丝；人造丝（截止） 	第 23 类；纱；毛线和粗纺毛纱；细线和细纱；人造线和纱；纺织线和纱；纺织用弹性纱和线；落丝；弹力丝（纺织用）；长丝；人造丝（截止） 	原始取得 	自 2013.6.14至 2023.6.13 			
2 	 	 	10616057 	10616057 	第 22 类；阻燃布；合成材料制遮篷；船用纤维密封圈（截止） 	第 22 类；阻燃布；合成材料制遮篷；船用纤维密封圈（截止） 	原始取得 	自 2013.7.14至 2023.7.13 			
2 	 	 	10616057 	10616057 	第 22 类；阻燃布；合成材料制遮篷；船用纤维密封圈（截止） 	第 22 类；阻燃布；合成材料制遮篷；船用纤维密封圈（截止） 	原始取得 	自 2013.7.14至 2023.7.13 			
3 	 	 	10616145 	10616145 	第 21 类；制刷原料；清洁用纤维束（截止） 	第 21 类；制刷原料；清洁用纤维束（截止） 	原始取得 	自 2013.7.14至 2023.7.13 			
3 	 	 	10616145 	10616145 	第 21 类；制刷原料；清洁用纤维束（截止） 	第 21 类；制刷原料；清洁用纤维束（截止） 	原始取得 	自 2013.7.14至 2023.7.13 			
4 	 	 	10615963 	10615963 	第 24 类：织物；纺织织物；人造丝织品；编织织品；轻薄织物（布料）；纺织纤维织物；玻璃布；塑料材料（纤维代用品）；	第 24 类：织物；纺织织物；人造丝织品；编织织品；轻薄织物（布料）；纺织纤维织物；玻璃布；塑料材料（纤维代用品）；	原始取得 	自 2014.1.7至 2024.1.6 			
4 	 	 	10615963 	10615963 	第 24 类：织物；纺织织物；人造丝织品；编织织品；轻薄织物（布料）；纺织纤维织物；玻璃布；塑料材料（纤维代用品）；	第 24 类：织物；纺织织物；人造丝织品；编织织品；轻薄织物（布料）；纺织纤维织物；玻璃布；塑料材料（纤维代用品）；	原始取得 	自 2014.1.7至 2024.1.6 			
序号 	商标名称 	商标名称 	注册号 	注册号 	核定使用商品及类别 	核定使用商品及类别 	取得 方式 	权利期限 			
无纺布；纺织用玻璃纤维织物 	无纺布；纺织用玻璃纤维织物 										
无纺布；纺织用玻璃纤维织物 	无纺布；纺织用玻璃纤维织物 										
第 17 类；保温用非导热材料；防热辐射合成物；玻璃纤维保温板和管（截止） 	第 17 类；保温用非导热材料；防热辐射合成物；玻璃纤维保温板和管（截止） 	原始取得 	原始取得 	自 2013.7.14至 2023.7.13 	自 2013.7.14至 2023.7.13 						
第 17 类；保温用非导热材料；防热辐射合成物；玻璃纤维保温板和管（截止） 	第 17 类；保温用非导热材料；防热辐射合成物；玻璃纤维保温板和管（截止） 	原始取得 	原始取得 	自 2013.7.14至 2023.7.13 	自 2013.7.14至 2023.7.13 						
第 17 类；合成树脂(半成品)；非纺织用碳纤维；半加工塑料物质；非纺织用塑料纤维；保温用非导热材料；防热辐射合成物；玻璃纤维保温板和管；电容器纸；绝缘用玻璃纤维织物；绝缘耐火材料；（截止） 	第 17 类；合成树脂(半成品)；非纺织用碳纤维；半加工塑料物质；非纺织用塑料纤维；保温用非导热材料；防热辐射合成物；玻璃纤维保温板和管；电容器纸；绝缘用玻璃纤维织物；绝缘耐火材料；（截止） 	原始取得 	原始取得 	自 2014.8.7至 2024.8.6 	自 2014.8.7至 2024.8.6 						
第 17 类；合成树脂(半成品)；非纺织用碳纤维；半加工塑料物质；非纺织用塑料纤维；保温用非导热材料；防热辐射合成物；玻璃纤维保温板和管；电容器纸；绝缘用玻璃纤维织物；绝缘耐火材料；（截止） 	第 17 类；合成树脂(半成品)；非纺织用碳纤维；半加工塑料物质；非纺织用塑料纤维；保温用非导热材料；防热辐射合成物；玻璃纤维保温板和管；电容器纸；绝缘用玻璃纤维织物；绝缘耐火材料；（截止） 	原始取得 	原始取得 	自 2014.8.7至 2024.8.6 	自 2014.8.7至 2024.8.6 						
第 21 类：纸或塑料杯；制刷原料；非纺织用矽玻璃纤维；非绝缘用、非纺织用玻璃纤维；非纺织用玻璃纤维线；清洁用纤维束；隔热容器；非纸制、非纺织品制杯垫；过滤器；纺织品制桶（截止） 	第 21 类：纸或塑料杯；制刷原料；非纺织用矽玻璃纤维；非绝缘用、非纺织用玻璃纤维；非纺织用玻璃纤维线；清洁用纤维束；隔热容器；非纸制、非纺织品制杯垫；过滤器；纺织品制桶（截止） 	原始取得 	原始取得 	自 2014.8.28至 2024.7.27 	自 2014.8.28至 2024.7.27 						
第 21 类：纸或塑料杯；制刷原料；非纺织用矽玻璃纤维；非绝缘用、非纺织用玻璃纤维；非纺织用玻璃纤维线；清洁用纤维束；隔热容器；非纸制、非纺织品制杯垫；过滤器；纺织品制桶（截止） 	第 21 类：纸或塑料杯；制刷原料；非纺织用矽玻璃纤维；非绝缘用、非纺织用玻璃纤维；非纺织用玻璃纤维线；清洁用纤维束；隔热容器；非纸制、非纺织品制杯垫；过滤器；纺织品制桶（截止） 	原始取得 	原始取得 	自 2014.8.28至 2024.7.27 	自 2014.8.28至 2024.7.27 						
第 22 类；非金属绳索；阻燃布；合成材料制遮篷；船用纤维密封圈；纤维纺织原料；丝绵；纺织纤维；纺织用碳纤维；纺织品用塑料纤维（纤维  ）；纺织用玻璃纤维（截止） 	第 22 类；非金属绳索；阻燃布；合成材料制遮篷；船用纤维密封圈；纤维纺织原料；丝绵；纺织纤维；纺织用碳纤维；纺织品用塑料纤维（纤维  ）；纺织用玻璃纤维（截止） 	原始取得 	原始取得 	自 2014.7.21至 2024.7.20 	自 2014.7.21至 2024.7.20 						
第 22 类；非金属绳索；阻燃布；合成材料制遮篷；船用纤维密封圈；纤维纺织原料；丝绵；纺织纤维；纺织用碳纤维；纺织品用塑料纤维（纤维  ）；纺织用玻璃纤维（截止） 	第 22 类；非金属绳索；阻燃布；合成材料制遮篷；船用纤维密封圈；纤维纺织原料；丝绵；纺织纤维；纺织用碳纤维；纺织品用塑料纤维（纤维  ）；纺织用玻璃纤维（截止） 	原始取得 	原始取得 	自 2014.7.21至 2024.7.20 	自 2014.7.21至 2024.7.20 						
											
5 											
6 	 	12137976 									
6 	 	12137976 									
7 	 	12137820 									
7 	 	12137820 									
8 	 	12137895 									
8 	 	12137895 									
											
序号 	专利名称 	专利名称 	专利号 	专利类型 	专利类型 	取得方式 	授权公告 	授权公告 	权利期限 	权利期限 	
1 	一种制备炭纤维纺丝液的方法 	一种制备炭纤维纺丝液的方法 	ZL02130021.6 	发明 	发明 	受让取得 	2004.9.1 	2004.9.1 	自2002.8.13至2022.8.12 	自2002.8.13至2022.8.12 	
1 	一种制备炭纤维纺丝液的方法 	一种制备炭纤维纺丝液的方法 	ZL02130021.6 	发明 	发明 	受让取得 	2004.9.1 	2004.9.1 	自2002.8.13至2022.8.12 	自2002.8.13至2022.8.12 	
2 	一种聚丙烯腈基炭纤维纺丝液的制备方法 	一种聚丙烯腈基炭纤维纺丝液的制备方法 	ZL02130023.2 	发明 	发明 	受让取得 	2004.10.20 	2004.10.20 	自2002.8.13至2022.8.12 	自2002.8.13至2022.8.12 	
2 	一种聚丙烯腈基炭纤维纺丝液的制备方法 	一种聚丙烯腈基炭纤维纺丝液的制备方法 	ZL02130023.2 	发明 	发明 	受让取得 	2004.10.20 	2004.10.20 	自2002.8.13至2022.8.12 	自2002.8.13至2022.8.12 	
3 	一种炭纤维纺丝液的制备方法 	一种炭纤维纺丝液的制备方法 	ZL02130024.0 	发明 	发明 	受让取得 	2004.10.20 	2004.10.20 	自2002.8.13至2022.8.12 	自2002.8.13至2022.8.12 	
3 	一种炭纤维纺丝液的制备方法 	一种炭纤维纺丝液的制备方法 	ZL02130024.0 	发明 	发明 	受让取得 	2004.10.20 	2004.10.20 	自2002.8.13至2022.8.12 	自2002.8.13至2022.8.12 	
4 	制备聚丙烯腈纺丝液的方法 	制备聚丙烯腈纺丝液的方法 	ZL02130022.4 	发明 	发明 	受让取得 	2005.12.14 	2005.12.14 	自2002.8.13至2022.8.12 	自2002.8.13至2022.8.12 	
4 	制备聚丙烯腈纺丝液的方法 	制备聚丙烯腈纺丝液的方法 	ZL02130022.4 	发明 	发明 	受让取得 	2005.12.14 	2005.12.14 	自2002.8.13至2022.8.12 	自2002.8.13至2022.8.12 	
5 	用于碳纤维生产过程中的尾气吸收处理设备 	用于碳纤维生产过程中的尾气吸收处理设备 	ZL201320384838.6 	实用新型 	实用新型 	原始取得 	2014.1.29 	2014.1.29 	自2013.6.28至2023.6.27 	自2013.6.28至2023.6.27 	
5 	用于碳纤维生产过程中的尾气吸收处理设备 	用于碳纤维生产过程中的尾气吸收处理设备 	ZL201320384838.6 	实用新型 	实用新型 	原始取得 	2014.1.29 	2014.1.29 	自2013.6.28至2023.6.27 	自2013.6.28至2023.6.27 	
6 	预氧化炉的空气密封设备 	预氧化炉的空气密封设备 	ZL201320430630.3 	实用新型 	实用新型 	原始取得 	2014.1.29 	2014.1.29 	自2013.7.18至2023.7.17 	自2013.7.18至2023.7.17 	
6 	预氧化炉的空气密封设备 	预氧化炉的空气密封设备 	ZL201320430630.3 	实用新型 	实用新型 	原始取得 	2014.1.29 	2014.1.29 	自2013.7.18至2023.7.17 	自2013.7.18至2023.7.17 	
7 	聚丙烯腈碳纤维生产装	聚丙烯腈碳纤维生产装	ZL201320385260.	实用新型 	实用新型 	原始	2014.1.29 	2014.1.29 	自2013.6.28至	自2013.6.28至	
7 	聚丙烯腈碳纤维生产装	聚丙烯腈碳纤维生产装	ZL201320385260.	实用新型 	实用新型 	原始	2014.1.29 	2014.1.29 	自2013.6.28至	自2013.6.28至	
序号 	专利名称 	专利名称 	专利号 	专利类型 	专利类型 	取得方式 	授权公告 	授权公告 	权利期限 	权利期限 	
置 	置 	6 	取得 	2023.6.27 	2023.6.27 						
置 	置 	6 	取得 	2023.6.27 	2023.6.27 						
多介质过滤器 	多介质过滤器 	ZL201320428406.0 	实用新型 	实用新型 	原始取得 	2014.1.29 	2014.1.29 	自2013.7.18至2023.7.17 	自2013.7.18至2023.7.17 		
多介质过滤器 	多介质过滤器 	ZL201320428406.0 	实用新型 	实用新型 	原始取得 	2014.1.29 	2014.1.29 	自2013.7.18至2023.7.17 	自2013.7.18至2023.7.17 		
碳纤维原丝用蒸汽牵伸装置 	碳纤维原丝用蒸汽牵伸装置 	ZL201320430811.6 	实用新型 	实用新型 	原始取得 	2014.1.29 	2014.1.29 	自2013.7.18至2023.7.17 	自2013.7.18至2023.7.17 		
碳纤维原丝用蒸汽牵伸装置 	碳纤维原丝用蒸汽牵伸装置 	ZL201320430811.6 	实用新型 	实用新型 	原始取得 	2014.1.29 	2014.1.29 	自2013.7.18至2023.7.17 	自2013.7.18至2023.7.17 		
聚丙烯腈碳纤维的干燥装置 	聚丙烯腈碳纤维的干燥装置 	ZL201320383239.2 	实用新型 	实用新型 	原始取得 	2014.1.29 	2014.1.29 	自2013.6.28至2023.6.27 	自2013.6.28至2023.6.27 		
聚丙烯腈碳纤维的干燥装置 	聚丙烯腈碳纤维的干燥装置 	ZL201320383239.2 	实用新型 	实用新型 	原始取得 	2014.1.29 	2014.1.29 	自2013.6.28至2023.6.27 	自2013.6.28至2023.6.27 		
碳纤维生产过程中的二甲基亚砜回收设备 	碳纤维生产过程中的二甲基亚砜回收设备 	ZL201320388862.7 	实用新型 	实用新型 	原始取得 	2014.1.29 	2014.1.29 	自2013.6.28至2023.6.27 	自2013.6.28至2023.6.27 		
碳纤维生产过程中的二甲基亚砜回收设备 	碳纤维生产过程中的二甲基亚砜回收设备 	ZL201320388862.7 	实用新型 	实用新型 	原始取得 	2014.1.29 	2014.1.29 	自2013.6.28至2023.6.27 	自2013.6.28至2023.6.27 		
聚丙烯腈碳纤维的上浆装置 	聚丙烯腈碳纤维的上浆装置 	ZL201320388064.4 	实用新型 	实用新型 	原始取得 	2014.1.29 	2014.1.29 	自2013.6.28至2023.6.27 	自2013.6.28至2023.6.27 		
聚丙烯腈碳纤维的上浆装置 	聚丙烯腈碳纤维的上浆装置 	ZL201320388064.4 	实用新型 	实用新型 	原始取得 	2014.1.29 	2014.1.29 	自2013.6.28至2023.6.27 	自2013.6.28至2023.6.27 		
聚丙烯腈碳纤维的定型装置 	聚丙烯腈碳纤维的定型装置 	ZL201320388861.2 	实用新型 	实用新型 	原始取得 	2014.1.29 	2014.1.29 	自2013.6.28至2023.6.27 	自2013.6.28至2023.6.27 		
聚丙烯腈碳纤维的定型装置 	聚丙烯腈碳纤维的定型装置 	ZL201320388861.2 	实用新型 	实用新型 	原始取得 	2014.1.29 	2014.1.29 	自2013.6.28至2023.6.27 	自2013.6.28至2023.6.27 		
聚丙烯腈碳纤维上浆、干燥和定型装置 	聚丙烯腈碳纤维上浆、干燥和定型装置 	ZL201310270466.9 	发明 	发明 	原始取得 	2015.6.24 	2015.6.24 	自2013.6.28至2033.6.27 	自2013.6.28至2033.6.27 		
聚丙烯腈碳纤维上浆、干燥和定型装置 	聚丙烯腈碳纤维上浆、干燥和定型装置 	ZL201310270466.9 	发明 	发明 	原始取得 	2015.6.24 	2015.6.24 	自2013.6.28至2033.6.27 	自2013.6.28至2033.6.27 		
一种三角形截面聚丙烯腈炭纤维的制备方法 	一种三角形截面聚丙烯腈炭纤维的制备方法 	ZL201310261744.4 	发明 	发明 	原始取得 	2015.10.28 	2015.10.28 	自2013.6.26至2033.6.25 	自2013.6.26至2033.6.25 		
一种三角形截面聚丙烯腈炭纤维的制备方法 	一种三角形截面聚丙烯腈炭纤维的制备方法 	ZL201310261744.4 	发明 	发明 	原始取得 	2015.10.28 	2015.10.28 	自2013.6.26至2033.6.25 	自2013.6.26至2033.6.25 		
高性能聚丙烯腈炭纤维的制备方法 	高性能聚丙烯腈炭纤维的制备方法 	ZL201310213939.1 	发明 	发明 	原始取得 	2016.5.11 	2016.5.11 	自2013.5.31至2033.5.30 	自2013.5.31至2033.5.30 		
高性能聚丙烯腈炭纤维的制备方法 	高性能聚丙烯腈炭纤维的制备方法 	ZL201310213939.1 	发明 	发明 	原始取得 	2016.5.11 	2016.5.11 	自2013.5.31至2033.5.30 	自2013.5.31至2033.5.30 		
一种共固化结构阻尼材料的制备方法 	一种共固化结构阻尼材料的制备方法 	ZL201310263163.4 	发明 	发明 	原始取得 	2016.5.11 	2016.5.11 	自2013.6.26至2033.6.25 	自2013.6.26至2033.6.25 		
一种共固化结构阻尼材料的制备方法 	一种共固化结构阻尼材料的制备方法 	ZL201310263163.4 	发明 	发明 	原始取得 	2016.5.11 	2016.5.11 	自2013.6.26至2033.6.25 	自2013.6.26至2033.6.25 		
碳纤维原丝烘干装置 	碳纤维原丝烘干装置 	ZL201620018964.3 	实用新型 	实用新型 	原始取得 	2016.8.17 	2016.8.17 	自2016.1.8至2026.1.7 	自2016.1.8至2026.1.7 		
碳纤维原丝烘干装置 	碳纤维原丝烘干装置 	ZL201620018964.3 	实用新型 	实用新型 	原始取得 	2016.8.17 	2016.8.17 	自2016.1.8至2026.1.7 	自2016.1.8至2026.1.7 		
碳纤维原丝上油装置 	碳纤维原丝上油装置 	ZL201620019592.3 	实用新型 	实用新型 	原始取得 	2016.8.17 	2016.8.17 	自2016.1.8至2026.1.7 	自2016.1.8至2026.1.7 		
碳纤维原丝上油装置 	碳纤维原丝上油装置 	ZL201620019592.3 	实用新型 	实用新型 	原始取得 	2016.8.17 	2016.8.17 	自2016.1.8至2026.1.7 	自2016.1.8至2026.1.7 		
二甲基亚砜精馏过程中的原料预加热装置 	二甲基亚砜精馏过程中的原料预加热装置 	ZL201620049292.2 	实用新型 	实用新型 	原始取得 	2016.8.17 	2016.8.17 	自2016.1.19至2026.1.18 	自2016.1.19至2026.1.18 		
二甲基亚砜精馏过程中的原料预加热装置 	二甲基亚砜精馏过程中的原料预加热装置 	ZL201620049292.2 	实用新型 	实用新型 	原始取得 	2016.8.17 	2016.8.17 	自2016.1.19至2026.1.18 	自2016.1.19至2026.1.18 		
一种消除碳纤维原丝运行产生静电的装置 	一种消除碳纤维原丝运行产生静电的装置 	ZL201620051353.9 	实用新型 	实用新型 	原始取得 	2016.8.17 	2016.8.17 	自2016.1.19至2026.1.18 	自2016.1.19至2026.1.18 		
一种消除碳纤维原丝运行产生静电的装置 	一种消除碳纤维原丝运行产生静电的装置 	ZL201620051353.9 	实用新型 	实用新型 	原始取得 	2016.8.17 	2016.8.17 	自2016.1.19至2026.1.18 	自2016.1.19至2026.1.18 		
一种用于碳纤维原丝制备过程中的扩幅装置 	一种用于碳纤维原丝制备过程中的扩幅装置 	ZL201620051193.8 	实用新型 	实用新型 	原始取得 	2016.8.31 	2016.8.31 	自2016.1.19至2026.1.18 	自2016.1.19至2026.1.18 		
一种用于碳纤维原丝制备过程中的扩幅装置 	一种用于碳纤维原丝制备过程中的扩幅装置 	ZL201620051193.8 	实用新型 	实用新型 	原始取得 	2016.8.31 	2016.8.31 	自2016.1.19至2026.1.18 	自2016.1.19至2026.1.18 		
											
8 											
9 											
9 											
10 											
10 											
11 											
11 											
12 											
12 											
13 											
13 											
14 											
14 											
15 											
15 											
16 											
16 											
17 											
17 											
18 											
18 											
19 											
19 											
20 											
20 											
21 											
21 											
22 											
22 											
											
序号 	专利名称 	专利类型 	申请号 	申请期 							
1 	一种聚丙烯腈碳纤维表面处理方法及装置 	发明 	2016100129810 	2016.1.8 							
1 	一种聚丙烯腈碳纤维表面处理方法及装置 	发明 	2016100129810 	2016.1.8 							
2 	一种乳液型环氧树脂的制备方法 	发明 	2016100129825 	2016.1.8 							
2 	一种乳液型环氧树脂的制备方法 	发明 	2016100129825 	2016.1.8 							
3 	聚丙烯腈碳纤维熔体过滤器的清洗装置以及清洗方法 	发明 	2016100122489 	2016.1.8 							
4 	聚丙烯腈基碳纤维纺丝原液氨含量的检测方法 	发明 	2016100138773 	2016.1.8 							
4 	聚丙烯腈基碳纤维纺丝原液氨含量的检测方法 	发明 	2016100138773 	2016.1.8 							
5 	一种改性不饱和聚酯乳液的制备方法 	发明 	2016101137301 	2016.2.29 							
5 	一种改性不饱和聚酯乳液的制备方法 	发明 	2016101137301 	2016.2.29 							
6 	一种碳纤维生产用熔体滤芯的清洗方法 	发明 	2016101137674 	2016.2.29 							
6 	一种碳纤维生产用熔体滤芯的清洗方法 	发明 	2016101137674 	2016.2.29 							
7 	一种改性环氧树脂乳液的制备方法 	发明 	2016102839477 	2016.4.29 							
7 	一种改性环氧树脂乳液的制备方法 	发明 	2016102839477 	2016.4.29 							
8 	碳纤维原丝的承载装置 	发明 	2016203869418 	2016.4.29 							
8 	碳纤维原丝的承载装置 	发明 	2016203869418 	2016.4.29 							
9 	一种碳纤维生产过程中纺丝原液残余丙烯腈单体含量的确定方法 	发明 	201610679455X 	2016.8.17 							
9 	一种碳纤维生产过程中纺丝原液残余丙烯腈单体含量的确定方法 	发明 	201610679455X 	2016.8.17 							
10 	一种碳纤维生产过程中纺丝原液残余丙烯腈单体含量的测试方法 	发明 	2016106876333 	2016.8.17 							
10 	一种碳纤维生产过程中纺丝原液残余丙烯腈单体含量的测试方法 	发明 	2016106876333 	2016.8.17 							
11 	碳纤维的碳化装置 	实用新型 	2016209782757 	2016.8.29 							
11 	碳纤维的碳化装置 	实用新型 	2016209782757 	2016.8.29 							
12 	一种丙烯腈纺丝原液的制备方法 	发明 	2016107618023 	2016.8.29 							
12 	一种丙烯腈纺丝原液的制备方法 	发明 	2016107618023 	2016.8.29 							
13 	一种窄分子量分布丙烯腈纺丝原液的制备方法 	发明 	2016107632586 	2016.8.29 							
13 	一种窄分子量分布丙烯腈纺丝原液的制备方法 	发明 	2016107632586 	2016.8.29 							
											
序号 	技术名称 	技术来源 	与专利及非专利技术的对应 	技术的主要应用 							
1 	用于高性能碳纤维制备的聚丙烯腈纺丝液的合成工艺 	技术转让 	《制备聚丙烯腈纺丝液的方法》、《一种制备炭纤维纺丝液的方法》、《一种聚丙烯腈基炭纤维纺丝液的制备方法》、《一种纤维纺丝液的制备方法》、《高性能聚丙烯腈炭纤维的制备方法》（均为发明专利） 	T300级、T700级、T800级及M40J碳纤维的生产制备过程 							
1 	用于高性能碳纤维制备的聚丙烯腈纺丝液的合成工艺 	技术转让 	《制备聚丙烯腈纺丝液的方法》、《一种制备炭纤维纺丝液的方法》、《一种聚丙烯腈基炭纤维纺丝液的制备方法》、《一种纤维纺丝液的制备方法》、《高性能聚丙烯腈炭纤维的制备方法》（均为发明专利） 	T300级、T700级、T800级及M40J碳纤维的生产制备过程 							
2 	PAN快速合成反应热的瞬时排出及纺丝原液凝胶抑制技术 	自主研发、原始创新 	 	T300级、T700级、T800级及M40J碳纤维的生产制备过程 							
2 	PAN快速合成反应热的瞬时排出及纺丝原液凝胶抑制技术 	自主研发、原始创新 	 	T300级、T700级、T800级及M40J碳纤维的生产制备过程 							
3 	1K、3K、6K、12K规格T700级聚丙烯腈原丝和碳纤维兼容制备技术 	自主研发、原始创新 	 	T700级碳纤维的生产制备过程 							
3 	1K、3K、6K、12K规格T700级聚丙烯腈原丝和碳纤维兼容制备技术 	自主研发、原始创新 	 	T700级碳纤维的生产制备过程 							
4 	多纺位T700级PAN原丝纺丝技术 	自主研发、原始创新 	《多介质过滤器》（实用新型） 	T700级碳纤维的生产制备过程 							
4 	多纺位T700级PAN原丝纺丝技术 	自主研发、原始创新 	《多介质过滤器》（实用新型） 	T700级碳纤维的生产制备过程 							
5 	T700级PAN原丝纺丝速度提升关键技术 	自主研发、原始创新 	 	T700级碳纤维的生产制备过程 							
5 	T700级PAN原丝纺丝速度提升关键技术 	自主研发、原始创新 	 	T700级碳纤维的生产制备过程 							
6 	适合于制备T700级碳纤维的设备结构精度和微细控制技术，建立了专门化设备的加工技术标准和设备性能参数参考标准 	自主研发、原始创新 	《聚丙烯腈碳纤维上浆、干燥和定型装置》（发明专利）、《碳纤维用原丝牵伸装置》（实用新型） 	T700级碳纤维的生产制备过程 							
6 	适合于制备T700级碳纤维的设备结构精度和微细控制技术，建立了专门化设备的加工技术标准和设备性能参数参考标准 	自主研发、原始创新 	《聚丙烯腈碳纤维上浆、干燥和定型装置》（发明专利）、《碳纤维用原丝牵伸装置》（实用新型） 	T700级碳纤维的生产制备过程 							
7 	残余丙烯腈单体的脱除及其回收利用技术 	自主研发、原始创新 	《用于碳纤维生产过程中的尾气吸收处理设备》（实用新型） 	T300级、T700级、T800级及M40J碳纤维的生产制备过程 							
7 	残余丙烯腈单体的脱除及其回收利用技术 	自主研发、原始创新 	《用于碳纤维生产过程中的尾气吸收处理设备》（实用新型） 	T300级、T700级、T800级及M40J碳纤维的生产制备过程 							
8 	原丝制备过程中二甲基亚砜回收利用技术 	自主研发、原始创新 	《碳纤维生产过程中的二甲基亚砜回收设备》（实用新型） 	T300级、T700级、T800级及M40J碳纤维的生产制备过程 							
8 	原丝制备过程中二甲基亚砜回收利用技术 	自主研发、原始创新 	《碳纤维生产过程中的二甲基亚砜回收设备》（实用新型） 	T300级、T700级、T800级及M40J碳纤维的生产制备过程 							
序号 	技术名称 	技术来源 	与专利及非专利技术的对应 	技术的主要应用 							
9 	PAN原丝湿纺快速喷丝凝固成型技术 	自主研发、原始创新 	 	T300级、T700级、T800级及M40J碳纤维的生产制备过程 							
9 	PAN原丝湿纺快速喷丝凝固成型技术 	自主研发、原始创新 	 	T300级、T700级、T800级及M40J碳纤维的生产制备过程 							
10 	热式热风循环氧化装置设计及预氧化工艺技术 	自主研发、原始创新 	《预氧化炉的空气密封设备》（实用新型） 	T300级、T700级、T800级及M40J碳纤维的生产制备过程 							
10 	热式热风循环氧化装置设计及预氧化工艺技术 	自主研发、原始创新 	《预氧化炉的空气密封设备》（实用新型） 	T300级、T700级、T800级及M40J碳纤维的生产制备过程 							
11 	宽口径高温炭化炉设计及高温碳化技术 	自主研发、原始创新 	 	T300级、T700级、T800级及M40J碳纤维的生产制备过程 							
11 	宽口径高温炭化炉设计及高温碳化技术 	自主研发、原始创新 	 	T300级、T700级、T800级及M40J碳纤维的生产制备过程 							
12 	高效快速碳纤维表面处理新技术 	自主研发、原始创新 	 	T300级、T700级、T800级及M40J碳纤维的生产制备过程 							
12 	高效快速碳纤维表面处理新技术 	自主研发、原始创新 	 	T300级、T700级、T800级及M40J碳纤维的生产制备过程 							
13 	百吨规模T700级碳纤维生产设备集成技术 	自主研发、集成创新 	《聚丙烯腈碳纤维生产装置》《聚丙烯腈碳纤维的上浆装置》《聚丙烯腈碳纤维的干燥装置》《聚丙烯腈碳纤维的定型装置》（均为实用新型） 	T700级碳纤维的生产制备过程 							
13 	百吨规模T700级碳纤维生产设备集成技术 	自主研发、集成创新 	《聚丙烯腈碳纤维生产装置》《聚丙烯腈碳纤维的上浆装置》《聚丙烯腈碳纤维的干燥装置》《聚丙烯腈碳纤维的定型装置》（均为实用新型） 	T700级碳纤维的生产制备过程 							
14 	百吨规模T800级碳纤维稳定化制备技术 	自主研发、原始创新 	 	T800级碳纤维的生产制备过程 							
14 	百吨规模T800级碳纤维稳定化制备技术 	自主研发、原始创新 	 	T800级碳纤维的生产制备过程 							
15 	20吨/年M40J石墨纤维批量制备技术 	自主研发、原始创新 	 	M40J级碳纤维的生产制备过程 							
15 	20吨/年M40J石墨纤维批量制备技术 	自主研发、原始创新 	 	M40J级碳纤维的生产制备过程 							
											
项目 	2016年1-6月 	2016年1-6月 	2016年1-6月 	2015年度 	2015年度 	2015年度 	2014年度 	2014年度 	2014年度 	2013年度 	2013年度 
项目 											
项目 	金额 	比例 	金额 	金额 	比例 	金额 	比例 	金额 	比例 	比例 	
主营业务收入 	7,844.28   	99.87% 	13,469.27 	13,469.27 	98.86% 	5,836.18 	96.80% 	2,047.41 	97.07% 	97.07% 	
主营业务收入 	7,844.28   	99.87% 	13,469.27 	13,469.27 	98.86% 	5,836.18 	96.80% 	2,047.41 	97.07% 	97.07% 	
其中：碳纤维 	5,353.73   	68.16% 	11,079.84 	11,079.84 	81.32% 	4,757.14 	78.90% 	1,813.73 	85.99% 	85.99% 	
其中：碳纤维 	5,353.73   	68.16% 	11,079.84 	11,079.84 	81.32% 	4,757.14 	78.90% 	1,813.73 	85.99% 	85.99% 	
 碳纤维织物 	2,490.56   	31.71% 	2,389.43 	2,389.43 	17.54% 	1,079.04 	17.90% 	233.68 	11.08% 	11.08% 	
 碳纤维织物 	2,490.56   	31.71% 	2,389.43 	2,389.43 	17.54% 	1,079.04 	17.90% 	233.68 	11.08% 	11.08% 	
其他业务收入 	9.82   	0.13% 	154.91   	154.91   	1.14% 	193.23   	3.20% 	61.82   	2.93% 	2.93% 	
其他业务收入 	9.82   	0.13% 	154.91   	154.91   	1.14% 	193.23   	3.20% 	61.82   	2.93% 	2.93% 	
营业收入 	7,854.11   	100.00% 	13,624.18   	13,624.18   	100.00% 	6,029.41   	100.00% 	2,109.23   	100.00% 	100.00% 	
营业收入 	7,854.11   	100.00% 	13,624.18   	13,624.18   	100.00% 	6,029.41   	100.00% 	2,109.23   	100.00% 	100.00% 	
											
序号 	项目名称 	列入国家和省级课题计划情况 	产品主要用途 	进展情况 							
序号 	项目名称 	列入国家和省级课题计划情况 	产品主要用途 	进展情况 							
1 	国产化M40J高强高模碳纤维工程化 	列入2015年国防科工局某项目 	主要用于卫星及导弹等对结构部件强度和刚性同时提出苛刻要求的领域 	已实现关键技术突破和小批量生产及验证 							
1 	国产化M40J高强高模碳纤维工程化 	列入2015年国防科工局某项目 	主要用于卫星及导弹等对结构部件强度和刚性同时提出苛刻要求的领域 	已实现关键技术突破和小批量生产及验证 							
2 	千吨级T800级碳纤维工艺技术研发及产业化 	列入2015年江苏省科技厅科技成果转化项目“千吨级T800级碳纤维工艺技术研发及产业化” 	主要用于航空、航天、核工业、兵器等领域的主承力结构件 	已达到稳定化批量生产 							
2 	千吨级T800级碳纤维工艺技术研发及产业化 	列入2015年江苏省科技厅科技成果转化项目“千吨级T800级碳纤维工艺技术研发及产业化” 	主要用于航空、航天、核工业、兵器等领域的主承力结构件 	已达到稳定化批量生产 							
3 	M55J级高强高模碳纤维十吨级工程化技术 	列入2015年江苏省发改委战略新兴产业项目“M55J级高强高模碳纤维十吨级工程化技术” 	主要用于卫星及导弹等对结构部件强度和刚性同时提出苛刻要求的领域 	已掌握关键工艺，建成中试线，目前处于研究阶段 							
3 	M55J级高强高模碳纤维十吨级工程化技术 	列入2015年江苏省发改委战略新兴产业项目“M55J级高强高模碳纤维十吨级工程化技术” 	主要用于卫星及导弹等对结构部件强度和刚性同时提出苛刻要求的领域 	已掌握关键工艺，建成中试线，目前处于研究阶段 							
4 	1000吨/年ZT7H碳纤维批量化生产及改进提升 	列入2016年江苏省发改委战略新兴产业项目“1000吨/年ZT7H碳纤维批量化生产及改进提升” 	主要用于航空、航天、核工业、兵器等领域的主承力结构件 	已达到稳定批量工程化生产 							
4 	1000吨/年ZT7H碳纤维批量化生产及改进提升 	列入2016年江苏省发改委战略新兴产业项目“1000吨/年ZT7H碳纤维批量化生产及改进提升” 	主要用于航空、航天、核工业、兵器等领域的主承力结构件 	已达到稳定批量工程化生产 							
5 	ZT8H碳纤维产品开发 	公司自列课题 	针对国内某用户需求开发，主要用于航空航天领域 	已实现关键技术突破和小批量生产及验证，拟在募集资金投资项目实现工程化批量生产 							
5 	ZT8H碳纤维产品开发 	公司自列课题 	针对国内某用户需求开发，主要用于航空航天领域 	已实现关键技术突破和小批量生产及验证，拟在募集资金投资项目实现工程化批量生产 							
6 	T1000级和T1100级碳纤维产品开发 	公司自列课题 	主要用于航空、航天、核工业、兵器等领域的主承力结构件 	已突破关键技术，拟在募集资金投资项目实现工程化批量生产 							
6 	T1000级和T1100级碳纤维产品开发 	公司自列课题 	主要用于航空、航天、核工业、兵器等领域的主承力结构件 	已突破关键技术，拟在募集资金投资项目实现工程化批量生产 							
7 	干喷湿纺T700级碳纤维制备技术开发 	公司自列课题 	由于其表面特殊结构，该产品适合于在航空、航天、核工业、兵器等领域中的回转体缠绕工艺应用 	已掌握关键工艺，产品正在调试过程中，拟在募集资金投资项目实现工程化批量生产 							
7 	干喷湿纺T700级碳纤维制备技术开发 	公司自列课题 	由于其表面特殊结构，该产品适合于在航空、航天、核工业、兵器等领域中的回转体缠绕工艺应用 	已掌握关键工艺，产品正在调试过程中，拟在募集资金投资项目实现工程化批量生产 							
8 	干喷湿纺T800级碳纤维制备技术开发 	公司自列课题 	由于其表面特殊结构，该产品适合于在航空、航天、核工业、兵器等领域中的回转体缠绕工艺应用 	已掌握关键工艺，产品正在调试过程中，拟在募集资金投资项目实现工程化批量生产 							
8 	干喷湿纺T800级碳纤维制备技术开发 	公司自列课题 	由于其表面特殊结构，该产品适合于在航空、航天、核工业、兵器等领域中的回转体缠绕工艺应用 	已掌握关键工艺，产品正在调试过程中，拟在募集资金投资项目实现工程化批量生产 							
											
序号 	项目名称 	合作单位 	列入国家和省级课题计划情况 	主要内容 	研究成果及分配方案 	保密措施 					
序号 	项目名称 	合作单位 	列入国家和省级课题计划情况 	主要内容 	研究成果及分配方案 	保密措施 					
1 	T700/T800级碳纤维及复合材料研发、产业化及在航空领域的应用示范 	中航复合材料有限责任公司 	列入2013年国 家 发 改 委新 材 料 专 项项目“聚 丙烯腈 碳 纤 维 复合材料研发、产 业 化 与 应用示范项目” 	双方合作开展研究，中简科技负责完成国产T700级碳纤维千吨规模生产线建设，并开展T800级碳纤维工程化研制。中航复合材料有限责 任 公 司 负 责 完 成 国 产T700级和T800级碳纤维的评价验证工作，实现国产T700级碳纤维预浸料产业化，完成复合材料应用示范 	双方独立完成的项目研究成果，知识产权归各自所有，双方共同完成的项目研究成果，知识产权归双方共有 	任 何 一 方 没有 得 到 另 一方同意，不得向 第 三 方 转让 双 方 共 同的研究成果 					
1 	T700/T800级碳纤维及复合材料研发、产业化及在航空领域的应用示范 	中航复合材料有限责任公司 	列入2013年国 家 发 改 委新 材 料 专 项项目“聚 丙烯腈 碳 纤 维 复合材料研发、产 业 化 与 应用示范项目” 	双方合作开展研究，中简科技负责完成国产T700级碳纤维千吨规模生产线建设，并开展T800级碳纤维工程化研制。中航复合材料有限责 任 公 司 负 责 完 成 国 产T700级和T800级碳纤维的评价验证工作，实现国产T700级碳纤维预浸料产业化，完成复合材料应用示范 	双方独立完成的项目研究成果，知识产权归各自所有，双方共同完成的项目研究成果，知识产权归双方共有 	任 何 一 方 没有 得 到 另 一方同意，不得向 第 三 方 转让 双 方 共 同的研究成果 					
2 	小丝束聚丙烯腈碳纤维高模化关键技术 	中 国 空 间技 术 研 究院 宇 航 物资 保 障 事业部；上海复 合 材 料科 技 有 限公司 	列入2015年国家“863”计划“拉伸 模 量540GPa以上碳 纤 维 工 程化技术研究” 	中简科技负责项目的总体方案制定、实施和管理，突破高温石墨化关键技术，在年产10吨级以上规模上制备出符合M55J性能指标的高强高模碳纤维。中国空间技术研究院宇航物资保障事业部和上海复合材料科技有限公司负责国产M55J高强高模纤维的性能评价 	项目执行前已有的成果归各自所有，项目执行过程中独立完成的研究成果归完成方所有，合作完成的研究成果归合作方共有 	三 方 对 合 作中 的 相 关 技术资料、商业秘 密 负 有 保密责任，任何一 方 如 有 泄露，应对合作方 造 成 的 损失进行赔偿 					
2 	小丝束聚丙烯腈碳纤维高模化关键技术 	中 国 空 间技 术 研 究院 宇 航 物资 保 障 事业部；上海复 合 材 料科 技 有 限公司 	列入2015年国家“863”计划“拉伸 模 量540GPa以上碳 纤 维 工 程化技术研究” 	中简科技负责项目的总体方案制定、实施和管理，突破高温石墨化关键技术，在年产10吨级以上规模上制备出符合M55J性能指标的高强高模碳纤维。中国空间技术研究院宇航物资保障事业部和上海复合材料科技有限公司负责国产M55J高强高模纤维的性能评价 	项目执行前已有的成果归各自所有，项目执行过程中独立完成的研究成果归完成方所有，合作完成的研究成果归合作方共有 	三 方 对 合 作中 的 相 关 技术资料、商业秘 密 负 有 保密责任，任何一 方 如 有 泄露，应对合作方 造 成 的 损失进行赔偿 					
3 	高性能CCF-3级碳纤维性能控制与高效制备技术研究 	中航复合材料有限责任公司 	列入2014年国家“863”计划“”“CCF-3级碳 纤 维 复 合材 料 在 交 通和 能 源 领 域规 模 化 应 用技术” 	中简科技负责CCF-3级碳纤维性能控制与高效制备技术研究，并向中航复合材料有限责任公司提供2.7吨碳纤维。中航复合材料有限责任公司负责快速固化树脂的研制与大克重比碳纤维预浸料技术研究和CCF-3级碳纤维/玻璃纤维混杂复合材料客车车身技术研究 	围绕本项目独立完成的技术归完成单位所有，共同完成的技术成果共享 	没 有 合 作 方的 同 意 不 得对 合 作 方 的成 果 加 以 宣传 					
3 	高性能CCF-3级碳纤维性能控制与高效制备技术研究 	中航复合材料有限责任公司 	列入2014年国家“863”计划“”“CCF-3级碳 纤 维 复 合材 料 在 交 通和 能 源 领 域规 模 化 应 用技术” 	中简科技负责CCF-3级碳纤维性能控制与高效制备技术研究，并向中航复合材料有限责任公司提供2.7吨碳纤维。中航复合材料有限责任公司负责快速固化树脂的研制与大克重比碳纤维预浸料技术研究和CCF-3级碳纤维/玻璃纤维混杂复合材料客车车身技术研究 	围绕本项目独立完成的技术归完成单位所有，共同完成的技术成果共享 	没 有 合 作 方的 同 意 不 得对 合 作 方 的成 果 加 以 宣传 					
4 	高强高模碳纤维制备技术研究 	中国科学院化学所 	列入2015年国家“863”计划“高强 高 模碳 纤 维 表 征及 应 用 评 价技术研究” 	中 简 科 技 负 责 高 强 高 模M55J级石墨纤维制备关键技术的研究和突破，并且分批次向中国科学院化学研究所提供样品进行评价 	围绕本项目独立完成的技术归完成单位所有，共同完成的技术成果共享 	没 有 合 作 方的 同 意 不 得对 合 作 方 的成 果 加 以 宣传 					
4 	高强高模碳纤维制备技术研究 	中国科学院化学所 	列入2015年国家“863”计划“高强 高 模碳 纤 维 表 征及 应 用 评 价技术研究” 	中 简 科 技 负 责 高 强 高 模M55J级石墨纤维制备关键技术的研究和突破，并且分批次向中国科学院化学研究所提供样品进行评价 	围绕本项目独立完成的技术归完成单位所有，共同完成的技术成果共享 	没 有 合 作 方的 同 意 不 得对 合 作 方 的成 果 加 以 宣传 					
											
项目 	2016年1-6月 	2016年1-6月 	2015年度 	2015年度 	2015年度 	2014年度 	2014年度 	2013年度 	2013年度 		
项目 											
项目 	金额 	比例 	金额 	比例 	金额 	比例 	金额 	比例 			
人员工资 	184.46   	28.54% 	313.68 	29.88% 	288.95 	24.99% 	181.97 	29.13% 			
人员工资 	184.46   	28.54% 	313.68 	29.88% 	288.95 	24.99% 	181.97 	29.13% 			
材料等直接投入 	219.88   	34.02% 	411.47 	39.19% 	428.18 	37.04% 	140.31 	22.46% 			
材料等直接投入 	219.88   	34.02% 	411.47 	39.19% 	428.18 	37.04% 	140.31 	22.46% 			
											
折旧及摊销 	135.02   	20.89% 	132.71 	12.64% 	75.40 	6.52% 	224.03 	35.86% 			
委托开发费用 	86.74   	13.42% 	48.53 	4.62% 	302.60 	26.17% 	41.32 	6.61% 			
委托开发费用 	86.74   	13.42% 	48.53 	4.62% 	302.60 	26.17% 	41.32 	6.61% 			
其他费用 	20.24   	3.13% 	143.55 	13.67% 	60.98 	5.28% 	37.11 	5.94% 			
其他费用 	20.24   	3.13% 	143.55 	13.67% 	60.98 	5.28% 	37.11 	5.94% 			
研发费用合计 	646.34 	100.00% 	1,049.95 	100.00% 	1,156.11 	100.00% 	624.74 	100.00% 			
研发费用合计 	646.34 	100.00% 	1,049.95 	100.00% 	1,156.11 	100.00% 	624.74 	100.00% 			
											
