󱦬 	󱜡 	󱜡 	󰽸 	󲚲󰊡/󰾪󰷪/󱉙 							
󳈩󲵑󱉙󱔳 	󱔳 	󱔳 	 	󱔳󰀝󰈗󰩈󱔳󰹊󰸘󱔳󰍠󱉢󰹧󱕶󱔳󱰀󲳸󱢱󱎵󰾚󱄷 							
󳈩󲵑󱉙󱔳 	󳈩󲵑󱉙󲚷󱻍󱔳 	󳈩󲵑󱉙󲚷󱻍󱔳 	 	󰀝󳊰󰦐󰾪󲚷󱻍󱔳󰐺󱾣󲲬󲼂󱉙󰎟󲵋󲚷󱻍󱔳󳈩󳇓󱉙󰎟󲵋󲚷󱻍󱔳󱡺󳊰󰦐󰾪󲚷󱻍󱔳󰌧󰐺󳍣󱹢󱻙󱷱󱼞󰮴󰊔󱎵󰾪󰷪󰐺󱾣󲲬󲼂󱉙󰎟󲵋󲚷󱻍󱔳󳈩󳇓󱉙󰎟󲵋󲚷󱻍󱔳󰕪󰂟󳖯󳈩󲚲󰥳󱉐󰑝󱶋󲵐 							
󳈩󲵑󱉙󱔳 	󱉐󱔳 	󱉐󱔳 	 	󰀝󲚷󱻍󱔳󱉐󱔳󱗢󲺋󲻌󱉐󱔳󱿠󰕂󱸳󱔳󱉐󱔳󱧉󱔳󱉐󱔳󲚲󰊡  󰶭   0 . 1 5 %  󱵈 󲺩   5 m l / 5 0 g  							
󱦬 	󱜡 	󱜡 	󰽸 	󲚲󰊡/󰾪󰷪/󱉙 							
󱔳󱿠 	󱔳󱿠 	 	󰕭󰀺󰺘󱔳󱿠󲩙󲼀󰑠󰔸󱴽󰩸󱢂󲴌󲕽󱔳󱿠󱎵󰉧󲣚󱔳󱿠󱉐󱔳󱉐󱃠󱾳 								
󲚷󱻍󳎧󱧃 󰉠󰇂 	󲚷󱻍󳎧󱧃 󰉠󰇂 	 	󲴺󱉙󳎧󱧃󳠉󱃠󰒁󰋊󲚷󱻍󳆹󰄁󳠉󳎧󱧃󱎵󰨦󲴲󰉹󱂸󰄁󳠉󱱄󱐁󱰄󰎧󱉙󰄁󳠉󳊰󰑐󰩲󱸮󰐺󱃠󳠉󰉹󰦺󳍾󲵐󲖙󳒓󰨲󳠉󳠉󰩲󱸮󳠉󱡺󰾪󰷪 								
󲚷󱻍󱔤󲀢󱔳 󰉠󰇂 	󲚷󱻍󱔤󲀢󱔳 󰉠󰇂 	 	󲴺󱉙󰹧󳗿󱜠󱔤󲀢󱔳󳠉󱃠󰒁󰋊󲚷󱻍󲴳󱉙󱦬󰧪󰥅󱉡󰾪󰍠󳖦󰥅󱼥󰧪󰥅󱎵󲗳󰋮󲚷󱻍󱎵󰉠󰇂󳖦󰥅󱼥󰧪󰥅󲌀󱎵󰥥󱉐󱸮󳊰󲗳󰄁󳠉󱂸󰐺󳠉󱕥󱖿󱂸󱄴󲖙󳒓󰨲󳠉󰩲󱸮󳠉󱡺󰾪󰷪 								
󱧯󱔤󲀢󱔳 󰉠󰇂 	󱧯󱔤󲀢󱔳 󰉠󰇂 	 	󲴺󱉙󰹧󳗿󱜠󱔤󲀢󱔳󱰀󰊥󲖙󳒓󱄷󰈗󰩈󰸉󱡺󱧯󲴺󲳸󱜼󱎵󱔤󲀢󱔳󰉠󰇂󳆹󲜔󳖦󰥅󰹧󲗳󱱎󱎵󲵑󱱎󳌟󳗉󳌙100 󱐟 200 󱐟󲛵󰕭󰾪󲴳󱉙󳖦󰥅󲗳󳏊󱸮󰐱 								
󱂸󰔥󰧪󰑫 	󱂸󰔥󰧪󰑫 	 	󱉐󳠉󰖔󱂸󰔥󰧪󰑫󰀇󰑫󲚲󱂸 2.2-7.5kW 󱎵󱱩󱟼󳗿󰔥󰧪󰑫󱂸5.15-14kW 󱱩󰔥󰧪󰑫 131 󰀇󰑫󱡺 								
											
󲗳󰉠󰇂 											
󰔥󰧪󰑫 											
											
 	󱃡󰋪 	󱃡󱎵󱃠󰉹󱏻󱰀󰩿󰉹󱏻󰓁 									
󱉐󱔳󲚷󱻍󱔳 	󱉙󱉐󱔳󲸙󱔳󰐰󱂸󲳯 60% 	1󰐱󳎁󱉙󱔳󲩵󰯁󰹧󱕶󱔳󲻸󰒖󱎵󱃠󰦒󰔄󲩵󰯁󰪹󱵈 2󱔳󰍠󲚷󱻍󱔳󱎵󲚲󰒁󰋊󱰭󰑝󱯗󰋊󰑝󱎵 40-50%󱴽󱉐󱔳󱾳󱐲󱔳󲴍󲬎󱛬󲴁󲳄󱎵󰑝󳍾󱉐󰑝 3󱉙󱔳󱉐󲚷󱻍󱔳󱐩󰤅󰕂󱸳󱧉󱰄󱉙󲼀󳍾 0.3-0.5%󱵈󱸮󳍾 1-3%󰶭󳍾 0.4%󰥅󲼀󳍾 0.5mL/g󰄁󳠉󲚷󱻍󱔳󱻙󱷱󱝤󱡺󰀸󰔸 									
CCATEK 󱃠󲚷󱻍󱔳 	󱉙󳒏󱸫󱦬󰩬󰐺󰑫󰾚󰲍󲸙󰐰󰩌 	󰎟󲵋󰕂󱸳󲚷󱻍󱔳󱐩󰤅󰋡󳊰󰦐󰾪󱃠󲚷󱻍󱔳󲣲󱸮󱎵󱿠󲳸󱜼󱎵󱼞󱦬󰥅-󰥙󰥅󰃃󰉯󰩸󰨙󰌧󰥅󱐩󰐺󰑫󰦒󰔄󰾚󳍾󰮴󰊔󰌿󰍯󰄁󳠉󰉪󳈩󲵑󲲗󳌥󱎵󱃠󳍾󳊰󰑐󰥙󰥅󲲴󳠉󱃠󱸮󱃡󱎵󱵽󱋶󱋶󳗿󳎚󳈩󲵑󲳪󱃠󱎵󰦒󰔄󱃠󱗤󲩒󱁟 									
CCITEK 󲚷󱻍󰮰󱔳 	󱉙󱕶󲺩󱐁󰌑󰑫󱧉󱰄󰐰󰕂󱸳󱧉󱰄 	󳊰󰦐󲪌󰾪󰌑󰑫󲚷󱻍󰮰󱔳󱉙󳈩󳈎󱿠󰩸󰨙󲛵󰝒󱉐󰐺󰑫󱧉󱰄󱿠󱔳󱐩󰤅󱎵󰑠󲴌󲖙󱃡 1󱔳󲵑󱿠󰩸󰨙󰬶󱄷󲳸󱜼󰑝󰌑󰐺󰥅󰃃󰉯󲵑󱿠󰑝󰌑󱦺 2󰥅󲼀󱸮󱵈󳍾 40%󰉪󳈩󲩙									
 	󱃡󰋪 	󱃡󱎵󱃠󰉹󱏻󱰀󰩿󰉹󱏻󰓁 									
󲼀󲶰󰥅󳍾󱉐󰑝 3󰩸󰨙󳈩󱱫󳎨󱂸󰌿󰍯󳍾󰄁󳠉󱾠󱂸󰑝󳍾 4󰮴󰊔󰩸󰨙󰬶󱔳󳒏󰍄󰬶󱔳󰌧󳌥󰕂󱸳󲚷󱻍󱔳󱎵󱉐󰉹󱂸󰄁󳠉 											
󱉐󱎵󱔳󱐩󰤅󱉐󱔳󰒖󱾠󱎵󱃠󱰀󰩿󰉹󱏻 1󰐺󰐥󱎵󰸞󱻙󱷱󰤅󱔳 10-20%󱴽󰄁󳠉󳈩󱎵󱧯󳈩󱎵󲼀 2󰐺󰐥󱎵󱄴󲲴󱎵󲜃󱨬󰊡󳈩󱎵󰥅󱂸󳍾󳈩󲵑󱎵󰑝 3󰤅󰄁󳠉 10-25%󳍾󳈩󲵑󰌧󱧉󱰄󱎵󱉙󲼀󱉐󰦒󰔄󰄁󳠉󳈩󱎵󰕭󱂸 4󱿠󰩸󰨙󱉙󰌧󰐺󰐥󳠉󱎵󱵁󰶜󲴳󱉙󰐥󱛾󲼂󱎵󰩸󰨙󲀴 5󲚷󱻍󱔳󱔳󲩵󰯁󱎵󲪇󱾳󱯗󱔰󲩵󰯁󱃠 											
											
󱉐󱔳 	󱉙󱼛󱕅󱎵 CZS 󱨬󱾳󱸮󰔅󳈩󲵑󰌘󱔳󱉐󰑠󲣯 										
											
󳖪 󱐟 	2017  1-6 󰐹 	2016  	2015  	2014  							
󰊡󲼀 	242,296.68   	  401,644.06  	  328,936.33  	  294,562.28   							
											
 	 	󱜡 	󰊡󲼀 								
2017  1-6 󰐹 	1 	 󲸮󲼂󳖧󱧯󳈩󲵑󰐺󳎁  	     15,113.00  								
2017  1-6 󰐹 	2 	 󲻾󰐺󳎁  	     14,967.78 								
2017  1-6 󰐹 	3 	 󲳯󰑫󰗡󰐺󳎁  	     13,484.18 								
2017  1-6 󰐹 	4 	 󰌑󳉒󰸙󳎷󱧯󰐺󳎁  	     11,565.69 								
2017  1-6 󰐹 	5 	 󰨡󲚰󰦮󲲗󳈩󲵑󰐺󳎁  	10,710.80 								
2017  1-6 󰐹 	  󲣒 	  󲣒 	   65,841.45  								
2016  	1 	 󲸮󲼂󳖧󱧯󳈩󲵑󰐺󳎁  	     32,677.08 								
2016  	2 	 󲻾󰐺󳎁  	     28,531.38 								
2016  	3 	 󲻾󰋡󱯓󰌈󱱩󱐇󲵑󰐺󳎁  	     22,945.69 								
2016  	4 	 󰌑󳉒󰸙󳎷󱧯󰐺󳎁  	     19,822.28 								
2016  	5 	 󰌷󰌿󱷒󰐺󳎁  	     15,673.52 								
2016  	  󲣒 	  󲣒 	    119,649.95  								
2015  	1 	 󲸮󲼂󳖧󱧯󳈩󲵑󰐺󳎁  	     31,219.83 								
2015  	2 	 󲻾󰋡󱯓󰌈󱱩󱐇󲵑󰐺󳎁  	     26,528.12 								
2015  	3 	 󲻾󰐺󳎁  	     17,210.14 								
2015  	4 	 󰎟󱶅󱜂󰐺󳎁 	     16,480.93 								
2015  	5 	 󲻾󱜗󳈩󲵑󰐺󳎁  	     15,254.79 								
2015  	  󲣒 	  󲣒 	106,693.81 								
2014  	1 	 󲸮󲼂󳖧󱧯󳈩󲵑󰐺󳎁  	     21,411.65 								
2014  	2 	 󰎟󱶅󱜂󰐺󳎁 	     20,052.96 								
											
3 	 󰌷󰌿󱷒󰐺󳎁  	     12,014.24 									
4 	 󲻾󰋡󱯓󰌈󱱩󱐇󲵑󰐺󳎁  	     12,010.99 									
5 	 󳊰󱛀󰾪󳞝󱼛󲳯󰑫󰐺󳎁 	     10,868.38 									
  󲣒 	  󲣒 	76,358.22 									
											
󳖪󱐟 	2017  1-6 󰐹 	2016  	2015  	2014  							
󱔳󰉧󱂸(%) 	60.80 	60.21 	62.30 	52.21 							
󱔳󱉙󱂸(%) 	86.50 	80.91 	87.39 	89.21 							
											
󳖪󱐟 	2017  1-6 󰐹 	2017  1-6 󰐹 	2016  	2016  	2015  	2015  	2014  	2014  			
󳖪󱐟 	󲼂󳗎 	󰤅% 	󲼂󳗎 	󰤅% 	󲼂󳗎 	󰤅% 	󲼂󳗎 	󰤅% 			
󳈩󲵑󱉙󱔳󱨬 	23,663.50 	72.14 	40,255.10 	 69.26  	38,402.85 	70.09 	42,444.09 	64.41 			
󲗳󰉠󰇂󱨬 	4,598.26 	14.02 	7,493.99 	 12.89  	4,267.67 	7.79 	- 	- 			
󰔥󰧪󰑫󱨬 	4,538.24 	13.84 	10,372.56 	 17.85  	12,118.12 	22.12 	23,455.34 	35.59 			
 󲣒 	32,800.00 	100.00 	58,121.65 	100.00  	54,788.63 	100.00 	65,899.44 	100.00 			
											
󲅖 	󰋮 	󰐾 	󲚲 								
󳈩󲵑󱉙󱔳󰋪󳒓 	󰣾 	󳎆󲚰󲩦󲻾 	󳊰󰦮󲲗󱉤󰋡󱯓󰌈󰑫󰗡󰑫󳏶󳞝󱃌󰋠󰾪󰦐󰥺󰧪󱉡󰊸󰑫󰗡󰋡󳏵󱽛󰑫󰗡󱾠󰑫󰗡 								
󳈩󲵑󱉙󱔳󰋪󳒓 	󰕴󳊰󰦐 	󰮇󰮇󰦐󲚰 	󰑫󰗡󳰿󳆜󳈩󲵑󲲟󰑫󰗡󲲬󰑫󰗡󱽛󰾪󲗶󲼂󲁷󱃠󰑫󰗡󲵋󰑫󰗡󰦐󲚰󰦐󳇴 								
󳈩󲵑󱉙󱔳󰋪󳒓 	󳊰󰦐 	󲚰󰧤󰮇󰮇󰦐󲚰 	󳗿󰦮󲲗󰨡󱚖󰋡󱜂󳍶󳈩󲵑󰦮󲹾󰦐󳇴󰦮󲲗󲴍󳏷 								
󳈩󲵑󱉙󱔳󰋪󳒓 	󰌷󳊰󰦐 	󰦐󲀀󰪊󰦐󳔚󰩖󲳮󳰂󳳊󰦐󰪨 	󰑫󰗡󱉡󰸙󳎷󱧯󰑫󰗡󰑫󰗡󱧯󰪗󰩌󲚰󰧬󲩪󰡸 								
󳈩󲵑󱉙󱔳󰋪󳒓 	󳊰󰦐 	󰦐󲀀󰪊󰦐 	󰦐󳍥󰑫󰗡󱜂󳏷󲳯󲲗󰨡󲚰󰒯󱜂󳌱󳌙󰦐󲀀󱟼󰔥 								
󳈩󲵑󱉙󱔳󰋪󳒓 	󲸮󳊰󰦐 	󲸮󲷂󲴍󱄊 	󲼂󳖧󱧯󳈩󲵑󱰦󳍤󰋡󰎙󲸮󳍤󰎙󰦮󲲗󳐧󲸙󰖁󰓈󳈩󲵑 								
󳈩󲵑󱉙󱔳󰋪󳒓 	󰌈󳊰󰦐 	󲳮󳰂󳳊󰦐󲻾󰩖󰪨 	󰩖󱚖󰩖󰑫󰗡󰩖󰧤󲴛󱜂󲴏󲼂󰨡󰰙󳒃󰌖󳈩󲵑󰪨󰜻󲴍󰪨󰧊󰦴󲻾󰦮 								
󱂸󰔥󰧪󰑫󰋪󳒓 	󱦤 	󲻾󲩦󱡺󱐲 󲚰󱡺 	󱲿󱅛󱜂󱉡󰪚󰾲󱾯󳈞󱃌󰑫󰗡󱶋󰑫󱉦󱽛󱜂󱡺 󰔝 SpMRNIDLay Meng󰨡 PEEDIKIT 󱴲󰁎󲳯󱰶󰌝 SGP 󲄣 FLB󱡺 								
											
󲚲󰉰󱢇 	󰌧󳌥 	󲸙󳌙 	󲅖󱐩󱎵󲛵 								
󱰄󰒵󲤴󰊥󰀸󱐟2011 󰑝2013 󰉪󰽹 	2013  	󰉪 	󱡝󱦬 󰑫󰗡 󱡝 25 󰒒󰕂󱸳󱔳󳈩󲵑󱧉󱔳󱡺󰸞󰨆󱉐󱉙󰑠󱉙󳖪󱐟 󱡝󱦬 󱃠󲩵󰯁󱾳󱯗󱰭󱉙 󱡝 15 󰒒 󱰭󱉙󰧬󱄷󱜼     󱡝 20 󰒒 󳉸󰾚󲼀󲩵󰯁󰌑󱄷󱰭󱉙󱜼 󱡝 23 󰒒 󱾳󱸮󱾳󰥥󱾳󰒁󱃠󲩵󰯁󱰭󱉙󱡺󰑠󱉙󲣯󲵑      								
󱾳󱸮󱃠󱎵󲛲 	2013  	󳎓 	󰌿󱖟󲚲󰥳󰬢󰾚󱰭󱉙󰃙󲩵󰯁󱰭󱉙󱙫󲀴󲣯󳱄󱶋󳏷󱷣󳳊 								
󳈩󲵑󲕽󰒒 	2013  	󲸙 	󰌿󱖟󲛵󲻸󱉙󱔳󳈩󲵑󱾫󱎵󲹾󰌘󱔳󱄷󲣯󱛾󰌘󱔳󱎵󱉙󱂸󱐩󱎵󲛵󲴊󰌘󱔳󰉧󱄷󲕽󱎵 								
󳈩󲵑󲕽󰑠󲛵	2015  	󰑫󰗡󱜼󳈩󲵑	󲻾󰷪󰑠󰀝1󳠉󳠉󱖝󲵐󰌑󰦒󰔄󰑝󰋡󳈩󲵑󱧉󱰄󲹾󱎵2󱕅󰭚󰩲󳠉								
󲚲󰉰󱢇 	󰌧󳌥 	󲸙󳌙 	󲅖󱐩󱎵󲛵 								
󱯣󲚲 	 	󰭚󱧉󱔳󰑝󱸮󱎵󳈩󰪳󰋊3󲜔󰬨󰐺󰕂󱸳󱿠󱔳󱎵󱧉󱔳󰥥󱃬󱆴󱔳󱗢󲺋󲻌󰕂󱸳󱔳󱡺󰌘󱔳󱉐󱉙󱎵󱾫󲣯 									
󳈩󲵑󲕽󲛵 	2016  	󳈩󲵑 	󰑐󳌥󲴌󰢖󰄁󳠉󳈩󲵑󳏷󱃡󲛵󰝒󰉹󱏻󲲝 2020󳈩󲵑󰊡󲼀󳖵󲣒󱐟󱎵 2.6 󱼤 1.5 󰊡󲼀30%󱎵󳈩󲵑󱯗 4,500 󱎵󳈩󲼀󲳯󳈩󲼀󱎵 80%󰐺󱼛󰋡󱸮󳍶󱠏󱸮󱎵󳳊󳟙󳈩󲵑 								
											
󲚲󰉰󱢇 	󰌧󳌥 	󲸙󳌙 	󲅖󱐩󱎵󲛵 								
󱰄󰒵󲤴󰊥󰀸󱐟2011 󰑝2013 󰉪󰽹 	2013  	󰉪 	󱡝󱦬 󱔤󰧪󰹧󰥅  󱡝 5 󰒒 󰧪󰥅󱉡󰄁󳠉󲻸󰉧󱂸󰑠󱉐󳏍󰑠󱉐󱃠󰦒󰔄󳍣󰧬󱜼󰑠󱉙 								
󳖦󰥅󲛵2011-2015 	2012  	󱸮󰯁 	󲛵󲚲󰥳󲻸󱉙󱛾󰋪󰃙󳖦󰥅󲕽󱎵󱱄󲜔󱎵󰹧󰥅󳐱󱔌󱐯󰀸󲚲󰂽󰄒󲴳󱉙󳖦󰥅󱎵󰉪󲵑󰕩󰑠󰄁󳠉󳖦󰥅󲼀󲴊󰃙󲚷󱻍󰉠󰇂󲕽󱎵 								
󱸮󰯁󱊖󲕽󲣒2014-2020 	2014  	󳎓 	 2020 󲛵󰥅󲳯 1,850 󱟼󰋪󱦤󳖦󰥅󲼀󲪶󲳸 300 󱟼󰋪󱦤󰺕󰥅󲼀󲳯 300 󱟼󰋪󱦤󱜠󰒲󱝤󰋮󰺕󰥅󱙫󲀴󱜼 								
󱟼󳏍󰹧󰥅󱝤󳊰󰉹󰑫󱎵󲀖󲛲 	2014  	󳎓 	 2020 󰹧󰥅󱸮󲳯 4,000󱟼󰋪󱦤󲳯 4,200 󱟼󰋪󱦤 								
󲻾󳖦󰥅󲛵2015-2020  	2015  	󲻾󰉰 	󰑐󳌥󲻾󰋮󰃓󱣒󱲂󲣯󱰭󱉙󱎵󱯦󱊖󲗶󲵑󱯦󳈯󱃠󱾳󲹾󰃙󲴌󰝛󱃡󳖦󰥅󳈯󳏷󱳕 2017 󱩠󲣒󲩵 878 󱃡󳖦󰥅󱸮 150 󱟼󰋪󱦤/󳈯 730  2020 󱩠󲣒󲩵 1,654󱃡󳖦󰥅󱸮 300 󱟼󰋪󱦤/󳈯 1,440  								
󱔤󰧪	2016  	󱔤󰧪	󲛵󱐟󰔸󲕽󲅖󰉧								
󲚲󰉰󱢇 	󰌧󳌥 	󲸙󳌙 	󲅖󱐩󱎵󲛵 								
󰀸 	󱶅 	󳊰 7% 2020 󲳯 18.4 󲴊󰃙󰉠󰇂󲕽󱎵 									
2016 󱸮󰯁󰀸󲛲 	2016  	󱸮󰯁 	2016 󱸮󰯁󰪹󲩪󲼀 43.4 󰔸󰺕󳒏󱔤󱸮󰯁󰪹󲩪󰤅󲻾󰄁󳠉 13%󰹧󰥅󰪹󲩪󰤅󲻾󰄁󳠉 6.3%󰺕󰷞󰪹󲩪󰤅󲻾󳍾 63% 								
											
󲚲󰉰󱢇 	󰌧󳌥 	󲸙󳌙 	󲅖󱐩󱎵󲛵 								
󰥂󰑫󰗡󲴌󰨆 	2004  	󰥂󲖙 	󰄁󲩓󰉰󱐲󱯘󲩓󰉰󰃃󳖪󲩵󲼂󰥂󱉐󱰀󲅖󱯵󱯸󲩞󰉠󰀲󰃙󱎵󲴌󲴳󱉙󱎵󰑫󰗡󱰊󲖖󲩥 								
󰥂󱉐󲣩󲣲󱣒󱄷󰒒 	2005  	󳎓󱡝440  	󱉙󱂸 560kW 󰔥󰧪󰑫󰋮󱉐󲣩󲣲󱣒󱄷 								
󲴌󰑫󰗡󰑫󱎵󲛲 	2010  	󳎓 	󰄁󰌢󰃃󰫎󰑫󰗡󲴳󳎦󱉙󱎵󰑫󰗡󰋪󳎦󰃙󲲬󱵁󱉙󱵈󱵆󱛾󰉧󰘾󰑫󰗡󰃙󲴌󳎦󲚲󱧟󰧪󰾚󰾪󱾣󱉐󰑫󰗡󲚲󱰀󲅖󲛵󰝒󱎵󰑫󱎵󰌧󱜠󰒲󲴳󱰀󲅖󳐱󲚲󱎵󲲬󱢱󰑫󲴳󱰀󰩿󰥥󳠉󱠠󱎵󰕭 								
󰻴󰑫󱾳󱸮󰃃󱎵󲛲 	2013  	󳎓 	󲲗󱉙󰔥󰧪󰑫󰋪󳒓󰃙󱉙󳠉󲲙󰻴󰧪󱨬󱰐󳠉󰉹󰻴󰧪󰰕󰬶󱨬󱰐󱨬󱰐󰄁󳠉󰻴󰧪󱰀󰩿󳒑 								
󰻴󰑫󰒒 	2014  	󲸙 	󱡗󰒒󱎵󲵑󰋪󰐺󲸙󳌙󱰊󱐩󰉰󱢇󰉠󰀲󳱄󰻴󰑫󲹾󱎵󲵋󲴁󲳄󱜼󰑫󰗡󰑫󰗡󲗶󱲟󱎵󲵑󲴺󲹾 								
󰻴󰑫󲛵 	2015  	󰻴󰑫 	󲚲󰥳󱂸󰔥󰧪󰑫󰻴󰧪󱰀󰩿󱡗󰐺󰔸󲛵󰐺󰥅󰃃󰉯󰰒󲫤󱃡󲕽󰃃󰉯󰔸B10  8,000-12,000 󰌧 								
2015-2017 󰑫󰗡󲩞󱲟󲖖󲩥󰋮󰀸󲛲 	2015  	󲸙󲩓󰉰󲸙 	󱐲󰕪󰂟󱉐󳍶 137 󱐟󲴺󰀚󲸙󱐟󰑝󱐲󲩓󰉰󲩵󲼂󲖖󲩥󲀴󲚲󰕪󰂟󳐱󲚲󲖖󲩥󲩵󲼂󲛵󰝒󲴺󰀚󲸙󳉟󱃠󱾳󰑫󲕽󰊏󲖖󲩥 								
󰋮󱡝	2016  	󱃠󲸙 	󱼛 2016  12 󰐹 1 󰌖󲪨󰐺󲵑󲴌								
󲚲󰉰󱢇 	󰌧󳌥 	󲸙󳌙 	󲅖󱐩󱎵󲛵 								
󳍧󰣦󳒏󲶄󲬠󱜬󰑫󰗡󱉙󰔥󰧪󰑫󰃃󰥅󰦒󰔄󰾚󰃃󰉯󰔸󱎵 	󳈱󱎵󱉙󰑫󰗡󲗶󱉙󱡗󳒏󲶄󲬠󰔸󱡝󳍧󰣦󲚲󰥳󱎵󰔥󰧪󰑫 										
											
󱦬 	󱦬 	󱨬󱦬 	󰃙󲂁󱉙󲀴 								
󱦬 	󰎟󲵋󱦬 	󰎟󲵋󲚷󱻍󱔳 	󱽝󳈩󳇲 								
󱦬 	󳠉󰥅󱦬 	󳠉󰥅󲚷󱻍󱔳 	󱽝󳈩󳇲 								
󱦬 	󳠉󰥅󱦬 	󳠉󱻙󱷱󰥅󲚷󱻍󱔳 	󰑳󱧯󳈩󳇲 								
󱦬 	󳠉󰥅󱦬 	󳠉󱻙󱷱󰥅󰥘󲚷󱻍󱔳 	󳈩󳇓󲼂󳈩󳇓 								
󱦬 	󱵁󳠉󰭚󱦬 	󱵁󳠉󰭚󲚷󱻍󱔳 	󳈩󳇓󳈩󳇲 								
󱦬 	󱵁󳠉󰭚󱦬 	󱵁󳠉󰭚󱻙󱷱󰥅󲚷󱻍󱔳 	󰑳󱧯󳈩󳇲 								
󱦬 	󱵁󳠉󰭚󱦬 	󱵁󳠉󰭚󱻙󱷱󰥅󰥘󲚷󱻍󱔳 	󳠉󲚲󰥳󱎵󳈩󳇓󲼂󳈩󳇓 								
󱦬 	󱵁󳠉󰭚󱦬 	󱵁󳠉󰭚󳠉󱻙󱷱󰥅󲚷󱻍󱔳 	󳠉󲚲󰥳󱎵󰑳󱧯󳈩󳇲 								
󱦬 	󰍄󰮴󰊔󱦬 	󰍄󰮴󰊔󲚷󱻍󱔳 	󱽝󰐺󱾣󲼂󳈩 								
󱦬 	󰍄󰮴󰊔󱦬 	󰍄󰮴󰊔󳠉󰥅󲚷󱻍󱔳 	󰑳󰐺󱾣󲼂󳈩 								
󱦬 	󰍄󰮴󰊔󱦬 	󰍄󰮴󰊔󳠉󱻙󱷱󰥅󲚷󱻍󱔳 	󰑳󱧯󰐺󱾣󲼂󳈩 								
󱦬 	󱛬󳈩󲵑󱦬 	󱛬󳈩󲵑󳠉󰥅󲚷󱻍󱔳 	󳈩󳇲󲼂󳈩󳇲 								
󱦬 	󱛬󳈩󲵑󱦬 	󱛬󳈩󲵑󳠉󰥅󲚷󱻍󱔳 	󳈩󳇲󲼂󳈩󳇲 								
󱦬 	󱛬󳈩󲵑󱦬 	󱛬󳈩󲵑󳠉󰭚󱻙󱷱󰥅󲚷󱻍󱔳 	󳈩󳇓 								
󱦬 	󱛬󳈩󲵑󱦬 	󱛬󳈩󲵑󱵁󳠉󰭚󱻙󱷱󰥅󰥘󲚷󱻍󱔳 	󲼂󳈩󳇓 								
󱦬 	󰳱󱦬 	󰳱󳠉󰥅󲚷󱻍󱔳 	󳈩󳇲 								
󱦬 	󰳱󱦬 	󰳱󱵁󳠉󰭚󱻙󱷱󰥅󲚷󱻍󱔳 	󳈩󳇲󳈩󳇓 								
󱦬 	󰳱󱦬 	󰳱󰍄󰮴󰊔󲚷󱻍󱔳 	󳈎󲼂󳈍󲼂 								
󰮰󱦬 	󰑫󰗡󱦬 	󰮰󱦬󳠉󰥅󲚷󱻍󱔳 	󳈩󳇲 								
󰮰󱦬 	󰑫󰗡󱦬 	󰮰󱵁󳠉󰭚󱻙󱷱󰥅󲚷󱻍󱔳 	󱧯󳈩󳇲󳈩󳇓 								
󰮰󱦬 	󰑫󰗡󱦬 	󰮰󰍄󰮴󰊔󲚷󱻍󱔳 	󰐺󱾣󲼂󳈩 								
											
󱦬 	󱨬󱦬 	󰃙󲂁󱉙󲀴 	󰃙󲂁󱉙󲀴 								
󰮰󰳱󲚷󱻍󱔳 	󳍣󱱚󰒯󱎵󳈩 	󳍣󱱚󰒯󱎵󳈩 									
󰮰󳠉󰥅󲚷󱻍󱔳 	󳈩󳇲 	󳈩󳇲 									
󰮰󱵁󳠉󰭚󱻙󱷱󰥅󲚷󱻍󱔳 	󱧯󳈩󳇲󳈩󳇓 	󱧯󳈩󳇲󳈩󳇓 									
󰮰󰮴󰊔󲚷󱻍󱔳 	󰐺󱾣󲼂󳈩 	󰐺󱾣󲼂󳈩 									
󰮰󰳱󲚷󱻍󱔳 	󳍣󱱚󰒯󱎵󳈩 	󳍣󱱚󰒯󱎵󳈩 									
											
 	󲕽 	2010  	2010  	2016  	2016  						
 	󲕽 	󰪹󲩪󲼀 	󲼀󰤅% 	󰪹󲩪󲼀 	󲼀󰤅% 						
1 	󰦮󲲗 	960.00 	24.24 	1,410.00 	29.87 						
2 	󰻴󰑫/󰑫 	570.00 	14.39 	615.00 	13.03 						
3 	󱔰/󲻾󰑫 	490.00 	12.37 	440.00 	9.32 						
4 	󳈩󱣒󳈩 	450.00 	11.36 	760.00 	16.10 						
5 	󱜼󰑫󰗡 	390.00 	9.85 	330.00 	6.99 						
6 	󰑫/ 	330.00 	8.33 	250.00 	5.30 						
7 	󲲙󲶄󲵋 	220.00 	5.56 	175.00 	3.71 						
8 	󱉦/󱉦 	200.00 	5.05 	250.00 	5.30 						
9 	󱽪󱽧 	55.00 	1.39 	40.00 	0.85 						
10 	󱯫󱯸 	35.00 	0.88 	40.00 	0.85 						
11 	 	260.00 	6.57 	410.00 	8.69 						
󲣒 	󲣒 	3,960.00 	100.00 	4,720.00 	100.00 						
											
 	󱱩󰔥󰧪󰑫󳈱󲼀 	󱱩󰔥󰧪󰑫󳈱󲼀 									
 	󲼀/ 	󳈱󲼀/ 									
2000  	714 	701 									
2001  	719 	718 									
2002  	772 	756 									
2003  	823 	813 									
2004  	888 	878 									
2005  	901 	897 									
2006  	779 	779 									
2007  	865 	865 									
2008  	668 	662 									
2009  	778 	776 									
2010  	865 	862 									
2011  	850 	832 									
2012  	700 	697 									
2013  	617 	613 									
2014  	550 	550 									
2015 29 	480 	480 									
 	748 	742 									
											
󱯷󲕽 	󰐺󱩑 	󰐺󱩑 	󰐺󱩑 	󰐺󱩑 							
󱯷󲕽 	󰭩󲕽󰎠󰋪󳒓 	󰭩󲕽󰎠󰋪󳒓 	󲛵󰉰󱢇󰋪󳒓 	󱉐󰑝󰋪󳒓 							
󳈩󲵑󱉙󲚷󱻍󱔳 	1󳈩󲼀󲴏󱰞󱉽󱡝2014 󲳯4,620 󳖵󲣒 2020 󲼀󱯗 5,517 󰑛󰒖󰀲󰀲󱰞󳊰 	1󳈩󲼀󲴏󱰞󱉽󱡝2014 󲳯4,620 󳖵󲣒 2020 󲼀󱯗 5,517 󰑛󰒖󰀲󰀲󱰞󳊰 	1󳈩󲵑󲕽󰑠󲛵󱯣󲚲󱰄󳈩󲵑󰑠󱃡󰿧󱰄󰸞󰷪󳌟󳗉󳈩󲵑󰑠󳐱󰥳󰀸󱐟	󳏀󱑱󰌘󱔳󱉐󰉹󱂸󱉐󱂸󱎵󰄁󳠉󱉐󱔳󲚷󱻍󱔳󱉐󱎵󰒁󰐰󲸙							
󱯷󲕽 	󰐺󱩑 	󰐺󱩑 	󰐺󱩑 	󰐺󱩑 							
󱯷󲕽 	󰭩󲕽󰎠󰋪󳒓 	󰭩󲕽󰎠󰋪󳒓 	󲛵󰉰󱢇󰋪󳒓 	󱉐󰑝󰋪󳒓 							
2󳈩󳐱󰥳󰦮󲲗󲼀󰢖󳊰2015 󰦮󲲗󰐺󲼀󰤀 124.35 󲲷󲴍OECD  456 󲲷󱎵󰥥󱑱󰦮󲲗󰐺󲴌󰢖󳊰󱎵󰲍 3󱐟󳈩󲴁󱉙󲼂󰊥󰑫󰗡󱉦󱡺󲕽󱴽󱉙󲵅󰢔󱃡󰋞󱎵󲪼 4󳈩󳒓󱑱󳍶󱎵󰑫󲵸󰐺󲚷󱻍󱔳󱎵󳐱󰥳 	2󳈩󳐱󰥳󰦮󲲗󲼀󰢖󳊰2015 󰦮󲲗󰐺󲼀󰤀 124.35 󲲷󲴍OECD  456 󲲷󱎵󰥥󱑱󰦮󲲗󰐺󲴌󰢖󳊰󱎵󰲍 3󱐟󳈩󲴁󱉙󲼂󰊥󰑫󰗡󱉦󱡺󲕽󱴽󱉙󲵅󰢔󱃡󰋞󱎵󲪼 4󳈩󳒓󱑱󳍶󱎵󰑫󲵸󰐺󲚷󱻍󱔳󱎵󳐱󰥳 	󰔸󲻾󰷪󰄁󲻾󰷪󱎵󳖪󱐟󳉟󰑠 2󳈩󲵑󲕽󲛵󰀸 2020 󳈩󲼀󳊰 3%󰑐󳌥󲴌󰢖󰄁󳠉󳈩󲵑󳏷󱃡󲛵󰝒󰉹󱏻󲲝 2020 󳈩󲵑󰊡󲼀󳖵󲣒󱐟󱎵 2.6 󱼤 1.5󰊡󲼀 30%󱎵󳈩󲵑󱯗 4,500 󱎵󳈩󲼀󲳯󳈩󲼀󱎵 80%󰐺󱼛󰋡󱸮󳍶󱠏󱸮󱎵󳳊󳟙󳈩󲵑 	󱔳󰐺󳍾󱉐󰑝 								
1󰍠󳈩󰌘󱔳󲼀󳒏2014 󱞲󱕥5,000 󱐟󱉐󰉹󱂸󰑠󰻐󲼀󱔳󲩵󰯁󱎵󰪛󲩪󱴴󲎂󱃠󳐱󲚲󲴜󲜔󰌘󱔳󱉐󳌟󳗉 2󲕽󱼛󱎵 CZS 󱨬󱉐󰑠󲣯󰐺󰉹󰄁󳠉󰌘󱔳󱉐󰉹󱂸󳈩󲵑󲕽󱉐󲴌󰊸󰃙󱉙󲤖󰑠󲲝󰌘󱔳󱉐󱂸󱎵󳒓 3󰑛󰒖󲚷󱻍󱔳󲼀󱉙󲼀󱎵󰌘󱔳󱉐󱎵󳐱󰥳 	1󰍠󳈩󰌘󱔳󲼀󳒏2014 󱞲󱕥5,000 󱐟󱉐󰉹󱂸󰑠󰻐󲼀󱔳󲩵󰯁󱎵󰪛󲩪󱴴󲎂󱃠󳐱󲚲󲴜󲜔󰌘󱔳󱉐󳌟󳗉 2󲕽󱼛󱎵 CZS 󱨬󱉐󰑠󲣯󰐺󰉹󰄁󳠉󰌘󱔳󱉐󰉹󱂸󳈩󲵑󲕽󱉐󲴌󰊸󰃙󱉙󲤖󰑠󲲝󰌘󱔳󱉐󱂸󱎵󳒓 3󰑛󰒖󲚷󱻍󱔳󲼀󱉙󲼀󱎵󰌘󱔳󱉐󱎵󳐱󰥳 	1󳈩󲵑󲕽󲛵󰀲󱰰󱾣󳈩󲵑󱊖 󱸮󱵈󱃠󱡺󰋪󳒓󱎵󱯗󰒐󰬉󰦡󲅮󱸮󲜔󲳸󱸮󳈩󲵑󱎵󰊡󲼀 2󳈩󲵑󲕽󰑠󲛵󱯣󲚲󲚲󰥳󱕅󱞧󳈩󲵑󱧉󰬨󰌘󱔳󰥥󱃬󱆴󱔳󱎵󱉐󱉙󱾫󲣯 	󳏀󱑱󱉐󲣯󰑠󱕅󱞧󱎵󰋞󰬢󱰄󲴌󱄷󳠉󰉹󱾳󱸮󱎵󱰄󰒵󲣯󲣒󰌘󱔳󱉐󲣯󱸮󱵈󳠉󱂸󰑝󳠉󱎵󳌟󳗉󲗜󰐥󲜔󰌘󱔳󱉐󱉙󱰀󰩿󰑠󲕽 								
											
󱯷󲕽 	󰐺󱩑 	󰐺󱩑 	󰐺󱩑 								
󱯷󲕽 	󰭩󲕽󰎠󰋪󳒓 	󲛵󰉰󱢇󰋪󳒓 	󱉐󰑝󰋪󳒓 								
󲗳󰉠󰇂 	1󰍠󱄴󰐱󱎵󰧪󰥅󱸮󰯁󰪹󱵈󰐱󲴌󰧪󰥅󲼀󰑛󰒖󲼀󰀲󱰞󳊰 2󰧪󰥅󲼀󰭈󲵀󰧪󰥅󰤅󲳸󰧪󰥅󲼀󰭈󲵀󰧪󰥅󰤅󰢔󰀲󱰞󳠉󰕂󱸳󲚷󱻍󰉠󰇂󱎵󳐱󰥳󰋞 3󳖦󰥅󰭈󲵀󰧪󰥅󱎵󱛾󰍠󲛵󰹧󰥅󱎵󲻾󲚲󲖖󰍠󰑛󰒖󱸮󰯁󱎵󲻾󰷪 	1󱔤󰧪󰀸󰀸 2020󲕽󲅖󰉧󲳯 18.4  2󳖦󰥅󱎵󱐟󰔸󰍠 2020 󳖦󰥅󲼀󱞲󱕥 300 󱟼󰋪󱦤 	󱉐󱔳󰐰󰕂󱸳󲚷󱻍󰉠󰇂󱎵󲸙󱔳󳍾󱉐󰑝 								
											
󲕽 	󰉰󱢇󰋪󳒓 	󱉐󰑝󰋪󳒓 									
󱂸󰔥󰧪󰑫󲹾󰑫󰗡 	1󳏀󱑱2015-2017 󰑫󰗡󲩞󱲟󲖖󲩥󰋮󰀸󲛲󰑫󰗡󱎵󲖖󲩥 2󰻴󰑫󱾳󱸮󰃃󱎵󲛲󰀸󰃙󱉙󳠉󲲙󰻴󰧪󱨬󱰐󳠉󰉹󰻴󰧪󰰕󰬶󱨬󱰐󱨬󱰐󰄁󳠉󰻴󰧪󱰀󰩿󳒑 3󰻴󰑫󰒒󰀸󱡗󰒒󱎵󲵑󰋪󰐺󲸙󳌙󱰊󱐩󰉰󱢇󰉠󰀲󳱄󰻴󰑫󲹾󱎵󲵋󲴁󲳄󱜼󰑫󰗡󰑫󰗡󲗶󱲟󱎵󲵑󲴺󲹾 4󰻴󰑫󲛵󲚲󰥳󱂸󰔥󰧪󰑫󰻴󰧪󱰀󰩿󱡗󰐺󰔸󲛵󰐺󰥅󰃃󰉯󰰒󲫤󱃡󲕽󰃃󰉯󰔸B10  8,000-12,000 󰌧 	󳏀󱑱󳇓󰒁󱡺󰒁󰋊󰕭󱎵󳍾󲕽󰑝󰊥󰐺󳍾 									
											
󱜡 	󱜂󳏷󰐺󳎁 	󱜂󳏷󰐺󳎁 	󱜂󳏷󰐺󳎁 								
󱰐󱙯󱉙󱔲 	91110108101202381Q 	91110108101202381Q 	91110108101202381Q 								
 	󰪨󰫱󲖈 9  B  5  508  	󰪨󰫱󲖈 9  B  5  508  	󰪨󰫱󲖈 9  B  5  508  								
󰨆󲖙 	󱜗󱏻 	󰨙󲩵󰑝 	10,000  								
󱟼󰌖󰑐 	1996  8 󰐹 29 󰌖 	󱦬 	󰐺󳎁󲩔 								
󱱥󲩵󰑝 	󱜗󱏻 5,100 󱜗 100 󱜗󱉤 100  	󱜗󱏻 5,100 󱜗 100 󱜗󱉤 100  	󱜗󱏻 5,100 󱜗 100 󱜗󱉤 100  								
󱰀󲅖󲀴 	󰑠󰑠󲲝󲣚󰑠󲤓󰑠󰐾󳈱󳒏󲼂󱔰󱔤󲼂󱔰󱔤󲼂󰒁󰋊󱢂󰒁󰋊󳎚󱦬󰍄󰤃󰑫󰗡󲣯󱾫󲥨󰾚󲋠󱦬󲥷󱦬󱿢󲁺󲛳󲪀󰘾󰾚󲩘󰾚󲴌󱄷󲴌󰑠󲴌󲩵󱣒󱄷󲩵󱣒󱄷󲩵󲤓󱣒󱄷󲤓󱯵󱯸󰊸󱾫󰑠󰩲󰩬󲅖󰱅󰨆󱼛󲴺󰀚󱰀󲅖󳖪󱐟󱰀󲅖󰩬󰨆󳖬󱰀󱎵󳖪󱐟󱰀󱐩󲸙󳌙󱎵󱰀󲅖󰩬󰑝󰉰󱢇󱚲󰢓󳎁󱦬󳖪󱐟󱎵󱰀󲅖󰩬 	󰑠󰑠󲲝󲣚󰑠󲤓󰑠󰐾󳈱󳒏󲼂󱔰󱔤󲼂󱔰󱔤󲼂󰒁󰋊󱢂󰒁󰋊󳎚󱦬󰍄󰤃󰑫󰗡󲣯󱾫󲥨󰾚󲋠󱦬󲥷󱦬󱿢󲁺󲛳󲪀󰘾󰾚󲩘󰾚󲴌󱄷󲴌󰑠󲴌󲩵󱣒󱄷󲩵󱣒󱄷󲩵󲤓󱣒󱄷󲤓󱯵󱯸󰊸󱾫󰑠󰩲󰩬󲅖󰱅󰨆󱼛󲴺󰀚󱰀󲅖󳖪󱐟󱰀󲅖󰩬󰨆󳖬󱰀󱎵󳖪󱐟󱰀󱐩󲸙󳌙󱎵󱰀󲅖󰩬󰑝󰉰󱢇󱚲󰢓󳎁󱦬󳖪󱐟󱎵󱰀󲅖󰩬 	󰑠󰑠󲲝󲣚󰑠󲤓󰑠󰐾󳈱󳒏󲼂󱔰󱔤󲼂󱔰󱔤󲼂󰒁󰋊󱢂󰒁󰋊󳎚󱦬󰍄󰤃󰑫󰗡󲣯󱾫󲥨󰾚󲋠󱦬󲥷󱦬󱿢󲁺󲛳󲪀󰘾󰾚󲩘󰾚󲴌󱄷󲴌󰑠󲴌󲩵󱣒󱄷󲩵󱣒󱄷󲩵󲤓󱣒󱄷󲤓󱯵󱯸󰊸󱾫󰑠󰩲󰩬󲅖󰱅󰨆󱼛󲴺󰀚󱰀󲅖󳖪󱐟󱰀󲅖󰩬󰨆󳖬󱰀󱎵󳖪󱐟󱰀󱐩󲸙󳌙󱎵󱰀󲅖󰩬󰑝󰉰󱢇󱚲󰢓󳎁󱦬󳖪󱐟󱎵󱰀󲅖󰩬 								
											
󱜡 	󲼂󲃪󳈩󲵑󰒁󰋊󲀀󰐺󳎁 	󲼂󲃪󳈩󲵑󰒁󰋊󲀀󰐺󳎁 	󲼂󲃪󳈩󲵑󰒁󰋊󲀀󰐺󳎁 								
󱰐󱙯󱉙󱔲 	913205947222820542 	913205947222820542 	913205947222820542 								
 	󲀀󰦐󰪗󲬠 55  	󲀀󰦐󰪗󲬠 55  	󲀀󰦐󰪗󲬠 55  								
󰨆󲖙 	󳯵󱜂󳈙 	󰨙󲩵󰑝 	500 󱲿 								
󱟼󰌖󰑐 	2000  8 󰐹 21 󰌖 	󱦬 	󰐺󳎁󲩔󰨆󱀝󲩵 								
󱱥󲩵󰑝 	CHIN YING INVESTMENT CO.,LTD 500  	CHIN YING INVESTMENT CO.,LTD 500  	CHIN YING INVESTMENT CO.,LTD 500  								
󱰀󲅖󲀴 	󱉐󰦮󲲗󳐧󲸙󲚷󱻍󱔳󰨙󰝒󲚷󱻍󱔳󳈩󲵑󱔳󱔳󱿠󳈩󲵑󰒁󰋊󱐩󳈩󲵑󰒁󰋊󱎵󱉐󱉙󲣯󲣒󱉐󰹊󰸘󰶺󱦬󱔳󱉐󲣯󳏷󰑫󱦬󱃠󲣯󰬨󰷭󰑫󱦬󱔳󱄷󲣯󰖧󰜮󱦬󱔳󲣯󱼛󲳄󲴲󲣯󱔳󱿠󰑫󱦬󳈩󲵑󲣯󳈱󰑝󱉐󱎵󰄁󰐾󰪺󳖪󲛵󱎵󳖪󲣩󱰞󱰀󲅖󰨆󳖬󱰀󱎵󳖪󱐟󱰀󱐩󲸙󳌙󰋪󱰀󲅖󰩬 	󱉐󰦮󲲗󳐧󲸙󲚷󱻍󱔳󰨙󰝒󲚷󱻍󱔳󳈩󲵑󱔳󱔳󱿠󳈩󲵑󰒁󰋊󱐩󳈩󲵑󰒁󰋊󱎵󱉐󱉙󲣯󲣒󱉐󰹊󰸘󰶺󱦬󱔳󱉐󲣯󳏷󰑫󱦬󱃠󲣯󰬨󰷭󰑫󱦬󱔳󱄷󲣯󰖧󰜮󱦬󱔳󲣯󱼛󲳄󲴲󲣯󱔳󱿠󰑫󱦬󳈩󲵑󲣯󳈱󰑝󱉐󱎵󰄁󰐾󰪺󳖪󲛵󱎵󳖪󲣩󱰞󱰀󲅖󰨆󳖬󱰀󱎵󳖪󱐟󱰀󱐩󲸙󳌙󰋪󱰀󲅖󰩬 	󱉐󰦮󲲗󳐧󲸙󲚷󱻍󱔳󰨙󰝒󲚷󱻍󱔳󳈩󲵑󱔳󱔳󱿠󳈩󲵑󰒁󰋊󱐩󳈩󲵑󰒁󰋊󱎵󱉐󱉙󲣯󲣒󱉐󰹊󰸘󰶺󱦬󱔳󱉐󲣯󳏷󰑫󱦬󱃠󲣯󰬨󰷭󰑫󱦬󱔳󱄷󲣯󰖧󰜮󱦬󱔳󲣯󱼛󲳄󲴲󲣯󱔳󱿠󰑫󱦬󳈩󲵑󲣯󳈱󰑝󱉐󱎵󰄁󰐾󰪺󳖪󲛵󱎵󳖪󲣩󱰞󱰀󲅖󰨆󳖬󱰀󱎵󳖪󱐟󱰀󱐩󲸙󳌙󰋪󱰀󲅖󰩬 								
											
󱜡 	󲵋󲳮󰓈󱔳󰐺󳎁 	󲵋󲳮󰓈󱔳󰐺󳎁 	󲵋󲳮󰓈󱔳󰐺󳎁 								
󱰐󱙯󱉙󱔲 	91150502115823410K 	91150502115823410K 	91150502115823410K 								
 	󲵋󲳮󱜂󰦲󰓈󳉸 	󲵋󲳮󱜂󰦲󰓈󳉸 	󲵋󲳮󱜂󰦲󰓈󳉸 								
󰨆󲖙 	󰣾 	󰨙󲩵󰑝 	500  								
󱟼󰌖󰑐 	1996  12 󰐹 20 󰌖 	󱦬 	󰐺󳎁󲩔 								
󱱥󲩵󰑝 	󰣾 90 󲵋󲳮󱜂󰦲󰐺󲩵󱰀󲅖󱣒󱄷 10  	󰣾 90 󲵋󲳮󱜂󰦲󰐺󲩵󱰀󲅖󱣒󱄷 10  	󰣾 90 󲵋󲳮󱜂󰦲󰐺󲩵󱰀󲅖󱣒󱄷 10  								
󱰀󲅖󲀴 	󲣩󱰀󲅖󳖪󱐟󰌑 󱽝󱰀󲅖󳖪󱐟󱉐󳈱󱔳󱕶󱔳󲚷󱻍󱔳󲗳󰉠󰇂󳈩󲵑󲲶󰒁󰋊󳈩󲵑󱔳󰉧󱉐󳈱󱉐󳈱󰑫󰗡󲣯	󲣩󱰀󲅖󳖪󱐟󰌑 󱽝󱰀󲅖󳖪󱐟󱉐󳈱󱔳󱕶󱔳󲚷󱻍󱔳󲗳󰉠󰇂󳈩󲵑󲲶󰒁󰋊󳈩󲵑󱔳󰉧󱉐󳈱󱉐󳈱󰑫󰗡󲣯	󲣩󱰀󲅖󳖪󱐟󰌑 󱽝󱰀󲅖󳖪󱐟󱉐󳈱󱔳󱕶󱔳󲚷󱻍󱔳󲗳󰉠󰇂󳈩󲵑󲲶󰒁󰋊󳈩󲵑󱔳󰉧󱉐󳈱󱉐󳈱󰑫󰗡󲣯								
											
󱜡 	󳏲󳈩󲵑󰒁󰋊󰐺󳎁 	󳏲󳈩󲵑󰒁󰋊󰐺󳎁 	󳏲󳈩󲵑󰒁󰋊󰐺󳎁 								
󱰐󱙯󱉙󱔲 	91130828700682727D 	91130828700682727D 	91130828700682727D 								
 	󰰒󰌀󲇊󰌀󱼛󰧬󰥩󳉸 	󰰒󰌀󲇊󰌀󱼛󰧬󰥩󳉸 	󰰒󰌀󲇊󰌀󱼛󰧬󰥩󳉸 								
󰨆󲖙 	󳔚 	󰨙󲩵󰑝 	900  								
󱟼󰌖󰑐 	1998  5 󰐹 20 󰌖 	󱦬 	󰐺󳎁󲩔󱼛󰹧󲩵󰃘󱷒 								
󱱥󲩵󰑝 	󱂼󳒇󳐠 153.9 󳔚 566.2 󰬂󲀢 36 󰒙󰁠 153.9  	󱂼󳒇󳐠 153.9 󳔚 566.2 󰬂󲀢 36 󰒙󰁠 153.9  	󱂼󳒇󳐠 153.9 󳔚 566.2 󰬂󲀢 36 󰒙󰁠 153.9  								
󱰀󲅖󲀴 	󲣩󱰀󲅖󳖪󱐟󰥥󰩈󱔳󰈗󰩈󱔳󲚷󱻍󱔳󱔤󰧪󲗳󱔳󳈩󲵑󰪳󰋊󰸉󱔳󰹊󰸘󱔳󱹢󱻍󰬶󰩈󱱇󲖼󲖝󲖼󰕂󱸳󳈱󳈩󲵑󲣯󲵑󳈱󲕽󰉰󲣩󲀴󱰀󲅖󱽝󱰀󲅖󳖪󱐟󲩘󰾚󲴌󰑠󲴌󰨆󲕽󰉰󰨆󲛵󱚲󰢓󱎵󳖪󱐟󳎕󰨆󲕽󰉰󰨆󲛵󳎁󱎵󳖪󱐟󲣩󰋪󱰀󲅖 	󲣩󱰀󲅖󳖪󱐟󰥥󰩈󱔳󰈗󰩈󱔳󲚷󱻍󱔳󱔤󰧪󲗳󱔳󳈩󲵑󰪳󰋊󰸉󱔳󰹊󰸘󱔳󱹢󱻍󰬶󰩈󱱇󲖼󲖝󲖼󰕂󱸳󳈱󳈩󲵑󲣯󲵑󳈱󲕽󰉰󲣩󲀴󱰀󲅖󱽝󱰀󲅖󳖪󱐟󲩘󰾚󲴌󰑠󲴌󰨆󲕽󰉰󰨆󲛵󱚲󰢓󱎵󳖪󱐟󳎕󰨆󲕽󰉰󰨆󲛵󳎁󱎵󳖪󱐟󲣩󰋪󱰀󲅖 	󲣩󱰀󲅖󳖪󱐟󰥥󰩈󱔳󰈗󰩈󱔳󲚷󱻍󱔳󱔤󰧪󲗳󱔳󳈩󲵑󰪳󰋊󰸉󱔳󰹊󰸘󱔳󱹢󱻍󰬶󰩈󱱇󲖼󲖝󲖼󰕂󱸳󳈱󳈩󲵑󲣯󲵑󳈱󲕽󰉰󲣩󲀴󱰀󲅖󱽝󱰀󲅖󳖪󱐟󲩘󰾚󲴌󰑠󲴌󰨆󲕽󰉰󰨆󲛵󱚲󰢓󱎵󳖪󱐟󳎕󰨆󲕽󰉰󰨆󲛵󳎁󱎵󳖪󱐟󲣩󰋪󱰀󲅖 								
											
󱜡 	󲳯󰋡󰒁󰋊󰐺󳎁 	󲳯󰋡󰒁󰋊󰐺󳎁 	󲳯󰋡󰒁󰋊󰐺󳎁 								
󱰐󱙯󱉙󱔲 	91110112685763480Q 	91110112685763480Q 	91110112685763480Q 								
 	󲵋󱶋󲀂󰥂󰌀󱶋󲖈 1  	󲵋󱶋󲀂󰥂󰌀󱶋󲖈 1  	󲵋󱶋󲀂󰥂󰌀󱶋󲖈 1  								
󰨆󲖙 	󰥂 	󰨙󲩵󰑝 	5,000  								
󱟼󰌖󰑐 	2009  3 󰐹 5 󰌖 	󱦬 	󰐺󳎁󲩔󱼛󰹧󲩵󰃘󱷒 								
󱱥󲩵󰑝 	󰥂 436.19 󰑢󰥩 20 󱂼󱟼 97.98 󲻾󱶅󳖫󰥅󲩵󲼂󰐺󳎁107.75 󰋡󱉡 793.68 󰮌 10 186.91 󳍹󰋡 10 󱿎 61.24 󰪊󰦐󰨡󰨲󱸮󲩵󰐺󳎁323.2 󰒞󰨡󲩵󰐺󳎁107.75  	󰥂 436.19 󰑢󰥩 20 󱂼󱟼 97.98 󲻾󱶅󳖫󰥅󲩵󲼂󰐺󳎁107.75 󰋡󱉡 793.68 󰮌 10 186.91 󳍹󰋡 10 󱿎 61.24 󰪊󰦐󰨡󰨲󱸮󲩵󰐺󳎁323.2 󰒞󰨡󲩵󰐺󳎁107.75  	󰥂 436.19 󰑢󰥩 20 󱂼󱟼 97.98 󲻾󱶅󳖫󰥅󲩵󲼂󰐺󳎁107.75 󰋡󱉡 793.68 󰮌 10 186.91 󳍹󰋡 10 󱿎 61.24 󰪊󰦐󰨡󰨲󱸮󲩵󰐺󳎁323.2 󰒞󰨡󲩵󰐺󳎁107.75  								
											
󱰀󲅖󲀴 	󲚷󱻍󱔳󰕂󱸳󲚷󱻍󰉠󰇂󳈱󳒏󲼂󰒁󰋊󲼂󰒁󰋊󳎚󱢂󰒁󰋊󲼂󰑫󰗡󲣯󲖙󰦮󲲗󳐧󲸙󰑠󰃙󲩘󰾚󲴌󰑠󲴌󱄷󲴌 										
											
󱜡 	󰧤󱚖󰋡󰒁󰋊󱷒󰐺󳎁 	󰧤󱚖󰋡󰒁󰋊󱷒󰐺󳎁 	󰧤󱚖󰋡󰒁󰋊󱷒󰐺󳎁 	󰧤󱚖󰋡󰒁󰋊󱷒󰐺󳎁 	󰧤󱚖󰋡󰒁󰋊󱷒󰐺󳎁 						
󱷒󱚙󱢱󱜡 	󱚖󰋡󰒁 	󱷒󱚙󱔲 	󱷒󱚙󱔲 	󱷒󱚙󱔲 	834436 						
󱰐󱙯󱉙󱔲 	91410181727022673H 	91410181727022673H 	91410181727022673H 	91410181727022673H 	91410181727022673H 						
 	󱠪󰓈󳉸󰧐󰒂 	󱠪󰓈󳉸󰧐󰒂 	󱠪󰓈󳉸󰧐󰒂 	󱠪󰓈󳉸󰧐󰒂 	󱠪󰓈󳉸󰧐󰒂 						
󰨆󲖙 	󰍖 	󰍖 	󱷒󰑝 	11,180  	11,180  						
󱟼󰌖󰑐 	2001  2 󰐹 27 󰌖 	2001  2 󰐹 27 󰌖 	󱦬 	󱷒󰐺󳎁 	󱷒󰐺󳎁 						
󳍶󰃘󰃘󱷒󱷒 	󰍖󰀲󱷒 9,950 󱷒󰀲󱷒󰤅 89% 	󰍖󰀲󱷒 9,950 󱷒󰀲󱷒󰤅 89% 	󰍖󰀲󱷒 9,950 󱷒󰀲󱷒󰤅 89% 	󰍖󰀲󱷒 9,950 󱷒󰀲󱷒󰤅 89% 	󰍖󰀲󱷒 9,950 󱷒󰀲󱷒󰤅 89% 						
󱰀󲅖󲀴 	󲵑󳈱󲗳󰉠󰇂󱔤󰧪󰹧󰥅󲗳󰑠󰐾󳈱󱔤󰧪󰹧󰥅󱜼󰒁󰋊󲣯󱔤󰧪󱉙󱣒󰒁󰨆󳖬󱰀󱎵󳖪󱐟󱰀󱐩󲸙󳌙󰋪󱰀󲅖󰩬 	󲵑󳈱󲗳󰉠󰇂󱔤󰧪󰹧󰥅󲗳󰑠󰐾󳈱󱔤󰧪󰹧󰥅󱜼󰒁󰋊󲣯󱔤󰧪󱉙󱣒󰒁󰨆󳖬󱰀󱎵󳖪󱐟󱰀󱐩󲸙󳌙󰋪󱰀󲅖󰩬 	󲵑󳈱󲗳󰉠󰇂󱔤󰧪󰹧󰥅󲗳󰑠󰐾󳈱󱔤󰧪󰹧󰥅󱜼󰒁󰋊󲣯󱔤󰧪󱉙󱣒󰒁󰨆󳖬󱰀󱎵󳖪󱐟󱰀󱐩󲸙󳌙󰋪󱰀󲅖󰩬 	󲵑󳈱󲗳󰉠󰇂󱔤󰧪󰹧󰥅󲗳󰑠󰐾󳈱󱔤󰧪󰹧󰥅󱜼󰒁󰋊󲣯󱔤󰧪󱉙󱣒󰒁󰨆󳖬󱰀󱎵󳖪󱐟󱰀󱐩󲸙󳌙󰋪󱰀󲅖󰩬 	󲵑󳈱󲗳󰉠󰇂󱔤󰧪󰹧󰥅󲗳󰑠󰐾󳈱󱔤󰧪󰹧󰥅󱜼󰒁󰋊󲣯󱔤󰧪󱉙󱣒󰒁󰨆󳖬󱰀󱎵󳖪󱐟󱰀󱐩󲸙󳌙󰋪󱰀󲅖󰩬 						
											
󳖪󱐟 	2017  1-6 󰐹 	2016  	2015  	2014  							
󲩵 	28,547.54 	31,033.78 	     30,120.88 	19,240.03 							
󲩵 	55,353.16 	61,834.25 	    63,013.21 	75,323.49 							
󲅖󰉧 	5,652.62 	20,219.71 	     33,348.39 	37,444.04 							
󰫗 	-2,486.24 	912.90 	5,480.85 	3,381.23 							
											
󱜡 	󰔥󱷒󰐺󳎁 	󰔥󱷒󰐺󳎁 	󰔥󱷒󰐺󳎁 	󰔥󱷒󰐺󳎁 	󰔥󱷒󰐺󳎁 						
󱷒󱚙󱢱󱜡 	󲀀󰔥 A 	󱷒󱚙󱔲 	󱷒󱚙󱔲 	󱷒󱚙󱔲 	000570 						
󱰐󱙯󱉙󱔲 	91320400134792410W 	91320400134792410W 	91320400134792410W 	91320400134792410W 	91320400134792410W 						
 	󲬠 123  	󲬠 123  	󲬠 123  	󲬠 123  	󲬠 123  						
󰨆󲖙 	󰋡󰌷 	󰋡󰌷 	󱷒󰑝 	56,137.43  	56,137.43  						
󱟼󰌖󰑐 	1994  5 󰐹 5 󰌖 	1994  5 󰐹 5 󰌖 	󱦬 	󱷒󰐺󳎁 	󱷒󰐺󳎁 						
󰃘󱷒󱷒󳍶󰃘 	󲩵󰀲󱷒 17,084.52 󱷒󰀲󱷒󰤅 30.43% 	󲩵󰀲󱷒 17,084.52 󱷒󰀲󱷒󰤅 30.43% 	󲩵󰀲󱷒 17,084.52 󱷒󰀲󱷒󰤅 30.43% 	󲩵󰀲󱷒 17,084.52 󱷒󰀲󱷒󰤅 30.43% 	󲩵󰀲󱷒 17,084.52 󱷒󰀲󱷒󰤅 30.43% 						
󱰀󲅖󲀴 	󰔥󰧪󰑫󰔥󰧪󰑫󲹾󳈩󰦮󰧪󰑫󰦮󰧪󰑫󲹾󲥨󰾚󰉧󲃨󰑫󰗡󰋼󱵆󰑫󰀇󰑫󰝒󱎵󲵑󳈱󰔥󰧪󰑫󲹾󰑫󱯵󰦮󰧪󰑫󲹾󰑫󱯵󱎵󱯵󲗶󳈱 	󰔥󰧪󰑫󰔥󰧪󰑫󲹾󳈩󰦮󰧪󰑫󰦮󰧪󰑫󲹾󲥨󰾚󰉧󲃨󰑫󰗡󰋼󱵆󰑫󰀇󰑫󰝒󱎵󲵑󳈱󰔥󰧪󰑫󲹾󰑫󱯵󰦮󰧪󰑫󲹾󰑫󱯵󱎵󱯵󲗶󳈱 	󰔥󰧪󰑫󰔥󰧪󰑫󲹾󳈩󰦮󰧪󰑫󰦮󰧪󰑫󲹾󲥨󰾚󰉧󲃨󰑫󰗡󰋼󱵆󰑫󰀇󰑫󰝒󱎵󲵑󳈱󰔥󰧪󰑫󲹾󰑫󱯵󰦮󰧪󰑫󲹾󰑫󱯵󱎵󱯵󲗶󳈱 	󰔥󰧪󰑫󰔥󰧪󰑫󲹾󳈩󰦮󰧪󰑫󰦮󰧪󰑫󲹾󲥨󰾚󰉧󲃨󰑫󰗡󰋼󱵆󰑫󰀇󰑫󰝒󱎵󲵑󳈱󰔥󰧪󰑫󲹾󰑫󱯵󰦮󰧪󰑫󲹾󰑫󱯵󱎵󱯵󲗶󳈱 	󰔥󰧪󰑫󰔥󰧪󰑫󲹾󳈩󰦮󰧪󰑫󰦮󰧪󰑫󲹾󲥨󰾚󰉧󲃨󰑫󰗡󰋼󱵆󰑫󰀇󰑫󰝒󱎵󲵑󳈱󰔥󰧪󰑫󲹾󰑫󱯵󰦮󰧪󰑫󲹾󰑫󱯵󱎵󱯵󲗶󳈱 						
											
󳖪󱐟 	2017  1-6 󰐹 	2016  	2015  	2014  							
󲩵 	232,405.44 	234,248.01 	202,050.08 	195,314.57 							
󲩵 	381,416.60 	372,485.73 	323,240.61 	316,678.38 							
󲅖󰉧 	130,810.62 	228,302.89 	251,979.95 	248,979.21 							
󱷒󱎵󰫗 	3,967.92 	6,253.99 	7,110.28 	6,420.21 							
											
󱜡 	󰔥󱷒󰐺󳎁 	󰔥󱷒󰐺󳎁 	󰔥󱷒󰐺󳎁 	󰔥󱷒󰐺󳎁 	󰔥󱷒󰐺󳎁 						
󱷒󱚙󱢱󱜡 	󰔥 	󱷒󱚙󱔲 	󱷒󱚙󱔲 	󱷒󱚙󱔲 	600218 						
󱰐󱙯󱉙󱔲 	91341100704965812G 	91341100704965812G 	91341100704965812G 	91341100704965812G 	91341100704965812G 						
 	󱐲󰙃󰊝󰗄󲬠 788  	󱐲󰙃󰊝󰗄󲬠 788  	󱐲󰙃󰊝󰗄󲬠 788  	󱐲󰙃󰊝󰗄󲬠 788  	󱐲󰙃󰊝󰗄󲬠 788  						
󰨆󲖙 	󲥓 	󲥓 	󱷒󰑝 	36,875.50  	36,875.50  						
󱟼󰌖󰑐 	1998  11 󰐹 24 󰌖 	1998  11 󰐹 24 󰌖 	󱦬 	󱷒󰐺󳎁 	󱷒󰐺󳎁 						
󰃘󱷒󱷒 	󰔥󳏷󰐺󳎁󰀲󱷒 12,654.25 󱷒󰀲󱷒󰤅 34.32% 	󰔥󳏷󰐺󳎁󰀲󱷒 12,654.25 󱷒󰀲󱷒󰤅 34.32% 	󰔥󳏷󰐺󳎁󰀲󱷒 12,654.25 󱷒󰀲󱷒󰤅 34.32% 	󰔥󳏷󰐺󳎁󰀲󱷒 12,654.25 󱷒󰀲󱷒󰤅 34.32% 	󰔥󳏷󰐺󳎁󰀲󱷒 12,654.25 󱷒󰀲󱷒󰤅 34.32% 						
󳍶󰃘 	󰙃󰥂󰉰 	󰙃󰥂󰉰 	󰙃󰥂󰉰 	󰙃󰥂󰉰 	󰙃󰥂󰉰 						
󱰀󲅖󲀴 	󰻴󰑫󰀇󰑫󱉙󲲗󱜼󰑫󰗡󱃠󰑫󰗡󰉧󲃨󰑫󰗡󱉐󰾚󱜼󰑫󰗡󳐧󲹾󰋊󱢂󰒁󰋊󱉐󱕅󳈱󰑠󲤓󰑝󱎵󰑫󰗡󲣯󳐧󲹾󲲶󰒁󰋊󱎵󲴌 	󰻴󰑫󰀇󰑫󱉙󲲗󱜼󰑫󰗡󱃠󰑫󰗡󰉧󲃨󰑫󰗡󱉐󰾚󱜼󰑫󰗡󳐧󲹾󰋊󱢂󰒁󰋊󱉐󱕅󳈱󰑠󲤓󰑝󱎵󰑫󰗡󲣯󳐧󲹾󲲶󰒁󰋊󱎵󲴌 	󰻴󰑫󰀇󰑫󱉙󲲗󱜼󰑫󰗡󱃠󰑫󰗡󰉧󲃨󰑫󰗡󱉐󰾚󱜼󰑫󰗡󳐧󲹾󰋊󱢂󰒁󰋊󱉐󱕅󳈱󰑠󲤓󰑝󱎵󰑫󰗡󲣯󳐧󲹾󲲶󰒁󰋊󱎵󲴌 	󰻴󰑫󰀇󰑫󱉙󲲗󱜼󰑫󰗡󱃠󰑫󰗡󰉧󲃨󰑫󰗡󱉐󰾚󱜼󰑫󰗡󳐧󲹾󰋊󱢂󰒁󰋊󱉐󱕅󳈱󰑠󲤓󰑝󱎵󰑫󰗡󲣯󳐧󲹾󲲶󰒁󰋊󱎵󲴌 	󰻴󰑫󰀇󰑫󱉙󲲗󱜼󰑫󰗡󱃠󰑫󰗡󰉧󲃨󰑫󰗡󱉐󰾚󱜼󰑫󰗡󳐧󲹾󰋊󱢂󰒁󰋊󱉐󱕅󳈱󰑠󲤓󰑝󱎵󰑫󰗡󲣯󳐧󲹾󲲶󰒁󰋊󱎵󲴌 						
											
󳖪󱐟 	2017  1-6 󰐹 	2016  	2015  	2014  							
󲩵 	192,800.99 	190,707.67 	183,830.16 	114,001.03 							
󲩵 	359,505.87 	341,175.76 	304,529.31 	245,421.16 							
󲅖󰉧 	167,712.20 	298,098.70 	285,619.12 	271,289.03 							
󱷒󱎵󰫗 	4,725.24 	9,489.14 	7,703.02 	3,567.91 							
											
󱜡 	󰌑󳉒󰯁󳞝󰑫󰐺󳎁 	󰌑󳉒󰯁󳞝󰑫󰐺󳎁 	󰌑󳉒󰯁󳞝󰑫󰐺󳎁 								
󱰐󱙯󱉙󱔲 	91320206766538015G 	91320206766538015G 	91320206766538015G 								
 	󰌑󳉒󳍤󳉸󲬠 88  	󰌑󳉒󳍤󳉸󲬠 88  	󰌑󳉒󳍤󳉸󲬠 88  								
󰨆󲖙 	 	󰨙󲩵󰑝 	3,500  								
󱟼󰌖󰑐 	2004  9 󰐹 27 󰌖 	󱦬 	󰐺󳎁󲩔󱼛󰹧󲩵󰃘󱷒 								
󱱥󲩵󰑝 	 1,137.5 󳍹󱲿 262.5 󳞝󱷒󰐺󳎁 1,750 	 1,137.5 󳍹󱲿 262.5 󳞝󱷒󰐺󳎁 1,750 	 1,137.5 󳍹󱲿 262.5 󳞝󱷒󰐺󳎁 1,750 								
											
 87.5 󰌑󳉒󰥂󱃟󰑫󰗡󰐺󳎁 262.5  											
󱱩󳗿󰔥󰧪󰑫󲵋󱉙󰦮󰧪󰑫󱱩󰔥󰧪󰑫󱉦󰑫󱯵󰥥󰨦󰑫󱯵󱎵󲗶󲹾󱉦󰑫󱯵󲗶󱰥󰐾󱜐󲩲󲵋󲣠󲣯󱎵󱰥󰑫󰗡󱾫󰑫󰎟󲵋󰑫󰗡󲹾󱎵󲵑󱼛󲅖󱄷󱦬󰑠󱎵󲴌󳎁󱰀󲅖󱚲󰢓󲴌󱎵󰑠󳎕 											
											
󱜡 	󰌑󳉒󰑫󰗡󰐺󳎁 	󰌑󳉒󰑫󰗡󰐺󳎁 	󰌑󳉒󰑫󰗡󰐺󳎁 								
󱰐󱙯󱉙󱔲 	9132021166684148XH 	9132021166684148XH 	9132021166684148XH 								
 	󰌑󳉒󰰙󰮇󱸒󱲟 	󰌑󳉒󰰙󰮇󱸒󱲟 	󰌑󳉒󰰙󰮇󱸒󱲟 								
󰨆󲖙 	󱜗 	󰨙󲩵󰑝 	2,000  								
󱟼󰌖󰑐 	2007  9 󰐹 19 󰌖 	󱦬 	󰐺󳎁󲩔󱼛󰹧󲩵󰃘󱷒 								
󱱥󲩵󰑝 	󱜗 600 󱜗󲩕 400 󱂼󱅥󱿝 1,000  	󱜗 600 󱜗󲩕 400 󱂼󱅥󱿝 1,000  	󱜗 600 󱜗󲩕 400 󱂼󱅥󱿝 1,000  								
󱰀󲅖󲀴 	󰻴󰑫󲹾󱎵󱉦󰑫󱯵󰥥󰨦󰑫󱯵󲹾󱢂󱜼󱉙󰑫󰗡󰑫󰗡󱾫󰑫󱎵󱕅󲵑󳈱󰑠󲤓󰐾󱼛󲅖󱄷󱦬󰑠󱎵󲴌󰎟󲵋󲩘󲴁 	󰻴󰑫󲹾󱎵󱉦󰑫󱯵󰥥󰨦󰑫󱯵󲹾󱢂󱜼󱉙󰑫󰗡󰑫󰗡󱾫󰑫󱎵󱕅󲵑󳈱󰑠󲤓󰐾󱼛󲅖󱄷󱦬󰑠󱎵󲴌󰎟󲵋󲩘󲴁 	󰻴󰑫󲹾󱎵󱉦󰑫󱯵󰥥󰨦󰑫󱯵󲹾󱢂󱜼󱉙󰑫󰗡󰑫󰗡󱾫󰑫󱎵󱕅󲵑󳈱󰑠󲤓󰐾󱼛󲅖󱄷󱦬󰑠󱎵󲴌󰎟󲵋󲩘󲴁 								
											
󱜡 	󲻾󲼂󳏷󰐺󳎁 	󲻾󲼂󳏷󰐺󳎁 	󲻾󲼂󳏷󰐺󳎁 								
󱰐󱙯󱉙󱔲 	91500000709370754K 	91500000709370754K 	91500000709370754K 								
 	󲻾󰦐󰪨󲬠 319  4-2-2 	󲻾󰦐󰪨󲬠 319  4-2-2 	󲻾󰦐󰪨󲬠 319  4-2-2 								
󰨆󲖙 	󱲿󲎪 	󰨙󲩵󰑝 	4,000  								
󱟼󰌖󰑐 	2001  7 󰐹 20 󰌖 	󱦬 	󰐺󳎁󲩔󱼛󰹧󲩵󰃘󱷒 								
󱱥󲩵󰑝 	 2,000 󲻾󲼂󳏷󰐺󳎁 1,750 󱲿󲎪 250  	 2,000 󲻾󲼂󳏷󰐺󳎁 1,750 󱲿󲎪 250  	 2,000 󲻾󲼂󳏷󰐺󳎁 1,750 󱲿󲎪 250  								
󱰀󲅖󲀴 	󱉐󳈱󱵆󰑫󰾲󱉡󰑫󱵆󱵉󰑫󰀇󰑫󰔥󰧪󰑫󳐧󲸙󲩘󰾚󲴌󰪺󲣩󱉐󱰀󲅖󱎵󲣩󲣲󱰀󲅖 	󱉐󳈱󱵆󰑫󰾲󱉡󰑫󱵆󱵉󰑫󰀇󰑫󰔥󰧪󰑫󳐧󲸙󲩘󰾚󲴌󰪺󲣩󱉐󱰀󲅖󱎵󲣩󲣲󱰀󲅖 	󱉐󳈱󱵆󰑫󰾲󱉡󰑫󱵆󱵉󰑫󰀇󰑫󰔥󰧪󰑫󳐧󲸙󲩘󰾚󲴌󰪺󲣩󱉐󱰀󲅖󱎵󲣩󲣲󱰀󲅖 								
											
A-󳈩󲵑󰌘󱔳󱉐󲣯 	A-󳈩󲵑󰌘󱔳󱉐󲣯 										
󰑠󰋡󰷪 	1󲴷󰩲󱉐󱾳󱯗󲼀󲩵󰯁󰸞󰉧󰤅󱾳󱸮 50% 2󰡒󰹊󰸘󲩙󲼀󰐥󱃡󰶭󲼀󰶭󲼀 0.15-0.10%󲤖󲣯󰶭󲼀<0.10% 3󰥅󰃃󰉯󰉧󰸞󱸮󱉙󱔳󰸞 4󳠉󰭚󱻙󱷱󱂸󰤅󱔳 10-20%󰤅󰄁󳠉 10-25%󳍾󳈩󲵑󰌧󱧉󱰄󱎵󱉙󲼀󱉐󰦒󰔄󰄁󳠉󳈩󱎵󰕭󱂸 5󱉙󰑫󰗡󱄷󱨬󱰐󱔳󲖙󳒓󰂐󳊰󱉐󱔳󱉙󰡒󰊡 6󳉟󲣯󰌑󱐩󲴁󲸙󰶺󱉙󳊰󱰥󳠉󰭚󰾚󰩲󱃡󲴏󱰞󰌑󳌥󳏊󰩲󲼀󰃘 7󳈩󲵑󱉙󱧉󱔳󰕂󱸳󱎵󰬨󱔳󱃡󱉐󱉙󳈩󲵑󱿠󱔳󰍠󳛇󲳯󳍶󲴌󰥥 										
󱦬󲣯󰤅 	1󱉙󰸞󰤅󱾳󱸮 50%󰪹󱵈󰹧󰥅 50,000-100,000/󰌘󱔳󱴽󳐱󲚲󰪹󱵈 200,000 /󰌘󱔳 2󲤖󲣯󱉐󱯰󳈱󰕭󰍠󱦬󰕭󱎵 										
󰐺󱂸 	󱉢󲕽󱎵 CZS 󱨬󳈩󲵑󰌘󱔳󱉐󲣯󱉐󰉹󰓍󱸮󱵈󲣯󱝤󱡺󰋪󳒓󰌿󰍯󱉐󱎵󱉐󱄷󲣯󰢕										
											
B-󱉐󱕶󱔳 	B-󱉐󱕶󱔳 										
󰑠󰋡󰷪 	(1󲲴󱉐󱔳󰐺󰐥󱎵󰸞󱻙󱷱󰤅󱔳 10-20%󱴽󰄁󳠉󳈩󱎵󱧯󳈩󱎵󲼀 (2󲲴󱉐󱔳󰐺󰐥󱎵󱄴󲲴󱎵󲜃󱨬󰊡󳈩󱎵󰥅󱂸󳍾󳈩󲵑󱎵󰑝 (3󲲴󱉐󱔳󰤅󰄁󳠉 10-25%󳍾󳈩󲵑󰌧󱧉󱰄󱎵󱉙󲼀󱉐󰦒󰔄󰄁󳠉󳈩󱎵󰕭󱂸 (4󲲴󱉐󱔳󱿠󰩸󰨙󱉙󰌧󰐺󰐥󳠉󱎵󱵁󰶜󲴳󱉙󰐥󱛾󲼂󱎵󰩸󰨙󲀴 (5󲚷󱻍󱔳󱔳󲩵󰯁󱎵󲪇󱾳󱯗󱔰󲩵󰯁󱃠 (6󰐺󰐥󳍅󱎵󱉙󲀴󱃡󱉐󱉙󳈩󲵑󱿠󱐃󱿠󱔳󰍠󳛇󲳯󳍶󲴌󰥥 										
󱦬󲣯󰤅 	󲕽󱎵󱉐󱔳󰶭󲼀<0.10%󰥅󲼀2mL/g󱉐󱔳󰶭󲼀0.150.10% 										
											
C-󱉐󱔳󲚷󱻍󱔳 	C-󱉐󱔳󲚷󱻍󱔳 										
󰑠󰋡󰷪 	(1󰒁󰋊󱉙󰑠󰋡󱉙󱉐󰎧󱐩󰾪󲚷󱻍󱔳󰐺󰐥󳠉󰭚󱻙󱷱󰐥󱱄󱻙󱷱󰐺󲩵󰯁󲵑󰑠󰋡 (2󰉪󰑠󱎵󰋡󱉢󱎵󱉐󱔳󲚷󱻍󱔳󱐩󲚲󰥳󱾳󱯗󰕂󱸳󱧉󱰄󱉙󲼀󳍾󰥅󲼀󰐥󱛱󱎵󱃠󰾪󰐺󰒁󰋊󰑠󰋡 (3󲚷󱻍󱔳󱎵󱾫󰒒󲣯󰋪󳒓󱎵󰋡 										
󱦬󲣯󰤅 	(1󲕽󱉐󱎵󱉐󱔳󲚷󱻍󱔳󱉙󱉐󱔳󱎵󰤅󳠉󲳯 60%󰐱󳠉󲳯 100% (2󲲴󲵋󲚷󱻍󱔳󱎵󰕂󱸳󱧉󱰄󱉙󲼀󳍾 0.3-0.5%󲚷󱻍󱔳󱵈󱸮󳍾 1-3% (3󱐩󱉐󱔳󲚷󱻍󱔳󱎵󰶭󲲴󱉙󱔳󰌧 0.4%󰥅󲼀󳍾 0.5mL/g 										
											
󱰀󲅖󰝒 	󱉐󱯰󱜡 	 	󲣯󱎵 	󰐾󰑐󱎵󱯗 	󰐾󱜡 						
 	 󳗿 󱉙 1 󰒒 	󳊰󰦐 	󱨬󳗿󱉙󱜐󲩲󲣯󳊰󰦐󰐺 	󱉐󱔳󱜐󲩲󲣟󰐺󰉹󰑐30  2006  6 󰐹󱼤 2036 6 󰐹󰑐󰰒󳊰󰦐󰐺󱜐󰑴 	󳗿󱉙󲲗󰐺󳎁󳈩󲵑 						
 	   1 󰒒 	󰣾 	󱉢󲩪󰄁󲣯󰣾󰐺 	󲣟󰐺󰉹󰑐 12  2010 1 󰐹󱼤 2022  1 󰐹󰑐12 󰐹󱰞󱢯 	󰌷󰌿󱷒󰐺󳎁 						
 	  󲻾󰦮 2 󰒒 	󰣾 	󱉢󰩿󰐺󳎁󲩪󰄁󲣯󰣾󰐺 	󲣟󰐺󰉹󰑐 12  2008 10 󰐹󱼤 2020  12 󰐹󰑐󱰞󱢯 	󲻾󰦮󳏷󰩿󰐺󳎁 						
󱉐 	5 󰒒 	󰣾 	󲣯󰣾 	󲴳󱉙 	󲻾󲳪 						
󱉐 	3 󰒒 	󳊰󰦐 	󲣯󳊰󰦐 	󲴳󱉙 	󲳪 						
󱉐 	2 󰒒 	󰌷󳊰󰦐 	󲣯󰌷󳊰󰦐 	󲴳󱉙 	󰌷󲳪 						
󱉐 	1 󰒒 	󲸮󳊰󰦐 	󲣯󲸮󳊰󰦐 	󲴳󱉙 	󲸜󲳪 						
󱉐 	1 󰒒 	󲷂󳊰󰦐 	󱨬󱜐󲩲󲣯󲷂󳊰󰦐 	󲴳󱉙 	󲷂󲳪 						
󱉐 	1 󰒒 	󳊰󰦐 	󲣯󳊰󰦐 	󲴳󱉙 	󲳪 						
󱉐 	1 󰒒 	󰕴󳊰󰦐 	󲣯󰕴󳊰󰦐 	󲴳󱉙 	󰕴󲳪 						
󱉐 	1 󰒒 	󳊰󰦐 	󲣯󳊰󰦐 	󲴳󱉙 	󲳪 						
											
󳖪󱐟 	󱦬 	2017  1-6 󰐹 	2017  1-6 󰐹 	2017  1-6 󰐹 	2017  1-6 󰐹 	2017  1-6 󰐹 	2016  	2016  	2016  	2016  	2016  
 	 	󱸮 	󲼀 	󲸙󳖷󱉙󳗎 	󲸙󳈱󳗎 	󲸙󳈱󳗎 	󱸮 	󲼀 	󲸙󳖷󱉙󳗎 	󲸙󳈱󳗎 	󲸙󳈱󳗎 
󰣾 	󱉐 	7.21 	6.39 	806.18 	 	172.58 	7.21 	10.24 	1,056.35 	8.83 	424.31 
󰣾 	- 	1.72 	0.91 	- 	- 	254.11 	1.72 	1.57 	- 	- 	423.39 
󰣾 	-󲻾󰦮 	3.43 	- 	- 	- 	- 	3.43 	0.02 	- 	- 	5.86 
󳊰󰦐 	-󳗿󱉙 	2.75 	1.74 	278.97 	- 	39.92 	2.75 	2.10 	477.28 	- 	70.28 
󳖪󱐟 	󱦬 	2017  1-6 󰐹 	2017  1-6 󰐹 	2017  1-6 󰐹 	2017  1-6 󰐹 	2017  1-6 󰐹 	2016  	2016  	2016  	2016  	2016  
󳊰󰦐 	󱉐 	5.49 	4.67 	213.59 	103.05 	557.69 	5.49 	5.01 	220.84 	- 	827.18 
󰌷󳊰󰦐 	󱉐 	4.46 	2.95 	179.16 	- 	847.07 	4.46 	4.73 	405.68 	13.14 	1,153.28 
󲸮󳊰󰦐 	󱉐 	2.75 	1.03 	182.00 	- 	120.50 	2.75 	1.90 	251.03 	8.36 	202.12 
󲷂󳊰󰦐 	󱉐 	2.75 	1.68 	113.98 	39.72 	4.65 	2.75 	3.89 	287.90 	21.78 	- 
󳊰󰦐 	󱉐 	2.75 	0.79 	- 	1.90 	200.82 	2.75 	1.41 	- 	2.99 	356.50 
󰕴󳊰󰦐 	󱉐 	2.75 	1.17 	207.75 	- 	- 	2.75 	1.96 	453.96 	6.11 	11.74 
											
󳖪󱐟 	󱦬 	2015  	2015  	2015  	2015  	2015  	2014  	2014  	2014  	2014  	2014  
 	 	󱸮 	󲼀 	󲸙󳖷󱉙󳗎 	󲸙󳈱󳗎 	󲸙󳈱󳗎 	󱸮 	󲼀 	󲸙󳖷󱉙󳗎 	󲸙󳈱󳗎 	󲸙󳈱󳗎 
󰣾 	󱉐 	7.21 	10.11 	1,341.33 	- 	312.21 	5.83 	8.90 	1,113.84 	- 	98.47 
󰣾 	- 	1.72 	1.07 	- 	- 	361.19 	1.72 	1.39 	- 	- 	358.90 
󰣾 	-󲻾󰦮 	3.43 	0.80 	- 	- 	217.43 	3.43 	1.35 	- 	- 	312.29 
󳊰󰦐 	-󳗿󱉙 	2.75 	1.72 	350.63 	- 	43.70 	2.75 	1.63 	423.97 	8.73 	51.27 
󳊰󰦐 	󱉐 	5.03 	1.07 	9.75 	2.05 	182.06 	- 	- 	- 	- 	- 
󰌷󳊰󰦐 	󱉐 	4.46 	3.72 	205.46 	63.40 	819.20 	2.75 	3.84 	190.34 	49.65 	742.23 
󲸮󳊰󰦐 	󱉐 	2.75 	2.64 	424.96 	16.57 	60.00 	2.75 	4.30 	611.04 	- 	15.34 
󲷂󳊰󰦐 	󱉐 	2.52 	2.49 	239.02 	5.91 	10.66 	- 	- 	- 	- 	- 
󳊰󰦐 	󱉐 	1.72 	1.60 	- 	- 	410.83 	1.72 	1.93 	- 	- 	502.59 
󰕴󳊰󰦐 	󱉐 	2.75 	2.34 	461.03 	- 	- 	2.75 	1.65 	371.22 	- 	- 
											
󳖪 󱐟 	2017  1-6 󰐹 	2017  1-6 󰐹 	2017  1-6 󰐹 	2016  	2016  	2016  					
󳖪 󱐟 	󱸮 	󲼀 	󱸮󱉙󱂸% 	󱸮 	󲼀 	󱸮󱉙󱂸% 					
󳈩󲵑󱉙󲚷󱻍󱔳󲗳󰉠󰇂 	47.00 	24.17 	51.43 	47.00 	40.14 	81.92 					
󱉐󱔳 	36.00 	21.34 	59.28 	36.00 	32.83 	91.19 					
󱂸󰔥󰧪󰑫 	22.00 	2.49 	11.32 	22.00 	5.54 	25.18 					
											
󳖪 󱐟 	2015  	2015  	2015  	2014  	2014  	2014  					
󳖪 󱐟 	󱸮 	󲼀 	󱸮󱉙󱂸% 	󱸮 	󲼀 	󱸮󱉙󱂸% 					
󳈩󲵑󱉙󲚷󱻍󱔳󲗳󰉠󰇂 	42.21 	38.01 	90.05 	27.97 	36.92 	132.00 					
󱉐󱔳 	34.32 	27.57 	80.33 	23.68 	24.98 	105.49 					
󱂸󰔥󰧪󰑫 	22.00 	5.79 	26.32 	22.00 	12.09 	54.95 					
											
󳖪 󱐟 	2017  1-6 󰐹 	2017  1-6 󰐹 	2017  1-6 󰐹 	2017  1-6 󰐹 	2016  	2016  	2016  	2016  			
󳖪 󱐟 	󲼀 	󳈱󲼀 	󳖷󱉙󲼀 	󳈱󱂸% 	󲼀 	󳈱󲼀 	󳖷󱉙󲼀 	󳈱󱂸% 			
󳈩󲵑󱉙󲚷󱻍󱔳󲗳󰉠󰇂 	24.17 	25.81 	0.61 	109.31 	40.14 	40.94 	1.32 	105.28 			
󱉐󱔳 	21.34 	7.69 	13.00 	96.95 	32.83 	12.25 	21.43 	102.59 			
󱂸󰔥󰧪󰑫 	2.49 	2.42 	- 	97.19 	5.54 	5.70 	- 	102.89 			
											
󳖪 󱐟 	2015  	2015  	2015  	2015  	2014  	2014  	2014  	2014  			
󳖪 󱐟 	󲼀 	󳈱󲼀 	󳖷󱉙󲼀 	󳈱󱂸% 	󲼀 	󳈱󲼀 	󳖷󱉙󲼀 	󳈱󱂸% 			
󳈩󲵑󱉙󲚷󱻍󱔳󲗳󰉠󰇂 	38.01 	35.94 	1.31 	97.97 	36.92 	37.21 	1.48 	104.79  			
󱉐󱔳 	27.57 	8.64 	18.41 	98.11 	24.98 	7.62 	16.75 	97.56  			
󱂸󰔥󰧪󰑫 	5.79 	7.24 	- 	125.04 	12.09 	13.95 	- 	115.38  			
											
󳖪󱐟 	2017  1-6 󰐹 	2017  1-6 󰐹 	2016  	2016  	2015  	2015  	2014  	2014  			
󳖪󱐟 	󳈱 	% 	󳈱 	% 	󳈱 	% 	󳈱 	% 			
󳈩󲵑󱉙󲚷󱻍󱔳/ 	931.79 	-3.55 	966.09 	-4.66  	1,013.27 	0.91 	1,004.12 	2.55 			
󳎧󱧃󰉠󰇂/ 	2,033.25 	-14.41 	2,375.49 	-6.09 	2,529.66 	- 	- 	- 			
󱔤󲀢󱔳󰉠󰇂/ 	654.14 	-6.75 	701.48 	-13.52 	811.11 	- 	- 	- 			
󰥥󰔥󰧪󰑫/ 	2,431.00 	-4.29 	2,540.09 	3.28  	2,459.36 	1.67 	2,418.95 	2.60 			
󳗿󰔥󰧪󰑫/ 	984.87 	-4.35 	1,029.65 	 2.51  	1,004.39 	-7.84 	1,089.79 	-8.35 			
											
 	 	󱜡 	󰍠󱶅󰋪 	󳈱󲚲󱦬 	󲅖󰉧 	󲤖󱦬󲅖󰉧󱎵󰤅% 					
20171-6󰐹 	1 	󳗿󱉙󲲗󰐺󳎁󳗿󰩬󲲥󱈗󰐺󳎁󳗿󱧯󳈩󲵑󰐺󳎁󰮇󳗿󰦮󲲗󰐺󳎁󲵋󱉙󳈩󳉬󳗿󰦮󲲗󱷒󰐺󳎁 	 	󳈩󲵑󱉙󲚷󱻍󱔳󱔳󱉐󱔳󱔳󱿠 	2,212.44 	8.00 					
20171-6󰐹 	2 	󰑫󰗡󰌷󰐺󳎁󰑫󰗡(󰮇)󰐺󳎁 	 	󳈩󲵑󱉙󲚷󱻍󱔳󱔳󱿠󱔳 	1,556.60 	5.63 					
											
3 	󲸮󲼂󳖧󱧯󳈩󲵑󰐺󳎁 	 	󳈩󲵑󱉙󲚷󱻍󱔳 	1,364.45 	4.93 						
4 	󱉡(󰌷)󰐺󳎁 	 	󳈩󲵑󱉙󲚷󱻍󱔳 	1,009.46 	3.65 						
5 	󰋡󱜂󳍶󳈩󲵑󲚰󰐺󳎁 	 	󳈩󲵑󱉙󲚷󱻍󱔳 	885.26 	3.20 						
6 	󲻾󰐺󳎁 	 	󳈩󲵑󱉙󲚷󱻍󱔳󱉐󱔳󱔳 	842.03 	3.04 						
7 	󲻾󰋡󱯓󰌈󱱩󱐇󲵑󰐺󳎁 	 	󳈩󲵑󱉙󲚷󱻍󱔳 	723.13 	2.61 						
8 	󰌑󳉒󰸙󳎷󱧯󰑫󰗡󰐺󳎁 	 	󳈩󲵑󱉙󲚷󱻍󱔳󱉐󱔳󱔳󱿠 	718.18 	2.60 						
9 	󲻾󰦮󳏷󰩿󰐺󳎁 	 	󱔳󱉐󱔳 	483.33 	1.75 						
10 	󰌷󰌿󱷒󰐺󳎁󲸮󰐺󳎁 	 	󳈩󲵑󱉙󲚷󱻍󱔳󱔳󱉐󱔳 	450.44 	1.63 						
 	󲣒 	 	 	10,245.31 	37.03 						
1 	󳗿󱉙󲲗󰐺󳎁󳗿󰦮󲲗󳈩󲵑󰐺󳎁󳗿󰩬󲲥󱈗󰐺󳎁󳗿󲵋󱉙󳈩󲵑󰐺󳎁󳗿󰦮󲲗󰐺󳎁󲵋󱉙󳈩󳉬󳗿()󰑫󳐸󰐺󳎁󳗿󰑝󱉡󰦮󲲗󰐺󳎁󳗿󱧯󳈩󲵑󰐺󳎁󳗿󰑝󱉡󰦮󲲗󳐧󲸙󰐺󳎁 	 	󳈩󲵑󱉙󲚷󱻍󱔳󱔳󱉐󱔳󱔳󱿠 	4,454.90 	9.51 						
2 	󰑫󰗡󰌷󰐺󳎁󰑫󰗡(󰮇)󰐺󳎁 	 	󳈩󲵑󱉙󲚷󱻍󱔳󱔳󱿠 	3,490.05 	7.45 						
3 	󲸮󲼂󳖧󱧯󳈩󲵑󰐺󳎁 	 	󳈩󲵑󱉙󲚷󱻍󱔳 	2,975.78 	6.35 						
4 	󱉡(󰌷)󰐺󳎁 	 	󳈩󲵑󱉙󲚷󱻍󱔳 	2,115.44 	4.51 						
5 	󲻾󰋡󱯓󰌈󱱩󱐇󲵑󰐺󳎁 	 	󳈩󲵑󱉙󲚷󱻍󱔳 	1,433.25 	3.06 						
6 	󰌑󳉒󰸙󳎷󱧯󰑫󰗡󰐺󳎁 	 	󳈩󲵑󱉙󲚷󱻍󱔳󱉐󱔳 	1,362.37 	2.91 						
7 	󰋡󱜂󳍶󳈩󲵑󲚰󰐺󳎁 	 	󳈩󲵑󱉙󲚷󱻍󱔳 	1,343.06 	2.87 						
8 	󲻾󰐺󳎁 	 	󳈩󲵑󱉙󲚷󱻍󱔳󱉐󱔳󱔳 	1,317.01 	2.81 						
9 	󲻾󰑫󲵑󰐺󳎁󲩔 	 	󳈩󲵑󱉙󲚷󱻍󱔳󱔳󱿠 	1,170.00 	2.50 						
10 	󰌷󰌿󱷒󰐺󳎁󲸮󰐺󳎁 	 	󳈩󲵑󱉙󲚷󱻍󱔳󱔳󱉐󱔳 	815.25 	1.74 						
 	󲣒 	 	 	20,477.13 	43.69 						
1 	󰑫󰗡󰌷󰐺󳎁󰑫󰗡(󰮇)󰐺󳎁 	 	󳈩󲵑󱉙󲚷󱻍󱔳󱔳󱿠 	3,951.12 	9.16 						
2 	󳗿󱉙󲲗󰐺󳎁󳗿󰦮󲲗󳈩󲵑󰐺󳎁󳗿󰩬󲲥󱈗󰐺󳎁󳗿󲵋󱉙󳈩󲵑󰐺󳎁󳗿󰦮󲲗󰐺󳎁󲵋󱉙󳈩󳉬󳗿()󰑫󳐸󰐺󳎁󳗿󰑝󱉡󰦮󲲗󰐺󳎁󳗿󱧯󳈩󲵑󰐺󳎁 	 	󳈩󲵑󱉙󲚷󱻍󱔳󱔳󱉐󱔳󱔳󱿠 	3,913.22 	9.08 						
3 	󲸮󲼂󳖧󱧯󳈩󲵑󰐺󳎁 	 	󳈩󲵑󱉙󲚷󱻍󱔳 	2,753.60 	6.39 						
4 	󱉡(󰌷)󰐺󳎁 	 	󳈩󲵑󱉙󲚷󱻍󱔳 	2,099.93 	4.87 						
5 	󲻾󱜗󳈩󲵑󰐺󳎁 	 	󳈩󲵑󱉙󲚷󱻍󱔳 	1,936.30 	4.49 						
6 	󲻾󰑫󲵑󰐺󳎁󲩔 	 	󳈩󲵑󱉙󲚷󱻍󱔳󱔳󱿠 	1,801.66 	4.18 						
7 	󲻾󰋡󱯓󰌈󱱩󱐇󲵑󰐺󳎁 	 	󳈩󲵑󱉙󲚷󱻍󱔳 	1,567.51 	3.64 						
8 	󰋡󱜂󳍶󳈩󲵑󲚰󰐺󳎁 	 	󳈩󲵑󱉙󲚷󱻍󱔳 	1,227.80 	2.85 						
9 	󰌑󳉒󰸙󳎷󱧯󰑫󰗡󰐺󳎁 	 	󳈩󲵑󱉙󲚷󱻍󱔳 	879.90 	2.04 						
10 	󲻾󰐺󳎁 	 	󳈩󲵑󱉙󲚷󱻍󱔳󱉐󱔳󱔳 	872.48 	2.02 						
 	󲣒 	 	 	21,003.53 	48.72 						
1 	󰑫󰗡󰌷󰐺󳎁󰑫󰗡(󰮇)󰐺󳎁 	 	󳈩󲵑󱉙󲚷󱻍󱔳󱔳󱿠 	5,283.58 	11.22 						
2 	󳗿󱉙󲲗󰐺󳎁󳗿󰦮󲲗󳈩󲵑󰐺󳎁󳗿󰩬󲲥󱈗󰐺󳎁󳗿󲵋󱉙󳈩󲵑󰐺󳎁󳗿󰦮󲲗󰐺󳎁󲵋󱉙󳈩󳉬󳗿()󰑫󳐸󰐺󳎁󳗿󰑝󱉡󰦮󲲗󰐺󳎁󳗿󱧯󳈩󲵑󰐺󳎁 	 	󳈩󲵑󱉙󲚷󱻍󱔳󱔳󱉐󱔳 	3,452.09 	7.33 						
3 	󲸮󲼂󳖧󱧯󳈩󲵑󰐺󳎁󲸮󲼂󳖧󲲟󲲥󳈩󲵑󰐺󳎁󲩔 	 	󳈩󲵑󱉙󲚷󱻍󱔳 	2,974.86 	6.32 						
4 	󱉡(󰌷)󰐺󳎁 	 	󳈩󲵑󱉙󲚷󱻍󱔳 	2,686.79 	5.70 						
5 	󲻾󱜗󳈩󲵑󰐺󳎁 	 	󳈩󲵑󱉙󲚷󱻍󱔳 	2,227.79 	4.73 						
6 	󲻾󰋡󱯓󰌈󱱩󱐇󲵑󰐺󳎁 	 	󳈩󲵑󱉙󲚷󱻍󱔳 	1,788.03 	3.80 						
7 	󲻾󰑫󲵑󰐺󳎁󲩔 	 	󳈩󲵑󱉙󲚷󱻍󱔳󱔳󱿠 	1,604.58 	3.41 						
8 	󰋡󱜂󳍶󳈩󲵑󲚰󰐺󳎁 	 	󳈩󲵑󱉙󲚷󱻍󱔳 	892.83 	1.90 						
9 	󲸮󲚰󲄢󲸙󰐺󳎁 	 	󳈩󲵑󱉙󲚷󱻍󱔳 	872.30 	1.85 						
10 	󰌷󰌿󱷒󰐺󳎁󲸮󰐺󳎁 	 	󳈩󲵑󱉙󲚷󱻍󱔳󱉐󱔳 	806.37 	1.71 						
 	󲣒 	 	 	22,589.20 	47.96 						
											
2015 											
2014 											
											
 	󱜡 	󱜡 	󱟼󰌧󳌥 	󰨙󲩵󰑝() 	󰨙 	󱰀󲅖󲀴 					
1 	󳗿󱉙󲲗󰐺󳎁 	󳗿󱉙󲲗󰐺󳎁 	2013  01 󰐹16 󰌖 	920,000.00 	󰮇󱐲 	󱕅󲣯󲣒󲵑󲻸󲩞󳈱󱨬󱉙󲲗󰀝󲻾󲲗󱐉󲲗󱐉󱉙󲲗󱜼󲲗󲲷󰋡󱸮󰯁󲲗󰑫󲵐󱣢󳐧󲸙󰑫󰗡󳈩󳉬󱦺󰑜󲼂󰑫󱉦󲣯󰝒󲩵󱰀󲅖󳖪󱐟󰐺󱎵󱜼󱢂󳖪󱐟󰋮󱯵󱯸󱣒󱄷󲩵󱰀󲅖󳖪󱐟󰐺󱎵󰑠󲤓󰑠󰐾󰐾󰾚󰩲󰐾󱰥󰐾󱡺󲩵󱰀󲅖󳖪󱐟󰐺󱎵󰎟󲵋󲩘󲴁󲩘󰾚󱉙󲴁󲳄󳏷󲗶󱣢󲩵󱜐󲩲󱉙󲲗󰐺󱎵󲴌󱉙󲲗󰐾󲩩󰍄󰌘󲲗󱲟󰂓󰫗󰰂󰧪󱰀󲅖󱰥󰒁󰋊󳈱󲲗󱉙󱰀󲅖.(󱰀󲅖󲀴󲣩󱰀󲅖󳖪󱐟󰀺󰨆󲕽󰉰󰨆󲛵󱄷 					
2 	󳗿󰦮󲲗󳈩󲵑󰐺󳎁 	󳗿󰦮󲲗󳈩󲵑󰐺󳎁 	2002  07 󰐹18 󰌖 	500.00 	󰮇󱐲 	󰦮󲲗󳈩󲵑󰤌󰑫󰗡󳗿󱨬󲵐󰖖󳐧󲸙󳈱󱉙󳈩󲵑󲲶󰒁󰋊󱉦󰑫󱄷 					
3 	󳗿󰩬󲲥󱈗󰐺󳎁 	󳗿󰩬󲲥󱈗󰐺󳎁 	1997  12 󰐹24 󰌖 	18,380.57 	󰮇󱐲 	󲣯󲣒󲵑󳈱󰦮󲲗󰩬󰩬󱃠󲲥󱈗󰦮󲲗󲹾󳈱󰦮󲲗󲩘󲴁󱯩󲩙󲗶󱣢󱐃󲵑󰑫󱉦󲣯󲗶󲩘󰾚󲴌󰑠󲴌󰨆󲕽󰉰󰨆󲛵󱚲󰢓󱎵󳖪󱐟󳎕󰨆󲕽󰉰󰨆󲛵󳎁󱎵󳖪󱐟󲣩󰋪󱰀󲅖󰪺󲣩󱰀󲅖󳖪󱐟󱐩󲸙󳌙󲣩󰋪󱰀󲅖 					
4 	󳗿󲵋󱉙󳈩󲵑󰐺󳎁 	󳗿󲵋󱉙󳈩󲵑󰐺󳎁 	2003  03 󰐹19 󰌖 	400.00 	󰮇󱐲 	󰦮󲲗󳐧󲸙󲼂󱰄󰒵󳈩󲵑󲼂󱉦󳎚󳎁󱰀󲅖󱎵󱉙󱉦󰌖󱉙󱎯󲩘󳆹󱯫󱯸󱉙󳈱󰐾󲗶󰅵 					
 	󱜡 	󱜡 	󱟼󰌧󳌥 	󰨙󲩵󰑝() 	󰨙 	󱰀󲅖󲀴 					
5 	󳗿󰦮󲲗󰐺󳎁󲵋󱉙󳈩󳉬 	󳗿󰦮󲲗󰐺󳎁󲵋󱉙󳈩󳉬 	2003  06 󰐹26 󰌖 	 	󰮇󱐲 	󳈩󳉬󰦮󲲗󳐧󲸙󱎵󲵑󳈱󰑝󱰀󲅖󳖪󱐟󰐺󱎵󰾚󰩲󰐾󰐾󰨆󳖬󱰀󱎵󳖪󱐟󱰀󱐩󲸙󳌙󰋪󱰀󲅖󰩬 					
6 	󳗿()󰑫󳐸󰐺󳎁 	󳗿()󰑫󳐸󰐺󳎁 	2002  01 󰐹29 󰌖 	4,000.00 	󰮇󱐲 	󰦮󲲗󳐧󲸙󱉐󳈱󳏷󲗶󱣢󰦮󲲗󳇓󰒁󲼂󰒁󰋊󰐺󳖪󲛵󱎵󳎕󰎟󲵋󰑫󰗡󰋊󳎚󰃘󱰀󲅖󱎵󲖙󱎵󳈱EQ3092FEQ3141G 󱨬󱼛󲲗󰉪󲗶󳎁󳗿󰦮󲲗󱎵󱚏󰽽󱉙󲲗󱉐󳎁󳗿󱉙󲲗󰐺󳎁󲼂󲖙󳒓󱄷󰪳󲗶󱜐󲩲󰪺󲣩󱰀󲅖󳖪󱐟󱐩󲸙󳌙󲣩󰋪󱰀󲅖 					
7 	󳗿󰑝󱉡󰦮󲲗󰐺󳎁 	󳗿󰑝󱉡󰦮󲲗󰐺󳎁 	1993  01 󰐹20 󰌖 	94,800.00(󱲿) 	󰮇󱐲󰢗󰥺 	󲣯󲣒󱕅󲵑󳈱󱉙󲲗(󰀝󲲰󲲗)󳐧󲸙󰄁󱐩󱎵󰐾 HONDA CIVIC HYBRID  HONDA INSIGHT󱢱󱜡󲴌󱉙󲲗󲴌󰊥󲲗󳎕󳛊󰭠󰳤󳌙󰮯󱎵󱰀󳈱󰑝󱉡󲴌󳈱󳐧󲴌󱉙󲲗󳐧󲸙󰀝󰉰󲸙󳌙󳖷󳚷󱶅󰑫󰒵󱜂󱕅󰑫󰒵󳠉󰕒󰾪󰢻󱳕󱡺󱐥󰃖󳈱󲴌󱉙󲲗󰄁󱐩󱎵󰐾󲴡󱰀󲅖󲀴󰐺󳖪󲛵󳐱󱰀󱎵󳖪󱐟󱰀󰐺󰉹󲣩󲣲󰋪󱰀󲅖 					
8 	󳗿󱧯󳈩󲵑󰐺󳎁 	󳗿󱧯󳈩󲵑󰐺󳎁 	2001  05 󰐹16 󰌖 	7,000.00 	󰮇󱐲 	󱧯󳈩󲵑󳐧󲸙󲗶󱎵󲵑󳈱󰑠󲤓󰑠󰐾󲩘󰾚󲴌󰑠󲴌󱜐󲩲󲳄󲣞󰐾󱧯󳈩󲵑󰗱󰩼󳞽󲣲󰐾󰾚󰩲󲴁󲳄󰨆󲕽󰉰󰨆󲛵󱚲󰢓󱎵󳖪󱐟󳎕󰨆󲕽󰉰󰨆󲛵󳎁󱎵󳖪󱐟󲣩󲣲󰋪󱰀󲅖 					
9 	󳗿󱧯󳈩󲵑󰐺󳎁󰮇 	󳗿󱧯󳈩󲵑󰐺󳎁󰮇 	2017  04 󰐹25 󰌖 	 	󰮇󱐲 	󱧯󳈩󲵑󳐧󲸙󲗶󱎵󲵑󳈱󰑠󲤓󰑠󰐾󲩘󰾚󲴌󰑠󲴌󱜐󲩲󲳄󲣞󰐾󱧯󳈩󲵑󰗱󰩼󳞽󲣲󰐾󰾚󰩲󲴁󲳄󰨆󲕽󰉰󰨆󲛵󱚲󰢓󱎵󳖪󱐟󳎕󰪺󲣩󱰀󲅖󳖪󱐟󱐩󲸙󳌙󲣩󰋪󱰀󲅖*** 					
 	󱜡 	󱜡 	󱟼󰌧󳌥 	󰨙󲩵󰑝() 	󰨙 	󱰀󲅖󲀴 					
10 	󳗿󰑝󱉡󰦮󲲗󳐧󲸙󰐺󳎁 	󳗿󰑝󱉡󰦮󲲗󳐧󲸙󰐺󳎁 	1994  12 󰐹23 󰌖 	6,250.00(󱲿) 	󱐲 	󱉐󳈱󲲟󲲥󲵐󳘏󲲟󲲝󱾳󱐉󲲟󰣳󰉠󰓧󰃃󰥅󱣒󱱩󲲟󰣳󰣳󲲗󱐉󳐸󱻳󱡺󰦮󲲗󳐧󲸙󳈩󳉬󰄁󰐾󳈱 					
11 	󳗿󰦮󲲗󱷒󰐺󳎁 	󳗿󰦮󲲗󱷒󰐺󳎁 	1999  07 󰐹21 󰌖 	200,000.00 	󰮇󱐲󲙵󳍤 	󰦮󲲗󲲰󲲗󳎕󰦮󲲗󰑫󳐧󲸙󳈩󱎵󲣯󲣒󱉐󳈱󰑫󰗡󰦮󲲗󱄷󰑠󲤓󰐾󰨆󳖬󱰀󱎵󳖪󱐟󱰀󱐩󲸙󳌙󰋪󱰀󲅖󰩬 					
12 	󰑫󰗡󰌷󰐺󳎁 	󰑫󰗡󰌷󰐺󳎁 	1995  12 󰐹22 󰌖 	3,670.00(󱲿) 	󰦐󲀀󱐲󰌷 	󱦬󰦮󲲗󳐧󲸙󰑫󰗡󲲗󲲷󳐧󲸙󱢂󱉙󲲗󲲷󳐧󲸙󱉙󱉦󳐧󲸙󰦮󲲗󱉙󳈩󳉬󰤌󱐉󱡺󰦮󲲗󳉟󳐧󲸙󰝒󱡺󱐩󱎵󲣯󲣒󲵑󳈱󱼛󰄁󱐩󱎵󰐾󰨆󳖬󱰀󱎵󳖪󱐟󱰀󱐩󲸙󳌙󰋪󱰀󲅖󰩬 					
13 	󰑫󰗡(󰮇)󰐺󳎁 	󰑫󰗡(󰮇)󰐺󳎁 	2010  06 󰐹08 󰌖 	3,729.30(󱲿) 	󰮇󱐲󰕴 	󱦬󰦮󲲗󳐧󲸙󰑫󰗡󲲗󲲷󳐧󲸙󱢂󱉙󲲗󲲷󳐧󲸙󱉙󱉦󳐧󲸙󰦮󲲗󱉙󱧯󳈩󳉬󰤌󱐉󱡺󰦮󲲗󳉟󳐧󲸙󰝒󱡺󱐩󱎵󲣯󲣒󲵑󳈱󰄁󱐩󱎵󰐾 					
14 	󲸮󲼂󳖧󱧯󳈩󲵑󰐺󳎁 	󲸮󲼂󳖧󱧯󳈩󲵑󰐺󳎁 	2011  08 󰐹29 󰌖 	2,400.00 	󱐲󲸮󲷂 	󲣯󲣒󱕅󱉐󳈱󱧯󳇓󳇲󳈩󰦮󲲗󳐧󲸙󰑫󰗡󳐧󲸙󲼂󰑫󱰀󲅖󲩘󰾚󰑠󱎵󲴌󰨆󳖬󱰀󱎵󳖪󱐟󱰀󱐩󲸙󳌙󰋪󱰀󲅖󰩬 					
15 	󲸮󲼂󳖧󲲟󲲥󳈩󲵑󰐺󳎁󲩔 	󲸮󲼂󳖧󲲟󲲥󳈩󲵑󰐺󳎁󲩔 	2000  12 󰐹05 󰌖 	645.00 	󱐲󲸮󲸜󲸮 	󰦮󲲗󳐧󲹾󳈩󲵑󰑠󱧯󰑫󰗡󲹾󰑫󰗡 					
16 	󱉡(󰌷)󰐺󳎁 	󱉡(󰌷)󰐺󳎁 	1994  08 󰐹24 󰌖 	6,184.00󱲿 	󰦐󲀀󱐲󰌷 	󲣯󲣒󱉐󰦮󲲗󱉙󱧯󳈩󰤌󰦮󲲗󰝒󰦮󲲗󳐧󲹾󰑫󲲗󳐧󲹾󳈱󱼛󰄁󱐩󱎵󰐾󰑝󱉐󱦬󱎵󲴌󲲗󲲗󳐧󲹾󳎁󱉐󰨆󳖬󱰀󱎵󳖪󱐟󱰀󱐩󲸙󳌙󰋪󱰀󲅖󰩬 					
17 	󲻾󰋡󱯓󰌈󱱩󱐇󲵑󰐺󳎁 	󲻾󰋡󱯓󰌈󱱩󱐇󲵑󰐺󳎁 	2011  12 󰐹23 󰌖 	4,300.00 	󲻾 	󱉐󳈱󳈩󰦮󲲗󳐧󲸙󰦮󲲗󰑫󱉐󰝒[󱰀󲅖󲀴󰨆󲕽󰉰󰨆󲛵󱚲󰢓󱎵󱰀󲅖󰨆󲕽󰉰󰨆󲛵󲛵󲣩					
 	󱜡 	󱜡 	󱟼󰌧󳌥 	󰨙󲩵󰑝() 	󰨙 	󱰀󲅖󲀴 					
󰋪󱰀󲅖󱎵󰑛󲣩󱰀󲅖] 	󰋪󱰀󲅖󱎵󰑛󲣩󱰀󲅖] 										
󱕅󰦮󲲗󰬨󱨬󱰐󱉐󳈱󲤖󰬨󱨬󱰐󱎵󳐧󲸙󱉐󳈱󰦮󲲗󳐧󲸙󰑠󰐾󰦮󲲗󰊥󲣯󲣒[󲀴󰨆󰨆󲛵󱚲󰢓󱰀󲅖󱎵󱰀󲅖󰨆󰨆󲛵󲛵󱰀󱴽󰑛󲃨󱰀󲅖] 	󱕅󰦮󲲗󰬨󱨬󱰐󱉐󳈱󲤖󰬨󱨬󱰐󱎵󳐧󲸙󱉐󳈱󰦮󲲗󳐧󲸙󰑠󰐾󰦮󲲗󰊥󲣯󲣒[󲀴󰨆󰨆󲛵󱚲󰢓󱰀󲅖󱎵󱰀󲅖󰨆󰨆󲛵󲛵󱰀󱴽󰑛󲃨󱰀󲅖] 										
󱉐󰑫󱱩󱱩󱐇󳈩󳇲󳈱󱼛󰄁󱐩󰐾󱼛󲅖󱄷󱦬󰑠󱎵󲴌󰨆󳖬󱰀󱎵󳖪󱐟󱰀󱐩󲸙󳌙󰋪󱰀󲅖󰩬 	󱉐󰑫󱱩󱱩󱐇󳈩󳇲󳈱󱼛󰄁󱐩󰐾󱼛󲅖󱄷󱦬󰑠󱎵󲴌󰨆󳖬󱰀󱎵󳖪󱐟󱰀󱐩󲸙󳌙󰋪󱰀󲅖󰩬 										
󱉐󰦮󲲗󰑫󰀺󰥂󲸙󱐩󰕩󳖪󱐟󱉐 󱉐󳈱󰦮󲲗󳐧󲸙󱉦󲲗󳐧󲸙󲇵󱉦󰦑󱰀󰩿󰑠󲤓󰐾󰨆󰨆󲛵󱚲󰢓󱎵󱰀󲅖󰨆󰨆󲛵󳎁󱎵󱐩󲣩󰋪󱰀󲅖 	󱉐󰦮󲲗󰑫󰀺󰥂󲸙󱐩󰕩󳖪󱐟󱉐 󱉐󳈱󰦮󲲗󳐧󲸙󱉦󲲗󳐧󲸙󲇵󱉦󰦑󱰀󰩿󰑠󲤓󰐾󰨆󰨆󲛵󱚲󰢓󱎵󱰀󲅖󰨆󰨆󲛵󳎁󱎵󱐩󲣩󰋪󱰀󲅖 										
󰎟󲵋󰑫󰗡󲹾󲼂󱰄󰒵󳘏󰑫󲲗󰉠󰓧󰫒󲲟󰦮󲲗󲹾󰔥󰧪󰑫󲹾󱎵󲵑󱵁󳠉󰭚󲼂󰒁󰋊󱎵󱕅󱉐󱧯󰝒󱎵󲣯󲣒󲵑󳈩󱎵󲵑󱼛󲅖󱄷󱦬󰑠󱎵󲴌󳎁󱰀󲅖󱚲󰢓󲴌󱎵󰑠󳎕󰨆󳖬󱰀󱎵󳖪󱐟󱰀󱐩󲸙󳌙󰋪󱰀󲅖󰩬 	󰎟󲵋󰑫󰗡󲹾󲼂󱰄󰒵󳘏󰑫󲲗󰉠󰓧󰫒󲲟󰦮󲲗󲹾󰔥󰧪󰑫󲹾󱎵󲵑󱵁󳠉󰭚󲼂󰒁󰋊󱎵󱕅󱉐󱧯󰝒󱎵󲣯󲣒󲵑󳈩󱎵󲵑󱼛󲅖󱄷󱦬󰑠󱎵󲴌󳎁󱰀󲅖󱚲󰢓󲴌󱎵󰑠󳎕󰨆󳖬󱰀󱎵󳖪󱐟󱰀󱐩󲸙󳌙󰋪󱰀󲅖󰩬 										
󰑫󳐧󲸙󱎵󱉐󳈱󰦮󲲗󳐧󲸙󱎵󱕅󲤆󲴌󲕽󲣒󲼀󲣞󲣵󰄁󱸮󰯁󳗿󰥥󱉦󰦮󳎁󰄁󱼛󱼛󰐺󲣯󱜐󲩲󰾚󰩲󰐾󳎚󰨆󳖬󱰀󱎵󳖪󱐟󱰀󱐩󲸙󳌙󰋪󱰀󲅖󰩬) 	󰑫󳐧󲸙󱎵󱉐󳈱󰦮󲲗󳐧󲸙󱎵󱕅󲤆󲴌󲕽󲣒󲼀󲣞󲣵󰄁󱸮󰯁󳗿󰥥󱉦󰦮󳎁󰄁󱼛󱼛󰐺󲣯󱜐󲩲󰾚󰩲󰐾󳎚󰨆󳖬󱰀󱎵󳖪󱐟󱰀󱐩󲸙󳌙󰋪󱰀󲅖󰩬) 										
󰔥󰧪󰑫󰑫󱯵󰔥󰧪󱉦󰑫󱯵󰔥󰧪󰑫󱨬󰑫󱯵󳐧󲸙󰦮󲲗󲹾󰑫󲹾󱜂󱕅󳐱󲲶󰒁󰋊󱎵󱉐󱕅󲵑󱯵󲗶󳈱󳎚󳎁󲴎󱚲󱣒󰃘󰦮󲲗	󰔥󰧪󰑫󰑫󱯵󰔥󰧪󱉦󰑫󱯵󰔥󰧪󰑫󱨬󰑫󱯵󳐧󲸙󰦮󲲗󲹾󰑫󲹾󱜂󱕅󳐱󲲶󰒁󰋊󱎵󱉐󱕅󲵑󱯵󲗶󳈱󳎚󳎁󲴎󱚲󱣒󰃘󰦮󲲗										
 	󱜡 	󱜡 	󱟼󰌧󳌥 	󰨙󲩵󰑝() 	󰨙 	󱰀󲅖󲀴 					
󲹾󰑫󲹾󱉦󲹾󲣯󰃘󲣯󰗱󰩼󲣯󲖙󰝒󱐩󰑠󰾪󱛾󰧪󱦬󱰀󲅖󲀴󰪺󳖪󱎵󰀺󲣩󲣲󱰀󲅖󱎵󳈱󰑝󱼛󰔥󰧪󰑫󱨬󰑫󱯵󳐧󲹾󰦮󲲗󲹾󰑫󲹾󲴌󰑝󱉐󱜂󱕅󳐱󲲶󰒁󰋊󱉦󲹾󰃘󲣯󲖙󱐩󰑠󳎁󰉠󰑫󰒵󱰀󲅖󰔥󰧪󰑫󰑫󱯵󰔥󰧪󱉦󰑫󱯵󰔥󰧪󰑫󱨬󰑫󱯵󳐧󲸙󰦮󲲗󲹾󰑫󲹾󱜂󱕅󳐱󲲶󰒁󰋊󱎵󱕅󱞧󲵑󱯵󲗶󳈱󰦮󲲗󳐧󲸙󱎵󰗱󰩼󱐩󰑠󰐾󱜐󲩲󲤓󰐾󰨆󳖬󱰀󱎵󳖪󱐟󱰀󱐩󲸙󳌙󰋪󱰀󲅖󰩬 	󲹾󰑫󲹾󱉦󲹾󲣯󰃘󲣯󰗱󰩼󲣯󲖙󰝒󱐩󰑠󰾪󱛾󰧪󱦬󱰀󲅖󲀴󰪺󳖪󱎵󰀺󲣩󲣲󱰀󲅖󱎵󳈱󰑝󱼛󰔥󰧪󰑫󱨬󰑫󱯵󳐧󲹾󰦮󲲗󲹾󰑫󲹾󲴌󰑝󱉐󱜂󱕅󳐱󲲶󰒁󰋊󱉦󲹾󰃘󲣯󲖙󱐩󰑠󳎁󰉠󰑫󰒵󱰀󲅖󰔥󰧪󰑫󰑫󱯵󰔥󰧪󱉦󰑫󱯵󰔥󰧪󰑫󱨬󰑫󱯵󳐧󲸙󰦮󲲗󲹾󰑫󲹾󱜂󱕅󳐱󲲶󰒁󰋊󱎵󱕅󱞧󲵑󱯵󲗶󳈱󰦮󲲗󳐧󲸙󱎵󰗱󰩼󱐩󰑠󰐾󱜐󲩲󲤓󰐾󰨆󳖬󱰀󱎵󳖪󱐟󱰀󱐩󲸙󳌙󰋪󱰀󲅖󰩬 										
󱉐󳈱󰔥󰧪󰑫󰹧󰑫󲹾󱉦󰑫󱯵󳈱󰦮󲲗󲲰󲲗󲹾󱰀󲅖󱼛󰑠󱎵󱰀󲅖󰑝󱉐󳐱󱎵󲲶󰒁󰋊󲖙󰑫󰗡󲣯󳐧󲹾󰑠󱎵󲴌󳎁󱰀󲅖󱚲󰢓󲴌󱎵󰑠󳎕󱰀󲅖󲴌󰋊󰒖󲖖(󱰀󲅖󲀴󰨆󳐱󱰀󱐩󲸙󳌙󱎵󰊸󱰀󲅖 	󱉐󳈱󰔥󰧪󰑫󰹧󰑫󲹾󱉦󰑫󱯵󳈱󰦮󲲗󲲰󲲗󲹾󱰀󲅖󱼛󰑠󱎵󱰀󲅖󰑝󱉐󳐱󱎵󲲶󰒁󰋊󲖙󰑫󰗡󲣯󳐧󲹾󰑠󱎵󲴌󳎁󱰀󲅖󱚲󰢓󲴌󱎵󰑠󳎕󱰀󲅖󲴌󰋊󰒖󲖖(󱰀󲅖󲀴󰨆󳐱󱰀󱐩󲸙󳌙󱎵󰊸󱰀󲅖 										
󲣯󲣒󲵑󳈱󱛾󰦮󲲗󳐧󲸙󰑫󱨬󱰐󳐧󲸙󱛬󲵐󳐧󲸙󱡺󰦮󲲗󳐧󲹾󰑫󱼛󰐺󱜐󲩲󱼛󰐺󰑫󲣯󱜐󲩲󱣒󱄷󰐾󰑠󰐾󰨆󱚲󰢓󱰀󲅖󱎵󱰀󲅖󰨆󱰀󲣩󱴽󰑛󲃨󲣩󱰀󲅖 	󲣯󲣒󲵑󳈱󱛾󰦮󲲗󳐧󲸙󰑫󱨬󱰐󳐧󲸙󱛬󲵐󳐧󲸙󱡺󰦮󲲗󳐧󲹾󰑫󱼛󰐺󱜐󲩲󱼛󰐺󰑫󲣯󱜐󲩲󱣒󱄷󰐾󰑠󰐾󰨆󱚲󰢓󱰀󲅖󱎵󱰀󲅖󰨆󱰀󲣩󱴽󰑛󲃨󲣩󱰀󲅖 										
󱕅󱉐󳈱󰦮󲲗󰆚󲲗󳐧󲸙󲹾󰑫󱉦󳈱󳇓󰒁󰋊󱰀󲅖󲩘󰾚󲴌󰨆󳖬󱰀󱎵󳖪󱐟󱰀󱐩󲸙󳌙󰋪󱰀󲅖󰩬 	󱕅󱉐󳈱󰦮󲲗󰆚󲲗󳐧󲸙󲹾󰑫󱉦󳈱󳇓󰒁󰋊󱰀󲅖󲩘󰾚󲴌󰨆󳖬󱰀󱎵󳖪󱐟󱰀󱐩󲸙󳌙󰋪󱰀󲅖󰩬 										
											
18 	󲻾󱜗󳈩󲵑󰐺󳎁 	2002  06 󰐹05 󰌖 	12,000.00 	󲻾 							
19 	󰋡󱜂󳍶󳈩󲵑󲚰󰐺󳎁 	1997  09 󰐹02 󰌖 	42,036.20 	󲚰󱐲󲴁 							
20 	󲻾󰐺󳎁 	2009  04 󰐹07 󰌖 	35,000.00 	󲻾 							
21 	󰌑󳉒󰸙󳎷󱧯󰑫󰗡󰐺󳎁 	2002  09 󰐹17 󰌖 	9,000.00 	󰦐󲀀󱐲󰌑󳉒 							
22 	󲻾󰦮󳏷󰩿󰐺󳎁 	2006  04 󰐹27 󰌖 	671,308.00 	󱐲󰩿 							
23 	󰌷󰌿󱷒󰐺󳎁 	1999  03 󰐹08 󰌖 	87,876.86 	󱐲󰌷󰌿 							
											
24 	󲸮󰐺󳎁 	2001  07 󰐹06 󰌖 	28,814.71 	󱐲󲸮 							
25 	󲻾󰑫󲵑󰐺󳎁󲩔 	1996  05 󰐹09 󰌖 	22,000.00 	󲻾 							
26 	󲸮󲚰󲄢󲸙󰐺󳎁 	2009  05 󰐹22 󰌖 	1,500.00 	󱐲󲸮 							
											
 	 	󱜡 	󰍠󱶅󰋪 	󳈱󲚲󱦬 	󲅖󰉧 	󲤖󱦬󲅖󰉧󱎵󰤅% 					
20171-6󰐹 	1 	󱔤󰧪󱷒󰐺󳎁󰦐󰥺󰧪󱉡󰾚󲩵󱔤󰧪󱷒󰐺󳎁󰧪󰥅 	 	󳎧󱧃󰉠󰇂 	2,740.93 	59.61 					
20171-6󰐹 	2 	󱔤󰧪󳏷󳇬󰃓󱜼󰐺󳎁󱔤󰧪󳏷󳊰󳇬󰃓󱜼󰐺󳎁󰾚󲩵󱔤󰧪󰹧󰥅󱷒󰐺󳎁󲚰󰧪󰥅󱉡󰾚󲩵󱔤󰧪󱣒󱄷 	 	󱔤󲀢󱔳󰉠󰇂 	1,857.07 	40.39 					
20171-6󰐹 	3 	󲻾󲩙󱔰󱕅󱞧󳎓 	 	󳎧󱧃󰉠󰇂 	0.26 	0.01 					
20171-6󰐹 	 	󲣒 	 	 	4,598.26 	100.00 					
2016 	1 	󱔤󰧪󱷒󰐺󳎁󰦐󰥺󰧪󱉡󰾚󲩵 	 	󳎧󱧃󰉠󰇂 	5,018.96 	66.97 					
2016 	2 	󱔤󰧪󳏷󳇬󰃓󱜼󰐺󳎁󱔤󰧪󱣒󱄷󰾚󲩵󱔤󰧪󱣒󱄷 	 	󱔤󲀢󱔳󰉠󰇂 	2,360.23 	31.49 					
2016 	3 	󲻾󳖦󰥅󰃓󰐺󳎁󲩔 	 	󱔤󲀢󱔳󰉠󰇂 	79.78 	1.06 					
2016 	4 	󲅖󰐺󳎁󲩔 	 	󱔤󲀢󱔳󰉠󰇂 	25.10 	0.33 					
2016 	5 	󰺕󲩙󱜼 	 	󱔤󲀢󱔳󰉠󰇂 	7.18 	0.10 					
2016 	 	󲣒 	 	 	7,491.25 	99.96 					
2015 	1 	󱔤󰧪󱷒󰐺󳎁󰦐󰥺󰧪󱉡󰾚󲩵 	 	󳎧󱧃󰉠󰇂 	2,854.59 	66.89 					
2015 	2 	󱔤󰧪󳏷󳇬󰃓󱜼󰐺󳎁󱔤󰧪󱣒󱄷󰾚󲩵 	 	󱔤󲀢󱔳󰉠󰇂 	1,189.75 	27.88 					
2015 	3 	󰡘󰕭󲩵󰯁󰐺󳎁 	 	󱔤󲀢󱔳󰉠󰇂 	223.32 	5.23 					
2015 	 	󲣒 	 	 	4,267.66 	100.00 					
											
 	󱜡 	󱟼󰌧󳌥 	󰨙󲩵󰑝() 	󰨙 	󱰀󲅖󲀴 						
1 	󱔤󰧪󱷒󰐺󳎁󰦐󰥺󰧪󱉡󰾚󲩵 	2001  03 󰐹21 󰌖 	 	󰮇󱐲󰲍󰦐 	󲼂󳒏󲼂󰒁󰋊󰋊󳎚󰑫󱉦󲣯󲹾󲖙󲼂󱉦󲲬󱯫󱉙󳈱󰐾󳎚󰑠󰐾󲩞󳈱󲩘󰾚󲲝󰌘󰾚󲩵󱄷(󳎚󰾚󳎕)󲣯󱜐󲩲󰾚󲩵󲩙󲼀󰗱󰩼 						
2 	󱔤󰧪󱷒󰐺󳎁󰧪󰥅 	2002  12 󰐹31 󰌖 	 	󰦐󲀀󱐲 	󳏧󰨆󳖬󱰀󱎵󳖪󱐟󱰀󱐩󲸙󳌙󰋪󱰀󲅖󰩬 						
3 	󱔤󰧪󳏷󳇬󰃓󱜼󰐺󳎁 	2008  09 󰐹01 󰌖 	 	󱐲󲸮 	󱔤󰧪󰹧󰥅󱔰󱎵󰃓󲻸󰄁󱜼󰑠󰐾󲤓󱜂󱕅󲤓󰐾󱾫󰑠󱕅󱞧󱉙󱜼󲣯󲣒󰋮󱔤󰧪󱉙󲣯󲵑󲼂󱉙󲣯󰗱󰩼󲣞󱜐󲩲󰐾󳐧󰐾󲴌󱰀󰩿󰑠󳖪󱐟󱲟󲣩󳖪󱐟󱲟󲣩󳖪󱐟󲣩󲣲󰊸󱰀󲅖󰨆󳖬󱰀󱎵󳖪󱐟󱰀󱐩󲸙󳌙󰋪󱰀󲅖󰩬 						
4 	󱔤󰧪󳏷󳊰󳇬󰃓󱜼󰐺󳎁󰾚󲩵 	2008  11 󰐹28 󰌖 	 	󰩖 	󳈱󱔤󰧪󱉙󲣯󰒁󱉙󳎚󰍄󰤃󳎕󰐾󲣯󱜐󲩲󱼛󲅖󱄷󲩘󰾚󲴌󰑠󲴌󱔤󰧪󱨬󱰐󰦮󲲗󲹾󳈱󲲰󲲗󲼂󱢂󰒁󰋊󱸧󳈱󱜼󰑠󰐾󰨆󳖬󱰀󱎵󳖪󱐟󱰀󱐩󲸙󳌙󰋪󱰀󲅖󰩬 						
5 	󱔤󰧪󰹧󰥅󱷒󰐺󳎁󲚰󰧪󰥅󱉡󰾚󲩵 	2017  03 󰐹31 󰌖 	 	󱐲󲸮 	󱰀󲅖󲀴󱰀󲅖󰩬󰾚󲩵󲣯󰒁󰦮󲲗󳐧󲹾󱎵󳈱󳎚󳈱󲼂󰒁󱉦󱉙󱉦󰐾󲗶󰌖󱉙󱎯󲩘󱉙󱎵󳈱󲴌󲴁󲶄󲬠󲴁󲳄󱐩󰐾󲴁󲳄󱄷󰐾󱔤󰧪󰔖󲻸󱔤󰧪󱐩󱜼󱎵󰧪󱣒󱣒󱯰󱣒󲹾󰗱󰩼󱄷󰑠󰐾󰗱󰩼󰑠󰐾						
 	󱜡 	󱟼󰌧󳌥 	󰨙󲩵󰑝() 	󰨙 	󱰀󲅖󲀴 						
󲖙󰗱󰑠󰐾󳌱󳌙󰨆󰗱󰩼󰑠󰐾󱐩󲤓󲣯󱣒󱯰󳍣󱺁󰑠󰐾󰑫󰗡󲣯󱜐󲩲󱼛󰐺󱜐󲩲󰨆󳖬󱰀󱎵󳖪󱐟󱰀󱐩󲸙󳌙󰋪󱰀󲅖󰩬 											
󰐾󳎚󲼂󰒁󲼂󳒏󲼂󱔰󰑫󰗡󲣯󰑫󰗡󲼂󱉦󱉦󱉙󱉦󰦮󲲗󲲰󲲗󰦮󲲗󰆚󲲗󳐧󲹾󰐾󲗶󳒼󰑠󰗱󰩼󰑫󰗡󲣯󱜐󲩲󰦮󲲗󱜐󲩲󱼛󰐺󱜐󲩲󲤓󰐾󲗶󰅝󲴁󲴁󲳄󱄷󰐾󰨆󳖬󱰀󱎵󳖪󱐟󱰀󱐩󲸙󳌙󰋪󱰀󲅖󰩬 											
󲀴󳖦󰥅󱎵󰃓󱉐󳈱󱰀󲅖󲀴󰨆󰨆󲛵󱚲󰢓󱎵󱰀󲅖󰨆󰨆󲛵󳎁󱎵󲣩󰋪󱰀󲅖 											
󱯵󱯸󱔤󰧪󰹧󰥅󳇬󲵸󱔰󲌀󱎵󰃓󱉐󲣯󱰭󱉙󰀺󳏷󲚲󰥳󱯵󱯸󳈱󰧪󰹧󰥅󰧪󱉡󱉐󲣯󳐱󰾚󲩵󲣯󰒁󱎵󳈱󱜐󲩲󰗱󰩼󱰥󱜐󲩲󱰥󱔤󰧪󰹧󰥅󰺕󰥅󰸞󱐁󱎵󰃓󳇬󰑠󱕅󱞧󲤓󲲝󲣚󰐾󲩘󰾚󰑠󲴌󳎁󱰀󲅖󱚲󰢓󲴌󱎵󰑠󳎕󱉦󲣯󰋮󲗶󲤆󱯘󱵽󱸮󲣞󰐾󱵽󱸮󲾥󲩵󲩙󲣲󱰀󲅖󰐾󲣒󱣈󰑫󱲂󱰍󱜼󱉦󱹂󱲂󱰍󲲠󱣒󱄷󲤓󰐾󲩘󰾚󲗶󱾳󱸮󰗱󰩼󲗳󲺩󰒁󰋊󲩙󲼀󰗱󰩼󲩵󲩙󲣲󱰀󲅖󲀴󳎁󰉠󰑫󰒵󱰀󲅖󰪺󱲟󲣩󳐱󱎵󳖪󱐟󰉠󰑫󰒵󲣩󲣲󰊸󰐺󰉹󰑐󱰀󲅖󰥥󲩙󰗱󰩼󰦮󲲗󲩘󰾚󲴁󲳄󱰥󰦮󰧪󰔥󰧪󳐧󰫣󱔤󰧪󰥅󰺕󰷞󳈱󰾪󱛾󰑠󲣞󳙁󳚟󰡽󱽏󰭩󱾫󰭩󰭩󰨤󱉦󲕽󰉯											
 	󱜡 	󱟼󰌧󳌥 	󰨙󲩵󰑝() 	󰨙 	󱰀󲅖󲀴 						
󰍑󱔤󰧪󰽹󲕽󰽹󰾚󱎵󲣯󲣒󱉦󲛷󱉙󱼛󰐺󱯩󱼛󰐺󱉦󲛷󳍣󳐨󲗶󱲟󰗱󰩼󰞒󱸧󳍣󱺁󰒁󰋊󱔤󰧪󱉙󳇬󲻸󲹾󱎵󱕅󲵑󳈱󰞒󳍣󱺁󰭚󰒁󰋊󱸮󰗱󰩼󲇊󲚰󲸙󰹧󰥅󱷒󰐺󳎁󱔤󰧪󰹧󰥅󱣒󲶄󲴁󲅖󱰥󰧪󱉡󱔰󰸞󰾚󰐾󰧪󱉡󱨬󱰐󲣯󱜼󲣯󲣒󰋮󳖵󰥥󱰊󱉦󱉦󰧪󱉡󱨬󱰐󰐾󰓈󱰰󰐾󱔰󱣒󱄷󱰥󰨆󳖬󱰀󱎵󳖪󱐟󱰀󱐩󲸙󳌙󰋪󱰀󲅖󰩬 											
󱕱󲩙󱕅󱞧󲩙󲤴󰔖󱔰󰔖󰋮󲩙󰶯󲣵󰔖󲣯󲣒󰋮󱐂󱄷󱜼󲣯󲣒󰗱󰩼󱔰󰑠󲤓󰐾󱃠󰦒󰔄󰧬󱄷󲣵󱔰󰩼󲤆󰓁󰊥󱄷󱕅󲣯󲣒 											
󱶋󰸠󲺡󱸫󱉐󲗳󳇬󳇬󰋮󰐺󳎁󰑐󳎁󲣩󲣲󳎚󰍄󰤃󳈱󳇬󰨖󰩷󲣯󳈱󲗳󰑠󰐾󲴌󰨆󳖬󱰀󱎵󳖪󱐟󱰀󱐩󲸙󳌙󰋪󱰀󲅖󰩬 											
󰩯󲶔󰋮󲛵󰝒󱰚󱐩󲴳󱎵󱜼󳐱󱎵󲩙󲤴󰔖󱉣󱯘󰫣󱔰󰔖󱉣󱯘󰥅󱔰󰔖󱉣󱯘󱔰󰔖󱉣󱯘󰥥󰊸󲩙󱜼󲩙󱃠󲩙󲤴󰔖󱉣󱯘󱄴󰾚󱄷󰔖󱉣󱯘󲩙󳇬󰃓󱉣󱯘󲩙󰔖󲩵󲩙󲣲󰐺󰉹󰑐󱼤 2019  10 󰐹 12 󰌖󰋮󱜼󲣯󲣒󰎟󲵋󲩘󲴁󳎁󱰀󲅖󲶄󲬠󲴁󲳄󱰀󲅖󲣩󲣲󰐺󰉹󰑐󱼤 2019 06 󰐹 02 󰌖󰥥󰸞󳇬󰃓󳏘󲶄󱜼󰖚󱕱󱜼󲴏󱰞󱜼󲲠󱕱󱄷󱜼󰾪󱛾󳇬󱜼󳞽󰖚󱜼󱢂󱜼󰋮											
 	󱜡 	󱟼󰌧󳌥 	󰨙󲩵󰑝() 	󰨙 	󱰀󲅖󲀴 						
󱔤󰋪󱜼󰋮󱔰󰩼󲼀󰩼󱰉󲩙󱜼󱐂󱄷󲤓󰥥󰥅󰕨󰩼󲤆󲣵󱜼󰑠󱕅󱞧󲣒󱣈󰑫󲲠󱖝󳈱󰃓󲩵󰋊󲣒󱣈󰑫󱄷󲩙󳇬󰃓󱕱󱜼󳍶󰀌󰔸󱜼󰃓󲣯󲖙󰒁󳎚󳎕󰑙󰒁󰑫󱉦󲣯󳒏󲼂󰒁󰋊󰐺󱾣󲼂󱔰󰦮󲲗󲲰󲲗󱎵󳈱󲴌󱉙󲣯󱎵󱕅󱼛󰐺󰑫󰗡󲣯󱜐󲩲󰐾󰾚󱣒󱄷󰐾󱼛󰐺󱜐󲩲󰨆󱼛󲴺󰀚󱰀󲅖󳖪󱐟󱰀󲅖󰩬󰎟󲵋󲩘󲴁󳎁󱰀󲅖󰨆󳖬󱰀󱎵󳖪󱐟󱰀󱐩󲸙󳌙󱎵󱰀󲅖󰩬󰑝󰉰󱢇󱚲󰢓󳎁󱦬󳖪󱐟󱎵󱰀󲅖󰩬 											
󲕽󰥂󱏷󱔤󰧪󱉐󰨆󳖬󱰀󱎵󳖪󱐟󱰀󱐩󲸙󳌙󰋪󱰀󲅖󰩬 											
											
6 	󱔤󰧪󱣒󱄷󰾚󲩵 	1994  04 󰐹23 󰌖 	󰉠󰑫󰒵 	󱐲󲸮 							
7 	󲻾󳖦󰥅󰃓󰐺󳎁󲩔 	2014  11 󰐹26 󰌖 	600,000.00 	󲻾 							
8 	󱔤󰧪󱣒󱄷 	1984  01 󰐹01 󰌖 	1,044,439.00 	󰧤󱐲 							
											
9 	󲻾󲩙󱔰󱕅󱞧󳎓 	1953  05 󰐹26 󰌖 	 	󲻾 							
10 	󲅖󰐺󳎁󲩔 	1999  12 󰐹16 󰌖 	12,000.00 	󱐲󲅖 							
11 	󰺕󲩙󱜼 	1994  01 󰐹15 󰌖 	30,000.00 	 							
											
12 	󰡘󰕭󲩵󰯁󰐺󳎁 	2008  06 󰐹02 󰌖 	()󱰀󲅖󰩬 	󱐲󲸮 							
											
 	 	 	󱜡 	󰍠󱶅󰋪 	󳈱󲚲󱦬 	󲅖󰉧 	󲤖󱦬󲅖󰉧󱎵󰤅% 				
20171-6󰐹 	1 	1 	MRNID IMPORT EXPORT CO.,LTD 	 	󰥥󰔥󰧪󰑫 	1,494.49 	31.02 				
20171-6󰐹 	2 	2 	POLAWAT ENGINE CO.,LTD 	 	󰥥󰔥󰧪󰑫 	753.12 	15.63 				
20171-6󰐹 	3 	3 	󲻾󲼂󳞡󲵋󱉙󰑫󰗡󱷒󰐺󳎁 	 	󳗿󰔥󰧪󰑫 	315.86 	6.56 				
20171-6󰐹 	4 	4 	ASPIRE AIMMACHINERY TRADING CO LTD 	 	󰥥󰔥󰧪󰑫 	287.98 	5.98 				
20171-6󰐹 	5 	5 	󲻾󱲿󱅛󲵑󰐺󳎁 	 	󳗿󰔥󰧪󰑫 	201.55 	4.18 				
20171-6󰐹 	 	 	󲣒 	 	 	3,053.00 	63.37 				
2016 	1 	1 	Lay Meng Srun Import Export Co.,Ltd 	 	󰥥󰔥󰧪󰑫 	2,779.09 	25.46 				
2016 	2 	2 	POLAWAT ENGINE CO.,LTD 	 	󰥥󰔥󰧪󰑫 	1,466.68 	13.44 				
2016 	3 	3 	ASPIRE AIMMACHINERY TRADING CO LTD 	 	󰥥󰔥󰧪󰑫 	689.12 	6.31 				
2016 	4 	4 	󲻾󱲿󱅛󲵑󰐺󳎁 	 	󳗿󰔥󰧪󰑫 	607.54 	5.57 				
2016 	5 	5 	󲻾󱽛󰆚󲲗󲵑󰐺󳎁 	 	󳗿󰔥󰧪󰑫 	558.47 	5.12 				
2016 	 	 	󲣒 	 	 	6,100.90 	55.90 				
2015 	1 	1 	Lay Meng Srun Import Export Co.,Ltd 	 	󰥥󰔥󰧪󰑫 	3,491.68 	27.71 				
2015 	2 	2 	POLAWAT ENGINE CO.,LTD. 	 	󰥥󰔥󰧪󰑫 	1,160.91 	9.21 				
2015 	3 	3 	ASPIRE AIMMACHINERY TRADING CO LTD 	 	󰥥󰔥󰧪󰑫󰀇󰑫 	656.10 	5.21 				
2015 	4 	4 	Lao Fenda Agriculture Machinery Manifacturing Co.,Ltd 	 	󰥥󰔥󰧪󰑫 	561.08 	4.45 				
2015 	5 	5 	󲻾󱴱󲍿󰑫󰗡󰐺󳎁 	 	󳗿󰔥󰧪󰑫 	464.64 	3.69 				
2015 	 	 	󲣒 	 	 	6,334.41 	50.27 				
2014 	1 	1 	S.P.SIAM DIESEL CO.,LTD 	 	󰥥󰔥󰧪󰑫 	5,859.13 	24.42 				
 	 	 	󱜡 	󰍠󱶅󰋪 	󳈱󲚲󱦬 	󲅖󰉧 	󲤖󱦬󲅖󰉧󱎵󰤅% 				
2 	2 	POLAWAT ENGINE CO.,LTD. 	 	󰥥󰔥󰧪󰑫 	2,235.18 	9.31 					
3 	3 	Lao Fenda Agriculture Machinery Manifacturing Co.,Ltd 	 	󰥥󰔥󰧪󰑫 	1,330.37 	5.54 					
4 	4 	󲻾󱴱󲍿󰑫󰗡󰐺󳎁 	 	󳗿󰔥󰧪󰑫 	1,168.99 	4.87 					
5 	5 	ASPIRE AIMMACHINERY TRADING CO LTD 	 	󰥥󰔥󰧪󰑫󰀇󰑫 	919.17 	3.83 					
 	 	󲣒 	 	 	11,512.84 	47.97 					
											
 	󱜡 	󱟼󰌧󳌥 	󰨙󲩵󰑝() 	󰨙 	󱰀󲅖󲀴 						
1 	󲻾󲼂󳞡󲵋󱉙󰑫󰗡󱷒󰐺󳎁 	2015  11󰐹 09 󰌖 	500.00 	󲻾 	󲵑󳈱󱉙󰑫󰗡󲹾󰆚󲲗󲹾󰥥󰨦󲵋󱉙󰑫󱉦󰑫󱯵󲹾󲵋󱉙󰧊󰰚󲲗󲹾󱼛󲕽󲲗󲹾󳒓󰬶󰨲󰑫󰗡󲣯󳐧󲹾󱉦󱃚󲲗󱉐󳈱󰃖󲩘󰾚󲴌󰑠󲴌󰦮󲲗󰆚󲲗󰆚󲲗󰑫󱉙󰑫󰗡󰑠󲤓󰨆󳖬󱰀󱎵󳖪󱐟󱰀󱐩󲸙󳌙󰋪󱰀󲅖󰩬*** 						
2 	󲻾󱲿󱅛󲵑󰐺󳎁 	1995  07󰐹 06 󰌖 	1,000.00 	󲻾 	󲵑󳈱󰆚󲲗󳐧󲸙󰦮󲲗󳐧󲸙󱰀󲅖󲀴󰑫󲼂󰑫󰗡󲹾󱉦󰑫󰑫󰗡󲣯󳐧󲸙󰵽󰮺󰑫󰗡󲣯󳐧󲸙󱵆󰑫󰗡󲣯󳐧󲸙󰉧󰑫󰗡󲣯󳐧󲸙󰓈󰑫󰗡󲣯󳐧󲸙󰑫󱹢󱧃󰑫󰗡󲣯󳐧󲸙󳈒󲁺󰑫󰗡󲣯󳐧󲸙󱗯󱦤󰑫󰗡󲣯󳐧󲸙󲼂󰒁󰋊󲖙󳒓󱄷󳈱󰆚󲲗󲩘󰾚󰑠󲴌󰨆󰨆󲛵󱚲󰢓󱎵󳖪󱐟󳎕󰨆󲕽󰉰󰨆󲛵󳎁󱎵󳖪󱐟󲣩󲣲󰋪󱰀󲅖**󰨆󰨆󲛵󱚲󰢓󱰀󲅖󱎵󱰀󲅖󰨆󰨆󲛵󲛵󱰀󱴽󰑛󲃨󱰀󲅖** 						
3 	󲻾󱽛󰆚󲲗󲵑󰐺󳎁 	2002  07󰐹 03 󰌖 	2,000.00 	󲻾 	󲵑󳈱󰆚󲲗󲹾󲵑󳈱󰧊󰰚󲲗󲹾󳐛󲲗󲹾󱼛󲕽󲲗󲹾󳒓󰬶󰨲󰑫󰗡󲣯󳐧󲹾󱉙󰑫󰗡󲹾󱉦󰑫󱯵󲹾󰥥󰨦󲵋󱉙󰦮󰧪󰑫󲹾󱉦						
 	󱜡 	󱟼󰌧󳌥 	󰨙󲩵󰑝() 	󰨙 	󱰀󲅖󲀴 						
󱃚󲲗󱉐󳈱󰃖󲩘󰾚󲴌󲩘󰾚󰑠󲴌󰦮󲲗󰆚󲲗󰆚󲲗󰑫󱉙󰑫󰗡󰑠󲤓󰎟󲵋󲩘󲴁󳖬󱐩󲕽󰉰󲣩󰋪󱰀󲅖󰨆󳖬󱰀󱎵󳖪󱐟󱰀󱐩󲸙󳌙󰋪󱰀󲅖󰩬 											
󱉐󳈱󰻴󰑫󰀺󳖪󲣩󱎵󲀴󰑐󳎁󱰀󲅖* 󱉐󳈱󰦮󰔥󰧪󱉦󰑫󱯵󰦮󰔥󰧪󰥥󰨦󰑫󱯵󱢂󰑫󰗡󰓈󰑫󰗡󰑫󰗡󰎟󲵋󰑫󰗡󲩘󰾚󲴌󰨆󰨆󲛵󱚲󰢓󱰀󲅖󱎵󱰀󲅖󰨆󰨆󲛵󳎁󱰀󲅖󱎵󲣩󱰀󲅖󲀴󰨆󰨆󲛵󱚲󰢓󱰀󲅖󱎵󱰀󲅖󰨆󰨆󲛵󲛵󱰀󱴽󰑛󲃨󱰀󲅖 											
											
4 	󲻾󱴱󲍿󰑫󰗡󰐺󳎁 	2006  07󰐹 13 󰌖 	3,500.00 	󲻾 							
											
 	󱜡 	/ 	󱟼󰌧󳌥 	󰨙󲩵󰑝() 	󱰀󲅖󲀴 	󱰄󱣈󲩘 					
1 	MRNID IMPORT EXPORT CO.,LTD 	󰔝 	2015  04󰐹 28 󰌖 	2,000.00󱆏 	󳈱󱉙󰑫󰗡󳐧󲹾 	󱲿 					
2 	Lay Meng Srun Import Export Co.,Ltd 	󰔝 	2012  12󰐹 01 󰌖 	40,000.00󱆏 	󲴌󲩩󰍄 	󱲿 					
3 	S.P.SIAM DIESEL CO.,LTD 	󰨡 	2001  6 󰐹29 󰌖 	500.00󰨡󳈓 	󱉦󰑫󰑫󳈱 	󱲿 					
4 	POLAWAT ENGINE CO.,TLD 	󰨡 	2006  7 󰐹17 󰌖 	500󰨡󳈓 	󰑫󲣯󲗶󲹾󰀝󰔥󰧪󰑫󳐯󰵽󰑫󱵆󱵉󰑫󱡺 	󱲿 					
5 	ASPIRE AIMMACHINERY TRADING CO LTD 	󱰶󱉩 	2011  3 󰐹14 󰌖 	100󱰶 	  󰑫 󰗡 󲴌   󳈱󲚲󰀝󰵽󰑫󳈯󳉠󰔥󰧪󰑫󰂆󳦭󲣯󰹧󰥅󰑫󱉙󳐧󰀇󰑫󰑫󰗡󳐧󰀇󰑫󰥥󰨦󱡺 	󱲿 					
6 	Lao Fenda Agriculture 	󱴲󰁎 	2005  8 󰐹24 󰌖 	850,000.00󰎟 	󱉐󳈱󰑫󰗡 	󱲿 					
 	󱜡 	/ 	󱟼󰌧󳌥 	󰨙󲩵󰑝() 	󱰀󲅖󲀴 	󱰄󱣈󲩘 					
Machinery Manifacturing Co.,Ltd 											
											
 	 	󰊡󲼀() 	󰊡󲼀() 	 (/) 	󲼂󳗎() 	󱦬󰍄󰤅󲻾(%)注 					
2017 1-6 󰐹 	󲸙󰍄 	 	 	 	4,197.01 	- 					
2017 1-6 󰐹 	󱔳 	130,402.43 	130,402.43 	133.81 	1,744.95 	56.72 					
2017 1-6 󰐹 	󲚷󱻍󱔳 	881.24 	881.24 	1,879.05 	165.59 	0.41 					
 	 	󰊡󲼀() 	󰊡󲼀() 	 (/) 	󲼂󳗎() 	󱦬󰍄󰤅󲻾(%)注 					
󱉐󱔳 	7,580.97 	7,580.97 	190.83 	144.67 	8.97 						
󲗳󰉠󰇂 	24,643.07 	24,643.07 	477.41 	1,176.48 	37.05 						
󲣯 	-   	-   	-   	795.89 	- 						
󲲶󰋊󱡺 	-   	-   	-   	169.43 	- 						
󲸙󰍄 	 	 	 	5,085.36 	- 						
󱔳 	210,363.46 	210,363.46 	126.44 	2,659.88 	53.94 						
󲚷󱻍󱔳 	3,277.54 	3,277.54 	1,527.82 	500.75 	0.92 						
󱉐󱔳 	3,705.48 	3,705.48 	165.19 	61.21 	2.94 						
󲗳󰉠󰇂 	21,681.50 	21,681.50 	315.41 	683.85 	27.79 						
󲣯 	- 	- 	- 	776.87 	- 						
󲲶󰋊󱡺 	- 	- 	- 	402.80 	- 						
󲸙󰍄 	 	 	 	4,643.19 	- 						
󱔳 	206,057.96 	206,057.96 	120.39 	2,480.80 	67.37 						
󲚷󱻍󱔳 	6,121.99 	6,121.99 	929.88 	569.27 	1.82 						
󱉐󱔳 	3,939.91 	3,939.91 	223.17 	87.93 	4.36 						
󲗳󰉠󰇂 	11,796.00 	11,796.00 	274.33 	323.59 	29.12 						
󲣯 	-   	-   	-   	1,063.91 	- 						
󲲶󰋊󱡺 	- 	- 	- 	117.69 	- 						
󲸙󰍄 	 	 	 	4,359.31 	- 						
󱔳 	208,662.09 	208,662.09 	138.82 	2,896.73 	67.06 						
󲚷󱻍󱔳 	4,669.93 	4,669.93 	625.82 	292.26 	1.24 						
󱉐󱔳 	1,983.93 	1,983.93 	299.47 	59.41 	2.54 						
󲣯 	-   	-   	-   	668.31 	- 						
󲲶󰋊󱡺 	- 	- 	- 	442.60 	- 						
											
2016  											
2015  											
2014  											
											
󰍄 	 󳈱󰋪 	 󳈱󰋪 	 󲩞󰋪 	 󰊡󲼀  	 󲼂󳗎 						
 2017  1-6 󰐹 	 󰌈󳊰󰦐 	 󰌈󳊰󰦐 	 󰣾 	34,069.51 	439.63 						
 2017  1-6 󰐹 	 󰌈󳊰󰦐 	 󰌈󳊰󰦐 	 󰌷󳊰󰦐 	27,914.00 	418.56 						
 2017  1-6 󰐹 	 󰌈󳊰󰦐 	 󰌈󳊰󰦐 	 󳊰󰦐 	14,978.06 	256.33 						
 2017  1-6 󰐹 	 󰌈󳊰󰦐 	 󰌈󳊰󰦐 	 󳊰󰦐 	27,589.33 	241.22 						
 2017  1-6 󰐹 	 󰌈󳊰󰦐 	 󰌈󳊰󰦐 	 󰕴󳊰󰦐 	14,785.48 	174.95 						
 2017  1-6 󰐹 	 󰌈󳊰󰦐 	 󰌈󳊰󰦐 	 󲸮󳊰󰦐 	6,837.86 	126.71 						
 2017  1-6 󰐹 	 󰌈󳊰󰦐 	 󰌈󳊰󰦐 	 󲷂󳊰󰦐 	2,912.09 	20.13 						
 2017  1-6 󰐹 	 󲷂󳊰󰦐 	 󲷂󳊰󰦐 	 󲸮󳊰󰦐 	491.16 	23.51 						
 2017  1-6 󰐹 	 󳊰󰦐 	 󳊰󰦐 	 󰣾 	358.66 	19.68 						
 2017  1-6 󰐹 	 󲸮󳊰󰦐  	 󲸮󳊰󰦐  	 󲷂󳊰󰦐 	280.71 	13.99 						
 2017  1-6 󰐹 	 󲸮󳊰󰦐  	 󲸮󳊰󰦐  	󰣾 	24.00 	1.31 						
󰍄 	 󳈱󰋪 	 󳈱󰋪 	 󲩞󰋪 	 󰊡󲼀  	 󲼂󳗎 						
 󰕴󳊰󰦐 	 󰕴󳊰󰦐 	󰣾 	140.63 	6.03 							
 󳊰󰦐 	 󳊰󰦐 	 󰌷󳊰󰦐 	10.44 	2.45 							
 󰌷󳊰󰦐 	 󰌷󳊰󰦐 	 󳊰󰦐 	10.50 	0.46 							
 󲣒 	 󲣒 	 󲣒 	130,402.43 	1,744.95 							
󰌈󳊰󰦐 	󰌈󳊰󰦐 	󰣾 	69,000.03 	880.83 							
󰌈󳊰󰦐 	󰌈󳊰󰦐 	 󰌷󳊰󰦐 	41,745.00 	587.91 							
󰌈󳊰󰦐 	󰌈󳊰󰦐 	 󳊰󰦐 	23,461.40 	347.46 							
󰌈󳊰󰦐 	󰌈󳊰󰦐 	 󳊰󰦐 	36,464.20 	307.89 							
󰌈󳊰󰦐 	󰌈󳊰󰦐 	 󲸮󳊰󰦐 	13,310.64 	230.93 							
󰌈󳊰󰦐 	󰌈󳊰󰦐 	 󰕴󳊰󰦐 	19,351.17 	227.81 							
󰌈󳊰󰦐 	󰌈󳊰󰦐 	 󲷂󳊰󰦐 	6,680.29 	60.66 							
 󲸮󳊰󰦐 	 󲸮󳊰󰦐 	 󲷂󳊰󰦐 	305.85 	14.64 							
 󰌷󳊰󰦐 	 󰌷󳊰󰦐 	 󳊰󰦐 	44.88 	1.74 							
 󲣒 	 󲣒 	 󲣒 	210,363.46 	2,659.88 							
 󰌈󳊰󰦐 	 󰌈󳊰󰦐 	 󰣾 	69,923.00 	717.67 							
 󰌈󳊰󰦐 	 󰌈󳊰󰦐 	 󰌷󳊰󰦐 	44,380.79 	616.20 							
 󰌈󳊰󰦐 	 󰌈󳊰󰦐 	 󳊰󰦐 	29,387.74 	357.94 							
 󰌈󳊰󰦐 	 󰌈󳊰󰦐 	 󰕴󳊰󰦐 	22,531.34 	246.34 							
 󰌈󳊰󰦐 	 󰌈󳊰󰦐 	 󳊰󰦐 	19,188.68  	193.32  							
 󰌈󳊰󰦐 	 󰌈󳊰󰦐 	 󲸮󳊰󰦐 	10,836.00  	182.60  							
 󰌈󳊰󰦐 	 󰌈󳊰󰦐 	 󲷂󳊰󰦐 	7,975.00  	86.57  							
 󲸮󳊰󰦐 	 󲸮󳊰󰦐 	 󲷂󳊰󰦐 	919.28  	43.69  							
 󰌷󳊰󰦐 	 󰌷󳊰󰦐 	 󳊰󰦐 	722.11  	28.63  							
 󰕴󳊰󰦐 	 󰕴󳊰󰦐 	 󳊰󰦐 	194.02  	7.85  							
 󲣒 	 󲣒 	 󲣒 	206,057.96  	2,480.80  							
 󰌈󳊰󰦐  	 󰌈󳊰󰦐  	󰣾 	95,758.45 	1,262.82 							
 󰌈󳊰󰦐  	 󰌈󳊰󰦐  	 󰌷󳊰󰦐 	50,595.08  	778.34  							
 󰌈󳊰󰦐  	 󰌈󳊰󰦐  	 󳊰󰦐 	25,380.36  	332.60  							
 󰌈󳊰󰦐  	 󰌈󳊰󰦐  	 󲸮󳊰󰦐 	17,380.00  	294.17  							
 󰌈󳊰󰦐  	 󰌈󳊰󰦐  	 󰕴󳊰󰦐 	 19,440.06  	223.45  							
 󲸮󳊰󰦐 	 󲸮󳊰󰦐 	 󰣾 	37.18  	2.36  							
 󰕴󳊰󰦐 	 󰕴󳊰󰦐 	 󳊰󰦐 	43.96  	1.95  							
 󳊰󰦐 	 󳊰󰦐 	 󰕴󳊰󰦐 	27.00  	1.04  							
 󲣒 	 󲣒 	 󲣒 	208,662.09  	2,896.73  							
											
 2016  											
 2015  											
 2014  											
											
󰍄 	󳈱󰋪 	󲩞󰋪 	󰊡󲼀  	󲼂󳗎 							
2017  1-6 󰐹 	󲸮󳊰󰦐 	󰌈󳊰󰦐 	13,717.07 	670.77 							
2017  1-6 󰐹 	󰣾 	󰌈󳊰󰦐 	4,257.00 	210.73 							
2017  1-6 󰐹 	󰕴󳊰󰦐 	󰣾 	5,994.00 	281.77 							
2017  1-6 󰐹 	󰌈󳊰󰦐 	󰣾 	675.00 	13.22 							
2017  1-6 󰐹 	󲣒 	󲣒 	24,643.07 	1,176.48 							
2016  	󰕴󳊰󰦐 	󰣾 	5,535.00 	260.19 							
2016  	󰌈󳊰󰦐 	󰣾 	12,642.50 	256.85 							
2016  	󲸮󳊰󰦐 	󰌈󳊰󰦐 	1,924.00 	93.40 							
2016  	󲸮󳊰󰦐 	󰣾 	1,580.00 	73.41 							
2016  	󲣒 	󲣒 	21,681.50 	683.85 							
2015  	󰌈󳊰󰦐 	󰣾 	10,969.00 	294.68 							
2015  	󲸮󳊰󰦐 	󰣾 	827.00 	28.91 							
2015  	󲣒 	󲣒 	11,796.00 	323.59 							
											
󰍄 	󳈱󰋪 	󳈱󰋪 	󲩞󰋪 	󲼂󳗎 							
 2017  1-6 󰐹 	󱦤  	󱦤  	󳊰󰦐 	286.02 							
 2017  1-6 󰐹 	󱦤  	󱦤  	󰣾 	256.36 							
 2017  1-6 󰐹 	󱦤  	󱦤  	󳊰󰦐 	153.84 							
 2017  1-6 󰐹 	󱦤  	󱦤  	󰌷󳊰󰦐 	48.73 							
 2017  1-6 󰐹 	󱦤  	󱦤  	󰌈󳊰󰦐 	35.34 							
 2017  1-6 󰐹 	󰣾 	󰣾 	󱦤 	14.02 							
 2017  1-6 󰐹 	󱦤 	󱦤 	󰕴󳊰󰦐 	1.59 							
 2017  1-6 󰐹 	󲣒 	󲣒 	󲣒 	795.89 							
 2016  	󱦤  	󱦤  	󳊰󰦐 	349.96 							
 2016  	󱦤  	󱦤  	󰣾 	33.62 							
 2016  	󱦤  	󱦤  	󳊰󰦐 	23.10 							
 2016  	󱦤  	󱦤  	󰕴󳊰󰦐 	15.55 							
 2016  	󱦤  	󱦤  	󲸮󳊰󰦐 	3.01 							
 2016  	󱦤  	󱦤  	󰣾 	1.14 							
 2016  	󱦤  	󱦤  	󳊰󰦐 	0.97 							
 2016  	󱦤  	󱦤  	󰌷󳊰󰦐 	0.86 							
 2016  	󰣾 	󰣾 	󲷂󳊰󰦐 	151.34 							
 2016  	󰣾 	󰣾 	󰕴󳊰󰦐 	111.43 							
 2016  	󰣾 	󰣾 	󰌈󳊰󰦐 	40.40 							
 2016  	󰣾 	󰣾 	󱦤 	21.48 							
 2016  	󰣾 	󰣾 	󰌷󳊰󰦐 	15.47 							
 2016  	󰣾 	󰣾 	󳊰󰦐 	4.75 							
 2016  	󰣾 	󰣾 	󳊰󰦐 	3.78 							
󰍄 	󳈱󰋪 	󳈱󰋪 	󲩞󰋪 	󲼂󳗎 							
󲣒 	󲣒 	󲣒 	776.87 								
󰣾 	󰣾 	󳊰󰦐 	812.20 								
󰣾 	󰣾 	󰕴󳊰󰦐 	84.65 								
󰣾 	󰣾 	󲷂󳊰󰦐 	83.71 								
󰣾 	󰣾 	󰌈󳊰󰦐 	68.89 								
󰣾 	󰣾 	󰌷󳊰󰦐 	6.95 								
󰣾 	󰣾 	󳊰󰦐 	6.78 								
󰣾 	󰣾 	󲸮󳊰󰦐 	0.72 								
󲣒 	󲣒 	󲣒 	1,063.91 								
󰣾 	󰣾 	󰌈󳊰󰦐 	270.09 								
󰣾 	󰣾 	󰌷󳊰󰦐 	189.47 								
󰣾 	󰣾 	󰕴󳊰󰦐 	103.00 								
󰣾 	󰣾 	󳊰󰦐 	70.97 								
󰣾 	󰣾 	󱦤 	32.89 								
󰣾 	󰣾 	󲸮󳊰󰦐 	1.90 								
󲣒 	󲣒 	󲣒 	668.31 								
											
 2015  											
 2014  											
											
󰍄 	󳈱󰋪 	󲩞󰋪 	󰊡󲼀 	󲼂󳗎 							
2017  1-6 󰐹 	󰕴󳊰󰦐 	󳊰󰦐 	826.24 	163.01 							
2017  1-6 󰐹 	󰌈󳊰󰦐 	󰣾 	55.00 	2.59 							
2017  1-6 󰐹 	󲣒 	󲣒 	881.24 	165.59 							
2016  	󰕴󳊰󰦐 	󳊰󰦐 	2,266.50 	436.95 							
2016  	󰕴󳊰󰦐 	󰣾 	100.80 	7.23 							
2016  	󰌈󳊰󰦐 	󰣾 	711.64 	33.72 							
2016  	󳊰󰦐 	󰣾 	60.00 	4.01 							
2016  	󰌷󳊰󰦐 	󳊰󰦐 	47.53 	11.95 							
2016  	󲷂󳊰󰦐 	󲸮󳊰󰦐 	50.47 	3.67 							
2016  	󳊰󰦐 	󰕴󳊰󰦐 	40.60 	3.21 							
2016  	󲣒 	󲣒 	3,277.54 	500.75 							
󰍄 	󳈱󰋪 	󲩞󰋪 	󰊡󲼀 	󲼂󳗎 							
2015  	󰕴󳊰󰦐 	󳊰󰦐 	1,102.10 	218.52 							
2015  	󲷂󳊰󰦐 	󲸮󳊰󰦐 	1,509.46 	132.39 							
2015  	󲷂󳊰󰦐 	󰣾 	657.30 	41.01 							
2015  	󲸮󳊰󰦐 	󰣾 	475.90 	29.69 							
2015  	󰌈󳊰󰦐 	󰣾 	1,374.69 	66.13 							
2015  	󰌈󳊰󰦐 	󰌷󳊰󰦐 	60.00 	2.82 							
2015  	󰌈󳊰󰦐 	󳊰󰦐 	55.29 	3.50 							
2015  	󳊰󰦐 	󰌷󳊰󰦐 	190.42 	14.48 							
2015  	󳊰󰦐 	󰌷󳊰󰦐 	17.00 	4.65 							
2015  	󳊰󰦐 	󰕴󳊰󰦐 	635.00 	52.48 							
2015  	󰌷󳊰󰦐 	󰌈󳊰󰦐 	40.28 	3.15 							
2015  	󰌷󳊰󰦐 	󳊰󰦐 	4.55 	0.45 							
2015  	󲣒 	󲣒 	6,121.99 	569.27 							
2014  	󰌈󳊰󰦐 	󳊰󰦐 	2,419.09 	113.41 							
2014  	󰌈󳊰󰦐 	󰣾 	932.45 	79.14 							
2014  	󰣾 	󲸮󳊰󰦐 	1,235.64 	89.74 							
2014  	󰕴󳊰󰦐 	󰌷󳊰󰦐 	68.00 	6.97 							
2014  	󰕴󳊰󰦐 	󳊰󰦐 	12.75 	2.44 							
2014  	󳊰󰦐 	󰌷󳊰󰦐 	2.00 	0.55 							
2014  	 󲣒 	 󲣒 	4,669.93 	292.26 							
											
󳖪󱐟 	2017  1-6 󰐹 	2016  	2015  	2014  							
󱔳 	983.56 	1,006.32 	992.58 	2,350.99 							
󲺋󲻌󰕂󱸳 	4,367.74 	7,293.66 	7,003.63 	9,386.06 							
 󲣒 	7,340.51  	13,411.39  	13,196.73  	16,305.77  							
											
󳖪󱐟 	2017  1-6 󰐹 	2016  	2015  	2014  							
󰑫 	     372.09  	  836.99  	    928.70  	  1,866.91  							
󳘏󲲟󰥥󰔥󰧪󰑫 	     114.44  	  340.51  	    386.15  	    568.26  							
󳘏󲲟󳗿󰔥󰧪󰑫 	      43.35  	   88.32  	    108.49  	    296.60  							
󰐣󲲥 	      46.99  	   89.09  	    121.79  	    471.46  							
󰐣󲲥󱣢󱐇 	      46.87  	  116.66  	    135.28  	    288.75  							
󰧪 	      41.64  	   97.48  	     91.68  	    225.91  							
󰧪󰨦 	      31.83  	   49.68  	     30.68  	    218.54  							
󰥅󱱩󱐇 	      94.32  	  158.15  	    199.46  	    310.37  							
󰥥󱣢 	     170.55  	  336.75  	    381.04  	    678.70  							
 󲣒 	962.08 	2,113.63 	2,383.27 	4,925.50 							
											
󳖪󱐟 	󱦬 	2017  1-6 󰐹 	2016  	2015  	2014  						
󲻸󲩞󲴁󲩪 	󳈩󲵑󱉙󱔳󲗳󰉠󰇂 	5,150.27 	7,208.71 	6,871.92 	6,818.94 						
󲻸󲩞󲴁󲩪 	󰔥󰧪󰑫 	2.56 	4.88 	5.15 	3.07 						
󲻸󲩞󲴁󲩪 	󲣒 	5,152.83 	7,213.58 	6,877.07 	6,822.01 						
󳈱󲴁󲩪 	󳈩󲵑󱉙󱔳󲗳󰉠󰇂 	2,760.35 	3,241.11 	2,473.23 	3,203.10 						
󳈱󲴁󲩪 	󰔥󰧪󰑫 	40.30 	91.16 	142.08 	332.81 						
󳈱󲴁󲩪 	󲣒 	2,800.65 	3,332.27 	2,615.31 	3,535.91 						
 󲣒 	 󲣒 	7,953.48 	10,545.85 	9,492.38 	10,357.92 						
											
󳖪󱐟 	2017  1-6 󰐹 	2017  1-6 󰐹 	2016  	2016  	2015  	2015  	2014  	2014  			
󳖪󱐟 	󰕭 	% 	󰕭 	% 	󰕭 	% 	󰕭 	% 			
󱔳/ 	389.59 	14.99 	338.80 	-9.83 	366.48 	-2.76 	376.90 	-3.33 			
󱉐󱔳/ 	158.58 	-4.94 	  166.82  	-5.64 	176.80 	10.10 	160.58 	-12.23 			
󲺋󲻌󰕂󱸳/ 	8,749.79 	2.80% 	8,511.21 	-1.87 	8,695.58 	-26.63 	11,851.59 	0.47 			
											
󳖪󱐟 	2017  1-6 󰐹 	2017  1-6 󰐹 	2016  	2016  	2015  	2015  	2014  	2014  			
󳖪󱐟 	󰕭 	% 	󰕭 	% 	󰕭 	% 	󰕭 	% 			
󰑫 	170.58 	5.72 	161.35 	-3.20 	166.69 	-1.21 	168.74 	0.36 			
󳘏󲲟󰥥󰔥󰧪󰑫 	135.35 	7.25 	126.20  	-5.83 	134.01 	-10.06 	149.00 	17.63 			
󳘏󲲟󳗿󰔥󰧪󰑫 	47.26 	8.99 	43.36 	-6.25 	46.25 	12.94 	40.95 	-15.88 			
󰐣󲲥 	57.74 	-0.77 	58.19 	-8.58 	63.65 	-0.96 	64.27 	-9.47 			
󰐣󲲥󱣢󱐇 	52.91 	7.45 	49.24 	-1.42 	49.95 	5.56 	47.32 	-9.76 			
󰧪 	43.83 	-9.35 	48.35 	-9.41 	53.37 	11.84 	47.72 	-6.98 			
											
󳖪󱐟 	2017  1-6 󰐹 	2017  1-6 󰐹 	2016  	2016  	2015  	2015  	2014  	2014  			
󳖪󱐟 	󰕭 	% 	󰕭 	% 	󰕭 	% 	󰕭 	% 			
󱉦/ 	0.61 	-6.15  	0.65 	- 	0.65 	-1.52 	0.66 	6.45 			
󰹧󰥅/󱟼󰋪 	2.44 	-0.81  	2.46 	-15.46 	2.91 	4.30 	2.79 	6.90 			
󰥥 / 	3.76 	8.05  	3.48 	-3.87 	3.62 	3.72 	3.49 	6.73 			
											
 	 	󱜡 	󰍠󱶅󰋪 	󲚲󲻸󲩞 	󲻸󲩞󲼂󳗎 	󲤖󱦬󲻸󲩞󳗎󱎵󰤅 					
20171-6󰐹 	1 	󳉗󳎷󰨡󰾚󰩲󰐺󳎁󳉗󳎷󰨡󰐺󳎁 	 	󲴁󲳄 	2,476.32 	11.55 					
20171-6󰐹 	2 	󲷠󲸩󳞝󱐌󰶜󳎧󱈨󰐺󳎁 	 	󳎧󱧃 	1,591.37 	7.43 					
20171-6󰐹 	3 	󰐺󳎁 	 	󲺋󲻌󰕂󱸳 	1,585.14 	7.40 					
20171-6󰐹 	4 	󰌞󰐺󰑫󰒁󰕂󱸳󲵋󰐺󳎁 	 	󲺋󲻌󰕂󱸳 	997.87 	4.66 					
20171-6󰐹 	5 	󰐺󳎁󲩔 	 	󲺋󲻌󰕂󱸳 	986.10 	4.60 					
20171-6󰐹 	 	󲣒 	 	 	7,636.80 	35.64 					
2016 	1 	󰐺󳎁 	 	󲺋󲻌󰕂󱸳 	2,963.33 	9.00 					
2016 	2 	󲷠󲸩󳞝󱐌󰶜󳎧󱈨󰐺󳎁 	 	󳎧󱧃 	2,882.21 	8.75 					
2016 	3 	󰌞󰐺󰑫󰒁󰕂󱸳󲵋󰐺󳎁 	 	󲺋󲻌󰕂󱸳 	1,946.26 	5.91 					
2016 	4 	󳉗󳎷󰨡󰾚󰩲󰐺󳎁 	 	󲴁󲳄 	1,536.77 	4.67 					
2016 	5 	󰐺󳎁󲩔 	 	󲺋󲻌󰕂󱸳 	1,155.64 	3.51 					
2016 	 	󲣒 	 	 	10,484.21 	31.83 					
2015 	1 	󰌞󰐺󰑫󰒁󰕂󱸳󲵋󰐺󳎁 	 	󲺋󲻌󰕂󱸳 	2,149.52 	7.40 					
2015 	2 	󰐺󳎁 	 	󲺋󲻌󰕂󱸳 	2,123.49 	7.31 					
2015 	3 	󲷠󲸩󳞝󱐌󰶜󳎧󱈨󰐺󳎁 	 	󳎧󱧃 	1,748.74 	6.02 					
2015 	4 	󰐺󳎁󲩔 	 	󲺋󲻌󰕂󱸳 	1,514.71 	5.22 					
2015 	5 	󲅖󱰀󰩿󰑠󲘆󰭠󰾚󰩲󰐺󳎁 	 	󲴁󲳄 	877.92 	3.02 					
2015 	 	󲣒 	 	 	8,414.38 	28.98 					
2014 	1 	󰧺󰋡󰒁󰋊󱷒󰐺󳎁 	 	󲺋󲻌󰕂󱸳 	2,655.48 	8.95 					
2014 	2 	󰌞󰐺󰑫󰒁󰕂󱸳󲵋󰐺󳎁 	 	󲺋󲻌󰕂󱸳 	2,404.79 	8.11 					
2014 	3 	󲅖󱰀󰩿󰑠󲘆󰭠󰾚󰩲󰐺󳎁 	 	󲴁󲳄 	1,739.84 	5.87 					
2014 	4 	󰐺󳎁󲩔 	 	󲺋󲻌󰕂󱸳 	1,583.14 	5.34 					
2014 	5 	󳉗󳎷󰨡󰾚󰩲󰐺󳎁 	 	󲴁󲳄 	1,427.74 	4.81 					
2014 	 	󲣒 	 	 	9,810.99 	33.08 					
											
 	󱜡 	󱟼󰌧󳌥 	󰨙󲩵󰑝() 	󰨙 	󱰀󲅖󲀴 						
1 	󰐺󳎁 	2011  08󰐹 19 󰌖 	3,500.00 	󱐲󳎦 	󲺋󲻌󰕂󱸳󲺸󰯧󱕅󱉐󳈱󲩘󰾚󰑠󲴌󰨆󳖬󱰀󱎵󳖪󱐟󱰀󱐩󲸙󳌙󰋪󱰀󲅖󰩬 						
 	󱜡 	󱟼󰌧󳌥 	󰨙󲩵󰑝() 	󰨙 	󱰀󲅖󲀴 						
2 	󲷠󲸩󳞝󱐌󰶜󳎧󱈨󰐺󳎁 	2007  12󰐹 10 󰌖 	3,000.00 	󰧤󱐲󲷠󲸩 	󳎧󱈨󳎧󱧃󰉠󰇂󱧃󱵁󰶜󰒁󰋊󰌑󰑫󳗍󰋊󱎵󱉐󳈱󲩘󰾚󲴌󳎁󱚲󰢓󱎵󳎕 						
3 	󰌞󰐺󰑫󰒁󰕂󱸳󲵋󰐺󳎁 	2006  12󰐹 27 󰌖 	1,760.00󱲿 	󰦐󲀀󱐲󲵋 	󱉐󳈱󲺋󲻌󰕂󱸳󲴡󱦬󰒁󰋊󲣯󱎵󲴌󲼂󱄷󳎕󱐩󲹾󰐾󳎚󱰀󲅖󰀺󳎚󱰀󲅖󲣩󲣲󰕩󱎵󱰀󲅖󰋪󲣩󲀴󰉹󰑐󱰀󲅖󰪺󲅖󲩩󰍄󱣒󱄷󰪺󲹾󳗎󲣩󲣲󱣒󱄷󱎵󰀺󰐺󲛵󱄷󱉤󲤨󰪺󲣩󱰀󲅖󳎕󰨆󳖬󱰀󱎵󳖪󱐟󱰀󱐩󲸙󳌙󰋪󱰀󲅖󰩬 						
4 	󳉗󳎷󰨡󰾚󰩲󰐺󳎁 	2010  11󰐹 11 󰌖 	1,000.00 	󲳮󱐲󳉗 	󲶄󲬠󲩘󰾚󲴁󲳄󲩘󰾚󱉙󲴁󲳄󳏷󲗶󱣢󰥥󲬠󲴁󲳄󱽪󱽧󱄷󲩘󰾚󱄷󳏷󲗶󱣢󱰥󳏷󲗶󱣢󰀭󱣢󰐾󳏷󲗶󱣢󲗶󰅝󲴁󲴁󰾚󰩲󲲶󲣯󱜐󲩲󳍶󲩘󰾚󱄷󲣓󱽢󲲝󳍶󱽪󱽧󱄷󰨆󳖬󱰀󱎵󳖪󱐟󱰀󱐩󲸙󳌙󰋪󱰀󲅖󰩬 						
5 	󳉗󳎷󰨡󰐺󳎁 	2015  04󰐹 15 󰌖 	1,000.00 	󲳮󱐲󳉗 	󲶄󲬠󲩘󰾚󲴁󲳄󲩘󰾚󱉙󲴁󲳄󳏷󲗶󱣢󳍶󱶅󲴁󰥥󲬠󲴁󲳄󱽪󱽧󱄷󲩘󰾚󱄷󳇲󲬠󲴁󲳄󱄷󳏷󲗶󱣢󱰥󱜐󲩲󳏷󲗶󱣢󰀭󱣢󰐾󲗶󰅝󲴁󲴁󰾚󰩲󲲶󰾚󲩵󲣯󱜐󲩲󳍶󲩘󰾚󱄷󲣓󱽢󲲝󳍶󱽪󱽧󱄷󲲗󲲷󱰥󰦮󲲗󲹾󱢂󰒁󰋊󱷖󳈱󰾚󰩲󲤓󰑠󰐾󱧟󳘐󰉧󲩞󳈱󱧟󳘐󲩘󰾚󲴌󰨆󳖬󱰀󱎵󳖪󱐟󱰀󱐩󲸙󳌙󰋪󱰀󲅖󰩬 						
6 	󰐺󳎁󲩔 	2001  10󰐹 10 󰌖 	400.00 	󰮇󱐲 	󲺋󲻌󰕂󱸳󳎚󱉐󳈱 						
7 	󲅖󱰀󰩿󰑠󲘆󰭠󰾚󰩲󰐺󳎁 	2005  09󰐹 06 󰌖 	1,250.00 	󲳮󱐲󲅖 	󲶄󲬠󲩘󰾚󲴁󲳄󰎟󲵋󲩘󲴁󲩘󰾚󱉙󲴁󲳄󳏷󲗶󱣢󱽪󲩘󱄷󱰀󳈱󰒁󳎕󰍄󰻴󰍄󰼷󳎚󰋊󰞒󱸧󱯫󱯸󱔰󱽪󱽧󲹾󱉙󱉦󰑫󰗡󲹾󲼂󰒁󰋊󱉙󰌖󱉙󱎯󲩘󰨆󳖬󱰀󱎵󳖪󱐟󱰀󱐩󲸙󳌙󰋪󱰀󲅖󰩬						
 	󱜡 	󱟼󰌧󳌥 	󰨙󲩵󰑝() 	󰨙 	󱰀󲅖󲀴 						
 	 										
󱉣󲀠󱉣󲻌󰕂󱸳󲺋󲻌󰕂󱸳󰍄󰻴󰯧 󰐺󰉹󰑐󲣩󲣲󰉪󲺋󲻌󰨒󰧜󰒁󰋊󲺋󲻌󰕂󱸳󰍄󰻴󰯧󰾪󱛾󱃠󰥘󰕂󱸳󲷬󱉣󲺋󲻌󱃠󰥘󰕂󱸳󳠉󱸮󰉪󱖝󲩙󱶋󰥙󲺠󰨒󰧜󳍣󰶜󰭚󰉪󲺋󲻌󰨒󰧜󳍣󰶜󰭚󰒰󱶋󰥙󲺠󱖝󰨒󰒰󲼂󳒓󱖝󲩙󱶋󰥙󲺠󱿠󰒰󲼂󳒓󰗺/󱃬󱆴󰗺󱿠󰒰󲼂󳒓󱶋󲀠󰸠󱿠󰒰󰸞󰉪󱶋󲀠󰸠󰨒󰧜󰒰󲲬󱿠󳇓󱢂󱉙󰋊󲴏󰃖󱎵󱉐󳈱󱯫󱯸󱉙󰋊󲲶󰋊󳆹󱯫󱯸󰐾󲗶󰐾󳚡󱉙󰋊󱏟󳒚󳍣󱉙󲗶󰒁󰋊󰋡󰒁󰋊󱉐󰾚󲩙󱔤󰸠󱉙󲣯󳐧󲹾󱎵󲵑󳈱;󱢂󱉙󰭚󰒁󰋊󱨬󱰐󲲶󰒁󱎵󰑠󰐾󰓍󲲝󲣚󲴌󰨆󳖬󱰀󱎵󳖪󱐟󱰀󱐩󲸙󳌙󰋪󱰀󲅖󰩬 	󱉣󲀠󱉣󲻌󰕂󱸳󲺋󲻌󰕂󱸳󰍄󰻴󰯧 󰐺󰉹󰑐󲣩󲣲󰉪󲺋󲻌󰨒󰧜󰒁󰋊󲺋󲻌󰕂󱸳󰍄󰻴󰯧󰾪󱛾󱃠󰥘󰕂󱸳󲷬󱉣󲺋󲻌󱃠󰥘󰕂󱸳󳠉󱸮󰉪󱖝󲩙󱶋󰥙󲺠󰨒󰧜󳍣󰶜󰭚󰉪󲺋󲻌󰨒󰧜󳍣󰶜󰭚󰒰󱶋󰥙󲺠󱖝󰨒󰒰󲼂󳒓󱖝󲩙󱶋󰥙󲺠󱿠󰒰󲼂󳒓󰗺/󱃬󱆴󰗺󱿠󰒰󲼂󳒓󱶋󲀠󰸠󱿠󰒰󰸞󰉪󱶋󲀠󰸠󰨒󰧜󰒰󲲬󱿠󳇓󱢂󱉙󰋊󲴏󰃖󱎵󱉐󳈱󱯫󱯸󱉙󰋊󲲶󰋊󳆹󱯫󱯸󰐾󲗶󰐾󳚡󱉙󰋊󱏟󳒚󳍣󱉙󲗶󰒁󰋊󰋡󰒁󰋊󱉐󰾚󲩙󱔤󰸠󱉙󲣯󳐧󲹾󱎵󲵑󳈱;󱢂󱉙󰭚󰒁󰋊󱨬󱰐󲲶󰒁󱎵󰑠󰐾󰓍󲲝󲣚󲴌󰨆󳖬󱰀󱎵󳖪󱐟󱰀󱐩󲸙󳌙󰋪󱰀󲅖󰩬 										
											
8 	󰧺󰋡󰒁󰋊󱷒󰐺󳎁 	1997  04󰐹 18 󰌖 	23,651.00 	󱐲󰩿 							
											
 	 	 	󱜡 	󰍠󱶅󰋪 	󲚲󲻸󲩞 	󲻸󲩞󲼂󳗎 	󲤖󱦬󲻸󲩞󳗎󱎵󰤅 				
2017	1 	1 	󲻾󲦪󰑫󰗡󰐺󳎁 	 	󰪹󱞫󰥅󰰕󰬶󰧪󱣢	245.97 	6.12 				
 	 	 	󱜡 	󰍠󱶅󰋪 	󲚲󲻸󲩞 	󲻸󲩞󲼂󳗎 	󲤖󱦬󲻸󲩞󳗎󱎵󰤅 				
1-6󰐹 	󱡺 										
1-6󰐹 	󰑫󱡺 	238.29 	5.93 								
1-6󰐹 	󱡺 	200.01 	4.97 								
1-6󰐹 	󰑫󰐣󲲥󱣢󱐇󱡺 	183.20 	4.56 								
1-6󰐹 	󲲥󱡺 	141.31 	3.51 								
1-6󰐹 	 	 	󲣒 	 	 	1,008.78 	25.09 				
2016 	1 	1 	󲻾󱎯󳈩󰐺󳎁 	 	󰑫󰐣󲲥󱣢󱐇󱡺 	572.74 	7.18 				
2016 	2 	2 	󲻾󲦪󰑫󰗡󰐺󳎁 	 	󰪹󱞫󰥅󰰕󰬶󰧪󱣢󱡺 	544.38 	6.82 				
2016 	3 	3 	󲻾󳳊󰑫󰗡󲵑󰐺󳎁 	 	󰑫󱡺 	483.42 	6.06 				
2016 	4 	4 	󰪊󰦐󱐲󰥩󳭰󲴁󰐺󳎁 	 	󱡺 	372.95 	4.67 				
2016 	5 	5 	󲻾󲴍󰔸󰑫󱉦󰐺󳎁 	 	󲲥󱡺 	305.94 	3.83 				
2016 	 	 	󲣒 	 	 	2,279.42 	28.56 				
2015 	1 	1 	󲻾󱎯󳈩󰐺󳎁 	 	󰑫󰐣󲲥󱣢󱐇󱡺 	645.61 	7.32 				
2015 	2 	2 	󲻾󲦪󰑫󰗡󰐺󳎁 	 	󰪹󱞫󰥅󰰕󰬶󰧪󱣢󱡺 	596.38 	6.76 				
2015 	3 	3 	󲻾󳳊󰑫󰗡󲵑󰐺󳎁 	 	󰑫󱡺 	540.17 	6.12 				
2015 	4 	4 	󰪊󰦐󱐲󰥩󳭰󲴁󰐺󳎁 	 	󱡺 	357.02 	4.05 				
2015 	5 	5 	󲸙󰌻󳈩󲵑󰐺󳎁 	 	󱱩󱐇󲖒󲲥󱡺 	304.69 	3.45 				
2015 	 	 	󲣒 	 	 	2,443.87 	27.71 				
2014 	1 	1 	󲻾󱎯󳈩󰐺󳎁 	 	󰑫󰐣󲲥󱣢󱐇󱡺 	1,395.21 	8.52 				
2014 	2 	2 	󲻾󲦪󰑫󰗡󰐺󳎁 	 	󰪹󱞫󰥅󰰕󰬶󰧪󱣢󱡺 	981.08 	5.99 				
2014 	3 	3 	󲻾󳳊󰑫󰗡󲵑󰐺󳎁 	 	󰑫󱡺 	903.78 	5.52 				
2014 	4 	4 	󰪊󰦐󱐲󰥩󳭰󲴁󰐺󳎁 	 	󱡺 	745.65 	4.55 				
2014 	5 	5 	󲸙󰌻󳈩󲵑󰐺󳎁 	 	󱱩󱐇󲖒󲲥󱡺 	699.19 	4.27 				
2014 	 	 	󲣒 	 	 	4,724.91 	28.86 				
											
2 	󲻾󳳊󰑫󰗡󲵑󰐺󳎁 	 									
3 	󰪊󰦐󱐲󰥩󳭰󲴁󰐺󳎁 	 									
4 	󲦛󳈩󰐺󳎁 	 									
5 	󲻾󲴍󰔸󰑫󱉦󰐺󳎁 	 									
											
 	󱜡 	󱟼󰌧󳌥 	󰨙󲩵󰑝 	󰨙 	󱰀󲅖󲀴 						
1 	󲻾󱎯󳈩󰐺󳎁 	1995  12󰐹 11 󰌖 	1,000.00 	󲻾 	󳈩󰑫󰗡󱉐󰆚󲲗󲵋󱉙󰦮󰧪󰑫󱎵󳈎󲼂󱣢󱦬󱐇󱦬󰉠󰓧󱦬󰑫󰗡󲲥󰗓󱦬󰸞󰥥󳈩󰦮󲲗󳈩󱧯󰦮󲲗󰷪󰶜󱯰󰆚󲲗󰷪󰶜󱯰󱎵󲵑󲩘󰾚󲴌󰑠󲴌󱜐󲩲 [󱰀󲅖󲀴󰨆󲕽󰉰󰨆󲛵󱚲󰢓󱎵󱰀󲅖󰨆󲕽󰉰󰨆󲛵󲛵󳖬󱰀󱎵󳖪󱐟󰨆󱰀󲳸󰋪󱰀󲅖] 						
2 	󲻾󲦪󰑫󰗡󰐺󳎁 	2002  12󰐹 13 󰌖 	50.00 	󲻾 	󰑫󰗡󰦮󲲗󲹾󰆚󲲗󲹾󰑫󳈱󲼂󰒁󰋊󱜱󲩦󲼂󱢂󰒁󰋊󳎚󲗶󳚡󰒁󰋊󳎚󰎟󲵋󰑫󰗡󲹾󱉦󰑫󰗡󰒁󰋊󳎚󲼂󱉦󰌖󱉙󱎯󲩘󰦮󲲗󲹾󰆚󲲗󲹾󱿢󱯩󲀴󰨆󰨆󲛵󱚲󰢓󱰀󲅖󱎵󱰀󲅖󰨆󰨆󲛵󲛵󱰀󱴽󰑛󲃨󱰀󲅖 						
3 	󲻾󳳊󰑫󰗡󲵑󰐺󳎁 	2000  08󰐹 09 󰌖 	200.00 	󲻾 	󲵑󳈱󲼂󳈩󰦮󲲗󳐧󲸙󰆚󲲗󳐧󲸙󰝒󳈱󲵋󱉙󲣯󳐧󲸙󲵑󲗶󳇓󳌙󱟈󰎟󲵋󲩘󲴁󰀺󲣩󲣲󰕩󰑐󳎁󱰀󲅖󰨆󳖬󱰀󱎵󳖪󱐟󱰀󱐩󲸙󳌙󰋪󱰀󲅖󰩬 						
4 	󰪊󰦐󱐲󰥩󳭰󲴁󰐺󳎁 	1999  03󰐹 04 󰌖 	1,000.00 	󰪊󰦐󱐲󰥩 	󰊔󰸞󰑫󲹾󰦮󲲗󲹾󰆚󲲗󲹾󰑫󲯜󰒁󰌖󱉙󰋊󰌖󱉙󲼂󲣒󲼀󱉙󱉦󲲙󲶄󲵋󲲗󲲷󲹾󲸙󲗶󳚡󲹾󲲗󲲷󱉦󱉦󰑫󰗡󳐧󲸙󱉦󱣢󰔍󲲗󳇔󲼂󲲗󰑫󰒵󲵑󳈱󰐺󱾣󲼂󲼂󳈱󲣯󲣒󱄷󱶅󱲂LED󰶠󰶠󱣢󰔸󲣷󲵑󳈱󰐾󰨆󳖬󱰀󱎵󳖪󱐟󱰀󱐩󲸙󳌙󰋪󱰀󲅖󰩬 						
5 	󲻾󲴍󰔸󰑫󱉦󰐺󳎁 	2003  03󰐹 14 󰌖 	50.00 	󲻾 	󲣒󱣈󰑫󲲠󱖝󳈱󳈱󲣒󱣈󰑫󲹾󲣒󱣈󰑫󱵈󰒁󰑫󰗡󲹾󲲥󲹾󲼂󳎚󰎟󲵋󰑫󰗡󱉦󰑫󰗡󰒁󰫗󰰂󰧪󰆚󲲗󲹾󰦮󲲗󲹾󲖙󰑫󳍵󲼂󰒁󰋊󱜱󲩦󲼂󲣯						
 	󱜡 	󱟼󰌧󳌥 	󰨙󲩵󰑝 	󰨙 	󱰀󲅖󲀴 						
󱉙󰑫󱉦󲣯󱜐󲩲󰑠󰐾󲀴󰨆󰨆󲛵󱚲󰢓󱰀󲅖󱎵󱰀󲅖󰨆󰨆󲛵󲛵󱰀󱴽󰑛󲃨󱰀󲅖 	󱉙󰑫󱉦󲣯󱜐󲩲󰑠󰐾󲀴󰨆󰨆󲛵󱚲󰢓󱰀󲅖󱎵󱰀󲅖󰨆󰨆󲛵󲛵󱰀󱴽󰑛󲃨󱰀󲅖 										
󰑫󰗡󳐧󲸙󲵑󳈱󱉐󰌘󲼂󰾚󲩵󰉧󲩞󰨆󳖬󱰀󱎵󳖪󱐟󱰀󱐩󲸙󳌙󰋪󱰀󲅖󰩬 	󰑫󰗡󳐧󲸙󲵑󳈱󱉐󰌘󲼂󰾚󲩵󰉧󲩞󰨆󳖬󱰀󱎵󳖪󱐟󱰀󱐩󲸙󳌙󰋪󱰀󲅖󰩬 										
󳈎󳈩󳈩󲵑󰦮󲲗󲲗󱣢󲲗󲲷󲹾󰔥󰧪󰑫󲹾󰝒󲵑󲼂󲼂󰒁󰋊󲼂󳆹󱯫󱯸󰌖󱉙󲼂󳈱󱼛󲅖󱄷󱦬󰑠󱎵󲴌󳎁󱰀󲅖󱚲󰢓󲴌󱎵󰑠󳎕󰨆󳖬󱰀󱎵󳖪󱐟󱰀󱐩󲸙󳌙󰋪󱰀󲅖󰩬 	󳈎󳈩󳈩󲵑󰦮󲲗󲲗󱣢󲲗󲲷󲹾󰔥󰧪󰑫󲹾󰝒󲵑󲼂󲼂󰒁󰋊󲼂󳆹󱯫󱯸󰌖󱉙󲼂󳈱󱼛󲅖󱄷󱦬󰑠󱎵󲴌󳎁󱰀󲅖󱚲󰢓󲴌󱎵󰑠󳎕󰨆󳖬󱰀󱎵󳖪󱐟󱰀󱐩󲸙󳌙󰋪󱰀󲅖󰩬 										
											
6 	󲸙󰌻󳈩󲵑󰐺󳎁 	2007  06󰐹 14 󰌖 	300.00 	󱐲 							
7 	󲦛󳈩󰐺󳎁 	1998  11󰐹 13 󰌖 	3,800.00 	󰦐󲀀󱐲 							
											
 	󱃠󰉠󳖪󱐟 	2017  1-6 󰐹 	2016  	2015  	2014  						
1 	󱃠󲣯󰋮󲣯 	76,388.00 	3,346,323.08 	275,001.56 	1,434,414.61 						
2 	󱃠󲣯󰋮󲴁󲕽󲩪󱉙󲩞󲖼󲩪󱉙󲴁󲕽󰅻󱉦󲩪󱰥󱰥󲩪󱡺 	4,013,005.70 	5,893,114.17 	5,281,233.78 	5,048,055.82 						
3 	󰃃󰦒󲩪󰃃󰦒󰑴󲩞󲩪 	115,319.04 	348,741.24 	139,772.00 	74,492.00 						
4 	󰗱󰩼󱐂󰩼󲩪󱉙󱃠  󱣒 󱄷  󱨬 󲩪󱉙󱃠󲣵󲩪󱉙󱲟󲩪󰬶󲴁󲩪󱃠󲩪󱡺󲩪󱉙 	137,050.19 	325,398.32 	180,072.70 	189,188.68 						
󲣒 	󲣒 	4,341,762.93 	9,913,576.81 	5,876,080.04 	6,746,151.11 						
											
󳖪󱐟 	󰌘󳎁 	 	󱩠󲣒󰌘 	󲩗󳒓 	󰋡󱂸% 						
󱢂󰾚 	10-20  	9,685.01  	2,494.71  	7,190.30  	74.24 						
󰑫󲣯 	5-10  	17,026.87  	6,251.55  	10,775.32  	63.28 						
󲴁󲳄 	4-8  	1,108.70  	638.01  	470.69  	42.45 						
󳖪󱐟 	󰌘󳎁 	 	󱩠󲣒󰌘 	󲩗󳒓 	󰋡󱂸% 						
󲣯 	3-5  	426.40  	296.30  	130.10  	30.51 						
󲣒 	 	28,246.98  	9,680.57 	18,566.41 	65.73 						
											
 	󰑴 	󰑴󲣲󱔲 	󲅮 	󳒓󱜠 	󱉙󲵅 	󰍠 					
1 	󲸮󳊰󰦐 	󲸜󰑴󲣲󱐂󲣲󱡝0248340  	󲸜󱃡󰭠󰽸󲵋󰭠󲬠 259  	4,104.70 	󱉙 	󰌑 					
2 	󰌷󳊰󰦐 	󰌷󰑴󲣲󲈝󰑈󱡝151001080  	󲈝󰑈󰧰󰦐󲶄 	977.43 	󱉙 	󰌑 					
2 	󰌷󳊰󰦐 	󰌷󰑴󲣲󲈝󰑈󱡝151001080  	󲈝󰑈󰧰󰦐󲶄 	893.45 	 	󰌑 					
3 	󳊰󰦐 	󰑴󲣲󱎮󰪛󱡝 10028499  	󱎮󰪛󱎮󰪛󲖈󱎮󰪛󲬠 89  1  3-11-12-1 	1,140.00 	󱉙 	󰌑 					
4 	󳊰󰦐 	󰑴󲣲󱎮󰪛󱡝 10028500  	󱎮󰪛󱎮󰪛󲖈󱎮󰪛󲬠 89  3  1-1 	1,262.70 	󱉙 	󰌑 					
5 	󳊰󰦐 	󰑴󲣲󱎮󰪛󱡝 10028501  	󱎮󰪛󱎮󰪛󲖈󱎮󰪛󲬠 89  4  1-1 	1,636.38 	󱉙 	󰌑 					
6 	󳊰󰦐 	󰑴󲣲󱎮󰪛󱡝 10028502  	󱎮󰪛󱎮󰪛󲖈󱎮󰪛󲬠 89  5  1-1 	1,717.60 	󱉙 	󰌑 					
7 	󳊰󰦐 	󰑴󲣲󱎮󰪛󱡝 10028503  	󱎮󰪛󱎮󰪛󲖈󱎮󰪛󲬠 89  6  1-1 	1,441.15 	󱉙 	󰌑 					
8 	󳊰󰦐 	󰑴󲣲󱎮󰪛󱡝 10028517  	󱎮󰪛󱎮󰪛󲖈󱎮󰪛󲬠 89  2  3-11-12-1 	980.31 	󱉙 	󰌑 					
9 	󰕴󳊰󰦐 	󰕴󰑴󲣲󰤌󱡝 CDJ201104236  	󰕴󰤌󳉸󱜼󲬠3# 	3,623.60 	 	󰌑 					
10 	󰕴󳊰󰦐 	󰕴󰑴󲣲󰤌󱡝 CDJ201104237  	󰕴󰤌󳉸󱜼󲬠4# 	1,164.91 	 	󰌑 					
11 	󰕴󳊰󰦐 	󰕴󰑴󲣲󰤌󱡝 CDJ201104238  	󰕴󰤌󳉸󱜼󲬠2# 	2,323.20 	 	󰌑 					
12 	󰕴󳊰󰦐 	󰕴󰑴󲣲󰤌󱡝 CDJ201104239  	󰕴󰤌󳉸󱜼󲬠1# 	1,702.80 	󰚭 	󰌑 					
13 	󳊰󰦐 	󰑴󲣲󲼂󱡝018459  	󲼂󳌙󲬠 17  	17,223.35 	󲲗󳌥 	󰌑 					
											
 	󰑴 	󱉙󲵅 	󲅮 								
1 	󰣾 	 	󱗋󲉒󱯵 A  A06-1/03  								
2 	󰌈󳊰󰦐 	 	󱜂󰌈󱉉󰌈󳉸󱉉󲼂󱯰 								
3 	󳊰󰦐 	 	󳠉󰐹󰦐󳉸󱔤󰖖󰽸 								
 	󰑴 	󱉙󲵅 	󲅮 								
4 	󲸮󳊰󰦐󰑐 	 	󲸮󱃡󰭠󰽸 								
5 	󰌷󳊰󰦐 	 	󰌷󳊰󰦐 								
6 	󰕴󳊰󰦐 	 	󰕴󳊰󰦐 								
7 	󳊰󰦐 	 	󱉙2015󱡝 5134 󲣯 								
											
 	󱉐󱰀󲅖󲣯󱜡 	󰊡󲼀 	 󲣯 	 󲣯 	 󰋡󱂸% 	 					
1 	󰈗󰩈󱔳󱉐󱯰 1# 	1 	307.03 	189.12 	61.60 	󰌈󳊰󰦐 					
2 	󰈗󰩈󱔳󱉐󱯰 2# 	1 	231.53 	124.21 	53.65 	󰌈󳊰󰦐 					
3 	󲚷󱻍󱔳󱉐󱯰 1#2# 	2 	243.46 	126.37 	51.91 	󰌈󳊰󰦐 					
4 	󰸉󱔳󱉐󱯰 1#2# 	2 	207.42 	104.71 	50.48 	󰌈󳊰󰦐 					
5 	󰸉󱔳󱉐󱯰 3# 	1 	127.42 	102.33 	80.31 	󰌈󳊰󰦐 					
6 	󰹊󰸘󱔳󱉐󱯰 1#2# 	2 	272.69 	221.65 	81.28 	󰌈󳊰󰦐 					
7 	󰹊󰸘󱔳󱉐󱯰 3# 	1 	328.85 	254.18 	77.29 	󰌈󳊰󰦐 					
8 	󰹊󰸘󱔳󱉐󱯰 4# 	1 	216.51 	216.51 	100.00 	󰌈󳊰󰦐 					
9 	󰉠󰇂󱉐󱯰 1#2# 	2 	382.32 	293.31 	76.72 	󰌈󳊰󰦐 					
10 	󲚷󱻍󱔳󱉐󱯰 1#2# 	2 	403.41 	312.14 	77.38 	󰌷󳊰󰦐 					
11 	󲚷󱻍󱔳󱉐󱯰 3#-5# 	3 	207.96 	43.91 	21.11 	󰌷󳊰󰦐 					
12 	󱉐󱔳󱉐󱯰 1#2# 	2 	408.62 	125.78 	30.78 	󰌷󳊰󰦐 					
13 	󰋊󱨬󱰐 	1 	135.25 	90.62 	67.00 	󰌷󳊰󰦐 					
14 	󱉐󱔳󱉐󱯰 	1 	151.91 	30.09 	19.81 	󳊰󰦐 					
15 	󰲟󰝒󱉐󱔳󱉐󱯰 	1 	194.51 	194.51 	100.00 	󳊰󰦐 					
16 	󲚷󱻍󱔳󱉐󱯰 1# 	1 	83.01 	4.15 	5.00 	󳊰󰦐 					
17 	󲚷󱻍󱔳󱉐󱯰 2# 	1 	55.22 	2.78 	5.03 	󳊰󰦐 					
18 	󲚷󱻍󱔳󱉐󱯰 3# 	1 	128.52 	104.15 	81.04 	󳊰󰦐 					
19 	󲚷󱻍󱔳󱉐󱯰 1# 	1 	196.72 	145.10 	73.76 	󰕴󳊰󰦐 					
20 	󲚷󱻍󱔳󱉐󱯰 2# 	1 	111.90 	78.41 	70.07 	󰕴󳊰󰦐 					
21 	󲚷󱻍󱔳󱉐󱯰 3# 	1 	140.92 	132.01 	93.68 	󰕴󳊰󰦐 					
22 	󱉐󱔳󱉐󱯰 	1 	596.40 	463.64 	77.74 	󰕴󳊰󰦐 					
23 	󱉐󱔳󱉐󱯰 	1 	294.73 	167.72 	56.91 	󳊰󰦐 					
24 	󲚷󱻍󱔳󱉐󱯰 1# 	1 	68.44 	12.96 	18.94 	󲸮󳊰󰦐 					
25 	󲚷󱻍󱔳󱉐󱯰 2# 	1 	68.44 	18.29 	26.72 	󲸮󳊰󰦐 					
26 	󲚷󱻍󱔳󱉐󱯰 3# 	1 	151.34 	63.09 	41.69 	󲸮󳊰󰦐 					
27 	󱉐󱔳󱉐󱯰 1# 	1 	532.74 	246.95 	46.35 	󲸮󳊰󰦐 					
28 	󱉐󱔳󱉐󱯰 1# 	1 	290.03 	81.96 	28.26 	󰣾 					
29 	󱉐󱔳󱉐󱯰 2# 	1 	231.76 	74.84 	32.29 	󰣾 					
30 	󱉐󱔳󱉐󱯰 3# 	1 	343.80 	142.84 	41.55 	󰣾 					
31 	󱉐󱔳󱉐󱯰 4# 	1 	285.54 	135.92 	47.60 	󰣾 					
32 	󱉐󱔳󱉐󱯰 5# 	1 	285.54 	135.92 	47.60 	󰣾 					
 	󱉐󱰀󲅖󲣯󱜡 	󰊡󲼀 	 󲣯 	 󲣯 	 󰋡󱂸% 	 					
33 	󱉐󱔳󱉐󱯰 6# 	1 	298.64 	167.89 	56.22 	󰣾 					
34 	󱉐󱔳󱉐󱯰 7# 	1 	650.33 	557.85 	85.78 	󰣾 					
35 	󱉐󱔳󱉐󱯰 8# 	1 	110.97 	100.66 	90.71 	󰣾 					
36 	󲚷󱻍󱔳󱉐󱯰 1# 	1 	125.41 	36.80 	29.34 	󰣾 					
37 	󲚷󱻍󱔳󱉐󱯰 2# 	1 	81.06 	26.34 	32.49 	󰣾 					
38 	󲚷󱻍󱔳󱉐󱯰 3# 	1 	64.59 	51.32 	79.46 	󰣾 					
39 	󲚷󱻍󱔳󱉐󱯰 4# 	1 	117.40 	58.73 	50.03 	󰣾 					
40 	󲚷󱻍󱔳󱉐󱯰 5# 	1 	134.54 	55.02 	40.89 	󰣾 					
41 	󱔤󲀢󱔳󳗿󲴲󱨬󱰐 	1 	175.92 	107.82 	61.29 	󰣾 					
42 	󱉐󱔳󱉐󱯰 	1 	425.28 	348.85 	82.03 	󳊰󰦐 					
43 	󳠉󱕶󳈩󳈎󱔳󱉐󱯰 	1 	675.91 	675.91 	100.00 	󳊰󰦐 					
44 	󰲟󰝒󱉐󱔳󱉐󱯰 	1 	515.93 	421.86 	81.77 	󳊰󰦐 					
45 	󲚷󱻍󱔳󱉐󱯰 1# 	1 	194.91 	160.03 	82.10 	󳊰󰦐 					
46 	󲚷󱻍󱔳󱉐󱯰 2# 	1 	172.71 	141.13 	81.72 	󳊰󰦐 					
47 	󲚷󱻍󱔳󱉐󱯰 3# 	1 	152.33 	152.33 	100.00 	󳊰󰦐 					
48 	󲚷󱻍󱔳󱉐󱯰 1# 	1 	262.99 	205.80 	78.25 	󲷂󳊰󰦐 					
49 	󲚷󱻍󱔳󱉐󱯰 2# 	1 	214.86 	169.35 	78.82 	󲷂󳊰󰦐 					
50 	󱉐󱔳󱉐󱯰 	1 	412.05 	324.49 	78.75 	󲷂󳊰󰦐 					
 	󲣒 	 	12,469.77 	8,202.34 	65.78 	 					
											
󰌑󲩵󳖪󱐟 	󲩗󳒓 	󲩗󳒓 									
󱉙󰑴 	4,026.10 	3,573.94 									
󲻸󱔰󰑴 	60.00 	44.60 									
󰔸󰑴󰑴󲲠 	38.22 	8.22 									
󲣒 	4,124.32 	3,626.76 									
											
 	󱉙󰑴 	󰑴󲣲󱱇 	󱲟 	󳒓󱜠 	󱯹󰢓󰑐󳎁 	󰋪 	󱉙󲵅 	󰍠 			
1 	󰣾 	107D 󲣲2013 󱡝00311  	󱗋󲉒󱯵 A A06-1/03  	 28,643  	2061.03.31 	󲣚 	 	󰌑 			
 	󱉙󰑴 	󰑴󲣲󱱇 	󱲟 	󳒓󱜠 	󱯹󰢓󰑐󳎁 	󰋪 	󱉙󲵅 	󰍠 			
2 	󲸮󳊰󰦐 	󲸜󱉙2007󱡝 183  	󲸜󱃡󰭠󰽸 	 13,178  	2057.06.21 	󲣚 	 	󰌑 			
3 	󰌷󳊰󰦐 	󰌷󱉙2009󱡝12009109052 	󰌷󲈝󰑈󰮇󲬠󲶄 	 15,220  	2054.01.16 	󲣚 	 	󰌑 			
4 	󳊰󰦐 	󱉙2009󱡝0003059  	󱎮󰪛󲬠 89  	 21,105  	2058.08.30 	󲣚 	 	󰌑 			
5 	󰕴󳊰󰦐 	󱉙2012󱡝 2209  	󰕴󰤌󳉸󱜼󲬠 	 33,024  	2061.12.27 	󲣚 	 	󰌑 			
6 	󰌈󳊰󰦐 	󱉙2013󱡝 15256  	󱉉󰌈󳉸󱉉󲼂󱯰 7 󲻽 	 32,992  	2063.01.16 	󲣚 	 	󰌑 			
7 	󳊰󰦐 	󱉙 2015 󱡝5143  	󲼂󱃠󲬠 17  	31,717 	2065.03.25 	󲣚 	 	󰌑 			
8 	󰕴󳊰󰦐 	󱉙2016󱡝 1682  	󰕴󰤌󳉸󰖖󰒂 	20,775 	2065.04.08 	󲣚 	 	󰌑 			
9 	󲂔󰨡 	󲸳2017󰑴󱡝 0024259  	󲀶󱣞󱎮󰪛󱰀󰩿󱚏󳮡 	65,095 	2065.08.07 	󲣚 	 	󰌑 			
10 	󳊰󰦐 	󲀀 2017󲼂󰑴󱡝 0019451  	󲼂󳉸󳌙󲬠󲁷󰧤󲚰 	42,747 	2067.9.07 	󲣚 	 	󰌑 			
											
 	󰨙󰔸 	󰨙 	󱦬 	󰐺󰉹󰑐󳎁 	󰐺󰑴 						
1 	 	󱡝 5205471  	󱡝 1 󱦬 	2009.07.21-2019.07.20 	󳊰󰦐󰒁󰋊 						
2 	 	󱡝 4657559  	󱡝 1 󱦬 	2008.09.21-2018.09.20 	󳊰󰦐󰒁󰋊 						
3 	 	󱡝 14104808  	󱡝 1 󱦬 	2015.04.14-2025.04.13 	󳊰󰦐󰒁󰋊 						
4 	 	󱡝 12975417  	󱡝 1 󱦬 	2016.03.07-2026.03.06 	󳊰󰦐󰒁󰋊 						
5 	 	󱡝 18073460  	󱡝 1 󱦬 	2016.11.21-2026.11.20 	󳊰󰦐󰒁󰋊 						
6 	 	󱡝 18073634  	󱡝 1 󱦬 	2016.11.21-2026.11.20 	󳊰󰦐󰒁󰋊 						
7 	 	󱡝 18087151  	󱡝 1 󱦬 	2016.11.21-2026.11.20 	󳊰󰦐󰒁󰋊 						
8 	 	󱡝 18087190  	󱡝 1 󱦬 	2016.11.21-2026.11.20 	󳊰󰦐󰒁󰋊 						
9 	 	󱡝 18073867  	󱡝 1 󱦬 	2016.11.28-2026.11.27 	󳊰󰦐󰒁󰋊 						
10 	 	󱡝 18086966  	󱡝 1 󱦬 	2016.11.28-2026.11.27 	󳊰󰦐󰒁󰋊 						
11 	 	󱡝 18087134  	󱡝 1 󱦬 	2016.11.28-2026.11.27 	󳊰󰦐󰒁󰋊 						
12 	 	󱡝 18087656  	󱡝 1 󱦬 	2016.11.28-2026.11.27 	󳊰󰦐󰒁󰋊 						
13 	 	󱡝 14104838  	󱡝 42 󱦬 	2015.04.14-2025.04.13 	󳊰󰦐󰒁󰋊 						
14 	 	󱡝 14104823  	󱡝 7 󱦬 	2015.04.14-2025.04.13 	󳊰󰦐󰒁󰋊 						
											
 	󰑴 	󱜡 	 	󱦬 	󰑴󰑐󳎁 						
1 	󰣾 	󱕶󲺩󱐁󰌑󰑫󱧉󱰄󱔳󱿠󰑫 	201220427205.4 	󱉙󰋡 	2012.08.27-2022.08.26 						
2 	󰣾 	󱛾󲴷󰩲󰸞󰂓󰣦󳈩󲵑󱔳󰹊󰸘󰶺 	201110020516.9 	󰌿 	2011.01.18-2031.01.17 						
3 	󰣾 	󱛾󰸞󰨆󱉐󰹊󰸘󰶺󱎵󲹾󰥅󱰄󰒵 	201220516801.X 	󱉙󰋡 	2012.10.10-2022.10.09 						
4 	󰣾 	󱛾󰕂󱸳󲚷󱻍󱔳󱿠󲳸󱜼󰥅󱎵󰗱󰩼󲗶󱲟 	201220427306.1 	󱉙󰋡 	2012.08.27-2022.08.26 						
5 	󰣾 	󱛾󱉙󰕂󱸳󲚷󱻍󱔳󱎵󱃠󰥥󲳸󰰕󲗶󱲟 	201220427424.2 	󱉙󰋡 	2012.08.27-2022.08.26 						
6 	󰣾 	󱛾󳈩󲵑󱔳󰹊󰸘󰶺󱎵󰉯󰋊󲗶󱲟 	201020665945.2 	󱉙󰋡 	2010.12.17-2020.12.16 						
7 	󰣾 	󱛾󳈩󲵑󱔳󰸞󰨆󱉐󰹊󰸘󰶺󱎵󰋊󲗶󱲟 	201020665946.7 	󱉙󰋡 	2010.12.17-2020.12.16 						
8 	󰣾 	󱛾󳈩󲵑󱔳󱉐󱄷󰹊󰸘󰶺󱎵󰂓󰸞󲗶󱲟 	201020665913.2 	󱉙󰋡 	2010.12.17-2020.12.16 						
9 	󰣾 	󳈩󲵑󱉙󱕶󲺩󱐁󰌑󰑫󱧉󱰄󰋪󰨆 	201210307320.2 	󰌿 	2012.08.27-2032.08.26 						
10 	󰣾 	󰭚󰶺󱐇 	201320357277.0 	󱉙󰋡 	2013.06.21-2023.06.20 						
11 	󰣾 	󰐺󳍾󰭚󱸮󱎵󱔳 	201420196607.7 	󱉙󰋡 	2014.04.22-2024.04.21 						
12 	󰣾 	󰐺󳍾󰭚󱸮󱎵󱿠󰑫 	201420196911.1 	󱉙󰋡 	2014.04.22-2024.04.21 						
13 	󰣾 	󰶺󰭚󰃘󱨬󱰐 	201320333600.0 	󱉙󰋡 	2013.06.09-2023.06.08 						
14 	󰣾 	󰥅󰪳󰋊󰄶󱼛󰃘󲗶󱲟 	201420196778.X 	󱉙󰋡 	2014.04.22-2024.04.21 						
15 	󰣾 	󰥅󱱩󰫗󰰂󱨬󱰐 	201320363392.9 	󱉙󰋡 	2013.06.24-2023.06.23 						
16 	󰣾 	󰥅󱱩󰫗󰰂󱨬󱰐 	201310252370.X 	󰌿 	2013.06.24-2033.06.23 						
17 	󰣾 	󰻴󰸘󰃘󱨬󱰐 	201320323923.1 	󱉙󰋡 	2013.06.06-2023.06.05 						
18 	󰣾 	󰸞󳗿󲗶󱲟 	201420196614.7 	󱉙󰋡 	2014.04.22-2024.04.21 						
19 	󰣾 	󰸞󳗿󲗶󱲟󰃘󱨬󱰐 	201410162244.X 	󰌿 	2014.04.22-2034.04.21 						
20 	󰣾 	󰸞󳗿󲗶󱲟󰥅󱰄󰒵 	201420196613.2 	󱉙󰋡 	2014.04.22-2024.04.21 						
21 	󰣾 	󱔳󰒰󲪶󲗶󱲟 	201420196612.8 	󱉙󰋡 	2014.04.22-						
 	󰑴 	󱜡 	 	󱦬 	󰑴󰑐󳎁 						
2024.04.21 											
2014.04.22-2024.04.21 											
2013.06.20-2033.06.19 											
2013.06.09-2023.06.08 											
2013.06.24- 2033.06.23 											
2013.06.24-2023.06.23 											
2013.06.20-2023.06.19 											
2012.08.27-2032.08.26 											
2013.06.09-2033.06.08 											
2014.12.31-2024.12.30 											
2015.01.05-2035.01.04 											
2003.12.11-2023.12.10 											
2010.12.17-2020.12.16 											
2013.02.18-2023.02.17 											
2013.02.18-2023.02.17 											
2013.02.18-2023.02.17 											
2013.02.18-2023.02.17 											
2013.02.18-2023.02.17 											
2013.02.18-2023.02.17 											
2015.05.20-2035.05.19 											
2016.03.31-2026.03.30 											
 	󰑴 	󱜡 	 	󱦬 	󰑴󰑐󳎁 						
42 	󳊰󰦐 	󱛾󱉙󲚷󱻍󱔳󱉐󱎵󰕂󱸳󰋪󱣢󳗿󳍾󰭚󲗶󱲟 	201620258294.2 	󱉙󰋡 	2016.03.31-2026.03.30 						
43 	󳊰󰦐 	󱛾󱉙󲚷󱻍󱔳󱉐󱎵󰬨󱔳󰑫󰥥󳍾󰭚󱨬󱰐 	201620258295.7 	󱉙󰋡 	2016.03.31-2026.03.30 						
44 	󳊰󰦐 	󱛾󱉙󲚷󱻍󱔳󱉐󱎵󲤴󰮰󰑫󱼛󰋊󱨬󱰐 	201620258296.1 	󱉙󰋡 	2016.03.31-2026.03.30 						
45 	󳊰󰦐 	󱛾󱉙󲚷󱻍󱔳󱉐󱎵󱔳󱨬󱰐 	201620258297.6 	󱉙󰋡 	2016.03.31-2026.03.30 						
46 	󳊰󰦐 	󱛾󰸞󱿠󱐃󱿠󰑫󱉙󲲶󰸞󲗶󱲟 	201620258298.0 	󱉙󰋡 	2016.03.31-2026.03.30 						
47 	󰕴󳊰󰦐 	󱼛󳍾󰭚󱎵󰃘󲗶󱲟 	201420783055.X 	󱉙󰋡 	2014.12.14-2024.12.13 						
48 	󰕴󳊰󰦐 	󰕂󱸳󱔳󲴏󱰞󱼛󰋊󲗶󱲟 	201420779309.0 	󱉙󰋡 	2014.12.12-2024.12.11 						
49 	󰕴󳊰󰦐 	󰬨󱔳󰑫 	201420781612.4 	󱉙󰋡 	2014.12.12-2024.12.11 						
50 	󰕴󳊰󰦐 	󱛾󰋊󲗶󱲟󱎵󰃘󱨬󱰐 	201420781835.0 	󱉙󰋡 	2014.12.12-2024.12.11 						
51 	󰕴󳊰󰦐 	󰕂󱸳󱔳󱼛󰈗󰩈󲗶󱲟 	201420772103.5 	󱉙󰋡 	2014.12.10-2024.12.09 						
52 	󰕴󳊰󰦐 	󰕂󱸳󱔳󲴏󱰞󱢌󲗶󱲟 	201420767274.9 	󱉙󰋡 	2014.12.09-2024.12.08 						
53 	󰕴󳊰󰦐 	󳈩󲵑󱔳󱉐󰶺󲴲󳗿󲗶󱲟 	201320363329.5 	󱉙󰋡 	2013.06.24-2023.06.23 						
54 	󰕴󳊰󰦐 	󱔳󱰥󰁠󱦺󱖿󲳸󰰕󲗶󱲟 	201320363469.2 	󱉙󰋡 	2013.06.24-2023.06.23 						
55 	󰕴󳊰󰦐 	󲴳󱉙󱕶󲺩󱐁󰌑󰑫󱧉󱰄󱔳󱎵󱿠󰋪󰨆 	201210307468.6 	󰌿 	2012.08.27-2032.08.26 						
56 	󳊰󰦐 	󰸐󰥅󳏷󳎕󱼞󱨬󱰐 	201520981832.6 	󱉙󰋡 	2015.12.02-2025.12.01 						
57 	󳊰󰦐 	󱉐󱔳󱢌󱯘󲹾󲗶󱲟 	201520984865.6 	󱉙󰋡 	2015.12.02-2025.12.01 						
58 	󳊰󰦐 	󱼛󲹾󰋊󲲶󰋊󱨬󱰐 	201520984170.8 	󱉙󰋡 	2015.12.02-2025.12.01 						
59 	󳊰󰦐 	󱛾󲚷󱻍󱔳󲴲󰋊󲗶󱲟 	201320333936.7 	󱉙󰋡 	2013.06.09-2023.06.08 						
60 	󳊰󰦐 	󱛾󰸐 	201320348230.8 	󱉙󰋡 	2013.06.18-2023.06.17 						
61 	󳊰󰦐 	󱔳󰹊󰸘󰶺󳍣󰼷󳌱 	201320355176.X 	󱉙󰋡 	2013.06.20-2023.06.19 						
62 	󳊰󰦐 	󰐺󰃘󱨬󱰐󱎵󱉐󰶺 	201320327687.0 	󱉙󰋡 	2013.06.06-2023.06.05 						
 	󰑴 	󱜡 	 	󱦬 	󰑴󰑐󳎁 						
63 	󳊰󰦐 	󳗿󰑫󳗿󲼀󲤴󱾳󳌙 	201320355138.4 	󱉙󰋡 	2013.06.20-2023.06.19 						
64 	󳊰󰦐 	󱛾󱞫󰻴󰥅󰬨 	201320333688.6 	󱉙󰋡 	2013.06.09-2023.06.08 						
65 	󳊰󰦐 	󱛾󱉐󱔳󰹊󰸘󰶺󰸞󰉧󲗶󱲟 	201320348527.4 	󱉙󰋡 	2013.06.18-2023.06.17 						
66 	󰣾 󰌷󳊰󰦐󳊰󰦐󲸮󳊰󰦐󰌈󳊰󰦐󰕴󳊰󰦐 	󱉐󱔳󱎵󰕂󱸳󲚷󱻍󱔳 	201310691994.1 	󰌿 	2013.12.17-2033.12.16 						
											
22 	󰣾 	󱿠󰑫󰒰󰥥󱨬󱰐 	201420196776.0 	󱉙󰋡 							
23 	󰣾 	󰮰󱔳󱎵󱔳󰑫󰒵 	201310246156.3 	󰌿 							
24 	󰣾 	󱉙󲴏󰃖󰣦󰹊󰸘󰶺󱎵󰔅󱰄󰒵 	201320333448.6 	󱉙󰋡 							
25 	󰣾 	󳈩󲵑󱔳󱉐󳐸󲗶󱲟 	201310252391.1 	󰌿 							
26 	󰣾 	󳈩󲵑󱔳󱉙󳖵󰸞󰼖 	201320363468.8 	󱉙󰋡 							
27 	󰣾 	󱼛󲖒󲤴󱾳󲗶󱲟 	201320355329.0 	󱉙󰋡 							
28 	󰣾 	󱄷󰕂󱸳󲚷󱻍󱔳󱉐󱎵󰥥󲇩󰦮󱦺󰥅󱎵󰋪󰨆 	201210307375.3 	󰌿 							
29 	󰣾 	󰣦󰹊󰸘󰶺 	201310229880.5 	󰌿 							
30 	󰣾 	󱔳󰥥󱧉󱰄󲪶󱕥󱖿󲗶󱲟 	201420863053.1 	󱉙󰋡 							
31 	󰣾 	󱛾󳈩󲵑󰸞󱿠󱐃󱔳󱔳󱿠󱉙󰸞󱧉󱸧 	201510002440.5 	󰌿 							
32 	󰌈󳊰󰦐 	󰥥󰮰󱔳󲵑󱹢󰝒 	200310111191.0 	󰌿 							
33 	󰌈󳊰󰦐 	󱛾󳈩󲵑󱔳󰸞󰨆󱉐󰹊󰸘󰶺󱎵󰥅󱔳󲗶󱲟 	201020665941.4 	󱉙󰋡 							
34 	󳊰󰦐 	󱛾󱉙󲚷󱻍󱔳󱉐󱎵󰊔󰃘󱨬󱰐 	201320075229.2 	󱉙󰋡 							
35 	󳊰󰦐 	󱛾󳞽󱉙󱿠󱐃󰕨 	201320075215.0 	󱉙󰋡 							
36 	󳊰󰦐 	󱛾󰪳󰋊󰄶󰑫 	201320075230.5 	󱉙󰋡 							
37 	󳊰󰦐 	󱛾󰧩󱺯 	201320075232.4 	󱉙󰋡 							
38 	󳊰󰦐 	󱛾󳈩󲵑󱔳󰹊󰸘󰶺󰼖 	201320075214.6 	󱉙󰋡 							
39 	󳊰󰦐 	󱛾󱏟󱗲󲴺󰑫 	201320075231.X 	󱉙󰋡 							
40 	󳊰󰦐 	󱛾 3D 󲚷󱻍󱔳 	201510262226.3 	󰌿 							
41 	󳊰󰦐 	󱛾󱉙󲚷󱻍󱔳󱉐󱎵󰁠󳎕󲗶󱲟 	201620258291.9 	󱉙󰋡 							
											
 	󳖪󱐟 	󱕅󱞧 	󱕅󱞧 	󰑠󰒖󰯁 							
1 	CITEK 󳈩󲵑󱉙󱔳󱿠 	󱨬󲴳󱉙󰦮󲲗󰆚󲲗󳈩󳈎󰑫󱱩󱐇󱔳󱿠󱉙󱎵󰌑󰑫󰮰󲚷󱻍󱔳󲜔󱿠󰩸󰨙󲳸󱜼󱎵󱃠󳌟󳗉󰄁󳠉󳈩󲩙󲼀󳍾󳈩󳈎󰥅󱱚󱦬󲩙󲼀󳌟󳗉 	󱨬󲴳󱉙󰦮󲲗󰆚󲲗󳈩󳈎󰑫󱱩󱐇󱔳󱿠󱉙󱎵󰌑󰑫󰮰󲚷󱻍󱔳󲜔󱿠󰩸󰨙󲳸󱜼󱎵󱃠󳌟󳗉󰄁󳠉󳈩󲩙󲼀󳍾󳈩󳈎󰥅󱱚󱦬󲩙󲼀󳌟󳗉 	󱼛󱕅 							
2 	󱦺󱸮󰒁󰋊󱜼󰑠󱕅󱞧 	󱰄󲕽󰑠󰾪󲵋󲳸󱦺󱸮󰒁󰋊󰑠󱕅󱞧󲣯󲪨󰃙󲻾󲕽󱎵󳏷󰑠󰋡󱙫󲀴󱉙 	󱰄󲕽󰑠󰾪󲵋󲳸󱦺󱸮󰒁󰋊󰑠󱕅󱞧󲣯󲪨󰃙󲻾󲕽󱎵󳏷󰑠󰋡󱙫󲀴󱉙 	󱼛󱕅󱞧󰉰󲩵󲣯 							
3 	󰋡󱉐󱔳󰹊󰸘󰶺󱎵󰑠󱉙 	󲵋󲳸󱉐󱔳󰸞󰨆󱉐󰑫󱄷󲳸󱜼󱎵󱕅󱞧󱛾󰋡󳠉󱾳󱸮󰹊󰸘󰶺 	󲵋󲳸󱉐󱔳󰸞󰨆󱉐󰑫󱄷󲳸󱜼󱎵󱕅󱞧󱛾󰋡󳠉󱾳󱸮󰹊󰸘󰶺 	󱼛󱕅 							
4 	CITEK 󰌑󰑫󱧉󱰄󱎵󱸮󰉪󱾠󱕅󱞧 	󲜔󰌑󰑫󱧉󱰄󱔳󱎵󰋡󰑠󱃡󳠉󰩲󰮰󱔳󰋡 	󲜔󰌑󰑫󱧉󱰄󱔳󱎵󰋡󰑠󱃡󳠉󰩲󰮰󱔳󰋡 	󲩵󱟼󳖪󱯘 211 󳠉󰕒󱕅󰀺󲣟󱐩󱎵󲩔 							
5 	󳍾 HAP  VOC󱎵󰕂󱸳󲚷󱻍󱔳󱾫󰑠󱉙󲣵󰋪󰨆󱕅󱞧 	󲜔󲵑󰒁󰋊󱎵󱃠󳌟󳗉󰍠󰑛󰒖󲵑󰒁󰋊󱎵󰑠󰩲󰋪 	󲜔󲵑󰒁󰋊󱎵󱃠󳌟󳗉󰍠󰑛󰒖󲵑󰒁󰋊󱎵󰑠󰩲󰋪 	󱼛󱕅 							
6 	󰥙󰌑󰥙󰕂󱸳󲚷󱻍󱔳󱎵󰋡󱾫 	󲵋󲳸󲻸󱉙󰋡󱃠󰒁󰋊󱾫󰑠󰋪󰨆󱛾󲺋󲻌󰕂󱸳󲚷󱻍󱔳󱿠󲳸󱜼󱼞󰥅󰃃󰉯󱎵󰋡󱃠 	󲵋󲳸󲻸󱉙󰋡󱃠󰒁󰋊󱾫󰑠󰋪󰨆󱛾󲺋󲻌󰕂󱸳󲚷󱻍󱔳󱿠󲳸󱜼󱼞󰥅󰃃󰉯󱎵󰋡󱃠 	󱼛󱕅 							
7 	󱔤󰧪󲗳󰉠󰇂󰑠󱉙 	󱛾󱉙󱔤󰧪󱎵󲗳󰉠󰇂󰑠󲜔󰩶󰧪󳍣󱔳󳖦󰥅󲗳󳌟󳗉 	󱛾󱉙󱔤󰧪󱎵󲗳󰉠󰇂󰑠󲜔󰩶󰧪󳍣󱔳󳖦󰥅󲗳󳌟󳗉 	󱼛󱕅 							
8 	󲺩󰯧󱔤󰧪󲗳󰉠󰇂 	󳎧󱧃󲚷󱻍󱔳󰐥󰧪󰥅󲻸󲳸󱜼󱎵󲳄󲴲󲬠󱜼󰐥󲴍󰄁󰧪󰥅󲼀󰐺󲲴󰐥󱕥󱖿󱂸󰐥󰩲󱸮󰐥󲺩󰯧󲜔󲴳󱉙󱔤󰧪󰹧󰥅󰬢󲻸 	󳎧󱧃󲚷󱻍󱔳󰐥󰧪󰥅󲻸󲳸󱜼󱎵󲳄󲴲󲬠󱜼󰐥󲴍󰄁󰧪󰥅󲼀󰐺󲲴󰐥󱕥󱖿󱂸󰐥󰩲󱸮󰐥󲺩󰯧󲜔󲴳󱉙󱔤󰧪󰹧󰥅󰬢󲻸 	󱼛󱕅 							
9 	󳈩󲵑󱔳󱉐󱉙󱎵󱃠󱕅󱞧󳖪	󲣵󳈩󲵑󱔳󱉐󲳸󱜼󱎵󱃠	󲣵󳈩󲵑󱔳󱉐󲳸󱜼󱎵󱃠	󲩵󱟼󳖪							
 	󳖪󱐟 	󱕅󱞧 	󱕅󱞧 	󰑠󰒖󰯁 							
󱐟 	󱕱󰔸 	󱕱󰔸 	󱯘 211 󳠉󰕒󱕅󰀺󲣟󱐩󱎵󲩔 								
 DBP 󰉪󲺋󲻌󰕂󱸳󱎵󱉙 	󳆹󰄁󳠉󰕂󱸳󲚷󱻍󱔳󰾪󱉐󱾫󱎵󰕂󱸳󰉪󰄁󳠉󱉐󰉹󱂸󲚷󱻍󱔳󱸮󰥥 	󳆹󰄁󳠉󰕂󱸳󲚷󱻍󱔳󰾪󱉐󱾫󱎵󰕂󱸳󰉪󰄁󳠉󱉐󰉹󱂸󲚷󱻍󱔳󱸮󰥥 	󱼛󱕅 								
CP80(8 󳞝)CP90(9 󳞝)󰭗󰩲󰔥󰧪󰑫󳖪󱐟 	󲛳󲴌󲕽󲻾󰋡󲣯󲣒 	󲛳󲴌󲕽󲻾󰋡󲣯󲣒 	󱼛󱕅 								
CITEK 󱿠󰸞󳗿󲣯󱉙 	󱛾󲴳󱉙 CITEK 󱿠󱾫󱎵󰸞󳗿󱉐󰃘󱨬󱰐󱃡󰄁󳠉CITEK 󱔳󱿠󰉹󱂸󲴌󰢖CITEK 󱿠󱜼󰉹󱂸 	󱛾󲴳󱉙 CITEK 󱿠󱾫󱎵󰸞󳗿󱉐󰃘󱨬󱰐󱃡󰄁󳠉CITEK 󱔳󱿠󰉹󱂸󲴌󰢖CITEK 󱿠󱜼󰉹󱂸 	󱼛󱕅 								
󰥅󰕂󱸳󲚷󱻍󱔳󰑠󱉙 	󱛾󳠉󰭚󰥅󲼀󱎵󰕂󱸳󲚷󱻍󱔳󰉪󰬬󰋡󱾫󰃘󲤴󰊥󱔳󱿠󰩸󰨙󰥅󰾪󰉪󳈩󲩙󲼀󳍾󰥅󱱫󳎨󱉐󱂸 	󱛾󳠉󰭚󰥅󲼀󱎵󰕂󱸳󲚷󱻍󱔳󰉪󰬬󰋡󱾫󰃘󲤴󰊥󱔳󱿠󰩸󰨙󰥅󰾪󰉪󳈩󲩙󲼀󳍾󰥅󱱫󳎨󱉐󱂸 	󱼛󱕅 								
󰥙󱃠󰕂󱸳󲚷󱻍󱔳󱉙 	󲵋󲳸󱛾󱃠󱿠󲳸󱜼󱼞󱦬󰥅󰥙󰥅󰥅󲼀󲲴󱎵󱃠󰕂󱸳󲚷󱻍󱔳󰉪󱿠󱃠󳌟󳗉 	󲵋󲳸󱛾󱃠󱿠󲳸󱜼󱼞󱦬󰥅󰥙󰥅󰥅󲼀󲲴󱎵󱃠󰕂󱸳󲚷󱻍󱔳󰉪󱿠󱃠󳌟󳗉 	󱕅 								
CCATEK󰾪󱃠󳈩󲵑󱉙󲚷󱻍󱔳 	󲵋󲳸󱃠󲺋󲻌󰕂󱸳󱎵󱉙󱉙󳒏󱸫󱦬󰩬󰐺󰑫󰾚󰲍󲣯󲣒󱛾󰋡󱎵󲚷󱻍󱔳󱾫,󱖟󰐱󱾫󰒒󰥙󰥅󰥅󲼀󲴳󳈩󲵑󲚷󱻍󱎵󱾫󲛵󰝒󱎵󱉐 	󲵋󲳸󱃠󲺋󲻌󰕂󱸳󱎵󱉙󱉙󳒏󱸫󱦬󰩬󰐺󰑫󰾚󰲍󲣯󲣒󱛾󰋡󱎵󲚷󱻍󱔳󱾫,󱖟󰐱󱾫󰒒󰥙󰥅󰥅󲼀󲴳󳈩󲵑󲚷󱻍󱎵󱾫󲛵󰝒󱎵󱉐 	󱼛󱕅 								
CITEK 󰌑󰑫󳈩󲵑󱔳󱉐󱾫󲗶 	󲜔 CITEK 󰌑󰑫󱔳󱎵󱉐󱾫󱉐󲩙󲼀󱉐󰑠󲗶󱎵󱉐󰔸󱉙 	󲜔 CITEK 󰌑󰑫󱔳󱎵󱉐󱾫󱉐󲩙󲼀󱉐󰑠󲗶󱎵󱉐󰔸󱉙 	󱼛󱕅 								
󳈩󲵑󰌘󱔳󱉐󱦺󱉙󱧉󱔳󱾫󰬬󱎵󱕅 	󱔳󱉐󲳸󱜼󱎵󰹊󰸘󱦺󱉙󳈩󲵑 	󱔳󱉐󲳸󱜼󱎵󰹊󰸘󱦺󱉙󳈩󲵑 	󲩵󱟼󳖪󱯘 211 󳠉󰕒󱕅󰀺󲣟󱐩󱎵󲩔 								
󳈩󲵑󰌘󱔳󰩲󰂓󰸞󲗶󰑠󱉙 	󲵋󲳸󳈩󲵑󱔳󰸞󰂓󰑫󱄷󱎵󱕅󱞧󲣯󲣒󱛾󲴳󱉙󱉐󱔳󰸞󰂓󱎵󰋡󰩲󰸞󰂓󰄁󳠉󱉐󲳸󱜼󰸞󱸮󱉙󰥥󲣲󱉐󲳸󱜼󲣯󳊰󲣯󱉙󰑐󳍾󱉐󱰭󱸮󱵈󰥥󰄁󳠉󱉐󱔳󲩙󲼀 	󲵋󲳸󳈩󲵑󱔳󰸞󰂓󰑫󱄷󱎵󱕅󱞧󲣯󲣒󱛾󲴳󱉙󱉐󱔳󰸞󰂓󱎵󰋡󰩲󰸞󰂓󰄁󳠉󱉐󲳸󱜼󰸞󱸮󱉙󰥥󲣲󱉐󲳸󱜼󲣯󳊰󲣯󱉙󰑐󳍾󱉐󱰭󱸮󱵈󰥥󰄁󳠉󱉐󱔳󲩙󲼀 	󱼛󱕅 								
󱻙󱷱󰕂󱸳󲚷󱻍󱔳󰑠󱉙 	󱛾󰋡󱧉󱰄󰕂󱸳󲚷󱻍󱾫󳍾󰕂󱸳󲚷󱻍󱔳󱿠󱎵󳠉󰭚󱻙󱷱󰄁󳠉󳈩󱎵󱧯󲩙󲼀󰕭󰥥󳍾	󱛾󰋡󱧉󱰄󰕂󱸳󲚷󱻍󱾫󳍾󰕂󱸳󲚷󱻍󱔳󱿠󱎵󳠉󰭚󱻙󱷱󰄁󳠉󳈩󱎵󱧯󲩙󲼀󰕭󰥥󳍾	󱼛󱕅 								
 	󳖪󱐟 	󱕅󱞧 	󱕅󱞧 	󰑠󰒖󰯁 							
󳈩󱸺󱯪󲩙󲼀󱱫󳎨󱉐󱂸 	󳈩󱸺󱯪󲩙󲼀󱱫󳎨󱉐󱂸 										
󱉙󰋡󱵁󰶜󳟙󰋊󱧉󱰄󰒁󰋊󱛾󰋡󲚷󱻍󱾫󰄁󳠉󰕂󱸳󲚷󱻍󱔳󱎵󳠉󰭚󱧉󱔳󱸮󱔳󰒁󰋊󰑠󲣲󱞫󲲟󲲥󱎵󱃡 	󱉙󰋡󱵁󰶜󳟙󰋊󱧉󱰄󰒁󰋊󱛾󰋡󲚷󱻍󱾫󰄁󳠉󰕂󱸳󲚷󱻍󱔳󱎵󳠉󰭚󱧉󱔳󱸮󱔳󰒁󰋊󰑠󲣲󱞫󲲟󲲥󱎵󱃡 	󱼛󱕅 									
󱛾󰋡󰒁󰋊󰑠󰒁󰋊󱎵󱄷󲜔󰕂󱸳󲚷󱻍󱔳󱎵󰾚󱄷󱧉󱔳󱧉󱔳󳌟󳗉󰄁󳠉󳈩󰕭󱂸 	󱛾󰋡󰒁󰋊󰑠󰒁󰋊󱎵󱄷󲜔󰕂󱸳󲚷󱻍󱔳󱎵󰾚󱄷󱧉󱔳󱧉󱔳󳌟󳗉󰄁󳠉󳈩󰕭󱂸 	󱼛󱕅 									
󱉙󱼛󰋡󱎵󰌘󱔳󱉐󰑠󲗶󰋡󱾫󰄁󳠉󱉐󱔳󲚷󱻍󱔳󱎵󱉙󱔳󰤅󱸮 	󱉙󱼛󰋡󱎵󰌘󱔳󱉐󰑠󲗶󰋡󱾫󰄁󳠉󱉐󱔳󲚷󱻍󱔳󱎵󱉙󱔳󰤅󱸮 	󱼛󱕅 									
											
10 											
11 											
12 											
13 											
14 											
15 											
16 											
17 											
18 											
19 											
											
20 	󳠉󱞫󲲟󲲥󱿠󰕂󱸳󲚷󱻍󱔳󱎵󱉙 										
21 	󱧉󱔳󰕂󱸳󲚷󱻍󱔳󰑠󱉙 										
22 	󱉐󱔳󰕂󱸳󲚷󱻍󱔳󱎵󱉙 										
											
 	󳖪󱐟󱜡 	󰀐󲳯󱐟󰔸 	󲴌󱜼 	󱕅󱞧󱕅󱞧 	󱕅󱞧󱕅󱞧 						
1 	󳈩󳇓󲚷󱻍󱔳󳈩󳇓󱾫󱎵󱉙 	󲚷󱻍󱔳󱾫󰐰󰥥󱃬󱆴󱴲󱾫󱸮󲳯 500 /󰐹󲜔󱃠󰦒󰔄󳌟󳗉 	󳖵󱕅󰢔󰔖󰋡 	󱕅 	󱕅 						
2 	󱼛󰪟󰉠󰇂󱎵󱕅󱞧 	󱕅󱞧󱸮󰰒󲫤󱕥󱖿󲺩󰯧󲛷󱡺󰀸󰔸󱎵󰬶󰥥󲗳󱼛󰪟󰉠󰇂󰋡 	󲣒 2017 12 󰐹󳞽󰉧 	󱼛󱕅 	󱼛󱕅 						
3 	󰥙󱃠󲚷󱻍󱔳󱾫󲴌󰢖 	󱕅󱞧󱿠󱜼󰒒󱎵󰐥󱃠󰾪󱎵󰥙󰥅󲚷󱻍󱔳󱉙󰗱󰩼󰓁󰑠󰐥󲴌󱎵󰥙󱃠󲚷󱻍󱔳󰋡󱾫 	󲣒 2017 12 󰐹󳞽󰉧 	󱼛󱕅 	󱼛󱕅 						
4 	󰲟󰝒󱉐󱔳󱎵󳧆󲣵󰮰󱔳󰸞󰨆󱉐󱾫󱕅󱞧 	󲵋󲳸󱔳󳠉󰭚󰩸󰨙󱉐󱎵󱔳󱧃󲖙󳧆󰾚󰾪󱎵󱕅󱞧󰃓󱞧󱔳󰸞󰑫󰗡󰨆󱉐󲳸󱜼󱉐󳧆󰾚󱜼󲼀󱉐󱔳󱉙󱉐󱎵 	󲣒 2017 12 󰐹󳞽󰉧 	󱼛󱕅 	󱼛󱕅 						
5 	󱔤󲀢󱔳󱎵󲖙󳒓󰉪 	󲵋󲳸󰋡󰒁󰋊󲹾󰋪󲹾󰋪󱯵󱎵󰾚󱐩󱰄󰒵󰾪󱢌󲴺󲜔󱔤󲀢󱔳󰉪󱾫󰋪󰨆󲗶󱛾󰋡󰒁󰋊󰋡 	󲣒 2017 12 󰐹󳞽󰉧 	󱼛󱕅 	󱼛󱕅 						
6 	CP186FA 󰔸󰔥󰧪󰑫 	󲲙󱨩󱰐 CP186FA 󰔥󰧪󰑫󱎵󲗶󰅞󲲮󲣯󲣒 	󲣒 2018  2󰐹󳞽󰉧 	󱕅 	󱕅 						
7 	󲚷󱻍󱔳󱷽󳇲󰝒󱾫󱕅 	󲜔󳈩󰳱󱾫󱡺󳌟󳗉 	󱾫󳞽󲣲󰔖󰋡󲴌󲕽󲼀󲤆 	󱕅 	󱕅 						
8 	3D 󲚷󱻍󱔳󱾫󱎵󱕅󱞧 	󱃡 3D 󱾫󲵐󰝒󱾫󳞽󲣲󱡺󱐟󰔸 	󲴌󲕽󲼀󲤆 	󱐟󱉢󱼛󱕅 󲣒󳎓󰕒󳈩󲵑	󱐟󱉢󱼛󱕅 󲣒󳎓󰕒󳈩󲵑						
 	󳖪󱐟󱜡 	󰀐󲳯󱐟󰔸 	󲴌󱜼 	󱕅󱞧󱕅󱞧 	󱕅󱞧󱕅󱞧 						
 	 										
󱼛󱕅 	󱼛󱕅 										
󱼛󱕅 	󱼛󱕅 										
󱼛󱕅 	󱼛󱕅 										
󱼛󱕅 	󱼛󱕅 										
󱼛󱕅 	󱼛󱕅 										
󲩵󱟼󳖪211 󳠉󰕒󱕅󰀺󲣟󱐩󱎵󲩔 	󲩵󱟼󳖪211 󳠉󰕒󱕅󰀺󲣟󱐩󱎵󲩔 										
󱼛󱕅 	󱼛󱕅 										
󲩵󱟼󳖪211 󳠉󰕒󱕅󰀺󲣟󱐩󱎵󲩔 	󲩵󱟼󳖪211 󳠉󰕒󱕅󰀺󲣟󱐩󱎵󲩔 										
󱼛󱕅 	󱼛󱕅 										
󱼛󱕅 	󱼛󱕅 										
󱼛󱕅 	󱼛󱕅 										
󱼛󱕅󱉤	󱼛󱕅󱉤										
 	󳖪󱐟󱜡 	󰀐󲳯󱐟󰔸 	󲴌󱜼 	󱕅󱞧󱕅󱞧 	󱕅󱞧󱕅󱞧 						
󲗳󰉠󰇂󱕅 	󱛾󰰒󲫤󰥥󲗳󰋮󱃠󰐥󰐺󱃠󰾪󱎵󰋡 	12 󰐹󳞽󰉧 	󲻾󱜂󳖪󱐟󰕩 	󲻾󱜂󳖪󱐟󰕩 							
󱔳󰸞󱻙󱷱󰾪󰋡󰩼󲤆󰑠󰋪󰨆 	󳒑󱎵󰸞󱻙󱷱󰕨󰝒󰕨󱾫󲴌󲕽󰕨󰩼󲤆󲵋󲳸󰓁󰩼󲤆󱰄󰓍󰊡󰂟󱎵󱨬󱰐󳞽󲣲󲃨󰕂󱸳󲚷󱻍󱔳󲛵󰝒󱉐󱉙󲳸󱜼󳐱󱎵󰊡󰂟󲣲󰉠󰇂󱠏󱎵󳐱󲚲 	󲣒 2017 12 󰐹󳞽󰉧 	󱼛󱕅 	󱼛󱕅 							
󱉐󲣯󰑠 	󲴳󳈩󲵑󱔳󱎵󰕨󰄁󳠉󱉐󱄷󰶦󰩬󰪹󱵈󱝤󲩙󲼀󰄁󳠉󱉐󱂸󱃡󰐺󳉟󳈩󲵑󱔳󱉐󰑠󱎵󱕱󱰄󱎵󰑠󱉐󲬦󱰀󳞽󱕅󱞧󱔳󰹊󰸘󰶺󲻾󰷪󱎵󱉐󲣯 	󰢔󳖵󱕅󱟼󳖪 	󱼛󱕅 	󱼛󱕅 							
󳊰󰦐󱜂󰾪CCOTEK󱯤󱦤󰉠󰇂󱎵 	󱉙󰐺󰑫󰒁󰋊󱕱󲻸󱉙󰾪󰐺󱎵󰉪󰑠󱾫󱎵󱛾󰐺󰑫󰒁󰋊󰒁󰌑󰑫󰒁󰋊󲲶󰒁󱎵󲗳󰉠󰇂󲴊󱛾󰉠󰇂󲛷󲺩󰯧󱕥󱖿󱡺󰋪󳒓󰐺󰌿󰍯󱎵󰾪󰍠󱛾󰋡󰉠󰇂󰑠 	󳖵󱕅󰔖󰋡󱟼󳖪 	󱼛󱕅 	󱼛󱕅 							
󳊰󰦐󲪌󰾪CCITEK󰌘󱔳󱉐󱾫󰑠 	󲵋󲳸󰐺󱾣󲼂󳈩󲵑󱉙󰌑󰑫󱧉󱰄󲚷󱻍󰮰󱔳󰩸󰨙󱉙󱉐󱎵󰌘󱔳󱎵󰸞󰾪󱕅󱞧󱐩󰾚󰊡󰂟󲣵󱨬󲤖󱛾󰌘󱔳󱎵󰸞󰑫󰗡󰨆󱉐󰑠󲗶󲃨󱎵󱉐󱔳󰾪󱉙󰉹󰓍󲴌󲕽󲣵󲤖󱛾󰌘󱔳󱉐󰑠󲗶󱎵󲛵󲀴󲩙󲼀󰔸󱉙󲣵󱼛󱔖󲣷󰑴 	󳖵󱕅󰔖󰋡󱟼󳖪 	󱼛󱕅 	󱼛󱕅 							
󱵁󳠉󰭚󳍣󰸘󱰄󲚷󱻍󱔳 	󱨬󱵁󳠉󰭚󲹾󰋪󰬬󰔅󲚷󱻍󱾫󲗶󲣯󲣒󱨬󰰒󲫤󳠉󳉾󳈩󱉙󱎵󲚷󱻍󱔳 	󰔖󰋡󱕅󲴌󲕽 	󱼛󱕅 	󱼛󱕅 							
󱼞󱃠󲚷󱻍󱔳 	󱨬󱃠󲹾󰋪󰬬󰐺󲚷󱻍󱾫󲗶󲣯󲣒󱨬󰰒󲫤󳈩󲵑󱉙󱎵󱃠󲚷󱻍󱔳 	󰔖󰋡󱕅󲴌󲕽 	󱼛󱕅 	󱼛󱕅 							
󲺩󱵈󱉐󱔳 	󰔅󰸞󰨆󱉐󱾫󲗶󲜔󳈩󲵑󰬨󱔳󱎵󰐺󰉹󱉐󲵋󲳸󱾫󳎕󱔳󱎵󱛾󱗢󲼂󰥘	󰔖󰋡󱕅󲴌󲕽 	󱼛󱕅 	󱼛󱕅 							
 	󳖪󱐟󱜡 	󰀐󲳯󱐟󰔸 	󲴌󱜼 	󱕅󱞧󱕅󱞧 	󱕅󱞧󱕅󱞧 						
󰾚󲺩󱎵󳇲󰥘󰾚󱎵󱉐󱔳󲺩󱵈 3ml/50g󰀺󳈩󲵑󱉙󱔤󲀢󱔳󲕽󰔸 											
󱛾󰸞󰑫󰗡󰨆󱉐󳈩󲵑󱔳󱎵󱾫󲗶󱯠󰲟󰝒󱔳󱴽󱎵󱉐󰐺󰰒󲫤󰐺󱔳󱾫󱎵󱉙󱔳󲚲󰥳󱛾󰌓󰰒󲫤󰸞󱿠󱐃󰕂󱸳󱔳󰰒󲫤󱿠󱐃󰕂󱸳󱔳󱎵󱨬󱉐󱔳 	󰔖󰋡󱕅󲴌󲕽 	󱼛󱕅 	󱼛󱕅 								
󲵋󲳸󲤖󳖪󱐟󲜔󳈩󲵑󲣯󲣒󱾫󳌟󳗉 	󳖵󱕅 	󱼛󱕅 	󱼛󱕅 								
											
9 	󱿠󰋡󱾫󱎵 	󲵋󲳸󰋡󱾫󰄁󳠉󱉐󰉹󱂸󲩙 	󲸙 2017 12 󰐹󳞽󰉧 								
10 	󳈩󲵑󱔳󱉐󱉙󰑠󱕅󱞧󱉙 	󱲟󱉐󲳸󱜼󱉐󱎵󰾚󲜔󱃠󰦒󰔄󳌟󳗉 	󰔖󰋡󱕅󲴌󲕽 								
11 	󱉐󱔳󱐩󰕂󱸳󲚷󱻍󱔳󱎵󱉙 	󰹊󰸘󱔳󳍾󱔳󱎵󱻙󱷱󱨬󰊡 	󲣒 2017 12 󰐹󳞽󰉧 								
12 	󰕂󱸳󱔳󱼛󰋊󰬨󰑠󲗶󱲟󱎵󱕅󱞧 	󰄁󳠉󰕂󱸳󱔳󱎵󲩙󲼀󱝤󳍾 	󲣒 2017 12 󰐹󳞽󰉧 								
13 	󰄁󳠉󰕂󱸳󱔳󲩙󲼀󱎵󱼛󰈗󰩈󰑠󲗶󱲟 	󳍾󱉐󱐩󱔳󲜃󱨬󰊡󰄁󳠉󱉐󱐩󱔳󱎵󲩙󲼀󲖙󳒓󰨲󳍾󱉐󱐩󲚷󱻍󱔳󱎵󰒁󰋊󱧉󱰄󰤅 	󲣒 2017 12 󰐹󳞽󰉧 								
14 	CITEK  󱿠 󱐃󱧉󱰄󱉙 	󲵋󲳸󰉪󰾚󱸧󱧉󱰄󱛾󳠉󰉹󱾳󱸮󱃠󱎵󲵑󱿠󳈩󲵑󰒁󰋊 	󲣒 2017 12 󰐹󳞽󰉧 								
15 	CCITEK 󰌑󰑫󲚷󱻍󰮰󱔳󱿠󱉙󰥥󰪳󰋊󱉙 	󱨬󰥥󰪳󰋊󲹾󰋪󱾫󰑠󲩙󲼀󰀸󰔸󰩼󲤆󲣵󲛵󲀴󱉙󱔳󱿠󲩙󲼀󲣵󰩲󲲝󱣒󱄷󱎵󰑠󲛵󲀴 	󳖵󱕅󰢔󰔖󰋡 								
16 	CCITEK-K 󱨬󰌑󰑫󱧉󱰄󱎵󱕅󱞧󱉙 	󱕅󱞧󱸮󰰒󲫤󳰂󱾣󲼂󳈩󲵑󳈩󳇓󱉐󳐱󲚲󱎵CCITEK-K󱨬󰌑󰑫󱧉󱰄󲹾󰋪󱖟󱉙󱎵󰐱󱾫󰒒 	󲣒 2017 12 󰐹󳞽󰉧 								
17 	󲪶󲚷󱻍󰉠󰇂󰋡󰑠 	󱉙󳊰󰦐󰒁󰋊󰐺󱎵󳎧󱧃󱔤󲀢󱔳󳟙󰋊󱉙󲺋󲻌󰕂󱸳󱃠󰥘󰕂󱸳󱶋󰥙󲺠󰕂󱸳󱎵󰉪󰕂󱸳󲵋󲳸󲚷󱻍󱎵󰣦󱛾󲪶󱎵󰉠󰇂 	󳖵󱕅󰔖󰋡 								
18 	󳒏󱔤󱸮󰯁󱉐󲣯󱕅 	󲵋󲳸󱔳󱉦󰸞󱉐󰶺󲣯󱡺󲴌󲕽󲣯󲣒󲣯󲴺󱃡󳈩󲵑󱔳󱉐󲣯󱾳󱸮󰃃󰹧󰥅󰻴󰧪󱉐󱉐󰸐󰥅󱃠󱄷󰰒󲫤󳈩󲵑󱃠󱉐󱎵󲚲󰥳 	󰢔󳖵󱕅󱟼󳖪 								
19 	󱃠󲚷󱻍󱔳󰋡󱾫󲗶 	󲵋󲳸󲤖󳖪󱐟󰄁󳠉󲚷󱻍󱔳󱉐󰉹󱂸󱸮󲜔󲺋󲻌󰕂󱸳󰻅󳏀󰌧󳌥󰡒󱉙󰷞󱰄󱗤󱧉󲴏󰸞󲣯󲵑󰸞󰉹󱂸󳍾󰬶󰩈󳏯󱡺󳏯󰷪 	󰢔󳖵󱕅󱟼󳖪 								
20 	󱃠󲚷󱻍󱔳	󲵋󲳸󲻸󱉙󰋡󰒁󰋊󱕅󱞧󰋡󱾫󰋡󲗶	󲣒 2017 								
											
21 											
22 											
23 											
24 											
25 											
26 											
27 											
											
28 	󱸮󰲟󱻍󱉐󱔳 										
29 	󳇲󰥥󳠉󰭚󰝒󰀐󰓁 										
											
󳖪󱐟 	2017  1-6 󰐹 	2016  	2015  	2014  							
󱕅 	914.02 	1,946.48 	1,643.59 	1,291.96 							
󲅖󰉧 	37,106.57 	65,355.51 	60,912.75 	71,132.96 							
󱕅󲅖󰉧󰤅% 	2.46 	2.98 	2.70 	1.82 							
											
󰔸󱜡 	󰔸󱔲 	󰔸󱦬 									
󳈩󲵑󱉙󱉐󱕶󱔳 	GB/T 26659-2011 	󰔸 									
󳈩󲵑󱉙󱕶󱔳 	GB/T 9442-2010 	󰔸 									
󳈩󲵑󱉙󱔳󰬨󰋊󲤆󳞽󰋪󰨆 	GB/T 2684-2009 	󰔸 									
󳈩󲵑󱉙󰥙󲚷󱻍󱔳 	JB/T 13039-2017 	󲕽󰔸 									
󰐺󱾣󲼂󳈩󲵑󱉙󰌑󰑫󱧉󱰄󲚷󱻍󰮰󱔳 	JB/T 13082-2017 	󲕽󰔸 									
󳈩󲵑󱉙󲚷󱻍󱔳 	JB/T 8583-2008 	󲕽󰔸 									
󱔳󳈩󲵑󱉙󰪳󰋊 	JB/T 9226-2008 	󲕽󰔸 									
󳈩󲵑󱉙󱖝󱸳󲺩󳇊 	HG/T2424-1993 	󲕽󰔸 									
󳈩󲵑󱉙󲺋󲻌󰕂󱸳 	JB/T 8834-2013 	󲕽󰔸 									
󳈩󲵑󱉙󲤆󳞽󱢌 	JB/T 9156-1999 	󲕽󰔸 									
󲗳󰉠󰇂󱸮󰀸󰔸󰩼󲤆󰃙󲂁󰋪󰨆 	SY/T5108-2014 	󲕽󰔸 									
󳈩󲵑󱉙󳈝󳇲󱔰󱔳 	JB/T 6984-1993 	󲕽󰔸 									
󳈩󲵑󲚷󱻍󱔳󱉙󰌑󰑫󱧉󱰄 	Q/CJ 001-2015 	󰔸 									
󳈩󲵑󲚷󱻍󱔳󱉙󰌑󰑫󱧉󱰄 	Q/CJ 002-2015 	󰔸 									
󰾪󱛾󲗳󰉠󰇂 	Q/CJ004-2017 	󰔸 									
󳈩󲵑󱉙󲪌󰾪󳎧󱧃󱔳 	Q/CJ008-2016 	󰔸 									
󱂸󰻴󰑫 󱡝 1 󲸙 󲵋󱉙󰑠󰒒 	GB/T 1147.1-2007 	󰔸 									
󱂸󰻴󰑫 󱡝 2 󲸙 󲤆󳞽󰋪󰨆 	GB/T 1147.2-2007 	󰔸 									
󰀇󰑫 󲵋󱉙󰑠󰒒 	GB/T13875-2004 	󰔸 									
󰀇󰑫 󲤆󳞽󰋪󰨆 	GB/T6229-2007 	󰔸 									
											
