 	 	 	 					
人民大会堂 金色大厅 	人民大会堂 国家接待厅 	人民大会堂 新闻发布厅 	人民大会堂 山西厅 					
								
 	 	 	 					
腾讯全球 总部大楼 	和记黄埔 深圳总部大楼 	民生银行 总部大楼 	迈瑞集团 总部大楼 					
								
 	 	 	 					
海南博鳌国宾馆 	北京华尔道夫酒店 	北京颐和安缦酒店 	华润艾美酒店 					
								
 	 	 	 					
故宫博物院慈宁宫 	天津梅江会展中心 	吴忠市民俗博物馆 	天津博物馆 					
								
 	 	 	 					
北京首都机场 	重庆长江黄金 3 号豪华游轮 	三亚凤凰国际机场新贵宾楼 	乌鲁木齐高铁站 					
 	 	 	 					
深圳湾一号 顶级豪华公寓 	华润幸福里 	万达城市广场 	金融街海公园 					
								
项目 	2016 年 1-6 月 	2016 年 1-6 月 	2015 年度 	2015 年度 	2014 年度 	2014 年度 	2013 年度 	2013 年度 
项目 	金额 （万元） 	比例（%） 	金额 （万元） 	比例（%） 	金额 （万元） 	比例（%） 	金额 （万元） 	比例（%） 
一、装饰施工业务 	71,724.95 	99.13 	132,781.17 	99.28 	179,528.22 	99.67 	176,410.53 	99.00 
其中：公共建筑装饰 	51,220.75 	70.79 	103,642.90 	77.49 	159,063.31  	88.31 	136,755.14  	76.75 
 住宅精装修 	20,504.20 	28.34 	29,138.27 	21.79 	20,464.91  	11.36 	39,655.39  	22.25 
二、装饰设计业务 	628.25 	0.87 	969.19 	0.72 	545.06 	0.30 	1,775.83 	1.00 
三、木制品销售 	- 	- 	- 	- 	47.47 	0.03 	2.00 	0.00 
合计 	72,353.21 	100.00 	133,750.36 	100.00 	180,120.75 	100.00 	178,188.36 	100.00 
								
项目 	2016 年 1-6 月 	2016 年 1-6 月 	2015 年度 	2015 年度 	2014 年度 	2014 年度 	2013 年度 	2013 年度 
项目 	金额 （万元） 	比例（%） 	金额 （万元） 	比例（%） 	金额 （万元） 	比例（%） 	金额 （万元） 	比例（%） 
公开 招标 	24,884.56 	34.39 	66,047.71 	49.38 	73,637.69 	40.88 	87,826.47 	49.29 
邀请 招标 	47,451.92 	65.58 	67,672.82 	50.60 	106,122.25 	58.92 	89,990.57 	50.50 
非招投标模式 	16.72 	0.02 	29.83 	0.02 	313.35 	0.17 	369.32 	0.21 
木制品销售 	- 	- 	- 	- 	47.47 	0.03 	2.00 	0.001 
合计 	72,353.21 	100.00 	133,750.36 	100.00 	180,120.75 	100.00 	178,188.36 	100.00 
								
资质名称 	发证机关 	证书编号 						
建筑装饰工程设计专项甲级 	住建部 	A144007523 						
建筑幕墙工程设计专项甲级 	住建部 	A144007523 						
建筑装修装饰工程专业承包壹级 	广东省住房和城乡建设厅 	D244064980 						
建筑机电安装工程专业承包壹级 	广东省住房和城乡建设厅 	D244064980 						
建筑幕墙工程专业承包壹级 	广东省住房和城乡建设厅 	D244064980 						
电子与智能化工程专业承包贰级 	深圳市住房和建设局 	D344091409 						
钢结构工程专业承包叁级 	深圳市住房和建设局 	D344091409 						
对外承包工程资格 	深圳市经济贸易和信息化委员会 	4403201600002 						
								
项目 	2020 年总产值（万亿元） 	2015-2020 年均增长率（%） 	2015-2020 增长幅度（%） 					
建筑装饰行业 	4.70 	7 	38.24 					
其中：公共建筑装修 	2.30 	6.5 	32.18 					
住宅装修 	2.40 	8 	44.58 					
建筑幕墙 	0.55 	11 	61.76 					
工程设计 	0.167 	12 	75.79 					
								
年份 	2015 年 	2016 年 						
城市化率（%） 	55 	56 						
新增城市化人口住宅面积（万平方米） 	46,751 	47,639 						
城镇人均住宅面积（平方米） 	34.70 	35.36 						
新增住宅装饰面积（万平方米） 	95,804 	97,579 						
年份 	2015 年 	2016 年 						
公建/住宅比率（%） 	20 	20 						
新增公共建筑面积（万平方米） 	19,161 	19,516 						
								
省（市）名称 	2014 年 	2013 年 	2012 年 	2011 年 				
深圳市 	63 	55 	54 	47 				
广东省（不含深圳市） 	4 	4 	6 	6 				
北京市 	23 	23 	20 	25 				
江苏省 	20 	18 	18 	15 				
浙江省 	12 	14 	14 	13 				
山东省 	10 	11 	11 	9 				
上海市 	10 	9 	9 	8 				
西南地区（重庆市、四川省） 	6 	7 	5 	7 				
其他地区 	30 	21 	19 	7 				
合 计 	178 	162 	156 	135 				
								
时间 	中国建筑装饰行业百强企业排名 							
2014 	12 							
2013 	12 							
2012 	11 							
2011 	12 							
2010 	12 							
2009 	12 							
2008 	14 							
2007 	15 							
时间 	中国建筑装饰行业百强企业排名 							
2006 	18 							
2005 	47 							
2004 	27 							
2003 	17 							
2002 	46 							
								
排名 	公司名称 	股票代码 	业务特点 					
1 	苏州金螳螂建筑装饰股份有限公司 	002081 	以室内装饰为主体，融幕墙、家具、景观、艺术品、机电设备安装等为一体的专业化建筑装饰企业，设计能力突出，国内建筑装饰行业第一家上市公司。 					
2 	浙江亚厦装饰股份有限公司 	002375 	专注于大型公共建筑、高端星级酒店、高端住宅精装修等装饰、幕墙工程的设计与使用，科技创新及施工技术能力突出，市场遍及全国。 					
3 	深圳广田装饰集团股份有限公司 	002482 	主要从事公共装饰工程的设计及施工，绿色材料研发生产，为大型房地产项目、政府机构等提供工程承建的服务。 					
4 	深圳市洪涛装饰股份有限公司 	002325 	立足公共建筑装饰行业，目前主要为政府机构、大型国有企业、跨国企业、高档酒店、剧院等提供建筑装饰设计、施工服务。 					
5 	深圳市宝鹰建设集团股份有限公司 	002047 	业务范围涵盖装饰装修工程、幕墙钢结构工程、集成智能化工程、建筑消防工程、机电安装工程、安防技术工程、金属门窗工程、展览展会工程和医疗设备工程，专业为客户提供设计、施工、安装的综合解决方案及承建管理服务。 					
6 	深圳市奇信建设集团股份有限公司 	002781 	主要从事建筑装饰工程的设计与施工业务，其中公共建筑装饰施工为公司营业收入的主要来源。装饰工程涉及市政、酒店、学校、医院、商场、高级写字楼、花园别墅等。 					
7 	北京弘高建筑装饰工程设计有限公司 	弘高创意（002504）全资子公司 	致力于创建建设行业资源整合平台，提供建设行业服务整体输出和一站式解决方案，主要涉足酒店、办公楼、写字楼、商业综合体、会所及公寓、医疗、展馆等领域设计。 					
8 	神州长城股份有限公司 	000018 	专注于国际及中国高端市场的大型工程承包，如高端酒店、机电安装及幕墙项目。 					
9 	深圳市建艺装饰集团股份有限公司 	002789 	主要从事公共装饰工程的设计及施工，在政府类金融机构、行政机构等细分市场中具有较强的优势。 					
排名 	公司名称 	股票代码 	业务特点 					
10 	深圳市中装建设集团股份有限公司 	002822 	以室内装饰为主，融合幕墙、建筑智能化、园林等为一体的大型综合装饰服务提供商，主要承接公共建筑和住宅类建筑的装饰施工和设计业务。 					
								
工程项目获奖情况 	工程项目获奖情况 	工程项目获奖情况 	工程项目获奖情况 	工程项目获奖情况 	工程项目获奖情况 	工程项目获奖情况 	工程项目获奖情况 	
序号 	 项目名称 	奖项 	奖项 	颁奖单位 	颁奖单位 	获奖年度 		
一 	国家级荣誉 	国家级荣誉 	国家级荣誉 	国家级荣誉 	国家级荣誉 	国家级荣誉 	国家级荣誉 	
1 	天津梅江会展中心 	鲁班奖 	鲁班奖 	住房和城乡建设部 	住房和城乡建设部 	2011 		
工程项目获奖情况 	工程项目获奖情况 	工程项目获奖情况 	工程项目获奖情况 	工程项目获奖情况 	工程项目获奖情况 	工程项目获奖情况 	工程项目获奖情况 	
序号 	 项目名称 	奖项 	奖项 	颁奖单位 	颁奖单位 	获奖年度 		
中国建筑业协会 	中国建筑业协会 							
住房和城乡建设部 中国建筑业协会 	住房和城乡建设部 中国建筑业协会 	2011 						
住房和城乡建设部 中国建筑业协会 	住房和城乡建设部 中国建筑业协会 	2011 						
建设部20 中国建筑业协会 	建设部20 中国建筑业协会 	2007 						
中国建筑业协会 	中国建筑业协会 	2012 						
中国建筑业协会 	中国建筑业协会 	2012 						
中国建筑业协会 	中国建筑业协会 	2012 						
中国建筑业协会 	中国建筑业协会 	2010 						
中国建筑业协会 	中国建筑业协会 	2010 						
中国建筑业协会 	中国建筑业协会 	2009 						
中国建筑业协会 	中国建筑业协会 	2009 						
中国建筑业协会 	中国建筑业协会 	2008 						
中国建筑业协会 	中国建筑业协会 	2004 						
中国建筑业协会 	中国建筑业协会 	2002 						
中国建筑装饰协会 	中国建筑装饰协会 	2015 						
省市级荣誉 	省市级荣誉 	省市级荣誉 	省市级荣誉 	省市级荣誉 	省市级荣誉 	省市级荣誉 		
中外运-敦豪国际航空快件有限公司深圳分公司及东区服务中心 	金鹏奖 	金鹏奖 	深圳市装饰行业协会 	深圳市装饰行业协会 	2014 			
腾讯公司科兴大厦 	金鹏奖 	金鹏奖 	深圳市装饰行业协会 	深圳市装饰行业协会 	2014 			
江西铜业集团公司办公大楼 	金鹏奖 	金鹏奖 	深圳市装饰行业协会 	深圳市装饰行业协会 	2007 			
航天大厦市内精装修工程 	金鹏奖 	金鹏奖 	深圳市装饰行业协会 	深圳市装饰行业协会 	2006 			
人民大会堂江西厅改造装修工程 	金鹏奖 	金鹏奖 	深圳市装饰行业协会 	深圳市装饰行业协会 	2004 			
人民大会堂国家接待厅及其周边区域改造装修工程 	金鹏奖 	金鹏奖 	深圳市装饰行业协会 	深圳市装饰行业协会 	2003 			
中国人民银行吐鲁番地区	新疆建筑工程天山奖	新疆建筑工程天山奖	新疆自治区住房和城	新疆自治区住房和城	2012 			
工程项目获奖情况 	工程项目获奖情况 	工程项目获奖情况 	工程项目获奖情况 	工程项目获奖情况 	工程项目获奖情况 	工程项目获奖情况 	工程项目获奖情况 	
序号 	 项目名称 	奖项 	奖项 	颁奖单位 	颁奖单位 	获奖年度 		
中心支行发行库及营业办公用房 	（自治区优质工程） 	（自治区优质工程） 	市建设厅 新疆自治区建筑业协会 	市建设厅 新疆自治区建筑业协会 				
广州亚运城媒体村、与运动员村等装饰装修工程施工专业承包（标段 2） 	建筑装饰优质工程奖 	建筑装饰优质工程奖 	广州市建筑装饰行业协会 	广州市建筑装饰行业协会 	2011 			
中国兵器装备研究院 3#研究楼 F1、主楼 F2、3、15、16 装饰工程 	优质工程奖 	优质工程奖 	北京市建筑装饰协会 	北京市建筑装饰协会 	2010 			
上海市国际航运大厦 	上海市建筑工程“白玉兰”奖（优质工程） 	上海市建筑工程“白玉兰”奖（优质工程） 	上海市建筑业联合会 	上海市建筑业联合会 	2001 			
上海汉宫俱乐部 	中国创意设计大奖银奖 	中国创意设计大奖银奖 	第四届中国（深圳）国际文化产业博览交易会 	第四届中国（深圳）国际文化产业博览交易会 	2008 			
马达加斯加五星级酒店 	中国创意设计大奖铜奖 	中国创意设计大奖铜奖 	第四届中国（深圳）国际文化产业博览交易会 	第四届中国（深圳）国际文化产业博览交易会 	2008 			
安徽日报报业集团 	中国创意设计大奖优秀奖 	中国创意设计大奖优秀奖 	第四届中国（深圳）国际文化产业博览交易会 	第四届中国（深圳）国际文化产业博览交易会 	2008 			
顺丰科技园办公楼二期室内装修工程 	金鹏奖 	金鹏奖 	深圳市装饰行业协会 	深圳市装饰行业协会 	2014 			
腾讯公司科兴科学园二期室内装修工程 	金鹏奖 	金鹏奖 	深圳市装饰行业协会 	深圳市装饰行业协会 	2014 			
大厂潮白河喜来登酒店室内精装修工程（二标段） 	河北省建筑工程装饰奖 	河北省建筑工程装饰奖 	河北省建筑工程装饰业协会 	河北省建筑工程装饰业协会 	2015 			
土楼酒店 4-6 层室内装修工程 	金鹏奖 	金鹏奖 	深圳市装饰行业协会 	深圳市装饰行业协会 	2015 			
深圳市龙华新区粤商中心3-4 层公共部分天花、地面、墙面精装修以及 1-4 层中庭边沿、玻璃护栏等安装装饰工程 	金鹏奖 	金鹏奖 	深圳市装饰行业协会 	深圳市装饰行业协会 	2015 			
深圳市南山区超多维科技大厦负三层至负一层电梯前厅及一至三层所有天花、地面及墙面精装修、洁具、洁具五金及栏杆安装工程 	金鹏奖 	金鹏奖 	深圳市装饰行业协会 	深圳市装饰行业协会 	2015 			
中国民生银行有限公司石家庄分行办公楼装修工程 	河北省建筑工程装饰奖 	河北省建筑工程装饰奖 	河北省建筑装饰业协会 	河北省建筑装饰业协会 	2016 			
南宁华润中心幸福里项目 	2015-2016 年度“广厦奖” 	2015-2016 年度“广厦奖” 	中国房地产协会、住房和城乡建设部住宅	中国房地产协会、住房和城乡建设部住宅	2016 			
								
2 	淮阴卷烟厂“十一五”技改工程项目 	鲁班奖 						
3 	石家庄广播电视采编播综合业务大楼 	鲁班奖 						
3 	石家庄广播电视采编播综合业务大楼 	全国建筑工程装饰奖 						
4 	天津市高级人民法院审判综合楼工程 	鲁班奖 						
5 	海南博鳌国宾馆 	全国建筑工程装饰奖 						
6 	浙江大厦富春宾馆幕墙工程 	全国建筑工程装饰奖 						
7 	广州亚运城媒体村南区装饰工程 	全国建筑工程装饰奖 						
8 	腾讯大厦 	全国建筑工程装饰奖 						
9 	人民大会堂三楼中央大厅及周边区域装饰工程 	全国建筑工程装饰奖 						
10 	深圳大厦（北京） 	全国建筑工程装饰奖 						
11 	深圳盐田国际行政办公大楼 	全国建筑工程装饰奖 						
12 	克拉二作业区生活公寓 	全国建筑工程装饰奖 						
13 	中山移动通信综合大楼 	全国建筑工程装饰奖 						
14 	深圳市五洲宾馆附楼 	全国建筑工程装饰奖 						
15 	台湾饭店翻扩建工程精装修工程（第三标段） 	全国建筑装饰行业科技示范工程奖 						
二 								
1 								
2 								
3 								
4 								
5 								
6 								
7 								
								
8 								
9 								
10 								
11 								
12 								
13 								
14 								
15 								
16 								
17 								
18 								
19 								
20 								
21 								
								
工程项目获奖情况 	工程项目获奖情况 	工程项目获奖情况 	工程项目获奖情况 	工程项目获奖情况 	工程项目获奖情况 			
序号 	 项目名称 	奖项 	颁奖单位 	获奖年度 				
产业化促进中心 								
广东省建筑业协会建筑装饰分会 	2016 							
广东省建筑业协会建筑装饰分会 	2016 							
								
22 	土楼酒店四-六层室内装修工程 	广东省优秀建筑装饰工程奖 						
23 	常熟京国大酒店装饰工程 	广东省建筑装饰行业科技示范工程 						
								
序号 	项目名称 	项目概况 						
1 	人民大会堂金色大厅 	全国建筑工程装饰奖项目 						
2 	人民大会堂国家接待厅 	金鹏奖项目 						
3 	人民大会堂全国人大常委会会议厅 	全国建筑工程装饰奖项目 						
4 	人民大会堂江西厅 	金鹏奖项目 						
5 	人民大会堂云南厅 	人民大会堂精品项目 						
6 	人民大会堂山西厅 	人民大会堂精品项目 						
7 	人民大会堂新闻发布厅 	2016 年新建项目 						
8 	天津市高级人民法院 	鲁班奖项目 						
9 	国家体育总局办公楼 	全国装饰工程装饰奖项目 						
								
序号 	项目名称 	项目概况 						
1 	深圳腾讯大厦 	全国建筑工程装饰奖项目 						
2 	和记黄埔•盐田国际办公大楼 	全国建筑工程装饰奖项目 						
3 	中航直升机办公楼 	全国建筑工程装饰奖项目 						
4 	深圳迈瑞大厦 	广东省优秀建筑装饰工程奖 						
5 	江苏淮阴卷烟厂 	鲁班奖项目 						
6 	石家庄广播电视采编播综合业务大楼 	鲁班奖项目 						
7 	安徽广电新中心 	合肥市标志性建筑 						
8 	惠州金融街巽寮湾 	珠三角最大的在建滨海项目 						
9 	宝安区龙光世纪大厦 	金鹏奖项目 						
10 	江西铜业办公大楼 	金鹏奖项目 						
11 	腾讯公司科兴大厦 	金鹏奖项目 						
12 	顺丰科技园办公楼装修工程 	金鹏奖项目 						
								
序号 	项目名称 	项目概况 						
1 	海南博鳌国宾馆 	全国建筑工程装饰奖 						
2 	北京华尔道夫酒店 	北京王府井区域地标性酒店建筑 						
3 	北京颐和安缦酒店 	奢华五星级酒店，公司古建筑装饰的代表作 						
4 	河北太行国宾馆 	白金五星级酒店 						
5 	常熟铂尔曼酒店 	国际品牌高端酒店 						
6 	河北喜来登酒店 	超五星级标准精品酒店、河北省建筑工程装饰奖 						
7 	三亚索菲特酒店 	海南省国家海岸海棠湾的重点项目 						
8 	深圳湾一号深湾会所 	顶级豪华私人会所 						
9 	成都高新皇冠假日酒店 	五星级国际品牌酒店 						
10 	山西饭店 	著名主题文化酒店和旅游特色景点 						
								
序号 	项目名称 	项目概况 						
1 	故宫博物院慈宁宫装修工程 	故宫博物院古建修缮重点工程 						
2 	天津梅江会展中心工程 	鲁班奖项目 						
3 	西安浐灞展厅 	西安市重点文化项目 						
4 	博州博物馆 	蒙古族文化特色博物馆 						
5 	中国伞博物馆 	杭州城北新人文景观 						
6 	吴忠市民俗博物馆 	吴忠市重点文化项目 						
7 	深圳红十字会医院 	质量优良奖项目 						
8 	深圳市南山区文化体育中心 	优秀高效奖项目 						
9 	广州亚运城媒体村南区装饰工程 	全国建筑工程装饰奖项目 						
10 	中国兵器装备研究院 	建筑装饰工程奖项目 						
序号 	项目名称 	项目概况 						
1 	北京首都国际机场 	世界级枢纽机场航站楼 						
2 	莫桑比克国际机场航站楼 	机场类装饰顶级代表作 						
3 	深圳地铁一号线 	城市轨道交通类装饰的代表作 						
4 	敦煌火车站 	“汉唐流韵”建筑造型 						
5 	重庆“长江黄金三号”豪华游轮 	世界内河航运中最长的豪华游轮 						
6 	三亚凤凰国际机场新贵宾楼 	三亚市的窗口服务单位 						
7 	乌鲁木齐高铁站 	新疆铁路交通新枢纽工程项目 						
								
序号  	客户名称  	项目名称  	项目概况  					
1  	华润集团 	华润幸福里  	大型城市综合体高端住宅项目   					
1  	华润集团 	华润幸福里  	大型城市综合体高端住宅项目   					
2  	华润集团 	华润城润府 	大型城市综合体高端住宅项目 					
2  	华润集团 	华润城润府 	大型城市综合体高端住宅项目 					
3  	华润集团 	华润惠州小径湾 	高品质滨海度假型居所 					
3  	华润集团 	华润惠州小径湾 	高品质滨海度假型居所 					
4  	华润集团 	华润万象城项目  	大型城市综合体高端住宅项目 					
4  	华润集团 	华润万象城项目  	大型城市综合体高端住宅项目 					
5  	万达集团 	台州经开万达广场  	大型城市综合体高端住宅项目 					
5  	万达集团 	台州经开万达广场  	大型城市综合体高端住宅项目 					
6  	万达集团 	南昌万达城  	大型城市综合体高端住宅项目 					
6  	万达集团 	南昌万达城  	大型城市综合体高端住宅项目 					
7  	万达集团 	绵阳 CBD 万达广场 soho 公寓  	大型城市综合体高端住宅项目 					
7  	万达集团 	绵阳 CBD 万达广场 soho 公寓  	大型城市综合体高端住宅项目 					
8  	万达集团 	广州萝岗万达广场公寓  	大型城市综合体高端住宅项目 					
8  	万达集团 	广州萝岗万达广场公寓  	大型城市综合体高端住宅项目 					
9  	万达集团 	荆门万达广场住宅  	大型城市综合体高端住宅项目 					
9  	万达集团 	荆门万达广场住宅  	大型城市综合体高端住宅项目 					
10  	鹏瑞集团 	深圳湾一号顶级豪华公寓 	深圳豪宅精装修的顶级代表 					
10  	鹏瑞集团 	深圳湾一号顶级豪华公寓 	深圳豪宅精装修的顶级代表 					
11  	金融街 	金融街海公园  	五星级海边度假公寓   					
11  	金融街 	金融街海公园  	五星级海边度假公寓   					
12  	中海地产 	中海国际社区  	城市高端住宅项目   					
12  	中海地产 	中海国际社区  	城市高端住宅项目   					
13  	中天城投 	贵阳中天未来方舟   	大型居住、度假社区   					
13  	中天城投 	贵阳中天未来方舟   	大型居住、度假社区   					
								
项目 	2016 年 1-6 月 	2016 年 1-6 月 	2015 年度 	2015 年度 	2014 年度 	2014 年度 	2013 年度 	2013 年度 
项目 	金额 （万元） 	比例 （%） 	金额 （万元） 	比例（%） 	金额 （万元） 	比例（%） 	金额 （万元） 	比例（%） 
一、装饰施工业务 	71,724.95 	99.13 	132,781.17 	99.28 	179,528.22 	99.67 	176,410.53 	99.00 
其中：公共建筑装饰 	51,220.75 	70.79 	103,642.90 	77.49 	159,063.31  	88.31 	136,755.14  	76.75 
住宅精装	20,504.20 	28.34 	29,138.27 	21.79 	20,464.91  	11.36 	39,655.39  	22.25 
项目 	2016 年 1-6 月 	2016 年 1-6 月 	2015 年度 	2015 年度 	2014 年度 	2014 年度 	2013 年度 	2013 年度 
项目 	金额 （万元） 	比例 （%） 	金额 （万元） 	比例（%） 	金额 （万元） 	比例（%） 	金额 （万元） 	比例（%） 
修 								
二、装饰设计业务 	628.25 	0.87 	969.19 	0.72 	545.06 	0.30 	1,775.83 	1.00 
三、木制品销售 	- 	- 	- 	- 	47.47 	0.03 	2.00 	0.00 
合计 	72,353.21 	100.00 	133,750.36 	100.00 	180,120.75 	100.00 	178,188.36 	100.00 
								
地区分类 	2016 年 1-6 月 	2016 年 1-6 月 	2015 年度 	2015 年度 	2014 年度 	2014 年度 	2013 年度 	2013 年度 
地区分类 	金额 （万元） 	比例（%） 	金额 （万元） 	比例（%） 	金额 （万元） 	比例（%） 	金额 （万元） 	比例（%） 
华南地区 	43,191.34 	59.70 	55,670.90 	41.62 	56,987.08  	31.64 	59,782.17 	33.55 
华东地区 	14,751.92 	20.39 	29,316.83 	21.92 	41,766.61  	23.19 	38,243.31 	21.46 
华北地区 	3,412.52 	4.72 	17,057.50 	12.75 	24,613.13  	13.66 	23,511.04 	13.19 
西南地区 	4,997.48 	6.91 	13,913.07 	10.40 	20,345.51  	11.30 	7,948.36 	4.46 
西北地区 	3,996.64 	5.52 	7,997.30 	5.98 	18,771.66  	10.42 	35,910.57 	20.15 
华中地区 	2,003.32 	2.77 	9,629.93 	7.20 	16,246.86  	9.02 	5,840.38 	3.28 
东北地区 	- 	- 	164.83 	0.12 	1,389.89  	0.77 	6,952.53 	3.90 
合计 	72,353.21 	100.00 	133,750.36 	100.00 	180,120.75 	100.00 	178,188.36 	100.00 
								
年份 	序号 	客户名称 	是否 关联方 	营业收入 	占公司营业收入的比例（%） 	占公司营业收入的比例（%） 		
2016年1-6月 	1 	广东中胜置业有限公司 	否 	7,574.76 	10.47 	10.47 		
2016年1-6月 	2 	深圳市诚略实业发展有限公司 	否 	7,247.40 	10.01 	10.01 		
2016年1-6月 	3 	中天城投集团股份有限公司 	否 	3,651.13 	5.04 	5.04 		
2016年1-6月 	4 	中国工商银行股份有限公司温州分行 	否 	3,343.37 	4.62 	4.62 		
2016年1-6月 	5 	深圳鹏瑞集团有限公司注 1 	否 	3,228.79 	4.46 	4.46 		
2016年1-6月 	 	合计 	 	25,045.45 	34.61 	34.61 		
2015年度 	1 	大连万达集团股份有限公司 	否 	14,796.95 	11.06 	11.06 		
2015年度 	2 	北京天安佳盈置业有限公司 	否 	10,598.42 	7.92 	7.92 		
2015年度 	3 	华润置地有限公司 	否 	8,446.84 	6.31 	6.31 		
年份 	序号 	客户名称 	是否 关联方 	营业收入 	占公司营业收入的比例（%） 	占公司营业收入的比例（%） 		
4 	长兴电器（深圳）制造有限公司 	否 	7,734.40 	5.78 	5.78 			
5 	中海地产集团有限公司 	否 	6,626.31 	4.95 	4.95 			
 	合计 	 	48,202.91 	36.02 	36.02 			
1 	三亚皇圃大酒店有限公司 	否 	11,853.70  	6.58 	6.58 			
2 	中天城投集团股份有限公司 	否 	7,574.52  	4.20 	4.20 			
3 	深圳鹏瑞集团有限公司注 2 	否 	6,892.87 	3.83 	3.83 			
4 	中国民生银行股份有限公司 	否 	6,283.52  	3.49 	3.49 			
5 	萍乡武功山西海温泉开发有限公司 	否 	5,808.07  	3.22 	3.22 			
 	合计 	 	38,412.68 	21.32 	21.32 			
1 	三亚皇圃大酒店有限公司 	否 	9,277.29  	5.21 	5.21 			
2 	宁夏共享地产有限公司 	否 	8,424.89  	4.73 	4.73 			
3 	佛山市南海俊诚房地产开发有限公司 	否 	7,013.65  	3.94 	3.94 			
4 	金融街惠州置业有限公司 	否 	5,865.44  	3.29 	3.29 			
5 	深圳市龙光控股有限公司 	否 	5,247.07 	2.94 	2.94 			
 	合计 	 	35,828.34 	20.11 	20.11 			
								
2014年度 								
2013年度 								
								
材料名称 	2016 年 1-6 月 	2016 年 1-6 月 	2015 年度 	2015 年度 	2014 年度 	2014 年度 	2013 年度 	2013 年度 
材料名称 	金额 （万元） 	比例 （%） 	金额 （万元） 	比例 （%） 	金额 （万元） 	比例（%） 	金额 （万元） 	比例（%） 
石材类 	7,524.99 	19.87 	15,130.17 	21.83 	 18,985.98  	19.86 	 15,040.97  	15.93 
金属类 	4,166.60 	11.00 	8,540.72 	12.32 	 12,362.04  	12.93 	  8,927.50  	9.45 
基础辅材类 	6,774.72 	17.89 	8,363.94 	12.07 	 12,652.90  	13.23 	 11,081.63  	11.73 
材料名称 	2016 年 1-6 月 	2016 年 1-6 月 	2015 年度 	2015 年度 	2014 年度 	2014 年度 	2013 年度 	2013 年度 
材料名称 	金额 （万元） 	比例 （%） 	金额 （万元） 	比例 （%） 	金额 （万元） 	比例（%） 	金额 （万元） 	比例（%） 
机电安装类 	5,984.99 	15.80 	7,994.66 	11.54 	 16,853.55  	17.63 	 16,992.29  	17.99 
地板类 	1,579.66 	4.17 	9,111.09 	13.15 	  8,523.03  	8.91 	 12,007.13  	12.71 
陶瓷类 	2,486.02 	6.56 	4,676.33 	6.75 	  7,403.19  	7.75 	  8,762.52  	9.28 
木制品家具类 	3,567.36 	9.42 	5,341.69 	7.71 	  6,853.80  	7.17 	  6,791.12  	7.18 
油漆化工类 	931.36 	2.46 	2,753.24 	3.97 	4,210.36  	4.40 	  5,524.73  	5.85 
玻璃类 	1,448.17 	3.82 	3,901.82 	5.63 	  4,687.64  	4.90 	  5,136.92  	5.44 
软装饰品类 	1,369.45 	3.62 	1,810.48 	2.61 	  2,519.42  	2.63 	  3,416.65  	3.62 
综合其他 	2,044.78 	5.40 	1,674.77 	2.42 	    565.69  	0.59 	    780.54  	0.82 
合计 	37,878.10 	100.00 	69,298.91 	100.00 	 95,617.60  	100.00 	94,462.00  	100.00 
								
年份 	序号 	供应商名称 	是否 关联方 	采购金额（万元） 	占当期原材料采购总额的 比例（%） 			
2016年1-6月 	1 	深圳市旺美装饰材料有限公司 	否 	1,536.85 	4.06 			
2016年1-6月 	2 	深圳市艺尚达装饰材料有限公司 	否 	1,294.79 	3.42 			
2016年1-6月 	3 	深圳市盛隆木业有限公司 	否 	1,216.20 	3.21 			
2016年1-6月 	4 	深圳市坤盛建材有限公司 	否 	1,187.70 	3.14 			
2016年1-6月 	5 	深圳市裕亚发实业有限公司 	否 	973.28 	2.57 			
2016年1-6月 	 	合计 	 	6,208.82 	16.39 			
2015年度 	1 	深圳市雄达伟建材有限公司 	否 	1,681.27 	2.43 			
2015年度 	2 	深圳市中友鑫发建材贸易有限公司 	否 	1,604.36 	2.32 			
2015年度 	3 	深圳市贵顺和建筑装饰有限公司 	否 	1,225.72 	1.77 			
2015年度 	4 	佛山市三水凤铝铝业有限公司 	否 	921.62 	1.33 			
年份 	序号 	供应商名称 	是否 关联方 	采购金额（万元） 	占当期原材料采购总额的 比例（%） 			
5 	杭州春水镀膜玻璃有限公司 	否 	778.53 	1.12 				
 	合计 	 	6,211.50 	8.96 				
1 	深圳市雄达伟建材有限公司 	否 	2,061.68 	2.16 				
2 	深圳市磊亿石材有限公司 	否 	1,591.17 	1.66 				
3 	深圳市富维诗恒实业有限公司 	否 	1,404.70 	1.47 				
4 	深圳市福清亮建材贸易有限公司 	否 	1,397.27 	1.46 				
5 	北京东郊四惠桥京鹏建材经销部 	否 	1,153.20 	1.21 				
 	合计 	 	7,608.02 	7.96 				
1 	天津博和通建材销售有限公司 	否 	1,735.89 	1.84 				
2 	深圳市欧比贸易有限公司 	否 	1,629.26 	1.72 				
3 	天津市丰启阁商贸有限公司 	否 	1,363.54 	1.44 				
4 	深圳市旭日制冷设备有限公司 	否 	1,297.64 	1.37 				
5 	东莞市源宽贸易有限公司 	否 	1,187.13 	1.26 				
 	合计 	 	7,213.46 	7.64 				
								
2014年度 								
2013年度 								
								
项目 	2016 年 1-6 月 	2015 年度 	2014 年度 	2013 年度 				
劳务采购总额（万元） 	21,856.18 	38,426.60 	47,179.82  	59,092.32  				
劳务采购金额占施工成本比重 	31.54% 	34.94% 	31.48% 	36.99% 				
								
年份 	序号 	供应商名称 	是否 关联方 	劳务结算金额（万元） 	占当期劳务结算的比例（%） 			
2016年1-6月 	1 	深圳市同德源建筑劳务分包有限公司 	否 	6,911.24 	31.62 			
2016年1-6月 	2 	深圳市玖胜建筑劳务有限公司 	否 	5,394.75 	24.68 			
2016年1-6月 	3 	深圳市粤匠建筑劳务有限公司 	否 	5,012.05 	22.93 			
2016年1-6月 	4 	深圳市康安建筑劳务有限公司 	否 	3,184.80 	14.57 			
2016年1-6月 	5 	深圳市国光辉劳务派遣有限公司 	否 	452.19 	2.07 			
2016年1-6月 	 	合计 	 	20,955.03 	95.88 			
2015年度 	1 	深圳市玖胜建筑劳务有限公司 	否 	14,106.78 	36.71 			
2015年度 	2 	深圳市同德源建筑劳务分包有限公司 	否 	6,249.74 	16.26 			
2015年度 	3 	深圳市粤匠建筑劳务有限公司 	否 	6,024.55 	15.68 			
2015年度 	4 	深圳市国光辉劳务派遣有限公司 	否 	3,411.34 	8.88 			
2015年度 	5 	深圳市康安建筑劳务有限公司 	否 	3,031.08 	7.89 			
2015年度 	 	合计 	 	32,823.49 	85.42 			
2014年度 	1 	深圳市同德源建筑劳务分包有限公司 	否 	12,082.00 	25.61 			
2014年度 	2 	深圳市粤匠建筑劳务有限公司 	否 	11,580.22 	24.54 			
2014年度 	3 	深圳市玖胜建筑劳务有限公司 	否 	9,943.50 	21.08 			
2014年度 	4 	深圳市国光辉劳务派遣有限公司 	否 	3,771.41 	7.99 			
2014年度 	5 	新疆永基石劳务有限公司 	否 	2,936.20 	6.22 			
2014年度 	 	合计 	 	40,313.32 	85.45 			
2013年度 	1 	深圳市国光辉劳务派遣有限公司 	否 	16,670.57 	28.21 			
2013年度 	2 	深圳市粤匠建筑劳务有限公司 	否 	15,836.72 	26.80 			
2013年度 	3 	深圳市同德源建筑劳务分包有限公司 	否 	10,791.44 	18.26 			
2013年度 	4 	新疆永基石劳务有限公司 	否 	4,162.78 	7.04 			
2013年度 	5 	深圳中建劳务有限公司 	否 	2,851.20 	4.82 			
2013年度 	 	合计 	 	50,312.70 	85.14 			
								
序号 	房屋名称 	房产证号 	房屋位置 	用途 	建筑面积（㎡） 			
1 	振业景洲大厦裙楼101 	深房地字第3000588530 号 	深圳市福田区新洲路以西、莲花路以南 	商业 	2,480.50 			
2 	华美 3#合成厂房注 1 	深房地字0400343 号 	深圳市福田区振兴路 	厂房 	712.08 			
								
序号 	合同号 	房屋位置 	用途 	用途 	建筑面积（㎡） 	入账价值（万元） 	入账价值（万元） 	
1 	深福人单字（2014）第 00001 号 	深圳市福田区侨香路一冶广场 1 栋 B 座（单元）2502 房 	住宅 	住宅 	59.60 	37.62 	37.62 	
2 	深福人单字颂德（2015）第 00001 号 	深圳市福田区梅林二街颂德花园 2 号楼1605 房 	住宅 	住宅 	64.82 	45.45 	45.45 	
3 	深福人单字坤宜	深圳市龙岗区平湖凤	住宅 	住宅 	88.16 	46.51 	46.51 	
序号 	合同号 	房屋位置 	用途 	用途 	建筑面积（㎡） 	入账价值（万元） 	入账价值（万元） 	
（2016）第 00172 号 	凰大道南侧坤宜福苑 4号楼 1009 房 							
深福人单字坤宜（2016）第 00173 号 	深圳市龙岗区平湖凤凰大道南侧坤宜福苑 4号楼 1010 房 	住宅 	住宅 	88.17 	46.52 	46.52 		
深福人单字坤宜（2016）第 00174 号 	深圳市龙岗区平湖凤凰大道南侧坤宜福苑 4号楼 2605 房 	住宅 	住宅 	58.79 	39.91 	39.91 		
深福人单字坤宜（2016）第 00175 号 	深圳市龙岗区平湖凤凰大道南侧坤宜福苑 4号楼 2606 房 	住宅 	住宅 	58.79 	39.91 	39.91 		
深福人单字坤宜（2016）第 00176 号 	深圳市龙岗区平湖凤凰大道南侧坤宜福苑 6号楼 2803 房 	住宅 	住宅 	58.78 	41.43 	41.43 		
深福人单字坤宜（2016）第 00177 号 	深圳市龙岗区平湖凤凰大道南侧坤宜福苑 6号楼 2808 房 	住宅 	住宅 	58.78 	37.50 	37.50 		
深福人单字坤宜（2016）第 00178 号 	深圳市龙岗区平湖凤凰大道南侧坤宜福苑 6号楼 2809 房 	住宅 	住宅 	87.76 	55.98 	55.98 		
深福人单字坤宜（2016）第 00179 号 	深圳市龙岗区平湖凤凰大道南侧坤宜福苑 6号楼 2810 房 	住宅 	住宅 	87.77 	55.99 	55.99 		
 	 	 	711.42 	446.82 	446.82 			
								
4 								
5 								
6 								
7 								
8 								
9 								
10 								
合计 	合计 							
								
公司名称 	土地使用权证号 	土地位置 	面积（㎡） 	使用期限 	用途 	类型 		
维业科技 	陆河国用（2016）第 000102 号 	陆河县新河工业园区 	67,965 	2016.5.9-2064.9.22 	工业 	出让 		
								
序号 	商标 	注册 证号 	注册人 	取得 方式 	核定服务项目（类别） 	使用期限 		
1 	 	3480060 	维业股份 	续展注册 	第 42 类 	2015.1.21-2025.1.20 		
2 	 	3480059 	维业股份 	续展注册 	第 42 类 	2015.1.21-2025.1.20 		
3 	 	3480058 	维业股份 	续展注册 	第 37 类 	2015.2.7-2025.2.6 		
4 	 	3480057 	维业股份 	续展注册 	第 37 类 	2015.2.7-2025.2.6 		
5 	 	12554898 	维业股份 	申请注册 	第 36 类 	2014.10.7-2024.10.6 		
6 	 	12554828 	维业股份 	申请注册 	第 19 类 	2014.10.7-2024.10.6 		
7 	 	12554868 	维业股份 	申请注册 	第 35 类 	2014.10.7-2024.10.6 		
8 	 	12554991 	维业股份 	申请注册 	第 44 类 	2014.10.7-2024.10.6 		
9 	 	12555034 	维业股份 	申请注册 	第 45 类 	2014.10.7-2024.10.6 		
10 	 	12555347 	维业股份 	申请注册 	第 6 类 	2014.10.7-2024.10.6 		
11 	 	12555313 	维业股份 	申请注册 	第 7 类 	2014.10.7-2024.10.6 		
序号 	商标 	注册 证号 	注册人 	取得 方式 	核定服务项目（类别） 	使用期限 		
12 	 	12554791 	维业股份 	申请注册 	第 7 类 	2014.10.7-2024.10.6 		
13 	 	12554674 	维业股份 	申请注册 	第 37 类 	2014.10.7-2024.10.6 		
14 	 	12555087 	维业股份 	申请注册 	第 44 类 	2014.10.7-2024.10.6 		
15 	 	12555054 	维业股份 	申请注册 	第 45 类 	2014.10.7-2024.10.6 		
16 	 	12555273 	维业股份 	申请注册 	第 19 类 	2014.10.7-2024.10.6 		
17 	 	12555219 	维业股份 	申请注册 	第 35 类 	2014.10.7-2024.10.6 		
18 	 	12555170 	维业股份 	申请注册 	第 36 类 	2014.10.7-2024.10.6 		
19 	 	12555122 	维业股份 	申请注册 	第 43 类 	2014.10.7-2024.10.6 		
20 	 	12554703 	维业股份 	申请注册 	第 42 类 	2014.10.7-2024.10.6 		
21 	 	12554938 	维业股份 	申请注册 	第 43 类 	2014.10.7-2024.10.6 		
22 	 	12554753 	维业股份 	申请注册 	第 6 类 	2015.3.21-2025.3.20 		
								
序号 	专利名称 	专利号 	专利类型 	专利有效期限 				
1 	边框装饰材料 	ZL201220741415.0 	实用新型 	2013.5.26- 2023.5.25 				
2 	带有装饰图纹的天花板 	ZL201220741525.7 	实用新型 	2012.12.29- 2022.12.28 				
3 	吊挂装饰材料 	ZL201320008323.6 	实用新型 	2013.1.9- 2023.1.8 				
4 	顶棚吊顶 	ZL201320012503.1 	实用新型 	2013.1.11- 2023.1.10 				
5 	多层颜色装饰板 	ZL201320008319.X 	实用新型 	2013.1.9- 2023.1.8 				
6 	防震无声的装饰窗 	ZL201320012501.2 	实用新型 	2013.1.11- 2023.1.10 				
7 	隔音装饰板 	ZL201220741064.3 	实用新型 	2012.12.29- 2022.12.28 				
序号 	专利名称 	专利号 	专利类型 	专利有效期限 				
8 	恒温墙面 	ZL201220742087.6 	实用新型 	2012.12.29- 2022.12.28 				
9 	恒温装饰材料 	ZL201220742138.5 	实用新型 	2012.12.29- 2022.12.28 				
10 	环保装饰片 	ZL201320008339.7 	实用新型 	2013.1.9- 2023.1.8 				
11 	快速拆装市内墙板结构 	ZL201220742564.9 	实用新型 	2012.12.29- 2022.12.28 				
12 	立体复合板 	ZL201320008330.6 	实用新型 	2013.1.9- 2023.1.8 				
13 	幕墙连接结构 	ZL201220741062.4 	实用新型 	2012.12.29- 2022.12.28 				
14 	幕墙支撑连接机构 	ZL201320008324.0 	实用新型 	2013.1.9- 2023.1.8 				
15 	幕墙支撑装置 	ZL201220741065.8 	实用新型 	2012.12.29- 2022.12.28 				
16 	耐高温装饰板 	ZL201220741414.6 	实用新型 	2012.12.29- 2022.12.28 				
17 	内接式幕墙 	ZL201320012502.7 	实用新型 	2013.1.11- 2023.1.10 				
18 	三维装饰木板 	ZL201220741061.X 	实用新型 	2012.12.29- 2022.12.28 				
19 	省材幕墙 	ZL201220742716.5 	实用新型 	2012.12.29- 2022.12.28 				
20 	竖型百叶片窗 	ZL201320012505.0 	实用新型 	2013.1.11- 2023.1.10 				
21 	天花板边框结构 	ZL201220742717.X 	实用新型 	2012.12.29- 2022.12.28 				
22 	天花板固定结构 	ZL201320008332.5 	实用新型 	2013.1.9- 2023.1.8 				
23 	天花板固定结构 	ZL201220741067.7 	实用新型 	2012.12.29- 2022.12.28 				
24 	吸音吊顶材料 	ZL201320008325.5 	实用新型 	2013.1.9- 2023.1.8 				
25 	新型复合地板 	ZL201220741422.0 	实用新型 	2012.12.29- 2022.12.28 				
26 	新型幕墙 	ZL201220740694.9 	实用新型 	2012.12.29- 2022.12.28 				
27 	新型幕墙连接结构 	ZL201320008337.8 	实用新型 	2013.1.9- 2023.1.8 				
28 	新型装饰膜纸 	ZL201320008333.X 	实用新型 	2013.1.9- 2023.1.8 				
序号 	专利名称 	专利号 	专利类型 	专利有效期限 				
29 	新型装饰窗 	ZL201320012500.8 	实用新型 	2013.1.11- 2023.1.10 				
30 	一种地面装饰平铺结构 	ZL201320008326.X 	实用新型 	2013.1.9- 2023.1.8 				
31 	一种防变形的胶板 	ZL201320008329.3 	实用新型 	2013.1.9- 2023.1.8 				
32 	一种改进型装饰板 	ZL201220742089.5 	实用新型 	2012.12.29- 2022.12.28 				
33 	一种建筑物预留孔填充装置 	ZL201220741066.2 	实用新型 	2012.12.29- 2022.12.28 				
34 	一种可拆装装饰木板连接结构 	ZL201220741421.6 	实用新型 	2012.12.29- 2022.12.28 				
35 	一种抹灰工具 	ZL201220741068.1 	实用新型 	2012.12.29- 2022.12.28 				
36 	一种立体装饰墙面 	ZL201220741423.5 	实用新型 	2012.12.29- 2022.12.28 				
37 	一种幕墙夹持结构 	ZL201220741063.9 	实用新型 	2012.12.29- 2022.12.28 				
38 	一种耐高温装饰材料 	ZL201320008321.7 	实用新型 	2013.1.9- 2023.1.8 				
39 	一种新型地板 	ZL201320008340.X 	实用新型 	2013.1.9- 2023.1.8 				
40 	一种装饰纸剪切工具 	ZL201320008335.9 	实用新型 	2013.1.9- 2023.1.8 				
41 	一种装饰喷涂装置 	ZL201320008328.9 	实用新型 	2013.1.9- 2023.1.8 				
42 	折叠式装饰板 	ZL201320012504.6 	实用新型 	2013.1.11- 2023.1.10 				
43 	智能装饰窗 	ZL201320012499.9 	实用新型 	2013.1.11- 2023.1.10 				
44 	装饰材料测试装置 	ZL201320008372.X 	实用新型 	2013.1.9- 2023.1.8 				
45 	装饰连线工具 	ZL201320008322.1 	实用新型 	2013.1.9- 2023.1.8 				
46 	装饰用移动工作平台 	ZL201320008338.2 	实用新型 	2013.1.9- 2023.1.8 				
47 	自由拼接装饰板 	ZL201320012506.5 	实用新型 	2013.1.11- 2023.1.10 				
								
资质名称 	发证机关 	证书编号 						
建筑装饰工程设计专项甲级 	住建部 	A144007523 						
建筑幕墙工程设计专项甲级 	住建部 	A144007523 						
建筑装修装饰工程专业承包壹级 	广东省住房和城乡建设厅 	D244064980 						
建筑机电安装工程专业承包壹级 	广东省住房和城乡建设厅 	D244064980 						
建筑幕墙工程专业承包壹级 	广东省住房和城乡建设厅 	D244064980 						
电子与智能化工程专业承包贰级 	深圳市住房和建设局 	D344091409 						
钢结构工程专业承包叁级 	深圳市住房和建设局 	D344091409 						
对外承包工程资格 	深圳市经济贸易和信息化委员会 	4403201600002 						
								
序号 	技术名称 	技术特点 	对应奖项、专利或工程 					
1 	GRG 天花造型 	GRG 玻璃纤维石膏是在高强石膏制品中加入玻璃纤维，造型防火等级高、环保无污染，材质轻韧性好，开模可制作各种造型效果，安装简单不易开裂，制作各种线条和造型效	建筑装饰行业科技创新成果，应用于腾讯公司万利达办公区装修工程 					
序号 	技术名称 	技术特点 	对应奖项、专利或工程 					
果极佳。 								
水泥自流平是科技含量高、技术环节比较复杂的高新绿色产品，这种液态物质可根据地面的高低不平顺势流动，对地面进行自动找平，并很快达到干燥，固化后的地面会形成一层光滑、平整、无缝的新基层。具有安全、无污染、美观、快速施工与投入使用是自流平水泥的特色。 	建筑装饰行业科技创新成果： 腾讯公司万利达办公区装修工程 	建筑装饰行业科技创新成果： 腾讯公司万利达办公区装修工程 						
从石材防护剂的应用，扩展到地面石材整体化处理并配合结晶硬化处理的施工，可以提高功效、提高整体工程质量、防止工程后期出现石材病变。利于日常清洁，并增加石材表层硬度、锐度、光泽度及耐磨度，耐磨性能好能有效的保护石材，延长石材的使用寿命。 	建筑装饰行业科技创新成果： 华南国际纺织服装原辅料物流区二期精装修工程 A 标段 	建筑装饰行业科技创新成果： 华南国际纺织服装原辅料物流区二期精装修工程 A 标段 						
是一种轻型吸声材料，它与穿孔板复合组成吸声体，具有良好的吸声作用，根据测试表明可取代 40MM 厚矿物纤维吸声材料（玻璃棉、岩棉），即节省了成本。减少污染，重量极轻，被人们称为“无质量”、“无厚度”、“无体积”的吸声材料。 	建筑装饰行业科技创新成果： 腾讯公司宝安龙光大厦装修工程B标段、C标段、D标段 	建筑装饰行业科技创新成果： 腾讯公司宝安龙光大厦装修工程B标段、C标段、D标段 						
是一种到顶的，可完全划分空间的隔断。隔断从美观、实效、环保、多功能方面注入更多人性化的需求元素，从而塑造富有个性化和高品质的室内空间，是室内“工业化装潢”的一种新形式。 	建筑装饰行业科技创新成果： 腾讯公司宝安龙光大厦装修工程B标段、C标段、D标段 	建筑装饰行业科技创新成果： 腾讯公司宝安龙光大厦装修工程B标段、C标段、D标段 						
通过理论和测试分析，提出建筑玻璃贴膜的标准化工艺，指导建筑施工实施。以节能为主要目的，附带阻隔紫外线和安伞防爆功能，能有效阻隔夏季太阳巨大热量（可达 79％太阳热能）和眩目强光，但不影响光线进入，使室内更阴凉；而冬季却能减少热量透过玻璃的损失，贴在单层玻璃内表面时可降低热损耗 30％左右，起到了冬暖夏凉的作用。 	建筑装饰行业科技创新成果： 中航直升机有限责任公司天津产业基地建设项目总部研发中心精装修工程一标段 	建筑装饰行业科技创新成果： 中航直升机有限责任公司天津产业基地建设项目总部研发中心精装修工程一标段 						
用新型环保节能材料蛭石 EV 防火隔声板代替了石膏板或者传统的砌体隔墙，使隔墙的隔音、防火、保温隔热性能更优越，节能环保性能更突出。改变了传统的轻钢龙骨隔墙的施工工艺，利用蛭石 EV 防火隔声板的隔音、防火、保温隔热等优点，节省了隔墙内加岩棉、隔墙外加吸音板等隔音防火保温处理的工序和费用，使隔墙施工的工效更高、经济效益明显优于传统隔墙。具有工艺简单，	建筑装饰行业科技创新成果： 交通银行安徽省分行办公楼改造工程室内装饰工程 	建筑装饰行业科技创新成果： 交通银行安徽省分行办公楼改造工程室内装饰工程 						
序号 	技术名称 	技术特点 	对应奖项、专利或工程 					
安装方便，效率高，无湿作业，有利于装饰施工和管线设置，可提高机械化、装配化和工厂化水平。 								
1、防水防污性能更佳：用 AB 胶粘贴的玻璃纤维网在现场使用时不用拆除，不会破坏防水层，因为 AB 胶固化的特性及近几年我司应用可知，满刷 AB 胶后其防水防污性能更好； 2、施工性能提升、质量保障更好：石材背面粘贴碎石后形成的毛糙面保证了湿贴石材粘贴性强，不会因背面光滑而下滑，自重减轻减少下坠从而产生空鼓脱落的现象。石材减薄约 40%，自重减轻很多，施工更方便，且规格可适当放大，石材背面有粘贴的碎石粒毛糙面，只需使用薄涂粘接剂使石材粘贴性能更好、更快，长期使用不易脱落。 3、经济效率高、适应性强：减薄后大理石价格降低 150 元/m2；涂刷 AB 胶加网加碎石粒需增加 25 元/m2；实际材料价降低 125 元/m2约 20%。 	建筑装饰行业科技创新成果： 大厂潮白河喜来登酒店室内精装修工程（二标段） 	建筑装饰行业科技创新成果： 大厂潮白河喜来登酒店室内精装修工程（二标段） 						
1、隔声性能优越：本技术工艺采取的系统改善整体轻质隔墙的隔声性能的措施进一步提高了双层龙骨隔墙系统的隔声效果。 2、保温隔热、防火性能好：双层龙骨、双层岩棉和多层石膏板的组合构造措施使其保温隔热、防火性能优于常规的单层龙骨石膏板隔墙。 3、整体稳定性、抗震性好：双层龙骨通过橡胶固定块柔性连接成一体，既增强了隔墙的整体稳定性和抗侧刚度，又减少了结构共振，抗震性能好。 4、施工简便，工效高：工艺简单，安装施工干作业，方便快捷，工效高。 5、便于安装设备管线：垂直走向安装的设备管线很容易被安放在龙骨框架中。 6、节能环保：石膏板是一种节能环保的绿色建材，本技术工艺采用的双层岩棉进一步提高了保温隔热性能和节能效果。 	建筑装饰行业科技创新成果： 台湾饭店翻扩建工程精装修工程（第三标段） 	建筑装饰行业科技创新成果： 台湾饭店翻扩建工程精装修工程（第三标段） 						
解决安装中空玻璃幕墙容易漏气、以及安装不方便、成本高的问题。采用本施工方法达到了结构合理、简单，不需要在幕墙玻璃上钻孔，且能改善幕墙的受力状况，同时也节省了成本。 	实用新型专利 发明人：庄耿杜 专利号：ZL  2012  2 0741063.9 	实用新型专利 发明人：庄耿杜 专利号：ZL  2012  2 0741063.9 						
序号 	技术名称 	技术特点 	对应奖项、专利或工程 					
11 	新型幕墙连接结构施工及应用 	一种安装、维护方便、易于清理、实用方便的幕墙连接结构包括开窗装置及幕墙。采用本连接结构的幕墙非常方便安装，同时可以使得幕墙从室内即可进行拆卸，降低了拆卸清理操作的施工难度和危险，节约了拆装时间。 	实用新型专利 发明人：庄耿杜 专利号：ZL  2013  2 0008337.8 					
12 	内接式幕墙施工应用 	一种内接式幕墙，已解决现有技术存在的施工进度慢和施工安全隐患问题，技术特点为把横向支撑杆和支撑柱分解成主体结构型材和玻内盖板。采用本技术可以达到加快施工进度、提高劳动效率、增强施工安全性的目的。 	实用新型专利 发明人：彭海辉 专利号：ZL  2013  2 0012502.7 					
13 	吸音吊顶材料施工及应用 	解决传统吊顶的吸音性、反射性差的问题，使用一种吸音吊顶材料新型工艺，在吊顶系统中增加专用缓冲吊件，采用双层吊层（顶挂吊层、底挂吊层）以及硅胶黏胶封堵孔洞等方式，有效阻止了上层露面对房间内声音的传递，达到了隔音的优异效果，保证了房间的独立性。 	实用新型专利 发明人：庄耿杜 专利号：ZL  2013  2 008325.5 					
14 	智能装饰窗 	本智能装饰窗除饰窗窗框和玻璃外，还包括了控制模块、红外传感器和灯带，当人靠近饰窗时，红外传感器检测到人体信号，并将信号传递至控制模块，控制模块接受信号后，自动启动灯带，达到装饰效果。该种装饰窗结构简单、安装方便、智能化强，且能很好的起到室内装饰的效果。 	实用新型专利 发明人：赖德建 专利号：ZL  2013  2 0012499.9 					
								
2 	水泥自流平的应用 							
3 	石材毛平板铺设整体研磨及石材养护技术 							
4 	防静电吸声纸的应用 							
5 	双玻高隔墙的应用 							
6 	建筑玻璃贴隔热节能膜施工技术 							
7 	蛭石 EV 防火隔声板隔墙施工技术 							
								
8 	大理石背贴碎石新型加工工艺的应用 							
9 	双层分离式轻钢龙骨双面石膏板隔音墙施工技术 							
10 	幕墙夹持结构施工应用 							
								
序号 	项目名称 	设计理念 	获奖情况 					
1 	上海汉宫俱乐部 	此设计方案以“奇幻”特色为主线，运用“大地的岩石、海洋的冰岛、璀璨的星空”等元素，寓意了“天、地、人和”的高度融合，场景奢华又不失大气简约。俱乐部的地面、天花、墙壁形成了场景空间的三位一体效果，塑造了大地岩石的粗狂、海洋冰岛的深邃、璀璨星空的梦幻之感，浑然天成。 	第四届中国（深圳）国际文化产业博览交易会 中 国 创 意 设 计大奖银奖 					
2 	马达加斯加五星级酒店 	马达加斯加五星级酒店的设计理念是以体现印度洋岛国风情为主线展示，在空间处理手法上使用连续性设计元素，使整体构造统一协调，将岛国风情的民族纹理图案加以抽象变形，运用到室内空间中，并在尊重建筑设计的基础上，对公共区域作了局部调整，使功能布局更加合理，从而营造出浓郁的岛国风情及特色文化。 	第四届中国（深圳）国际文化产业博览交易会 中 国 创 意 设 计大奖铜奖 					
3 	海口康年皇冠花园酒店 	以“东方神韵与西方风情”融汇一体为主线，酒店的整体设计方案以西式贵族明朗的金黄色调为主，铺垫了整个酒店空间的奢华气息，中式元素信手拈来，经过转换变幻后成为独有的设计风格。酒店空间装饰以一种超前现代感的布局进行搭配，不仅融合了西方异域元素，同时又将中国传统的历史文化与现代时尚的都市生活元素融入其中。无论是地毯的泼墨山水图，还是墙壁的挂灯，都在散发着“西方风情与东方神韵”的交汇融合。 	中 国 创 意 设 计大奖优秀奖 					
4 	安徽日报报业集团 	此方案设计以突出安徽主流媒体形象为主线，以城市空间结构为出发点，注意处理好建筑与城市的空间关系。运用现代建筑设计手法，充分体现建筑物的时代特征，并合理运用了建筑节能技术，通过顶部透视的太阳能板，使整个空间达到了最大化的采光及节能效果，将徽文化与建筑物完美统一，塑造出宏伟壮观、特征鲜明的文化建筑形象。 	第四届中国（深圳）国际文化产业博览交易会 中 国 创 意 设 计大奖优秀奖 					
5 	广东省委“新一号”工程装饰设计 	广东省委新一号办公楼的设计理念以“高效、廉洁、阳光”为中心，以“实用、简洁、大方”为原则，在空间装饰设计上追求实用与艺术的和谐，摒弃了浮华、奢侈，采用朴实、普通的装饰材料营造了一个庄重大方，明亮开阔的办公空间,彰显了广东省委发扬艰苦奋斗，勤俭节约的优良传统和作风的精神。 	深 圳 市 设 计 佳作奖 					
								
序号 	课题名称 	内容介绍 	技术创新点 					
1 	智能玻璃 	随着玻璃幕墙及玻璃门窗的广泛使用，如何控制和调节阳光照入室内的强度，又不用安装窗帘，能达到节能环保的要求，研究一种材料附着于玻璃上，随着光线和温度的大小调节玻璃的透光率。 	附着于玻璃上的液晶材料通过电流的变换，控制玻璃颜色的深浅度 					
2 	外墙保温装饰 一体板 	随着国家对建筑节能的重视，外墙隔热保温材料品种繁多，但均与面层材料分开施工，工序复杂，成本高，耐火保温效果差，如何实现保温装饰一体化，工序省，成本低是关键。 	无金属龙骨，粘贴加固。保温材料克服了传统材料怕火、易老化的弱点，施工工期缩短，成本降低。 					
序号 	课题名称 	内容介绍 	技术创新点 					
3 	石材 复合板 	用 0.8cm 薄石材做面层，保持天然石材的质量效果，用复合板做基层，有保证整体强度兼锚固构件的作用，从而达到降低资源损耗和环保的效果。 	传统天然石材厚度一般室外至少 2.5cm，室内至少2cm，用石材复合技术，只需要 0.8cm 的石材即可达到 传 统 石 材 的 质 量 和 需求，达到节约石材的目的。 					
4 	环保板材 	用环保胶粘合木屑制成基层板，贴在科技木上面，在经过染色处理，达到传统木制品同样的质量水平，这比传统木制品更加便宜、环保、美观。 	核心技术是粘合技术。采用更加环保、无甲醛粘合剂，使得新型板材既能节约木材，又能真正达到装修环保的效果。 					
5 	异型幕墙构件加工研发 	非模块式（单元式）幕墙构件，主要用于建筑裙楼、低层不规则造型建筑外墙。这部分是幕墙市场需要拾遗补缺的内容。但是需求量很庞大，特别能发挥维业股份目前的技术和管理优势。 	核心是针对性强、灵活性强的生产工序，异形幕墙是大公司的弱项，主体之外、幕墙的边角、非规格尺寸的幕墙是公司的市场空间。 					
								
序号 	姓名 	专业职称 	入职 时间 	担任 职务 	主要负责代表项目 			
1 	张汉伟 	一级建造师 	2001.10 	董事、副总经理 	人民大会堂三楼中央大厅（金色大厅）、常委厅、江西厅、山西厅、云南厅、天津厅，北京华尔道夫酒店，北京颐和安缦酒店，河北太行国宾馆 			
2 	赖德建 	一级建造师 	2005.12 	总工程师 	山西饭店室内装饰工程、新疆克拉玛依车站站房工程、吴忠市民俗博物馆室内装修工程、中国民生银行股份有限公司石家庄分行办公楼装修工程、中国木雕及冰雪画文化艺术馆室内装修工程、华润中心幸福里一期精装修工程（五标段）、宝丰.银座公寓项目室外幕墙专业分包工程、首都机场 2 号航站楼国内部分改造工程公共区装修工程、龙湾中心区 D-04 地块幕墙工程温州金属大厦幕墙工程等 			
3 	庄耿杜 	二级建造师 	2004.09 	工程管理部经理 	楚天大酒店 5 楼会议室装饰工程、石厦学校体育馆篮球场地板及羽毛球场照明改造工程、西丽老办公楼消防控制系统改造工程 			
4 	李勇 	高级室内建筑师、高级工程师 	2001.11 	设计总监 	深圳市市民中心室内设计、北京国家体育总局办公大楼、广东省委“新一号”工程、深圳市宝安区行政中心、北京国际新闻文化中心装饰设计、解放军 301医院设计等 			
5 	李凯 	室内建筑师 	2009.01 	设计总监 	新疆塔里木油田新办公大楼、新疆塔里木油田克拉 2 生活公寓、新疆塔里木油田英买力生活公寓 			
								
序号 	标准名称 	标准编号 						
1 	《建筑工程施工质量验收统一标准》 	GB50300-2001 						
2 	《建筑装饰装修工程质量验收规范》 	GB50210-2001 						
3 	《建筑地面工程施工质量验收规范》 	GB50209-2010 						
4 	《住宅装饰装修工程施工规范》 	GB50327-2001 						
5 	《民用建筑室内空气污染控制规范》 	GB50325-2001 						
6 	《施工现场临时用电安全技术规范》 	JGJ46-2005 						
7 	《建筑施工安全检查标准》 	JGJ59-2011 						
8 	《建筑施工高处作业安全技术规范》 	JGJ80-91 						
9 	《玻璃幕墙工程质量检验标准》 	JGJ/T139-2001 						
10 	《钢结构工程施工质量验收规范》 	GB50205-2001 						
11 	《外墙饰面砖工程施工及验收规范》 	JGJ126-2000 						
12 	《屋面工程质量验收规范》 	GB50207-2002 						
13 	《地下防水工程质量验收规范》 	GB50208-2011 						
14 	《建筑内部装修设计防火规范》 	GB50222-95（2011 年版） 						
15 	《给水排水管道工程施工及验收规范》 	GB50268-2008 						
16 	《建筑施工安全技术统一规范》 	GB50870-2013 						
17 	《建筑幕墙通用技术要求及构造》 	建质[2013]113 号 						
18 	《建筑幕墙工程检测方法标准》 	JGJ/T324-2014 						
								
序号 	项目 	内容 						
1 	一个平台 	建立以“规范、高效、智能的建筑装饰业务全过程管理”为核心的IT 业务体系。公司的设计、施工、项目管理、品牌推广、经营、财务、行政、人力等人员，将在智能化的信息系统操作环境下依照规定的流程进行相关业务领域的操作。 						
2 	两条主线 	抓住深化设计、项目管理两条主线。 						
3 	三个集成 	设计知识集成，项目流程集成，信息资源集成。 						
4 	十项提升 	规范设计管理流程，提供项目信息共享，提升管理水平； 						
4 	十项提升 	提升企业在不同复杂程度的项目中人员间协同工作的效率； 						
4 	十项提升 	提升企业员工深化设计的工作质量； 						
4 	十项提升 	提升项目经理对项目现场的管理能力； 						
4 	十项提升 	提升公司运营的管理效率和决策水平； 						
4 	十项提升 	提升公司各种类型业务的规范程度； 						
4 	十项提升 	提升市场研究、销售计划、市场推广、投标管理、客户服务、售后服务等一系列环节的管理能力； 						
4 	十项提升 	提升客户服务能力，从经营、项目运作到后期服务，都会给客户带来更好体验； 						
4 	十项提升 	提升公司总部对各分公司的指挥调度能力； 						
4 	十项提升 	提升公司各部门的信息共享能力。 						
								
