CH-968 石材硅酮密封胶 	CH-5600 铝塑板幕墙硅酮密封胶 	CH-268 高级硅酮玻璃胶 										
 	 	 										
CH-168 工程用中性硅酮耐候胶 	CH-5910 幕墙中性硅酮耐候胶 	CH-791 中性硅酮耐候胶 										
 	 	 										
CH-1300 点式幕墙专用胶 	CH-5800 中空玻璃密封胶 	CH-9100 高级采光顶专用胶 										
 	 	 										
												
项目 	2016 年 1-6 月 	2016 年 1-6 月 	2015 年度 	2015 年度 	2014 年度 	2014 年度 	2013 年度 	2013 年度 				
项目 	金额 	占比 	金额 	占比 	金额 	占比 	金额 	占比 				
（一）表面活性剂 	17,189.27 	62.82% 	31,385.52 	56.83% 	29,860.52 	51.14% 	26,692.52 	51.56% 				
其中：烷基糖苷 	7,596.62 	27.76% 	11,610.12 	21.02% 	12,020.66 	20.59% 	8,907.04 	17.21% 				
烯丙基聚醚 	4,109.21 	15.02% 	7,687.74 	13.92% 	7,501.51 	12.85% 	7,392.28 	14.28% 				
端氨基聚醚 	3,026.92 	11.06% 	7,379.67 	13.36% 	5,441.40 	9.32% 	4,892.76 	9.45% 				
												
其他 	2,456.52 	8.98% 	4,708.00 	8.52% 	4,896.94 	8.39% 	5,500.44 	10.63% 				
（二）阻燃剂 	5,988.39 	21.88% 	14,981.11 	27.13% 	19,570.24 	33.51% 	16,139.99 	31.18% 				
（三）硅橡胶 	4,187.14 	15.30% 	8,861.27 	16.04% 	8,961.89 	15.35% 	8,932.33 	17.26% 				
合计 	27,364.79 	100.00% 	55,227.90 	100.00% 	58,392.66 	100.00% 	51,764.85 	100.00% 				
												
  	  											
  	  	 脂肪醇 	 脂肪醇 									
		 脂肪醇 	 脂肪醇 									
 催化剂 	 催化剂 	 催化剂 										
 催化剂 	 催化剂 	 催化剂 										
												
  	   											
												
  	   											
												
  	   											
												
环氧丙烷 												
												
起始剂 												
氢氧化钾 												
												
 												
 	 											
	 											
 												
												
 												
 	 											
	 											
 	 											
 												
												
  												
												
  												
												
 												
 	 											
	 											
												
环氧乙烷 												
环氧乙烷 	三氯氧磷 											
	三氯氧磷 											
												
  	  											
												
  	三(β-氯乙基)磷酸酯（TCEP） 											
												
主管部门及主要职能 	主管部门及主要职能 											
国家发改委 	有关司（局、办）负责发展规划和产业政策的制订；指导行业技术法规和行业标准的拟订；推动高新技术发展，实施技术进步和产业现代化的宏观指导。 											
国家工业和信息化部 	负责提出产业的发展战略，制定产业政策，制定并组织实施工业的行业规划、计划和产业政策；负责拟订并组织实施高技术产业中涉及新材料的规划、政策和标准，促进高新技术与传统工业改造结合；指导行业技术创新和技术进步，推进新兴产业发展；拟定并组织实施工业清洁生产促进政策，参与拟定清洁生产促进规划，组织协调新材料的推广应用。 											
国家质检总局 	管理产品质量监督工作，管理和指导质量监督检查。 											
协调指导部门及主要职能 	协调指导部门及主要职能 											
中国化工学会精细化工专业委员会 	行业内部自律性管理组织，参加制定产业政策、中长期发展规划、产品质量标准，加强行业内外沟通、交流和联系，组织本行业调查研究等。 											
中国洗涤用品工业协会表面活性剂专业委员会 	负责制订本行业的行规行约和管理规范，并组织实施；对行业发展中的问题进行调查研究，向政府部门提出有关行业政策和法规的建议；开展行业统计工作及信息的收集、分析、市场预测、发布工作，为政府部门制订产业政策提供依据，为行业提供信息指导与服务。 											
中国阻燃学会 	负责制订本行业的行规行约和管理规范，并组织实施；对行业发展中的问题进行调查研究，向政府部门提出有关行业政策和法规的建议；开展行业统计工作及信息的收集、分析、市场预测、发布工作，为政府部门制订产业政策提供依据，为行业提供信息指导与服务。 											
中国氟硅有机材料工业协会有机硅专业委员会 	负责制订本行业的行规行约和管理规范，并组织实施；对行业发展中的问题进行调查研究，向政府部门提出有关行业政策和法规的建议；开展行业统计工作及信息的收集、分析、市场预测、发布工作，为政府部门制订产业政策提供依据，为行业提供信息指导与服务。 											
中国橡胶工业协会 	负责制订本行业的行规行约和管理规范，并组织实施；对行业发展中的问题进行调查研究，向政府部门提出有关行业政策和法规的建议；开展行业统计工作及信息的收集、分析、市场预测、发布工作，为政府部门制订产业政策提供依据，为行业提供信息指导与服务。 											
												
序号 	法律名称 	实施日期 										
1 	《中华人民共和国环境保护法》 	2015 年 1 月 1 日 										
2 	《中华人民共和国环境影响评价法》 	2003 年 9 月 1 日 										
3 	《中华人民共和国水污染防治法》 	2008 年 6 月 1 日 										
4 	《中华人民共和国大气污染防治法》 	2016 年 1 月 1 日 										
5 	《中华人民共和国固体废物污染环境防治法》 	2015 年 4 月 24 日 										
6 	《中华人民共和国环境噪声污染防治法》 	1997 年 3 月 1 日 										
7 	《中华人民共和国安全生产法》 	2014 年 12 月 1 日 										
8 	《中华人民共和国工业产品生产许可证管理条例实施办法》 	2014 年 8 月 1 日 										
9 	《中华人民共和国产品质量法》 	1993 年 9 月 1 日 										
10 	《中华人民共和国标准化法》 	1989 年 4 月 1 日 										
11 	《中华人民共和国计量法》 	2015 年 4 月 24 日 										
12 	《危险化学品安全管理条例》 	2013 年 12 月 7 日 										
13 	《新化学物质环境管理办法》 	2010 年 10 月 15 日 										
14 	《安全生产许可证条例》 	2014 年 7 月 29 日 										
												
文件名称 	主要相关内容 											
												
《新材料产业“十二五”发展规划》 	提出“十二五”新材料产业与其发展目标，总产值达到2万亿元，年均增长率超过25%。新材料产品综合保障能力提高到70%，关键新材料保障能力达到50%。到2015年，建立起具备一定自主创新能力、规模较大、产业配套齐全的新材料产业体系；培育一批创新能力强、具有核心竞争力的骨干企业。到2020年，建立起具备较强自主创新能力和可持续发展能力、产学研用紧密结合的新材料产业体系，新材料产业成为国民经济的先导产业，主要品种能够满足国民经济和国防建设的需要，部分新材料达到世界领先水平，材料工业升级换代取得显著成效，初步实现材料大国向材料强国的战略转变。 											
												
“十二五”国家战略性新兴产业发展规划 	“加快突破新材料先进加工制造技术和装备，推进高性能复合材料、先进结构材料、新兴功能材料开发和产业化；开发关键新材料制备加工成套技术与工艺，建设一批关键材料产业化示范生产线。2015 年，在中高端新兴功能材料、先进结构材料、高性能复合材料领域突破一批关键的专利核心技术，形成一批具有自主知识产权的产品；成为中高端新材料及产品的生产大国，提高国产高端新材料的自给率。2020年，掌握新材料领域尖端技术和应用期间的规模化生产技术，其中核心技术和先进器件加工制造技术达到国际领先水平。构筑产业链、提高高端功能材料及产品的市场竞争力，打破国外垄断，进一步提高国产高端新材料的自给率。” 											
												
《工业转型升级规划（2011-2015）》  	“支持企业技术改造，增强新产品开发能力和品牌创建能力，培育壮大战略性新兴产业；坚持把发展资源节约型、环境友好型工业作为转型升级的重要着力点；加快新兴科技与传统产业的有机融合，促进新技术、新产品和新业态的发展；围绕新一代新材料等新兴产业领域，实施重点领域产业链升级，完善产业链条，形成新的经济增长点；加快发展工程塑料、特种橡胶、高性能硅氟材料、功能型膜材料和复合功能高分子材料，加强改性及加工应用技术开发，大力发展环保型高性能涂料，防水材料和胶黏剂等材料。” 											
《“十二五”产业技术创新规划》 	“培育与发展战略性新兴产业重点围绕节能环保、新能源、新材料、等战略性新兴产业的培育和发展需要，加大重大关键技术研发开发力度，突破产业核心关键技术，推动重大科技成果应用，支撑战略性新兴产业的发展壮大；在新材料领域重点开发特种橡胶、功能型高分子材料等先进高分子材料制备技术；重点开发特殊功能表面活性剂绿色化新材料，新型环保阻燃塑料制品生产技术。” 											
												
《石油和化学工业“十三五”发展指南》 	提升传统产业、培育战略性新兴产业为两大主攻方向；创新驱动、深化改革为两大发展动力；坚持绿色可持续发展、扩大国际合作作为两大战略重点。 											
												
《中国制造 2025》 	以特种金属功能材料、高性能结构材料、功能性高分子材料、特种无机非金属材料和先进复合材料为发展重点，加快研发先进熔炼、凝固成型、气相沉积、型材加工、高效合成等新材料制备关键技术和装备，加强基础研究和体系建设，突破产业化制备瓶颈。积极发展军民共用特种新材料，加快技术双向转移转化，促进新材料产业军民融合发展。高度关注颠覆性新材料对传统材料的影响，做好超导材料、纳米材料、石墨烯、生物基材料等战略前沿材料提前布局和研制。加快基础材料升级换代。 											
												
《国民经济和社会发展第十三个五年规划纲要》 	支持新一代信息技术、新能源汽车、生物技术、绿色低碳、高端装备与材料、数字创意等领域的产业发展壮大。大力推进先进半导体、机器人、增材制造、智能系统、新一代航空装备、空间技术综合服务系统、智能交通、精准医疗、高效储能与分布式能源系统、智能材料、高效节能环保、虚拟现实与互动影视等新兴前沿领域创新和产业化，形成一批新增长点。 											
												
《促进绿色建材生产和应用行动方案》 	推广环境友好型涂料、防水和密封材料。支持发展低挥发性有机化合物（VOCs）的水性建筑涂料、建筑胶黏剂，推广应用耐腐蚀、耐老化、使用寿命长、施工方便快捷的高分子防水材料、密封材料和热反射膜。 											
												
轻 工 业 发 展 规 划（2016-2020 年） 	推动洗涤用品工业向绿色安全、多功能方向发展。加强表面活性剂分子结构设计、高效催化剂制备、特殊关键设备设计等关键共性技术研发及应用。提高天然可再生原料的使用比例，突破可再生资源利用、绿色化制备及清洁生产、特殊功能品种制备等核心技术。重点发展低刺激、抗硬水、抗低温和具有柔顺、护理、抑菌、护色、清新等多种功能的高附加值产品。加强产品的专用化区分，加快液体化和浓缩化步伐，促进使用过程节水化。提升生产及包装设备的自动化、数字化及智能化程度。 											
												
中国洗涤用品行业发展“十三五”规划 	积极推动前沿基础研究、共性关键技术及产业化示范的完整创新链，通过高效催化、清洁工艺的研究，开发对人体和生态环境安全的表面活性剂和助剂，积极鼓励利用天然可再生资源开发的绿色原料的应用；采用安全、环保型表面活性剂和助剂，开发浓缩、节水、环保、安全的洗涤用品；提升生产运营整体水平，全面推进洗涤用品行业的节能降耗，促进洗涤用品行业的可持续发展。 											
中国表面活性剂行业发展“十三五”规划 	以天然可再生资源（ 如脂肪酸、油脂、脂肪醇、糖等）为主要原料，集成化学、生物、机械、电子等现代科技成果，如高效催化剂及清洁工艺、生物技术、高效装备与检测控制等，开发具有国际先进水平（ 部分核心技术国际领先） 的生物质基绿色表面活性剂技术。 											
												
应用领域 	用途 											
新材料 	多孔材料合成、介孔材料合成、多级孔材料合成、纳米材料合成 											
新能源 	燃料电池、水煤浆、微乳汽油和微乳柴油 											
现代农业技术 	农药加工和农药使用；化肥生产；有机污染土壤修复剂重金属污染土壤修复；水分蒸发抑制。 											
环境保护新技术 	用于废水处理、大气除尘等 											
电子与信息技术 	半导体集成电路制造、影响材料、电子陶瓷加工生产工艺 											
												
企业名称 	基本情况 											
发行人 	具备年产 15,000 吨的生产能力,主要产品包括:APG0810、APG0814、烷基多糖苷、APG1214 等，公司 APG0810 已通过欧盟 REACH 认证，APG1214已通过欧盟 REACH 预认证。 											
发凯化工 	拥有烷基糖苷、醇醚羧酸盐和咪唑啉生产装置，通过了欧盟 REACH﹑ECOCERT﹑COSMOS 等化学物质及绿色化妆品原料等认证。 											
海宁源远 	主要生产纺织印染化工原料、染料、纺织印染助剂、烷基糖苷 APG。装置以天然葡萄糖和脂肪醇为原料，采用一步法直接合成和连续脱醇工艺。 											
巴斯夫上海 	根据 2015 年上海化工研究院发布的《巴斯夫上海年产 15,000 吨表面活性剂扩建项目环境影响评价报批前公示》，巴斯夫上海拟投资建设年产15,000 吨表面活性剂扩建项目，项目总投资额 1.25 亿元,其中环保投资260 万元。 											
												
企业名称 	基本情况 											
发行人 	具备年产 5,000 吨的设计产能，部分细分产品已通过欧盟 REACH 预认证。 											
烟台民生 	主要从事端氨基聚醚等环保化学品的研发、生产和应用。目前成功投产的主要产品有：AMD-2000、AMT-403 等。 											
阿科力 	主要产品包括：如聚醚胺、光学级聚合物材料用树脂、特种环氧树脂等。 											
												
企业名称 	基本情况 											
发行人 	具备年产 9,500 吨的生产能力,主要产品包括:环氧基封端聚醚、双烯丙基聚醚等。 											
浙江皇马 	具有年产 24 万吨特种表面活性剂及其衍生物的生产能力，是目前国内生产规模较大、品种较全、科技含量较高的特种表面活性剂生产企业。 											
江苏钟山 	原隶属于中国石油化工集团公司，是金陵石化公司属下的一个综合性的大型精细化工企业，是以生产多种表面活性剂（农药乳化剂）和聚醚多元醇为主的精细化工企业。主要产品包括农用助剂、环氧丙烷、聚醚、纺织助剂、特种化学品等 5 大系列。 											
海安石化 	主要生产各种吐温、司盘、表面活性剂、工业助剂。 											
												
公司 	简介 											
雅克科技 	股票代码 002409。该公司致力于磷酸酯阻燃剂、聚氨酯催化剂、有机硅泡沫稳定剂的研发和生产，有机磷阻燃剂系列产品现已具备年产 93,000 吨的生产能力。 											
万盛股份 	股票代码 603010。该公司年产 5.3 万吨有机磷系阻燃剂系列产品和 1 万吨聚合物多元醇，其产品 50%左右用于出口。 											
												
公司 	简介 											
江苏宏达新材料股份有限公司 	股票代码 002211，是国内高温硅橡胶领域的领先企业。其产品覆盖了有机硅单体、有机硅成品及下游应用的较为完整的产业链。 											
成都硅宝科技股份有限公司 	股票代码 300019，主要从事室温硅橡胶的生产，是一家集有机硅室温胶和制胶专用设备研发、生产和销售一体的企业，具有较强的竞争力。 											
浙江新安化工集团股份有限公司 	股票代码 600596，是国内有机硅的龙头企业。拥有硅橡胶、硅油、硅树脂、硅烷偶联剂四大系列产品，并围绕有机硅单体合成，形成了从硅矿冶炼到硅粉加工、从单体合成到下游制品加工的完整产业链，是一家拥有全产业链优势的有机硅企业。 											
												
产品类别 	产品类别 	2016 年 1-6 月 	2016 年 1-6 月 	2016 年 1-6 月 	2015 年度 	2015 年度 	2014 年度 	2014 年度 	2014 年度 	2013 年度 	2013 年度 	2013 年度 
 	金额 	金额 	占比 	金额 	  占比 	金额 	占比 	占比 	收入 	比重 	比重 	
表面活性剂 	表面活性剂 	17,189.27 	17,189.27 	62.82% 	31,385.52   	56.83% 	29,860.52 	51.14% 	51.14% 	26,692.52 	51.56% 	51.56% 
阻燃剂 	阻燃剂 	5,988.39 	5,988.39 	21.88% 	14,981.11 	27.13% 	19,570.24 	33.51% 	33.51% 	16,139.99 	31.18% 	31.18% 
硅橡胶 	硅橡胶 	4,187.14 	4,187.14 	15.30% 	 8,861.27  	16.05% 	 8,961.89  	15.35% 	15.35% 	 8,932.33  	17.26% 	17.26% 
合 计 	合 计 	27,364.79 	27,364.79 	100.00% 	55,227.90 	100.00% 	58,392.66  	100.00% 	100.00% 	51,764.85  	100.00% 	100.00% 
												
产品类别 	项目 	2016 年 1-6 月 	2015 年度 	2014 年度 	2013 年度 							
表面活性剂 	销量（万吨） 	 1.62  	 2.66  	 2.53  	 2.20  							
表面活性剂 	产量（万吨） 	 1.93  	3.52 	 3.02  	 2.70  							
表面活性剂 	产销率 	84.12% 	75.57% 	83.95% 	81.49% 							
表面活性剂 	产能（万吨） 	 3.42  	3.42 	3.42 	3.42 							
表面活性剂 	产能利用率 	56.46% 	102.92% 	88.27% 	78.99% 							
其中：烷基糖苷 	销量（万吨） 	 1.02  	 1.52  	1.56 	1.27 							
其中：烷基糖苷 	产量（万吨） 	 1.03  	 1.66  	1.59 	1.29 							
其中：烷基糖苷 	产销率 	99.07% 	91.52% 	98.15% 	98.35% 							
其中：烷基糖苷 	产能（万吨） 	 1.50  	1.50 	1.50 	1.50 							
其中：烷基糖苷 	产能利用率 	68.36% 	110.97% 	106.07% 	86.26% 							
 烯丙基聚醚 	销量（万吨） 	 0.34  	 0.60  	0.51 	0.48 							
 烯丙基聚醚 	产量（万吨） 	 0.62  	 1.22  	0.94 	0.94 							
 烯丙基聚醚 	产销率 	55.55% 	49.00% 	54.26% 	51.06% 							
 烯丙基聚醚 	产能（万吨） 	 0.95  	0.95 	0.95 	0.95 							
 烯丙基聚醚 	产能利用率 	65.06% 	128.79% 	98.95% 	98.95% 							
 端氨基聚醚 	销量（万吨） 	 0.13  	 0.28  	0.20 	0.17 							
												
产量（万吨） 	 0.14  	 0.34  	 0.22  	 0.16  								
产销率 	91.97% 	83.29% 	93.06% 	107.25% 								
产能（万吨） 	 0.50  	0.50 	0.50 	0.50 								
产能利用率 	27.85% 	68.00% 	43.54% 	31.54% 								
销量（万吨） 	 0.14  	 0.26  	0.26 	0.28 								
产量（万吨） 	 0.15  	 0.30  	0.27 	0.31 								
产销率 	92.46% 	85.68% 	96.30% 	90.32% 								
产能（万吨） 	 0.47  	0.47 	0.47 	0.47 								
产能利用率 	29.18% 	63.83% 	57.45% 	65.96% 								
销量（万吨） 	 0.69  	 1.57  	1.89 	1.58 								
产量（万吨） 	 0.59  	 1.49  	1.83 	1.58 								
产销率 	116.39% 	105.67% 	103.28% 	100.00% 								
产能（万吨） 	 1.48  	1.48 	1.48 	1.48 								
产能利用率 	39.85% 	100.52% 	123.65% 	106.76% 								
销量（万吨） 	 0.29  	 0.61  	 0.60  	 0.57  								
产量（万吨） 	 0.29  	 0.62  	0.60 	0.58 								
产销率 	101.26% 	98.32% 	99.82% 	98.76% 								
产能（万吨） 	 0.85  	0.85 	0.85 	0.85 								
产能利用率 	34.13% 	73.51% 	70.59% 	68.24% 								
												
其他品种 												
阻燃剂 												
硅橡胶 												
												
地区 	2016 年 1-6 月 	2016 年 1-6 月 	2015 年度 	2015 年度 	2014 年度 	2014 年度 	2013 年度 	2013 年度 				
地区 	金额 	占比 	金额 	占比 	金额 	占比 	金额 	占比 				
华北地区 	2,914.06 	10.65% 	 4,242.75  	7.68% 	 4,743.52  	8.12% 	 4,005.75  	7.74% 				
东北地区 	74.10 	0.27% 	2,257.76 	4.09% 	 1,901.59  	3.26% 	 1,584.30  	3.06% 				
华东地区 	18,915.52 	69.12% 	36,335.98 	65.79% 	39,191.73 	67.12% 	38,728.56 	74.82% 				
华南地区 	1,576.80 	5.76% 	3,384.81 	6.13% 	 3,303.10  	5.66% 	 2,858.58  	5.52% 				
华中地区 	685.79 	2.51% 	1,391.17 	2.52% 	 1,361.27  	2.33% 	 1,301.88  	2.51% 				
西部地区 	566.25 	2.07% 	1,214.62 	2.20% 	 1,720.03  	2.95% 	 1,673.18  	3.23% 				
国 外 	2,632.27 	9.62% 	6,400.82 	11.59% 	 6,171.41  	10.57% 	 1,612.60  	3.12% 				
合计 	27,364.79 	100.00% 	55,227.90 	100.00% 	58,392.66 	100.00% 	51,764.85 	100.00% 				
												
产品类别 	2016 年 1-6 月 	2015 年度 	2014 年度 	2013 年度 								
												
 	单价 	单价 	变动比例 	单价 	变动比例 	单价 	变动比例 	变动比例 	单价 			
表面活性剂 	表面活性剂 	10,581.81 	10,581.81 	-10.15% 	11,777.52 	-0.19% 	11,800.47 	-2.56% 	-2.56% 	12,110.43 		
其中：烷基糖苷 	其中：烷基糖苷 	7,477.91 	7,477.91 	-1.88% 	7,621.17 	-0.99% 	 7,697.33  	9.97% 	9.97% 	 6,999.54  		
 烯丙基聚醚 	 烯丙基聚醚 	11,968.45 	11,968.45 	-6.67% 	12,824.42 	-13.06% 	14,750.53  	-4.30% 	-4.30% 	15,413.34   		
 端氨基聚醚 	 端氨基聚醚 	23,632.55 	23,632.55 	-9.65% 	26,157.39 	-2.61% 	26,858.44  	-7.15% 	-7.15% 	28,927.59   		
 其他品种 	 其他品种 	17,914.80 	17,914.80 	-1.11% 	18,116.22 	-4.69% 	19,007.63 	-2.26% 	-2.26% 	19,447.55 		
阻燃剂 	阻燃剂 	8,724.57 	8,724.57 	-8.45% 	9,530.23 	-7.93% 	10,350.57 	1.01% 	1.01% 	10,246.75 		
硅橡胶 	硅橡胶 	14,253.87 	14,253.87 	-1.19% 	14,424.99 	-3.60% 	14,963.92 	-4.04% 	-4.04% 	15,594.16 		
												
年度 	客户名称 	销售金额（万元） 	占比 	主要销售产品 								
2016 年1-6 月 	中化国际（控股）股份有限公司 	 927.26  	3.39% 	阻燃剂 								
2016 年1-6 月 	南京太化化工有限公司 	 737.23  	2.69% 	表面活性剂 								
2016 年1-6 月 	无锡南方石油添加剂有限公司 	 471.93  	1.72% 	表面活性剂 								
2016 年1-6 月 	浙江亿得化工有限公司 	 454.91  	1.66% 	表面活性剂 								
2016 年1-6 月 	温岭市天马助剂有限公司 	 297.25  	1.09% 	表面活性剂 								
2016 年1-6 月 	杭州优立化工有限公司 	 281.91  	1.03% 	表面活性剂 								
2016 年1-6 月 	宁顺集团有限公司 	 277.09  	1.01% 	阻燃剂 								
2016 年1-6 月 	江西三越新材料有限公司 	 259.71  	0.95% 	表面活性剂 								
2016 年1-6 月 	WYNCA  SUNSHINE  AGRIC  PRODUCTS&TRADING; COMPANY(GHANA)LIMITED  	238.31 	0.87% 	表面活性剂 								
2016 年1-6 月 	QUIMIDROGA S.A. 	 230.30  	0.84% 	阻燃剂、表面活性剂 								
2016 年1-6 月 	合 计 	 4,175.91  	15.25% 	 								
2015 年度 	中化国际（控股）股份有限公司 	1,724.99  	3.12% 	阻燃剂 								
2015 年度 	浙江亿得化工有限公司 	 1,187.35  	2.14% 	表面活性剂 								
2015 年度 	QUIMIDROGA S.A. 	 1,105.21  	2.00% 	阻燃剂、表面活性剂 								
2015 年度 	石家庄同成煤矿安全器材有限公司 	 969.38  	1.75% 	阻燃剂 								
2015 年度 	南京太化化工有限公司 	 791.09  	1.43% 	表面活性剂 								
2015 年度 	无锡南方石油添加剂有限公司 	 718.14  	1.30% 	表面活性剂 								
2015 年度 	杭州优立化工有限公司 	 614.12  	1.11% 	表面活性剂 								
2015 年度 	潍坊天福化学科技有限公司 	550.77 	0.99% 	表面活性剂 								
2015 年度 	EPAFLEX POLYURETHANES SRL 	 537.70  	0.97% 	表面活性剂 								
2015 年度 	温岭市天马助剂有限公司 	 471.13  	0.85% 	表面活性剂 								
												
合 计 	8,669.88   	15.66% 	 									
浙江亿得化工有限公司 	 1,423.08  	2.43% 	表面活性剂 									
WANSHENG CHEMICAL(HONGKONG)CO.,LTD  	 1,387.49  	2.37% 	阻燃剂 									
QUIMIDROGA S.A.  	 1,127.10  	1.92% 	阻燃剂 									
中化国际(控股)股份有限公司 	944.97  	1.61% 	阻燃剂 									
石家庄同成煤矿安全器材有限公司 	 805.15  	1.37% 	阻燃剂 									
PURE CHEMICALS IBERICA,S.L. 	 762.95  	1.30% 	阻燃剂 									
潍坊天福化学科技有限公司 	708.07 	1.21% 	表面活性剂 									
杭州优立化工有限公司 	 693.90  	1.18% 	表面活性剂 									
宁波保税区宁化国际贸易有限公司 	526.26 	0.90% 	阻燃剂 									
山东瀚邦胶带有限公司 	 513.76  	0.88% 	阻燃剂 									
合 计 	8,892.72  	15.18% 	 									
浙江亿得化工有限公司 	 961.53  	1.84% 	表面活性剂 									
杭州优立化工有限公司 	660.50   	1.27% 	表面活性剂 									
中化国际(控股)股份有限公司 	657.22  	1.26% 	阻燃剂 									
烟台万顺化工原料有限公司 	 582.07  	1.12% 	阻燃剂 									
上海大代化工有限公司 	 577.76  	1.11% 	表面活性剂 									
南京太化化工有限公司 	 558.83  	1.07% 	表面活性剂 									
山东瀚邦胶带有限公司 	 552.65  	1.06% 	阻燃剂 									
宁顺集团有限公司 	 530.17  	1.02% 	阻燃剂 									
苏州诺尔化工有限公司 	 504.66  	0.97% 	表面活性剂 									
杭州硅发科技有限公司 	 502.42  	0.96% 	表面活性剂 									
合 计 	 6,087.81   	11.67% 	 									
												
2014 年度 												
2013 年度 												
												
年度 	客户名称 	销售金额（万元） 	占比 	新增情况说明 								
2016 年 1-6月 	宁顺集团有限公司 	 277.09  	1.01% 	以前年度即为公司客户， 本年度新进入前十名 								
2016 年 1-6月 	江西三越新材料有限公司 	 259.71  	0.95% 	以前年度即为公司客户， 								
												
本年度新进入前十名 												
以前年度即为公司客户， 本年度新进入前十名 												
以前年度即为公司客户， 本年度新进入前十名 												
以前年度即为公司客户， 本年度新进入前十名 												
以前年度即为公司客户， 本年度新进入前十名 												
以前年度即为公司客户， 本年度新进入前十名 												
以前年度即为公司客户， 本年度新进入前十名 												
以前年度即为公司客户， 本年度新进入前十名 												
以前年度即为公司客户， 本年度新进入前十名 												
以前年度即为公司客户， 本年度新进入前十名 												
以前年度即为公司客户， 本年度新进入前十名 												
												
WYNCA SUNSHINE AGRIC PRODUCTS&TRADING; COMPANY(GHANA)LIMITED  	 231.05  	0.87% 										
南京太化化工有限公司 	 791.09  	1.43% 										
无锡南方石油添加剂有限公司 	 718.14  	1.30% 										
温岭市天马助剂有限公司 	 471.13  	0.85% 										
WANSHENG CHEMICAL(HONGKONG)CO.,LTD  	 1,387.49  	2.37% 										
QUIMIDROGA S.A.  	 1,127.10  	1.92% 										
石家庄同成煤矿安全器材有限公司 	 805.15  	1.37% 										
PURE CHEMICALS IBERICA,S.L. 	 762.95  	1.30% 										
潍坊天福化学科技有限公司 	708.07 	1.21% 										
宁波保税区宁化国际贸易有限公司 	526.26 	0.90% 										
												
2015 年度 												
2014 年度 												
												
原材料类别 	2016 年 1-6 月 	2016 年 1-6 月 	2015 年度 	2015 年度 	2015 年度 	2014 年度 	2014 年度 	2014 年度 	2013 年度 	2013 年度 	2013 年度 	
原材料类别 	金额 	占采购总额比例 	金额 	占采购总额比例 	金额 	金额 	占采购总额比例 	金额 	金额 	占采购总额比例 		
环氧乙烷 	2,550.83 	15.14% 	6,146.33 	15.83% 	8,005.09 	8,005.09 	17.59% 	8,405.85 	8,405.85 	21.14% 		
环氧丙烷 	2,636.10 	15.65% 	6,765.56 	17.43% 	8,652.92 	8,652.92 	19.01% 	7,220.68 	7,220.68 	18.16% 		
三氯氧磷 	792.44 	4.70% 	2,495.33 	6.43% 	3,491.02 	3,491.02 	7.67% 	 3,033.94  	 3,033.94  	7.63% 		
C8-10 醇 	2,348.71 	13.94% 	5,436.31 	14.00% 	5,400.43   	5,400.43   	11.87% 	 2,783.44  	 2,783.44  	7.00% 		
生胶 	1,267.33 	7.52% 	2,867.85 	7.39% 	3,365.77 	3,365.77 	7.40% 	3,253.27 	3,253.27 	8.18% 		
合 计 	9,595.40 	56.96% 	23,711.38 	61.08% 	28,915.23 	28,915.23 	63.54% 	24,697.18 	24,697.18 	62.11% 		
												
原材料类别 	2016 年 1-6 月 	2016 年 1-6 月 	2015 年度 	2015 年度 	2014 年度 	2014 年度 	2013 年度 					
原材料类别 	单价 	增长 	单价 	增长 	单价 	增长 	单价 					
环氧乙烷 	6,732.25 	1.58% 	6,627.84 	-27.42% 	9,131.31 	-2.40% 	9,356.00 					
环氧丙烷 	6,893.05 	-25.41% 	9,241.11 	-21.91% 	11,833.70 	9.71% 	10,786.33 					
三氯氧磷 	3,394.21 	-10.47% 	3,791.14 	-9.47% 	4,187.50 	-0.79% 	4,220.85 					
C8-10 醇 	19,571.63 	-4.36% 	20,464.13 	-0.51% 	20,569.30 	47.38% 	13,956.46 					
生胶 	12,542.19 	-8.41% 	13,693.45 	-6.93% 	14,713.53 	-3.39% 	15,230.15 					
												
能源	项目 	2016 年 1-6 月 	2015 年度 	2014 年度 	2013 年度 							
类别 												
电 	金额（万元） 	379.44 	781.41 	 910.99  	 825.24  							
电 	数量（万度） 	578.86 	 1,156.08  	 1,305.03  	 1,205.43  							
电 	发行人实际耗电量 	578.86 	1,156.08 	1,150.07 	1,024.20 							
电 	单价（元/度） 	 0.66  	 0.68  	 0.70  	 0.68  							
电 	占营业成本比重 	1.87% 	1.84% 	1.95% 	1.96% 							
煤 	金额（万元） 	215.90 	 429.53  	521.46 	450.2 							
煤 	数量（万吨） 	0.34 	 0.62  	 0.61  	 0.54  							
煤 	单价（元/吨） 	634.99 	 691.94  	 859.44  	 829.70  							
煤 	占营业成本比重 	1.06% 	1.01% 	1.12% 	1.07% 							
												
年度 	供应商名称 	采购金额（万元） 	占比 	主要材料 								
2016年 1-6月 	中国石化化工销售有限公司华东分公司 	 2,122.79  	12.60% 	环氧乙烷 								
2016年 1-6月 	武汉市四方行化工有限公司 	 1,434.44  	8.52% 	脂肪醇 								
2016年 1-6月 	合盛硅业股份有限公司 	 921.42  	5.47% 	生胶 								
2016年 1-6月 	漯河市新旺化工有限公司 	 876.10  	5.20% 	亚磷酸三甲酯、亚磷酸三乙酯 								
2016年 1-6月 	江苏德懋源进出口有限公司 	 848.29  	5.04% 	环氧丙烷 								
2016年 1-6月 	山东金岭化工股份有限公司 	 786.76  	4.67% 	环氧丙烷 								
2016年 1-6月 	南京金浦锦湖化工有限公司 	 763.99  	4.54% 	环氧丙烷 								
2016年 1-6月 	江苏天源化工有限公司 	 528.83  	3.14% 	三氯氧磷 								
2016年 1-6月 	潍坊盛泰药业有限公司 	 508.58  	3.02% 	葡萄糖 								
2016年 1-6月 	南通江山农药化工股份有限公司 	 412.74  	2.45% 	亚磷酸三甲酯 								
2016年 1-6月 	合 计 	 9,203.94  	54.64% 	 								
2015年度 	中国石化化工销售有限公司华东分公司 	 4,680.85  	12.06% 	环氧乙烷 								
2015年度 	武汉市四方行化工有限公司 	 3,904.80  	10.06% 	脂肪醇 								
												
南京金浦锦湖化工有限公司 	 3,300.65  	8.50% 	环氧丙烷 									
江苏天源化工有限公司 	 1,706.19  	4.40% 	三氯氧磷 									
合盛硅业股份有限公司 	 1,676.50  	4.32% 	生胶 									
漯河市新旺化工有限公司 	 1,624.69  	4.19% 	亚磷酸三甲酯、亚磷酸三乙酯 									
山东金岭化工股份有限公司 	 1,383.70  	3.56% 	环氧丙烷 									
内蒙古恒业成有机硅有限公司 	 1,058.50  	2.73% 	生胶 									
潍坊盛泰药业有限公司 	 1,078.48  	2.78% 	葡萄糖 									
南通江山农药化工股份有限公司 	 994.46  	2.56% 	亚磷酸三甲酯 									
合 计 	21,408.81 	54.79% 	 									
中国石化化工销售有限公司华东分公司 	 7,009.14  	15.40% 	环氧乙烷 									
漯河市新旺化工有限公司 	 2,790.72  	6.13% 	亚磷酸三甲酯、亚磷酸三乙酯 									
武汉市四方行化工有限公司 	 2,758.76  	6.06% 	脂肪醇 									
江苏天源化工有限公司 	 2,626.07  	5.77% 	三氯氧磷 									
（香港）同舟化工贸易有限公司 	 2,537.09  	5.58% 	环氧丙烷 									
浙江合盛硅业有限公司 	 1,854.13  	4.07% 	生胶 									
南京金浦锦湖化工有限公司 	 1,711.03  	3.76% 	环氧丙烷 									
江苏盛泰化学科技有限公司 	 1,197.71  	2.63% 	脂肪醇 									
山东金岭化工股份有限公司 	 1,183.21  	2.60% 	环氧丙烷 									
中化国际(控股)股份有限公司 	 1,131.34  	2.49% 	环氧丙烷 									
合 计 	 24,799.21  	54.50% 	 									
中国石化化工销售有限公司华东分公司 	3,393.28  	8.53%  	环氧乙烷 									
江苏天源化工有限公司 	2,676.44 	6.73% 	三氯氧磷 									
北京扬子石化商贸有限公司 	2,224.95  	5.60%  	环氧乙烷 									
漯河市新旺化工有限公司 	2,027.18 	5.10% 	亚磷酸三甲酯、亚磷酸三乙酯 									
武汉市四方行化工有限公司 	 1,775.90  	4.47% 	脂肪醇 									
浙江合盛硅业股份有限公司 	 1,689.37  	4.25% 	生胶 									
山东金岭化工股份有限公司 	 1,535.07  	3.86% 	环氧丙烷 									
友邦(江苏)聚氨酯新材料有限公司 	 1,498.70  	3.77% 	环氧丙烷 									
无极县广源化工有限公司 	 1,252.72  	3.15% 	环氧丙烷 									
盐城市博精燃化有限责任公司 	 1,164.76  	2.93% 	环氧乙烷 									
合 计 	19,238.37 	48.39% 	 									
												
2014 年度 												
2013 年度 												
												
年度 	供应商名称 	采购金额（万元） 	占比 	新增情况说明 								
2016 年1-6 月 	江苏德懋源进出口有限公司 	 848.29  	5.04% 	以前 年 度 即 为 公 司 供 应商，本年度新进入前十名 								
2015 年度 	内蒙古恒业成有机硅有限公司 	 1,058.50  	2.73% 	以前 年 度 即 为 公 司 供 应商，本年度新进入前十名 								
2015 年度 	潍坊盛泰药业有限公司 	 1,078.48  	2.78% 	以前 年 度 即 为 公 司 供 应商，本年度新进入前十名 								
2015 年度 	南通江山农药化工股份有限公司 	 994.46  	2.56% 	以前 年 度 即 为 公 司 供 应商，本年度新进入前十名 								
2014 年度 	（香港）同舟化工贸易有限公司 	2,537.09 	5.58% 	新增供应商,公司从其处采购进料加工贸易所需环氧丙烷 								
2014 年度 	南京金浦锦湖化工有限公司 	 1,711.03  	3.76% 	以前 年 度 即 为 公 司 供 应商，本年度新进入前十名 								
2014 年度 	江苏盛泰化学科技有限公司 	 1,197.71  	2.63% 	新增供应商,公司从其处采购脂肪醇 								
2014 年度 	中化国际(控股)股份有限公司 	 1,131.34  	2.49% 	以前 年 度 即 为 公 司 供 应商，本年度新进入前十名 								
												
协议签署方 	协议主要内容 											
发行人、北京扬子石化商贸有限公司、中国石化化工销售有限公司华东分公司 	公司从其处采购的环氧乙烷为自提，公司与南京三圣物流有限公司（以下简称“南京三圣”）签订了公路运输合同，委托南京三圣从泰兴和南京运送环氧乙烷至发行人所在地，发行人应要求其客户在南京三圣车辆到达时积极配合装缺卸货，及时清点收发数量。运费支付主体为发行人，运费支付方式及时间为：该批货物运输完毕后，由南京三圣开具有效运输发票，收到发票后发行人需在 5 日内，将运费全额付给南京三圣（现汇）。 											
发行人、北京扬子石化商贸有限公司、中国石化化工销售有限公司华东分公司 	合同约定：南京三圣必须保证货物运输过程中的安全，并对运输过程中发生的事故、过失、违法行为和损失负责；不可抗力除外。南京三圣如将货物错送收货地点或接货人，南京三圣过失部分由											
												
其自行承担。运输过程中发生的货物被资、变质、污染、损耗等，南京三圣应按发行人的直接损失向发行人赔偿，不可抗力除外。在协议规定期限内，应安全、迅速的将货物运至指定地点，如有违约，给发行人造成经营损失的，由南京三圣承担赔偿责任。 												
公司从其处采购的环氧乙烷为自提，公司与镇海石化物流有限责任公司（以下简称“镇海物流”）签订了《公路运输协议》，委托其运送环氧乙烷至发行人厂区内，运费由发行人支付，运费支付方式及时间：现款结算，结算方式为每月上旬结算上月费用，镇海物流应在每月第一个工作日出具上月详细运输清单，经发行人确认无误后，向发行人开出运输发票，发行人在收到运输发票后，在 7 个工作日内支付运费。 												
合同约定：运输过程中造成污染、串货等现象，则镇海物流承担一切责任。若因镇海物流不能按协议期限将货物运达目的地，导致发行人指定用户造成经营的损失由镇海物流承担。运输过程中的灭失，镇海物流应按货物的实际损失赔偿发行人。对于天灾（如大风、台风、大雾、大雪、洪水、地震等）、火灾、战争和动乱、政府的法律、法规、条例规定限制或航道管制等不可抗力因素导致无法或延误履行合同，双方均不承担违约责任。 												
双方签订环氧丙烷采购合同，交货地点为张家港，公司与张家港安平运输有限公司（以下简称“安平运输”）签订了公路货物运输合同，运输路线根据发行人实际情况进行安排，运费由发行人支付，运费支付方式为银行转账（电汇），运费支付时间为每月月底按发行人的实际提货数量结算运费，每月结算一次，由安平运输开具有效的运输发票，发行人及时付款。 												
合同约定：安平运输对运输过程中货物的损毁，灭失（由于人为因素或车辆设备原因造成的货物损毁、灭失承担赔偿责任，按乙方实际购入价格进行赔偿）承担赔偿责任。下列情况安平运输不承担赔偿责任：(1)货物的是因不可抗力（指，但不限于：天灾、水灾或其他罕见的严重的气候条件、地震、雷电、滑坡、时疫，爆炸或火灾、罢工、封锁、战争、入侵、恐怖行为等）；（2）货物本身的自然性质或合理损耗；（3）乙方或收货人过错造成的；（4）合理的运输损耗（小于千分之三）、计量不准或压力过大造成的。 												
签订三氯氧磷采购合同，其交货地点为发行人仓库，所有权自转交时起转移，运费由天源化工承担。天源化工委托萧县欣达危险品运输有限公司运输。 												
签订环氧丙烷采购合同，其交货地点为发行人仓库，运费由友邦有限承担。 												
签订环氧丙烷采购合同，其交货地点为发行人储罐区，运费由金浦锦湖承担，金浦锦湖委托南京高森强物流有限公司运输。 												
签订环氧乙烷采购合同，其交货地点为发行人仓库，运费由盐城博精承担。盐城博精委托南京宝扬运输有限公司运输。 												
												
发行人、中国石化化工销售有限公司华东分公司、中国石化上海石油化工股份有限公司 												
发行人、（香港）同舟化工贸易有限公司 												
发行人与江苏天源化工有 限 公 司 （ 以 下 简 称“天源化工”） 												
发行人与友邦（江苏）聚氨酯新材料有限公司（ 以 下 简 称 “ 友 邦 有限”） 												
发行人与南京金浦锦湖化工有限公司（以下简称“金浦锦湖”） 												
发行人与盐城市博精燃化有限责任公司（以下												
												
简称“盐城博精”） 												
发行人与无极县广源化工有限公司（以下简称“广源化工”） 	签订环氧丙烷采购合同，其交货地点为发行人仓库，运费由广源化工承担。广源化工委托无极县广源化工有限公司运输队运输。 											
发行人与山东金岭化工股份有限公司 	签订环氧丙烷采购合同，交货方式为自提，发行人与淄博国林物流有限公司（以下简称“国林物流”）签订了《运输合同》， 委托其运输至厂区，运费由发行人承担，运费支付方式及时间为：国林物流于每月 30 日进行上一个月的费用核算，并于 15 日前将运输的各项费用明细以书面形式告知发行人，发行人审核无误后，通知国林物流开具发票，并于每月 25 日前送达发行人，发行人收到国林物流开具的发票后，于次月 30 日之前银行电汇形式结算货款。 											
发行人与山东金岭化工股份有限公司 	合同约定：从装运货物开始到运输至发行人仓库止，因国林物流自身原因造成质量、货损、货差等事故，由国林物流承担一切损失及赔偿责任。因不可抗力的原因，造成国林物流无法履行或无法全部履行合同时，国林物流应及时积极采取补救措施，尽最大努力避免或减少损失，并及时通知发行人。由此造成发行人的损失，经双方协商后，可部分或全部免除国林物流的责任。国林物流应保证从装运货物开始到运输至发行人仓库止，保证货物安全，运输人员安全及装、卸货人员及第三者安全，尽可能避免发生交通事故等一切损害赔偿事故。在上述过程中，如因国林物流原因造成环氧丙烷的质量、数量、灭失等事故，由国林物流承担一切损失及赔偿责任，包括但不限于：货值损失、安全及环保事故损失、违约赔偿、发行人为此产生的律师费、差旅费、取证费、诉讼费等。从上述条款中可知，除不可抗力外，国林物流应承担货物运输责任及原材料发生爆炸或泄露造成的损失赔偿责任。 											
发行人与南京新化原化学有限公司（以下简称“新化原”） 	签订丙烯醇采购合同，交货地点为发行人厂区，运费由新化原承担，新化原将货物运送至交货地点后视为货物交付。新化原委托上海晶通物流有限公司运输。 											
发行人与中化国际（控股）股份有限公司（以下简称“中化国际”） 	签订环氧丙烷采购合同，其交货地点为发行人厂区，运费由中化国际承担，货物风险自交付之时转移，中化国际委托南京高森强物流有限公司运输。 											
发行人与江苏中宇贸易有 限 公 司 （ 以 下 简 称“江苏中宇”） 	签订丙烯醇采购合同，交货地点为发行人厂区内，由江苏中宇提供送货及承担运费。江苏中宇委托连云港市翔安危险品运输有限公司运输。 											
发行人与徐州市永大化工有限公司（以下简称“永大化工”） 	签订三氯氧磷采购合同，交货地点为发行人厂区内，由永大化工提供送货及承担运费。永大化工委托徐州市飞驰运输有限公司运输。 											
发行人与泰兴市兴安精细化工有限公司（以下简称“兴安化工”） 	签订三氯氧磷采购合同，交货地点为发行人生产仓库，由兴安化工提供送货及承担运费。兴安化工委托南通化学危险品运输有限公司运输。由上述条款可知，公司不承担货物运输责任及原材料发生爆炸或泄露造成的损失赔偿责任。 											
发行人与奥克化学扬州有 限 公 司 （ 以 下 简 称	签订环氧乙烷采购合同，交货地点为奥克扬州仓库，需发行人自提。发行人与五河县希望物流有限公司（以下简称“希望物流”）											
“奥克扬州”） 	签订了《汽车运输合同》，委托其运输至厂区，运费由发行人承担，运费支付时间：每月底结算。合同有如下约定:承运的货物要负责安全，保证货物无短缺、无损坏，如出现此类问题，应承担赔偿义务。希望物流对发行人交付承运的货物负有安全保护义务，若运输途中发生货物被盗、毁损、雨淋等，希望物流应承担赔偿责任。在运输过程中发生的事故由希望物流自己负责。 											
发行人与淮安鲁润贸易有 限 公 司 （ 以 下 简 称“淮安鲁润”） 	签订环氧丙烷采购合同，其交货地点为发行人厂区内，运费由淮安鲁润承担。运输过程中出现任何事故与发行人无关。 											
发行人与江苏德懋源进出口有限公司（以下简称“德懋源”） 	签订环氧丙烷采购合同，其交货地点为发行人厂区内，运费由德懋源承担。德懋源委托山东依厂物流有限公司运输。运输过程中出现任何事故与发行人无关。 											
												
公司名称 	证可证号 	运输物品 	经营范围 									
南京三圣物流有限公司 	宁字320116301628 	环氧乙烷 	普通货运；货物专用运输 9（集装箱）；危险品运输（按许可证所列项目经营）；一类汽车整车维修（货车）；危险货物运输车辆维修；综合货运站（场)仓储；搬运装卸；提供劳务服务；船舶代理；货物运输代理；国际货运代理；铁路货运代理。（依法须经批准的项目，经相关部门批准后方可开展经营活动） 									
张家港安平运输有限公司 	苏字320582312026 	环氧丙烷 	普通货运、货物专用运输（集装箱）、货物专用运输（罐式）。（依法须经批准的项目，经相关部门批准后方可开展经营活动） 									
镇海石化物流有限责任公司 	甬字330201101821 	环氧乙烷 	客运(县际包车客车)、道路普通货运、货物专用运输（集装箱、罐式）、大型物件运输（一类）、经营性危险货物运输（2.1 项、2.3 项、第 3 类、4.1 项、6.1 项、第 8类、第 9 类、剧毒化学品）；机动车维修：一般机动车维修（大中型客车维修、大中型货车维修、小型车辆维修、危险货物运输车辆维修）；危险化学品的票据贸易（不存在危险化学品）。（以上项目凭有效证可证经营） 一般经营项目：略 									
徐州市飞驰运输有	徐字	三氯氧磷 	道路普通货物运输，货物专用运输（集装箱），货物专									
限公司 	320323316691 											
连云港市翔安危险品运输有限公司 	连字320700300276 	丙烯醇 	普通货运 大型物件运输（1） 大型物件运输（2） 大型物件运输（3） 大型物件运输（4） 货物专用运输（集装箱） 危险品 2 类 1 项 危险品 2 类 2 项 危险品 2 类3 项 危险品 3 类 危险品 4 类 1 项 危险品 4 类 2 项 危险品 4 类 3 项 危险品 5 类 1 项 危险品 5 类 2 项 危险品 6 类 1 项 危险品 8 类 危险品 9 类。 									
南通化学危险品运输有限公司 	通字320600300426 	三氯氧磷 	化学物品，危险品，汽车货物运输；货物装卸，国际货运代理，国内货运代理。（依法须经批准的项目，经相关部门批准后方可开展经营活动） 									
萧县欣达危险品运输有限公司 	宿字341300400009 	三氯氧磷 	道路普通货物运输（有效期至 2018 年 10 月 18 日）；经营性道路危险货物运输（有效期至 2018 年 10 月 15 日）[危险货物运输（1 类 1 项）、危险货物运输（1 类 2 项）、危险货物运输（1 类 3 项）、危险货物运输（1 类 4 项）、危险货物运输（1 类 5 项）、危险货物运输（1 类 6 项）、危险货物运输（2 类 1 项）、危险货物运输（2 类 2 项）、危险货物运输（2 类 3 项）、危险货物运输（3 类）、危险货物运输（4 类 1 项）、危险货物运输（4 类 2 项）、危险货物运输（4 类 3 项）、危险货物运输（5 类 1 项）、危险货物运输（5 类 2 项）、危险货物运输（6 类 1 项）、危险货物运输（6 类 2 项）、危险货物运输（7 类）、危险货物运输（8 类）、危险货物运输（9 类）]；汽车配件销售；汽车清洗服务；电子产品销售；电子产品维修及售后服务** 									
淄博国林物流有限公司 	淄字370305000049 	环氧丙烷 	危险货物运输（2 类、3 类、9 类，有效期至 2017 年 6月 8 日）。(有效期限以许可证为准)。仓储服务（不含危险品），重油、道路沥青、化工原料、化工产品、塑料原料、橡胶原料（以上四项不含危险、易制毒化学品）、塑料制品、橡胶制品销售（以上经营范围需审批或许可经营的凭审批手续或许可证经营）*(依法须经批准的项目，经相关部门批准后方可开展经营活动) 									
南京宝扬运输有限公司 	宁字320116300007 	环氧乙烷 	道路普通货物运输， 经营性道路危险货物运输（2 类 1项，2 类 3 项，3 类，8 类）（剧毒化学品除外）。 									
上海晶通物流有限公司 	市字310000005185 	丙烯醇 	普通货运，货物专用运输（集装箱），道路危险货物运输（按许可证核定的范围），货运代理，道路装卸搬运，仓储（除危险化学品）。（依法须经批准的项目，经相关部门批准后方可开展经营活动） 									
五河县希望物流有限公司 	蚌字340300400027 	环氧乙烷 	危险货物运输（有效期至：2018 年 3 月 18 日止）；道路普通货物运输（凭许可证件在有效期限内经营）；汽车销售；货物装卸搬运；仓储服务。（依法须经批准的项目，经相关部门批准后方可开展经营活动） 									
南京高森强物流有限公司 	宁字320125311532 	环氧丙烷 	道路普通货物运输、经营性道路危险货物运输（按许可证所列范围经营）、货物专用运输（集装箱）、货运代理、货运配载、仓储服务。（依法须经批准的项目，经相关部门批准后方可开展经营活动） 									
山东依厂物流有限公司 	淄字370305006983 	环氧丙烷 	危险货物运输（2 类 1 项、3 类、5 类 1 项、6 类、8 类、9 类）(有效期限以许可证为准）；普通货运；货物专用运输（罐式)；公路货物运输代理；仓储服务（不含危险品）；汽车配件、化工配件、化工产品（不含易制毒、监控、危险化学品）、仪器仪表、机械设备（不含九座以下乘用车）销售；机械设备（不含特种设备）租赁；一类机动车维修；车辆清洗（依法须经批准的项目，经相关部门批准后方可开展经营活动） 									
												
项目 	原值 	累计折旧 	账面价值 	成新率 								
房屋及建筑物 	3,020.91 	1,023.18 	1,997.73 	66.13% 								
专用设备 	7,420.58 	4,102.75 	3,317.83 	44.71% 								
运输设备 	384.12 	334.48 	49.64 	12.92% 								
通用设备 	176.76 	115.18 	61.58 	34.84% 								
其它 	34.16 	28.62 	5.53 	16.20% 								
合计 	11,036.53 	5,604.22 	5,432.31 	49.22% 								
												
资产名称 	数量 	原值 	净值 	成新率 								
APG 生产线 	4 	 13,584,431.71 	 7,064,285.88  	52.00% 								
反应釜 	24 	  4,588,947.64 	 1,938,199.78  	42.24% 								
储罐 	40 	5,025,496.40 	 2,618,006.37  	52.09% 								
分装机 	1 	2,625,477.31 	131,273.87 	5.00% 								
钢结构平台 	2 	2,415,771.84 	1,555,243.04 	64.38% 								
操作平台 	9 	2,302,650.68 	910,951.85 	39.56% 								
玻胶生产线 	1 	1,917,528.50 	95,876.00 	5.00% 								
F-6 生产线 	1 	1,447,386.70 	72,369.34 	5.00% 								
燃煤生物加热炉 	1 	1,403,434.49 	1,270,052.09 	90.50% 								
端氨基聚醚生产线 	1 	1,400,148.30 	70,007.42 	5.00% 								
TCEP 生产线 	1 	1,359,797.25 	261,497.83 	19.23% 								
搪玻璃反应罐 	8 	1,201,025.64 	522,798.05 	43.53% 								
捏合机 	6 	1,086,032.85 	359,638.64 	33.11% 								
钛盘管 	5 	963,299.14 	615,159.91 	63.86% 								
质量流量计 	11 	1,006,837.62 	661,253.39 	65.68% 								
配电设施 	2 	811,325.63 	300,658.66 	37.06% 								
制氮机 	5 	783,447.11 	333,370.88 	42.55% 								
10T 锅炉 	1 	672,344.01 	467,159.93 	69.48% 								
PU 胶生产线 	1 	671,061.34 	33,553.07 	5.00% 								
水性树酯生产线 	1 	647,581.97 	32,379.10 	5.00% 								
污水处理系统 	1 	598,290.60 	 323,593.64  	54.09% 								
合 计 	 	46,512,316.73 	19,637,328.74 	42.22% 								
												
序号 	房证号 	建筑面积 （平方米） 	坐落 	用途 								
1 	宝房权证曹甸字 2013824147 号 	1,119.18 	曹甸镇曹南村西桥组 	厂房 								
2 	宝房权证曹甸字 2013824148 号 	2,322.60 	曹甸镇曹南村西桥组 1 	厂房 								
2 	宝房权证曹甸字 2013824148 号 	4,223.34 	曹甸镇曹南村西桥组 2 	厂房 								
3 	宝房权证曹甸字 2013824149 号 	1,328.96 	曹甸镇曹南村西桥组 	厂房 								
4 	宝房权证曹甸字 2013824150 号 	4,903.81 	曹甸镇曹南村西桥组 	厂房 								
5 	宝房权证曹甸字 2013824151 号 	6,716.40 	曹甸镇曹南村 	厂房 								
6 	宝房权证曹甸字 2013824152 号 	3,763.62 	曹甸镇曹南村西桥组 	厂房 								
7 	宝房权证曹甸字 2013824429 号 	6,517.40 	曹甸镇曹南村西桥组 	厂房 								
8 	宝房权证安宜字 2013823434 号 	59.16 	紫京商旅中心-417 	商业 								
9 	宝房权证安宜字 2013823435 号 	59.16 	紫京商旅中心-416 	商业 								
10 	宝房权证安宜字 2013823436 号 	58.47 	紫京商旅中心-410 	商业 								
11 	沪房地闸字（2013）第 022291 号 	105.83 	沪太路 315 弄 2 号 	办公 								
												
序号 	土地使用权证号 	取得 方式 	坐落 	面积 （平方米） 	用途 	终止日期 						
1 	宝国用（2013）第1160068号 	出让 	宝应县曹甸镇曹南村西桥组 	2,465.1 	工业 	2058-6-15 						
2 	宝国用（2013）第1160069号 	出让 	曹甸镇曹南村西桥组 	29,989.1 	工业 	2054-8-4 						
3 	宝国用（2013）第1160070号 	出让 	曹甸镇曹南村西桥组 	4,100.6 	工业 	2056-7-17 						
4 	宝国用（2013）第1160071号 	出让 	宝应县曹甸镇曹南村西桥组 	17,923.2 	工业 	2056-7-17 						
5 	宝国用（2013）第1160072号 	出让 	宝应县曹甸镇曹南村西桥组 	2,474.3 	工业 	2056-7-17 						
6 	宝国用（2013）第1160073号 	出让 	曹甸镇曹南村西桥组 	23,836.9 	工业 	2054-8-4 						
7 	宝国用（2013）第1160074号 	出让 	宝应县曹甸镇曹南村西桥组 	8,264.9 	工业 	2063-5-19 						
8 	宝国用（2013）第	出让 	紫京商旅中心416室 	7.7 	商业 	2048-9-21 						
												
10080号 												
宝国用（2013）第10081号 	出让 	紫京商旅中心410室 	7.6 	商业 	2048-9-21 							
宝国用（2013）第10082号 	出让 	紫京商旅中心417室 	7.7 	商业 	2048-9-21 							
沪房地闸字（2013）第022291号 	出让 	沪太路315弄2号 	[注] 	综合 	2046-6-2 							
												
9 												
10 												
11 												
												
序号 	专利名称 	专利号 	申请日期 	专利 类型 	专利权人 							
1 	一种烷基糖苷的制备方法 	ZL200810168290.5 	2008.10.15 	发明 	晨化股份 							
2 	一种LED封装用甲基苯基乙烯基硅树脂的制备方法 	ZL201010538518.2 	2010.11.10 	发明 	晨化股份 							
3 	端烷基氨基聚醚的制备方法 	ZL201010538537.5 	2010.11.10 	发明 	晨化股份、南京林业大学 							
4 	一种聚醚烯丙基接枝的合成方法 	ZL201210073304.1 	2012.03.20 	发明 	晨化股份、南京林业大学 							
5 	一种双烯丙基聚醚的制备方法 	ZL201210078387.3 	2012.03.23 	发明 	晨化股份、南京林业大学 							
6 	制备棕榈烷基葡萄糖苷的方法 	ZL201110130387.9 	2011.05.19 	发明 	晨化股份 							
7 	制备月桂烷基葡萄糖苷的方法 	ZL201110130408.7 	2011.05.19 	发明 	晨化股份 							
8 	制备十八烷基葡萄糖苷的方法 	ZL201110130391.5 	2011.05.19 	发明 	晨化股份 							
9 	制备癸烷基葡萄糖苷的方法 	ZL201110130402.X 	2011.05.19 	发明 	晨化股份 							
10 	制备辛烷基葡萄糖苷的方法 	ZL201110130404.9 	2011.05.19 	发明 	晨化股份 							
11 	制备十四烷基葡萄糖苷的方法 	ZL201110130401.5 	2011.05.19 	发明 	晨化股份 							
12 	一种连续化临氢氨化或胺化反应装置 	ZL201310001738.5 	2013.01.05 	发明 	晨化股份、华东理工大学 							
13 	一种连续化临氢氨化或胺化反应方法 	ZL201310001737.0 	2013.01.05 	发明 	晨化股份、华东理工大学 							
14 	一种乙二醇单烯丙基醚的制备方法 	ZL201310372714.0 	2013.08.23 	发明 	晨化股份 							
15 	一种聚醚改性聚硅氧烷匀泡剂的制备方法 	ZL201310296323.5 	2013.07.16 	发明 	晨化股份 							
16 	用于生产阻燃硅橡胶的脱模剂酯蜡的制备方法 	ZL201410228447.4 	2014.05.28 	发明 	晨化股份 							
17 	一种乙基膦酸二乙酯的生产方法 	ZL201310047631.4 	2013.02.06 	发明 	晨化股份 							
18 	一种有机硅消泡剂的制备方法 	ZL201410104384.1 	2014.3.20 	发明 	晨化股份 							
19 	一种磷系阻燃剂的生产方法 	ZL201410103698.X 	2014.3.20 	发明 	晨化股份 							
20 	以酯蜡为脱模剂的挤出型阻燃硅橡胶的制备方法 	ZL201410228300.5 	2014.5.28 	发明 	晨化股份 							
21 	一种端叔胺基聚醚的制备方法 	ZL201310612202.7 	2013.11.28 	发明 	晨化股份、南京林业大学 							
22 	一种双(烷基聚氧烷烯醚)仲胺的制备方法 	ZL201310612185.7 	2013.11.28 	发明 	晨化股份、南京林业大学 							
23 	一种连续化临氢氨化或胺化反应装置 	ZL201320002125.9 	2013.01.05 	实用 	晨化股份、华东理工大学 							
24 	一种提高烷基糖苷过滤速度的过滤装置 	ZL201420196682.3 	2014.04.22 	实用 	晨化股份 							
25 	玻璃密封胶胶管 	ZL201130325569.2 	2011.09.16 	外观 	晨化股份 							
26 	一种硅改性核壳结构聚氨酯－丙烯酸酯乳液的制备方法 	ZL200610096300.X 	2006.10.09 	发明 	晨化股份、中国科技大学 							
27 	 一种可紫外光固化水性聚氨酯树脂的制备方法 	ZL200610038981.4 	2006.03.22 	发明 	晨化股份、中国科技大学 							
28 	紫外光快速固化水性聚胺酯树脂加工工艺 	ZL200610039546.3 	2006.04.13 	发明 	晨化股份 							
29 	可紫外光固化水性聚胺酯树脂的使用方法 	ZL200610039547.8 	2006.04.13 	发明 	晨化股份 							
												
序号 	注册号 	类号 	商标 	权利期限 								
1 	10130855 	1 	 	2013.09.28-2023.09.27 								
2 	3180792 	1 	 	2014.03.28-2024.03.27 								
3 	1256006 	1 	 	2009.03.21-2019.03.20 								
4 	4223639 	2 	 	2007.12.14-2017.12.13 								
5 	4223638 	3 	 	2007.10.14-2017.10.13 								
6 	4765814 	4 	 	2009.01.21-2019.01.20 								
7 	4909618 	5 	 	2009.02.14-2019.02.13 								
8 	3183972 	5 	 	2013.12.28-2023.12.27 								
9 	4765813 	6 	 	2008.05.28-2018.05.27 								
10 	4909617 	7 	 	2008.09.07-2018.09.06 								
11 	5612910 	8 	 	2009.08.14-2019.08.13 								
12 	4223637 	9 	 	2006.12.28-2016.12.27 								
13 	4223636 	11 	 	2006.12.28-2016.12.27 								
14 	6617305 	13 	 	2010.05.14-2020.05.13 								
15 	3183921 	16 	 	2013.08.28-2023.08.27 								
16 	4223635 	16 	 	2007.10.07-2017.10.06 								
17 	4765812 	17 	 	2009.04.14-2019.04.13 								
18 	4909616 	18 	 	2009.07.07-2019.07.06 								
19 	4223654 	19 	 	2007.12.14-2017.12.13 								
20 	4909615 	20 	 	2009.01.28-2019.01.27 								
21 	4223653 	21 	 	2007.10.07-2017.10.06 								
22 	4765811 	24 	 	2009.07.07-2019.07.06 								
23 	4223652 	25 	 	2009.04.28-2019.04.27 								
24 	5612911 	26 	 	2010.01.28-2020.01.27 								
25 	5612912 	27 	 	2010.01.28-2020.01.27 								
26 	4223651 	28 	 	2008.08.07-2018.08.06 								
27 	5993719 	33 	 	2009.12.07-2019.12.06 								
28 	5993720 	34 	 	2009.08.07-2019.08.06 								
29 	5993721 	38 	 	2010.02.28-2020.02.27 								
30 	6617304 	40 	 	2010.08.14-2020.08.13 								
31 	6617303 	41 	 	2010.09.07-2020.09.06 								
32 	6617300 	42 	 	2010.09.07-2020.09.06 								
33 	6617299 	43 	 	2010.05.21-2020.05.20 								
34 	6617298 	44 	 	2010.05.14-2020.05.13 								
35 	6617297 	45 	 	2010.05.14-2020.05.13 								
36 	9776054 	1 	 	2012.09.21-2022.09.20 								
37 	3183974 	1 	 	2014.02.07-2024.02.06 								
38 	5993724 	2 	 	2010.01.14-2020.01.13 								
39 	9776064 	3 	 	2012.09.28-2022.09.27 								
40 	5993726 	3 	 	2010.10.14-2020.10.13 								
41 	9776084 	4 	 	2012.09.21-2022.09.20 								
42 	5993725 	4 	 	2010.01.28-2020.01.27 								
43 	9776113 	6 	 	2012.09.21-2022.09.20 								
44 	7400366 	6 	 	2011.01.07-2021.01.06 								
45 	9776097 	7 	 	2012.09.21-2022.09.20 								
46 	7400457 	7 	 	2010.09.21-2020.09.20 								
47 	7407490 	8 	 	2010.12.21-2020.12.20 								
48 	9776126 	9 	 	2012.12.21-2022.12.20 								
49 	7407506 	9 	 	2010.12.28-2020.12.27 								
50 	7407521 	10 	 	2010.08.28-2020.08.27 								
51 	9776148 	11 	 	2012.09.21-2022.09.20 								
52 	7407533 	11 	 	2010.12.21-2020.12.20 								
53 	7407558 	13 	 	2010.12.21-2020.12.20 								
54 	9776176 	15 	 	2012.09.21-2022.09.20 								
55 	5993727 	16 	 	2010.01.21-2020.01.20 								
56 	9776197 	17 	 	2012.09.28-2022.09.27 								
57 	5993728 	17 	 	2010.03.07-2020.03.06 								
58 	9781958 	19 	 	2012.09.28-2022.09.27 								
59 	7407575 	19 	 	2011.02.21-2021.02.20 								
60 	9781989 	21 	 	2013.01.14-2023.01.13 								
61 	7407588 	21 	 	2010.08.28-2020.08.27 								
62 	7410180 	22 	 	2011.01.21-2021.01.20 								
63 	9782022 	22 	 	2012.09.28-2022.09.27 								
64 	9789673 	28 	 	2012.09.28-2022.09.27 								
65 	1900454 	1 	 	2013.01.21-2023.01.20 								
66 	7959406 	1 	 	2011.01.28-2021.01.27 								
67 	7959496 	1 	 	2011.04.14-2021.04.13 								
68 	7959425 	1 	 	2011.01.28-2021.01.27 								
69 	5625057 	10 	 	2009.07.07-2019.07.06 								
70 	5625070 	12 	 	2009.07.07-2019.07.06 								
71 	5625069 	14 	 	2009.09.14-2019.09.13 								
72 	5993718 	15 	 	2009.12.14-2019.12.13 								
73 	5625068 	22 	 	2009.10.21-2019.10.20 								
74 	5625056 	29 	 	2009.06.07-2019.06.06 								
75 	5625055 	30 	 	2009.07.21-2019.07.20 								
76 	5993717 	31 	 	2009.08.07-2019.08.06 								
77 	5993716 	32 	 	2009.12.14-2019.12.13 								
78 	5993715 	35 	 	2010.06.07-2020.06.06 								
79 	5993714 	36 	 	2010.02.28-2020.02.27 								
80 	5993713 	37 	 	2010.02.28-2020.02.27 								
81 	5993756 	39 	 	2010.06.17-2020.06.16 								
82 	3740168 	2 	 	2015.07.28-2025.07.27 								
83 	12381468 	1 	 	2014.09.14-2024.09.13 								
												
资产名称或资质证明 	权属证明文件号或资质证明号 	变更时间 										
房产证 	宝房权证曹甸字 2013824147 号 	2014 年 12 月 24 日 										
房产证 	宝房权证曹甸字 2013824148 号 	2014 年 12 月 24 日 										
房产证 	宝房权证曹甸字 2013824149 号 	2014 年 12 月 24 日 										
房产证 	宝房权证曹甸字 2013824150 号 	2014 年 12 月 24 日 										
房产证 	宝房权证曹甸字 2013824151 号 	2014 年 12 月 24 日 										
房产证 	宝房权证曹甸字 2013824152 号 	2014 年 12 月 24 日 										
房产证 	宝房权证曹甸字 2013824429 号 	2014 年 12 月 24 日 										
房产证 	宝房权证安宜字 2013823434 号 	2013 年 11 月 15 日 										
房产证 	宝房权证安宜字 2013823435 号 	2013 年 11 月 15 日 										
房产证 	宝房权证安宜字 2013823436 号 	2013 年 11 月 15 日 										
												
沪房地闸字（2013）第 022291 号 	2013 年 12 月 23 日 											
宝国用（2013）第1160068号 	2013 年 12 月 19 日 											
宝国用（2013）第1160069号 	2013 年 12 月 19 日 											
宝国用（2013）第1160070号 	2013 年 12 月 19 日 											
宝国用（2013）第1160071号 	2013 年 12 月 19 日 											
宝国用（2013）第1160072号 	2013 年 12 月 19 日 											
宝国用（2013）第1160073号 	2013 年 12 月 19 日 											
宝国用（2013）第1160074号 	2013 年 12 月 19 日 											
宝国用（2013）第10080号 	2013 年 12 月 03 日 											
宝国用（2013）第10081号 	2013 年 12 月 03 日 											
宝国用（2013）第10082号 	2013 年 12 月 03 日 											
沪房地闸字（2013）第022291号 	2013 年 12 月 23 日 											
一种烷基糖苷的制备方法（ZL200810168290.5） 	2014 年 3 月 17 日 											
一种 LED 封 装 用 甲 基 苯 基 乙 烯 基 硅 树 脂 的 制 备 方 法（ZL201010538518.2） 	2013 年 10 月 15 日 											
端烷基氨基聚醚的制备方法（ZL201010538537.5） 	2013 年 10 月 15 日 											
一种聚醚烯丙基接枝的合成方法（ZL201210073304.1） 	2013 年 10 月 17 日 											
一种双烯丙基聚醚的制备方法（ZL201210078387.3） 	2013 年 10 月 17 日 											
制备棕榈烷基葡萄糖苷的方法（ZL201110130387.9） 	2013 年 9 月 26 日 											
制备月桂烷基葡萄糖苷的方法（ZL201110130408.7） 	2013 年 9 月 26 日 											
制备十八烷基葡萄糖苷的方法（ZL201110130391.5） 	2013 年 9 月 26 日 											
制备癸烷基葡萄糖苷的方法（ZL201110130402.X） 	2013 年 9 月 26 日 											
制备辛烷基葡萄糖苷的方法（ZL201110130404.9） 	2013 年 9 月 26 日 											
制备十四烷基葡萄糖苷的方法（ZL201110130401.5） 	2013 年 9 月 26 日 											
一种连续化临氢氨化或胺化反应装置（ZL201310001738.5） 	2013 年 10 月 17 日 											
一种连续化临氢氨化或胺化反应方法（ZL201310001737.0） 	2013 年 10 月 17 日 											
一种聚醚改性聚硅氧烷匀泡剂的制备方法（ZL201310296323.5） 	2013 年 10 月 17 日 											
一种乙基膦酸二乙酯的生产方法（ZL201310047631.4） 	2013 年 9 月 18 日 											
一种连续化临氢氨化或胺化反应装置（ZL201320002125.9） 	2013 年 10 月 10 日 											
玻璃密封胶胶管（ZL201130325569.2） 	2014 年 3 月 26 日 											
一种氟硅改性核壳结构聚氨酯－丙烯酸酯乳液的制备方法（ZL200610096300.X） 	2016 年 5 月 11 日 											
一种可紫外光固化水性聚氨酯树脂的制备方法（ZL200610038981.4） 	2016 年 5 月 11 日 											
10130855 	2013 年 10 月 11 日 											
3180792 	2013 年 10 月 11 日 											
1256006 	2013 年 10 月 11 日 											
4223639 	2013 年 10 月 11 日 											
4223638 	2013 年 10 月 11 日 											
4765814 	2013 年 10 月 11 日 											
4909618 	2013 年 10 月 11 日 											
3183972 	2013 年 10 月 11 日 											
4765813 	2013 年 10 月 11 日 											
4909617 	2013 年 10 月 11 日 											
5612910 	2013 年 10 月 11 日 											
4223637 	2013 年 10 月 11 日 											
4223636 	2013 年 10 月 11 日 											
6617305 	2013 年 10 月 11 日 											
3183921 	2013 年 10 月 11 日 											
4223635 	2013 年 10 月 11 日 											
4765812 	2013 年 10 月 11 日 											
4909616 	2013 年 10 月 11 日 											
4223654 	2013 年 10 月 11 日 											
4909615 	2013 年 10 月 11 日 											
4223653 	2013 年 10 月 11 日 											
4765811 	2013 年 10 月 11 日 											
4223652 	2013 年 10 月 11 日 											
5612911 	2013 年 10 月 11 日 											
5612912 	2013 年 10 月 11 日 											
4223651 	2013 年 10 月 11 日 											
5993719 	2013 年 10 月 11 日 											
5993720 	2013 年 10 月 11 日 											
5993721 	2013 年 10 月 11 日 											
6617304 	2013 年 10 月 11 日 											
6617303 	2013 年 10 月 11 日 											
6617300 	2013 年 10 月 11 日 											
6617299 	2013 年 10 月 11 日 											
6617298 	2013 年 10 月 11 日 											
6617297 	2013 年 10 月 11 日 											
9776054 	2013 年 10 月 11 日 											
3183974 	2013 年 10 月 11 日 											
5993724 	2013 年 10 月 11 日 											
9776064 	2013 年 10 月 11 日 											
5993726 	2013 年 10 月 11 日 											
9776084 	2013 年 10 月 11 日 											
5993725 	2013 年 10 月 11 日 											
9776113 	2013 年 10 月 11 日 											
7400366 	2013 年 10 月 11 日 											
9776097 	2013 年 10 月 11 日 											
7400457 	2013 年 10 月 11 日 											
7407490 	2013 年 10 月 11 日 											
9776126 	2013 年 10 月 11 日 											
7407506 	2013 年 10 月 11 日 											
7407521 	2013 年 10 月 11 日 											
9776148 	2013 年 10 月 11 日 											
7407533 	2013 年 10 月 11 日 											
7407558 	2013 年 10 月 11 日 											
9776176 	2013 年 10 月 11 日 											
5993727 	2013 年 10 月 11 日 											
9776197 	2013 年 10 月 11 日 											
5993728 	2013 年 10 月 11 日 											
9781958 	2013 年 10 月 11 日 											
7407575 	2013 年 10 月 11 日 											
9781989 	2013 年 10 月 11 日 											
7407588 	2013 年 10 月 11 日 											
7410180 	2013 年 10 月 11 日 											
9782022 	2013 年 10 月 11 日 											
9789673 	2013 年 10 月 11 日 											
1900454 	2013 年 10 月 11 日 											
7959406 	2013 年 10 月 11 日 											
7959496 	2013 年 10 月 11 日 											
7959425 	2013 年 10 月 11 日 											
5625057 	2013 年 10 月 11 日 											
5625070 	2013 年 10 月 11 日 											
5625069 	2013 年 10 月 11 日 											
5993718 	2013 年 10 月 11 日 											
5625068 	2013 年 10 月 11 日 											
5625056 	2013 年 10 月 11 日 											
5625055 	2013 年 10 月 11 日 											
5993717 	2013 年 10 月 11 日 											
5993716 	2013 年 10 月 11 日 											
5993715 	2013 年 10 月 11 日 											
5993714 	2013 年 10 月 11 日 											
5993713 	2013 年 10 月 11 日 											
5993756 	2013 年 10 月 11 日 											
3740168 	2013 年 10 月 11 日 											
12381468 	2013 年 10 月 11 日 											
（苏）WH 安许证字[K00122] 	2013 年 											
3210232015000072 	2013 年 											
HW-D32F0058 	2014 年 4 月 1 日 											
HW-B0040005 	2014 年 4 月 1 日 											
3210960664 	2014 年 											
3218601882 	2013 年 8 月 16 日 											
（宝应）字[2013]第 A10230002 号、（宝应）字[2013]第A10230001 号、（宝应）字[2013]第 B10230102 号 	2013 年 8 月 1 日 											
321023000001555 	2013 年 7 月 12 日 											
												
土地使用证 												
专利 												
商标 												
												
安全生产许可证 												
排放污染物许可证 												
监控化学品生产特别许可证书 												
报关单位注册登记证书 												
自理报检企业备案登记证明书 												
取水许可证 												
营业执照 												
												
税务登记证 	321023141049668 	2013 年 8 月 13 日 										
组织机构代码证 	14104966-8 	2013 年 7 月 										
开户许可证 	3010-03932150 	2013 年 9 月 3 日 										
机构信用代码证 	G1032102300010260E 	2013 年 9 月 										
社会福利证书 	32001005017 	2013 年 9 月 										
高新企业证书 	GR201432000025 	2014 年 6 月 30 日 										
												
年份 	2013 年 	2014 年 	2015 年 	2016 年 1-6 月 								
金额 	1,938,212.28 	1,711,748.80 	1,331,699.03 	348,130.85 								
												
产品 	核心技术 	技术特点 	技术来源 	形成专利情况 								
糖苷系列生物质表面活性剂 APG 	生产技术来源于“聚醚糖苷酯大分子化合物及其制备方法”以及公司自有“一种烷基糖苷的制备方法” 	采用相转移催化醇糖反应技术一步法合成工艺，实现了底物的高效转化及产品质量的有效控制； 	原始创新 	ZL201110130391.5 制备十八烷基葡萄糖苷的方法 ZL201110130408.7 制备月桂烷基葡萄糖苷的方法 ZL201110130387.9 制备棕榈烷基葡萄糖苷的方法 ZL200610047270.3 聚醚糖苷大分子化合物及制备方法 ZL201420196682.3 一种提高烷基糖苷过滤速度的过滤装置 CN201110130401.5 制备十四烷基葡萄糖苷的方法 CN201110130402.X 制备癸烷基葡萄糖苷的方法 								
糖苷系列生物质表面活性剂 APG 	生产技术来源于“聚醚糖苷酯大分子化合物及其制备方法”以及公司自有“一种烷基糖苷的制备方法” 	采用先进蒸馏技术脱除醇糖反应后物料中的脂肪醇，实现了残留醇的有效控制； 	原始创新 	ZL201110130391.5 制备十八烷基葡萄糖苷的方法 ZL201110130408.7 制备月桂烷基葡萄糖苷的方法 ZL201110130387.9 制备棕榈烷基葡萄糖苷的方法 ZL200610047270.3 聚醚糖苷大分子化合物及制备方法 ZL201420196682.3 一种提高烷基糖苷过滤速度的过滤装置 CN201110130401.5 制备十四烷基葡萄糖苷的方法 CN201110130402.X 制备癸烷基葡萄糖苷的方法 								
糖苷系列生物质表面活性剂 APG 	生产技术来源于“聚醚糖苷酯大分子化合物及其制备方法”以及公司自有“一种烷基糖苷的制备方法” 	采用氧化镁缚酸技术，条件温和、效率高； 	原始创新 	ZL201110130391.5 制备十八烷基葡萄糖苷的方法 ZL201110130408.7 制备月桂烷基葡萄糖苷的方法 ZL201110130387.9 制备棕榈烷基葡萄糖苷的方法 ZL200610047270.3 聚醚糖苷大分子化合物及制备方法 ZL201420196682.3 一种提高烷基糖苷过滤速度的过滤装置 CN201110130401.5 制备十四烷基葡萄糖苷的方法 CN201110130402.X 制备癸烷基葡萄糖苷的方法 								
糖苷系列生物质表面活性剂 APG 	生产技术来源于“聚醚糖苷酯大分子化合物及其制备方法”以及公司自有“一种烷基糖苷的制备方法” 	采用连续高效外循环静态混合搅拌釜式反应器，解决了半缩醛反应过程中固-液快速混合及强化传质速率问题。 	原始创新 	ZL201110130391.5 制备十八烷基葡萄糖苷的方法 ZL201110130408.7 制备月桂烷基葡萄糖苷的方法 ZL201110130387.9 制备棕榈烷基葡萄糖苷的方法 ZL200610047270.3 聚醚糖苷大分子化合物及制备方法 ZL201420196682.3 一种提高烷基糖苷过滤速度的过滤装置 CN201110130401.5 制备十四烷基葡萄糖苷的方法 CN201110130402.X 制备癸烷基葡萄糖苷的方法 								
草甘膦助剂CGN-3 	丁苷化法合成技术 	改进原工艺，减少正丁醇投料量，加大脂肪醇投料量，使产品更适合应用于草甘膦助剂专用，同时提高回收醇的利用效率。 	原始创新 	ZL200810168290.5 一种烷基糖苷的制备方法 ZL201110130404.9 制备辛烷基葡萄糖苷的方法 								
有机磷阻燃剂 	在含金属及烷氧基根的高效催化剂XmYn 催化下，一步酯化反应技术 	催化剂采用含金属及烷氧基根的高效催化剂 XmYn，反应条件温和，转化率高，达到 99.5%； 	原始创新 	CN201410103698.X 一种磷系阻燃剂的生产方法 								
有机磷阻燃剂 	在含金属及烷氧基根的高效催化剂XmYn 催化下，一步酯化反应技术 	生产过程简单，一步就能制得产品；有效改善了原有工艺，避免了两步工艺产生的大量含磷废水的问题； 	原始创新 	CN201410103698.X 一种磷系阻燃剂的生产方法 								
有机磷阻燃剂 	在含金属及烷氧基根的高效催化剂XmYn 催化下，一步酯化反应技术 	产品的热贮稳定性好，闪点高。 	原始创新 	CN201410103698.X 一种磷系阻燃剂的生产方法 								
无卤有机磷阻燃剂 	特殊转位酯化反应技术 	采用特殊方法进行转位酯化反应使工艺更加先进，提高产品有效含量； 	原始创新 	CN201310047631.4 一种乙基膦酸二乙酯的生产方法 								
无卤有机磷阻燃剂 	特殊转位酯化反应技术 	采用先进的回收原料方法，降低成本且环保； 	原始创新 	CN201310047631.4 一种乙基膦酸二乙酯的生产方法 								
无卤有机磷阻燃剂 	特殊转位酯化反应技术 	采用特殊催化剂，产品收率较高； 	原始创新 	CN201310047631.4 一种乙基膦酸二乙酯的生产方法 								
端氨基聚醚 	临氢氨化法工艺合成技术 	采用先进工艺，收率高、产品纯、反应稳定、易于自动化控制，克服了目标产品反应过程中副反应过多的缺点； 	原始创新 	CN201310612202.7 一种端叔胺基聚醚的制备方法 CN201310612185.7 一种双（烷基聚氧烷烯醚）仲胺的								
												
选用新型窄分布催化剂，克服国内聚醚分子量分布过宽的劣势。 												
开发了专用催化剂，可连续使用。克服了其他骨架镍催化剂活性低、反应压力高、不能连续使用的缺点； 	原始创新 	ZL201310001738.5 一种连续化临氢氨化或胺化反应装置 ZL201320002125.9 一种连续化临氢氨化或胺化反应装置 ZL201310001737.0 一种连续化临氢氨化或胺化反应方法 ZL 201010538537.5 端烷基氨基聚醚的制备方法 ZL 201310612185.7 一种双(烷基聚氧烷烯醚)仲胺的制备方法 ZL 201310612202.7 一种端叔胺基聚醚的制备方法 										
与其他方法相比产品质量稳定、副反应少；反应需求压力低，可以使反应选择性达到99%以上； 	原始创新 	ZL201310001738.5 一种连续化临氢氨化或胺化反应装置 ZL201320002125.9 一种连续化临氢氨化或胺化反应装置 ZL201310001737.0 一种连续化临氢氨化或胺化反应方法 ZL 201010538537.5 端烷基氨基聚醚的制备方法 ZL 201310612185.7 一种双(烷基聚氧烷烯醚)仲胺的制备方法 ZL 201310612202.7 一种端叔胺基聚醚的制备方法 										
采用化工反应过程强化技术，解决氨化反应过程中气-液-固快速混合及强化传质速率问题； 	原始创新 	ZL201310001738.5 一种连续化临氢氨化或胺化反应装置 ZL201320002125.9 一种连续化临氢氨化或胺化反应装置 ZL201310001737.0 一种连续化临氢氨化或胺化反应方法 ZL 201010538537.5 端烷基氨基聚醚的制备方法 ZL 201310612185.7 一种双(烷基聚氧烷烯醚)仲胺的制备方法 ZL 201310612202.7 一种端叔胺基聚醚的制备方法 										
采用连续化临氢氨化或胺化反应技术，解决生产连续化及氢、氨回收利用的技术难题。 	原始创新 	ZL201310001738.5 一种连续化临氢氨化或胺化反应装置 ZL201320002125.9 一种连续化临氢氨化或胺化反应装置 ZL201310001737.0 一种连续化临氢氨化或胺化反应方法 ZL 201010538537.5 端烷基氨基聚醚的制备方法 ZL 201310612185.7 一种双(烷基聚氧烷烯醚)仲胺的制备方法 ZL 201310612202.7 一种端叔胺基聚醚的制备方法 										
采用窄分布催化剂，有效提高产品的质量； 	原始创新 	CN201310372714.0 一种乙二醇单烯丙基醚的制备方法 										
提高了乙氧基化反应效率、传质效率、温度控制稳定性和产品质量。 	原始创新 	CN201310372714.0 一种乙二醇单烯丙基醚的制备方法 										
确定了不同结构烯丙基聚醚醚化封端反应的规律； 	原始创新 	ZL201210078387.3 一种双烯丙基聚醚的制备方法 ZL201210073304.1 一种聚醚烯丙基接枝的合成方法 										
确定了相转移催化剂的催化作用； 	原始创新 	ZL201210078387.3 一种双烯丙基聚醚的制备方法 ZL201210073304.1 一种聚醚烯丙基接枝的合成方法 										
采用先进的后处理工艺，使产品色泽浅、透明度好。 	原始创新 	ZL201210078387.3 一种双烯丙基聚醚的制备方法 ZL201210073304.1 一种聚醚烯丙基接枝的合成方法 										
预处理工艺，提高了产品的力学性能、耐水性能、粘接性能； 	原始创新 	CN201410228300.5 以酯蜡为脱模剂的挤出型阻燃硅橡胶的制备方法 CN201410228447.4 用于生产阻燃硅橡胶的脱模剂-酯蜡的制备方法 ZL201010538518.2 一种LED 封装用甲基苯基乙烯及硅树脂的制备方法 										
采用新型脱模剂，有效改善了产品特性； 	原始创新 	CN201410228300.5 以酯蜡为脱模剂的挤出型阻燃硅橡胶的制备方法 CN201410228447.4 用于生产阻燃硅橡胶的脱模剂-酯蜡的制备方法 ZL201010538518.2 一种LED 封装用甲基苯基乙烯及硅树脂的制备方法 										
采用独特的复配型阻燃剂，减少了阻燃剂的添加量，增强了产品的拉伸强度、阻燃性能和光泽度。 	原始创新 	CN201410228300.5 以酯蜡为脱模剂的挤出型阻燃硅橡胶的制备方法 CN201410228447.4 用于生产阻燃硅橡胶的脱模剂-酯蜡的制备方法 ZL201010538518.2 一种LED 封装用甲基苯基乙烯及硅树脂的制备方法 										
采用复配交联剂改善了交联体系的交联结构和交联密度，从而调节和控制硅酮密封剂的强度、弹性和伸长率； 	原始创新 	CN201410287568.6 一种酸性硅酮密封剂及其制备方法 ZL 201130325569.2 玻璃密封胶胶管 										
采用新型触变剂，提高了抗流挂的性能和产品强度； 	原始创新 	CN201410287568.6 一种酸性硅酮密封剂及其制备方法 ZL 201130325569.2 玻璃密封胶胶管 										
采用新型加料工艺，使产品不易结皮。 	原始创新 	CN201410287568.6 一种酸性硅酮密封剂及其制备方法 ZL 201130325569.2 玻璃密封胶胶管 										
												
固化剂-聚醚胺 	连续固定床合成技术 											
烯丙基 聚醚 	外循环喷雾乙氧基化反应技术 											
封端聚醚 	醚化封端制备技术 											
高温硅橡胶 	混炼技术 											
硅酮密封胶 	聚合物与填料的混合技术 											
												
亲水性硅油 	硅氢化反应合成技术 	采用新型催化剂，提高了烯丙基聚醚与含氢硅油的接枝率； 	原始创新 	CN201310296323.5 一种聚醚改性聚硅氧烷匀泡剂的制备方法 CN201410104384.1 一种有机硅消泡剂的制备方法 								
亲水性硅油 	硅氢化反应合成技术 	避免了加成反应发生交联； 	原始创新 	CN201310296323.5 一种聚醚改性聚硅氧烷匀泡剂的制备方法 CN201410104384.1 一种有机硅消泡剂的制备方法 								
亲水性硅油 	硅氢化反应合成技术 	采用特殊工艺，提高产品活性。 	原始创新 	CN201310296323.5 一种聚醚改性聚硅氧烷匀泡剂的制备方法 CN201410104384.1 一种有机硅消泡剂的制备方法 								
氨基硅油 	叔氨基改性技术 	采用新型工艺，减少了活泼氢的干扰； 	原始创新 	非专利技术、未申请专利 								
氨基硅油 	叔氨基改性技术 	采用新型回收溶剂工艺，加快了反应速率，产品成本低、环境污染小； 	原始创新 	非专利技术、未申请专利 								
氨基硅油 	叔氨基改性技术 	采用特殊催化剂，用量少且无需后续处理。 	原始创新 	非专利技术、未申请专利 								
水性聚氨酯树脂 	自乳化技术 	水中扩链（后扩链）技术，该技术令树脂分子量大、固含量高； 	原始创新 	ZL200610039547.8 可紫外光固化水性聚氨酯树脂的使用方法 ZL200620072196.6 可紫外光固化聚氨酯树脂包装筒 ZL200610039546.3 紫外光快速固化水性聚氨酯树脂的加工工艺 								
水性聚氨酯树脂 	自乳化技术 	采用新型乳化反应技术引入双键，提高了产品性能； 	原始创新 	ZL200610039547.8 可紫外光固化水性聚氨酯树脂的使用方法 ZL200620072196.6 可紫外光固化聚氨酯树脂包装筒 ZL200610039546.3 紫外光快速固化水性聚氨酯树脂的加工工艺 								
水性聚氨酯树脂 	自乳化技术 	采用自交联技术，提高了产品的附着力和抗撕裂性。 	原始创新 	ZL200610039547.8 可紫外光固化水性聚氨酯树脂的使用方法 ZL200620072196.6 可紫外光固化聚氨酯树脂包装筒 ZL200610039546.3 紫外光快速固化水性聚氨酯树脂的加工工艺 								
												
项目 	2016 年 1-6 月 	2015 年度 	2014 年度 	2013 年度 								
营业收入 	27,389.89 	55,355.31 	 58,595.80  	 52,179.03  								
核心技术产品收入 	27,364.79 	55,226.26 	58,392.66 	51,764.85 								
核心技术产品收入占营业收入比重 	99.91% 	99.77% 	99.65% 	99.21% 								
												
项目 	2016 年 1-6 月 	2015 年度 	2014 年度 	2013 年度 								
营业收入 	27,389.89 	55,355.31 	58,595.80  	 52,179.03  								
研发支出 	 1,390.78  	2,245.17 	1,840.09 	 1,685.80  								
研发支出占营业收入比重 	5.08% 	4.06% 	3.14% 	3.23% 								
												
科研荣誉 	年份 	项目 										
国家星火计划 	2005 年 	CGN-3 植物性农药表面活性剂 										
国家星火计划 	2007 年 	UV 光固化水性聚氨酯树脂 										
国家火炬计划 	2005 年 	硅氧烷聚氨酯密封胶 										
国家火炬计划 	2007 年 	UV 光固化水性聚氨酯树脂 										
国家重点新产品 	2003 年 	CGN—3 植物性农药表面活性剂 										
国家重点新产品 	2005 年 	端氨基聚醚 										
国家重点新产品 	2006 年 	硅氧烷聚氨酯密封胶 										
国家重点新产品 	2008 年 	UV 光固化水性聚氨酯树脂 										
江苏省高新技术产品 	2010 年 	双烯丙基聚醚 										
江苏省高新技术产品 	2010 年 	烯丙基聚醚醋酸酯 										
江苏省高新技术产品 	2012 年 	端烷基氨基聚醚 										
江苏省高新技术产品 	2012 年 	新型有机硅树脂 										
江苏省高新技术产品 	2012 年 	直链型亲水性聚醚封端硅油 										
江苏省高新技术产品 	2013 年 	乙基膦酸二乙酯 										
江苏省高新技术产品 	2013 年 	亲水性端氨基聚醚 ED-900 										
江苏省高新技术产品 	2014 年 	氨基聚醚 D-230 										
江苏省高新技术产品 	2014 年 	聚醚改性聚硅氧烷匀泡剂 										
												
2015 年 	聚醚胺 T-403 											
2015 年 	日化用高效烷基糖苷 APG1214 											
2009 年 	LED 封装用高模量耐老化高透明度有机硅树脂研发项目 											
2010 年 	玉米淀粉一步法合成糖苷系列生物质表面活性剂产品 											
2015 年 	绿色功能材料聚醚胺固化剂连续制备技术的研发和产业化 											
2012 年 	玉米淀粉一步法合成糖苷系列生物质表面活性剂产品 											
2013 年 	端烷基氨基聚醚 											
2014 年 	一步法合成烷基糖苷关键技术研发及产业化 											
2014 年 	端烷基氨基聚醚 											
2003 年 	CGN-3 植物性农药表面活性剂 											
2005 年 	硅氧烷聚氨酯密封胶 											
2007 年 	UV 光固化水性聚氨酯树脂 											
												
江苏省科技创新与成果转化（重大科技支撑与自主创新）专项引导资金项目 												
江苏省科技创新与成果转化专项引导资金项目 												
江苏省优秀新产品金奖 												
江苏省优秀新产品奖 												
江苏省科学技术三等奖 												
扬州市科学技术一等奖 												
扬州市科学技术一等奖 												
江苏省火炬计划 												
												
项目名称 	合作方 	项目内容 										
高分子醇氨化工艺开发项目 	华东理工大学 	通过小试研究,掌握高分子醇氨化反应的规律，确定合适的连续生产工艺条件 										
硅橡胶的研发 	华东理工大学 	研究新型添加剂对丙烯酸酯橡胶/硅橡胶共混材料性能的影响 										
端氨基聚醚反应器工业化研究 	华东理工大学 	掌握聚醚氨化反应的反应规律；考察反应器放大过程中工程因素对氨化反应结果的影响规律 										
特种端胺基聚醚制备技术开发 	南京林业大学 	催化剂、制备工艺小试和扩试技术开发 										
环保型陶瓷化阻燃硅橡胶的研制 	北京化工大学 	进行配方研究和成品检测 										
												
