分类 	道路车辆用 	非道路移动机械用 	船舶用 	固定源 							
柴油机 	主导业务 	起步阶段 	起步阶段 	起步阶段 							
气体机 	主导业务 	- 	- 	- 							
汽油机 	业务量小 	- 	- 	- 							
											
序号 	后处理技术装备 	国四/国五 	优点 	缺点 							
1 	SCR 	国四（中重卡） 国五（中重卡） 国五（轻卡） 	NOx 转化率高，燃烧效率高，动力性更好（最高达 10% ） ， 油 耗 低（3%-7%） 	成本高，需要添加尿素，需要对加油站进行大规模升级改造，系统零部件较多 							
2 	DOC+DPF （主动式） 	国五（轻卡） 	PM 转化率高，不需要额外加入介质，使用成本低 	需要额外燃油再生，成本高，燃油经济性差，易堵							
序号 	后处理技术装备 	国四/国五 	优点 	缺点 							
塞，系统标定复杂，对硫敏感 											
成本较高，燃油经济性差，对硫非常敏感，易堵塞，系统标定复杂 											
转化率一般，且有出现间歇性黑烟的倾向，对硫敏感，易堵塞 											
											
3 	DOC+DPF （被动式） 	国五（轻卡） 	PM 转化率高，不需要额外加入介质 ，使用成本低，不需要额外燃油再生 								
4 	DOC+POC 	国四（轻卡） 	成本较低，体积较小，更适合配套轻 型柴油机使用 								
											
部件 	部件图示 	主要功能 									
催化消声器 	 	催化消声器是由不锈钢外壳封装的整体式催化和消声装置，其内部有 4 个单元，分别是氨扩散器、催化器、防止氨泄露的氧化层和消声装置。通过提高排气与尾气的混合程度及催化器的催化作用，提高催化效率。催化器由催化剂和载体组成，是核心零部件。 									
喷射控制器（ DCU） 	 	DCU 主要功能为与发动机 ECU 进行通讯，同时对数据的存储、接收、计算以及发送相关指令，精确控制尿素喷射量并进行故障诊断（OBD）。  									
尿素泵 	 	空气辅助尿素泵：接受 DCU 的喷射指令，抽取尿素溶液并计量，在压缩空气的辅助下，把尿素输送到喷嘴处。尿素泵控制系统可与 DCU 集成，进一步减少系统零部件数量。 									
											
部件 	部件图示 	部件图示 	主要功能 								
 	 	无空气辅助尿素泵：电机驱动隔膜泵抽取尿素溶液到蓄能腔，蓄能腔可保证稳定压力，喷射结束后实现尿素溶液反抽功能。尿素泵控制系统可与 DCU 集成，进一步减少系统零部件数量。 									
 	 	尿素罐主要功能为存储尿素溶液。该部件由罐体、液位温度传感器、空气放气阀和加液盖等组成。液位传感器能够实时检测出尿素溶液的存储量，在空罐时发出报警信号。 									
											
主要产品 	产品图示 	主要功能 									
DOC+DPF总成 	 	DOC+DPF 总成主要是将发动机排气中有害的 CO 和 HC 转化成无害的 H20 和CO2，并通过过滤来降低排气中 PM。整体材料为不锈钢，内装 DOC 及 DPF 催化剂和载体。 									
											
主要产品 	产品图示 	主要功能 									
消 声 催 化 转化器 	 	用于处理气体机尾气中的 HC 化合物（尤其甲烷）及其他污染物。其集成了消音功能，可降低发动机的排气噪音。 									
消 声 加 热 催化转化器 	 	用于处理气体机尾气中的 HC 化合物（尤其甲烷）及其他污染物。其集成了尾气净化节能循环系统，有助于解决天然气汽车的车厢供暖问题。 									
											
主要产品 	产品图示 	主要功能 									
SCR 催化剂 	 	SCR 催化剂是 SCR 催化消声器的重要组成部分，其主要由催化剂载体、催化涂层和催化活性组分组成。通过一定的化学配比将催化活性组分和催化涂层涂覆在催化载体上。向系统加入尿素溶液等还原剂后，催化剂会推动化学反应，将  NOx 转化为水和氮气。 									
DPF 催化剂 	 	利用 DPF 载体的壁流式蜂窝结构，对柴油机尾气中的碳烟颗粒进行过滤捕集。由于在 DPF 载体过滤壁表面涂覆有催化剂，捕集的碳烟颗粒在催化剂的作用下，降低了碳烟的活化能和起燃温度，实现碳烟在较低温度下的被动再生，从而有效减少主动再生的频率，降低油耗。 									
DOC 催化剂 	 	在  DOC  催化剂的催化作用下，能有效把柴油机排放的  CO、HC、颗粒物表面的  SOF  氧化成无害的  CO₂ 和 H2O，同时能把  NO  氧化成氧化性更强的  NO₂，进而使  DPF  捕集的碳烟在较低的温度下实现再生。 									
壁流式DPF 载体 	 	通过物理过滤作用，对柴油机尾气中的碳烟颗粒进行过滤捕集，达到柴油机尾气净化的目的。DPF 由许多细小的平行孔道所组成，平行孔道之间由通气性的孔壁分隔，且一端开放，一端堵塞，捕集器孔壁中的微孔可让柴油机尾气中的气体分子通过，而碳烟颗粒由于粒径较大无法通过微孔，被过滤在陶瓷孔壁表面，进而达到消除柴油机尾气中炭颗粒物的效果。 									
SCR 载体 	 	直通式陶瓷载体具有高的几何比表面积、低的排气阻力、高抗热震性、低的热膨胀系数和高的机械强度，能有效地提高废气和催化剂的接触比表面积，成为车用尾气净化催化转化器的重要组成部分。 									
											
项目 	2017 年 1-6 月 	2017 年 1-6 月 	2016 年度 	2016 年度 	2016 年度 	2015 年度 	2015 年度 	2015 年度 	2014 年度 	2014 年度 	
项目 	金额 	占比 	金额 	占比 	金额 	金额 	占比 	金额 	占比 		
柴油机 SCR系统 	36,637.10 	76.40% 	34,795.75 	57.23% 	23,527.02 	23,527.02 	50.65% 	34,200.76 	54.60% 		
柴油机颗粒捕集系统 	2,242.10 	4.68% 	5,083.62 	8.36% 	3,356.46 	3,356.46 	7.23% 	996.72 	1.59% 		
气体机尾气后处理系统 	632.30 	1.32% 	3,876.84 	6.38% 	4,170.55 	4,170.55 	8.98% 	8,291.48 	13.24% 		
零部件 	5,815.03 	12.13% 	9,995.41 	16.44% 	7,480.11 	7,480.11 	16.10% 	9,135.24 	14.58% 		
尾气净化节能系统 	2,629.55 	5.48% 	7,045.33 	11.59% 	7,916.23 	7,916.23 	17.04% 	10,011.66 	15.98% 		
合计 	47,956.07 	100.00% 	60,796.94 	100.00% 	46,450.36 	46,450.36 	100.00% 	62,635.86 	100.00% 		
											
项目 	项目 	2017 年 1-6 月 	2017 年 1-6 月 	2016 年度 	2016 年度 	2015 年度 	2015 年度 	2014 年度 	2014 年度 		
项目 	项目 	金额 	占比 	金额 	占比 	金额 	占比 	金额 	占比 		
自主品牌 	内燃机尾气后处理系统 	38,736.94 	80.78% 	38,434.38 	63.22% 	28,137.54 	60.58% 	41,710.80 	66.59% 		
自主品牌 	尾气净化节能系统 	2,629.55 	5.48% 	7,045.33 	11.59% 	7,916.23 	17.04% 	10,011.66 	15.98% 		
OEM 	内燃机尾气后处理系统 	6,589.58 	13.74% 	15,317.24 	25.19% 	10,396.60 	22.38% 	10,913.40 	17.42% 		
合计 	合计 	47,956.07 	100.00% 	60,796.94 	100.00% 	46,450.36 	100.00% 	62,635.86 	100.00% 		
											
项目 	项目 	2017 年 1-6 月 	2017 年 1-6 月 	2016 年度 	2016 年度 	2015 年度 	2015 年度 	2014 年度 	2014 年度 		
项目 	项目 	毛利 	占比 	毛利 	占比 	毛利 	占比 	毛利 	占比 		
自主品牌 	内燃机尾气后处理系统 	11,775.49 	86.47% 	14,044.90 	68.70% 	7,663.21 	60.84% 	17,540.86 	71.29% 		
											
项目 	2017 年 1-6 月 	2017 年 1-6 月 	2017 年 1-6 月 	2016 年度 	2016 年度 	2015 年度 	2015 年度 	2014 年度 	2014 年度 		
项目 	毛利 	毛利 	占比 	毛利 	占比 	毛利 	占比 	毛利 	占比 		
939.63 	939.63 	6.90% 	2,780.48 	13.60% 	2,635.69 	20.93% 	3,140.33 	12.76% 			
902.94 	902.94 	6.63% 	3,617.32 	17.69% 	2,296.14 	18.23% 	3,922.68 	15.94% 			
13,618.06 	13,618.06 	100.00% 	20,442.69 	100.00% 	12,595.03 	100.00% 	24,603.87 	100.00% 			
											
尾气净化节能系统 											
内燃机尾气后处理系统 											
											
OEM 											
合计 	合计 										
											
序号 	法律法规 	实施时间 	与公司业务相关的主要内容 								
1 	《中华人民共和国大气污染防治法》 	2016 年 1 月1 日 	第二条规定，防治大气污染，应当加强对燃煤、工业、机动车船、扬尘、农业等大气污染的综合防治，推行区域大气污染联合防治，对颗粒物、二氧化硫、氮氧化物、挥发性有机物、氨等大气污染物和温室气体实施协同控制。 第五十一条规定，机动车船、非道路移动机械不得超过标准排放大气污染物。禁止生产、进口或者销售大气污染物排放超过标准的机动车船、非道路移动机械。 第五十九条规定，在用重型柴油车、非道路移动机械未安装污染控制装置或者污染控制装置不符合要求，不能达标排放的，应当加装或者更换符合要求的污染控制装置。 								
2 	《中华人民共和国环境保护法》 	2015 年 1 月1 日 	第二十一条规定，国家采取财政、税收、价格、政府采购等方面的政策和措施，鼓励和支持环境保护技术装备、资源综合利用和环境服务等环境保护产业的发展。 								
											
序号 	发布时间 	发布时间 	发布单位 	政策名称 	与公司业务相关内容 						
1 	2017 年 10 月17 日 	2017 年 10 月17 日 	工信部 	《 工业和信息化部关于加快推进环保装备制造业发展的指导意见》 	一、（二）工作目标。到 2020 年，先进环保技术装备的有效供给能力显著提高，市场占有率大幅提升。主要技术装备基本达到国内领先水平，国际竞争力明显增强。环保装备制造业产值达到 10000 亿元。 三、（一）大气污染防治装备。重点研发 PM2.5和臭氧主要前体物联合脱除、三氧化硫（SO3）、重金属、二噁英处理等趋势性、前瞻性技术装备。研发除尘用脉冲高压电源等关键零部件，推广垃圾焚烧烟气、移动源尾气、挥发性有机物（VOCs）废气的净化处置技术及装备。推进燃煤电厂超低排放以及钢铁、焦化、有色、建材、化工等非电行业多污染物协同控制和重点领域挥发性有机物控制技术装备的应用示范。 						
2 	2016 年 12 月22 日 	2016 年 12 月22 日 	国 家 发 改委、 科 技 部 、工 信 部 、环保部 	《 “ 十三 五 ” 节能环保产业发展规划》 	在“三、提升技术装备供给水平（二）环保技术装备“大气污染防治”中，明确表示：加快烟气多污染物协同处理技术及其集成工艺、成套装备与催化剂开发，促进发动机、汽轮机等机内净化、尾气治理、蒸发排放控制等移动源环保升级，以及柴油机（车）排放净化。 						
3 	2016 年 11 月29 日 	2016 年 11 月29 日 	国务院 	《 “ 十三 五 ” 国家战略性新兴产业发展规划》 	加快发展先进环保产业。大力推进实施水、大气、土壤污染防治行动计划，推动区域与流域污染防治整体联动，海陆统筹深入推进						
序号 	发布时间 	发布时间 	发布单位 	政策名称 	与公司业务相关内容 						
主要污染物减排，促进环保装备产业发展，推动主要污染物监测防治 技术装备能 力提升，加强先进适用环保技术装备推广应用和集成创新，积极推广应用先进环保产品，促进环境服务业发展，全面提升环保产业发展水平。到 2020 年，先进环保产业产值规模力争超过 2 万亿元。 											
“制定城市空气质量达标计划，严格落实约束性指标，地级及以上城市 重污染天数 减少25%， 加大 重点地 区细颗 粒物 污染 治理力度。”、“增强节能环保工程技术和设备制造能力，研发、示范、推广一批节能环保先进技术装备。加快低品位余热发电、小型燃气轮机、细颗粒物治理、汽车尾气净化等新型技术装备研发和产业化。” 											
为落实《节能减排“十二五”规划》和《大气污染防治行动计划》，促进大气污染防治，减少汽车尾气排放，保护消费者权益，于 2014年 12 月 31 日废止适用于国家第三阶段汽车排放标准柴油车产品《公告》，2015 年 1 月 1日起国三柴油车产品将不得销售。 											
“加快淘汰黄标车和老旧车辆。到 2017 年，基本淘汰全国范围的黄标车”、“加强机动车环保管理。环保、工业和信息化、质检、工商等部门联合加强新生产车辆环保监管，严厉打击生产、销售环保不达标车辆的违法行为；加强在用机动车年度检验，对不达标车辆不得发放环保合格标志，不得上路行驶。加快柴油车车用尿素供应体系建设。开展工程机械等非道路移动机械 和船舶的污 染控制”、“加快推进低速汽车升级换代。不断提高低速汽车（三轮汽车、低速货车）节能环保要求，减少污染排放，促进相关产业和产品技术升级换代。自 2017 年起，新生产的低速货车执行与轻型载货车同等的节能与排放标准”。 											
“加快发展选择性催化还原技术和选择性非催化还原技术及其装备，以及高效率、高容量、低阻力微粒过滤器等汽车尾气净化技术装备，实施产业化示范工程”。 											
重点提升选择性催化还原器、颗粒捕集器、废气再循环系统、三元催化和氧化催化转化器、在线诊断系统、关键气体传感器的技术水平，加强排气后处理装置与整机的协调匹配，提高产品生产与使用的一致性和产品的可靠性、耐久性。 											
“十四、机械”和“十六、汽车”部分，分别将“影响非道路移动机械用内燃机动力性、经济性、											
序号 	发布时间 	发布时间 	发布单位 	政策名称 	与公司业务相关内容 						
（2011 年本）》 	环保性的燃油系统、增压系统、排气后处理系统（均包括电子控制系统）”以及“4、高效柴油发动机（3L 以下升功率≥50 kW/L，3L以上升功率≥40 kW/L）；后处理系统（包括颗粒捕捉器、氧化型催化器、还原型催化器）”列入鼓励类项目。 										
环保部、工信部公告2016年  第4号 	①东部 11 省市（北京市、天津市、河北省、辽宁省、上海市、江苏省、浙江省、福建省、山东省、广东省和海南省）自 2016 年 4 月 1日起，所有进口、销售和注册登记的轻型汽油车、轻型柴油客车、重型柴油车（仅公交、环卫、邮政用途），须符合国五标准要求。②全国自 2017 年 1 月 1 日起，所有制造、进口、销售和注册登记的轻型汽油车、重型柴油车（客车和公交、环卫、邮政用途），须符合国五标准要求。③全国自 2017 年 7 月 1 日起，所有制造、进口、销售和注册登记的重型柴油车，须符合国五标准要求。④全国自 2018年 1 月 1 日起，所有制造、进口、销售和注册登记的轻型柴油车，须符合国五标准要求。 										
											
4 	2016 年 3 月17 	中 华 人 民共和国 	《国民经济和社会发展第十三个五年规划纲要》 								
5 	2014 年 4 月14 日 	工信部 	《中华人民共和国工业和信息化部 2014 年第 27 号公告》 								
6 	2013 年 9 月10 	国务院 	《大气污染防治 行 动 计 划 》（国发〔2013〕37 号） 								
7 	2013 年 8 月 1 	国务院 	《关于加快发展节能环保产业的意见》（国发〔2013 〕 30号） 								
8 	2013 年 2 月 6日 	国 务 院 办公厅 	《关于加强内燃机工业节能减 排 的 意 见 》（国办发〔2013〕12 号） 								
9 	2011 年 3 月27 日 	国 家 发 改委 	《产业结构调整 指 导 目 录								
											
10 	2016 年 1 月14 日 	环 保 部 、工信部  									
											
应用范围 	应用范围 	国家标准 	对应阶段 	全面执行 	是否必须加装发行人的产品 						
道路车辆 	重型柴油车 	《车用压燃式、气体燃料点燃式发动机与汽车排气污染物排放限值及测量方法（中国III、IV、V  阶段）》 	国三 	2008  年 1  月 	否 						
道路车辆 	重型柴油车 	《车用压燃式、气体燃料点燃式发动机与汽车排气污染物排放限值及测量方法（中国III、IV、V  阶段）》 	国四 	2015  年 1  月 	是 						
道路车辆 	重型柴油车 	《车用压燃式、气体燃料点燃式发动机与汽车排气污染物排放限值及测量方法（中国III、IV、V  阶段）》 	国五 	2017  年 7  月 	是 						
道路车辆 	重型柴油车 	《车用压燃式、气体燃料点燃式发动机与汽车排气污染物排放限值及测量方法（中国第六阶段）》（征求意见稿） 	国六 	2020  年 1  月 	是 						
道路车辆 	轻型柴油车 	《轻型汽车污染物排放限值及测量方法（中国 III、IV 阶段） 	国三 	2008 年  7  月 	否 						
道路车辆 	轻型柴油车 	《轻型汽车污染物排放限值及测量方法（中国 III、IV 阶段） 	国四 	2015  年 1  月 	是 						
道路车辆 	轻型柴油车 	《轻型汽车污染物排放限值及测量方法（中国第五阶段）》 	国五 	2018  年 1  月 	是 						
道路车辆 	轻型柴油车 	《轻型汽车污染物排放限值及测量方 法（中国第六阶段）》 	国六 	2020  年 7  月 	是 						
道路车辆 	汽油车 	《轻型汽车污染物排放限	国三 	2007 年 7 月 	否 						
											
应用范围 	国家标准 	国家标准 	对应阶段 	全面执行 	是否必须加装发行人的产品 						
值及测量方法（中国Ⅲ、Ⅳ阶段) 》 	值及测量方法（中国Ⅲ、Ⅳ阶段) 》 	国四 	2010 年 7 月 	否 							
《轻型汽车污染物排放限值及测量方法（中国第五阶段）》 	《轻型汽车污染物排放限值及测量方法（中国第五阶段）》 	国五 	2018  年 1  月 	否 							
《轻型汽车污染物排放限值及测量方 	《轻型汽车污染物排放限值及测量方 	国六 	2020  年 7  月 	否 							
《摩托车污染物排放限值及测量方法（中国第四阶段）》 	《摩托车污染物排放限值及测量方法（中国第四阶段）》 	国四 	2019 年 7 月 	是 							
《轻便摩托车污染物排放限值及测量方法（中国第四阶段）》 	《轻便摩托车污染物排放限值及测量方法（中国第四阶段）》 	国四 	2019 年 7 月 	是 							
《非道路移动机械用柴油机排气污染物排放限值及测量方法（中国III、IV 阶段）》 	《非道路移动机械用柴油机排气污染物排放限值及测量方法（中国III、IV 阶段）》 	国三 	2016 年 12 月 	否 							
《非道路移动机械用柴油机排气污染物排放限值及测量方法（中国III、IV 阶段）》 	《非道路移动机械用柴油机排气污染物排放限值及测量方法（中国III、IV 阶段）》 	国四 	预计 2019 年左右 	是 							
IMO 国际海事组织第 66 届大会关于 IMO Tier  Ⅲ法规 	IMO 国际海事组织第 66 届大会关于 IMO Tier  Ⅲ法规 	IMO  Tier Ⅲ 	2016 年 1 月 	是 							
《船舶发动机排气污染物排放限值及测量方法（中国第一、二阶段）》 	《船舶发动机排气污染物排放限值及测量方法（中国第一、二阶段）》 	国一 	2019 年 7 月 	否 							
《船舶发动机排气污染物排放限值及测量方法（中国第一、二阶段）》 	《船舶发动机排气污染物排放限值及测量方法（中国第一、二阶段）》 	国二 	2022 年 7 月 	否 							
											
摩托车 											
非道路移 动机械 	非道路移 动机械 										
船舶 	船舶 										
											
类型 	经营模式 	特点 									
自主品牌 	后处理产品制造企业自创内燃机尾气污染治理装备品牌，具有独立完整的研发、生产、销售体系，根据市场需求自主研发、生产、销售自主品牌的内燃机尾气污染治理装备 	优势：企业进行技术开发、产品设计、生产制造、销售，拥有自主品牌，占据价值链的全部环节，可以获取产品实现的大部分利润； 劣势：该模式需较多投入，去开拓市场渠道、塑造品牌形象。 									
OEM 	部分催化消声器等封装产品的设计、工艺、结构由品牌商提供，生产厂根据品牌商提供的图样、技术文件和订单进行产品封装生产，产品以其品牌出售，即“代工生产” 	优势：可以促进生产厂规模生产，降低单位产品成本；学习品牌商先进的生产经营、质量控制等管理经验和生产技术，缩小与一流品牌商的差距； 劣势：生产厂盈利空间受到限制。   									
											
产品 	单位 	2017 年 1-6 月 	2016 年 	2015 年 	2014 年 						
内燃机尾气后处理系统 	套 	140,000 	240,000 	200,000 	170,000 						
产品 	单位 	2017 年 1-6 月 	2016 年 	2015 年 	2014 年 						
汽车尾气净化节能系统 	套 	15,000 	30,000 	30,000 	30,000 						
											
产品 	单位 	2017 年 1-6 月 	2016 年 	2015 年 	2014 年 						
内燃机尾气后处理系统 	套 	127,062 	183,727 	144,694 	137,594 						
汽车尾气净化节能系统 	套 	5,662 	13,867 	17,156 	21,585 						
											
产品 	2017 年 1-6 月 	2016 年 	2015 年 	2014 年 							
内燃机尾气后处理系统 	90.76% 	76.55% 	72.35% 	80.94% 							
汽车尾气净化节能系统 	37.75% 	46.22% 	57.19% 	71.95% 							
											
项目 	项目 	2017 年 1-6 月 	2016 年度 	2015 年度 	2014 年度 						
自主 品牌 	内燃机尾气后处理系统 	内燃机尾气后处理系统 	内燃机尾气后处理系统 	内燃机尾气后处理系统 	内燃机尾气后处理系统 	内燃机尾气后处理系统 					
自主 品牌 	柴油机 SCR 系统 	60,465 	41,849 	16,482 	26,813 						
自主 品牌 	SCR（轻型） 	35,219 	19,788 	29 	5 						
自主 品牌 	SCR（重型） 	25,246 	22,061 	16,453 	26,808 						
自主 品牌 	柴油机颗粒捕集系统 	3,445 	3,582 	7,172 	551 						
自主 品牌 	DOC+DPF 	2,645 	2 	  	  						
自主 品牌 	DOC 	740 	1,443 	6,434 	  						
自主 品牌 	DPF 系统 	54 	1,662 	6 	2 						
自主 品牌 	DOC+POC 	6 	475 	732 	549 						
自主 品牌 	气体机尾气后处理系统 	733 	4,442 	7,436 	13,668 						
自主 品牌 	消声催化转化器 	647 	4,055 	6,377 	5,894 						
自主 品牌 	消声加热催化转化器 	86 	387 	1,059 	7,774 						
自主 品牌 	合计 	64,643 	49,873 	31,090 	41,032 						
自主 品牌 	尾气净化节能系统 	5,662 	13,867 	17,156 	21,585 						
											
项目 	2017 年 1-6 月 	2017 年 1-6 月 	2016 年度 	2015 年度 	2014 年度 						
4,356 	4,356 	7,976 	11,991 	16,863 							
1,104 	1,104 	4,626 	2,983 	1,205 							
150 	150 	1,123 	1,527 	1,920 							
36 	36 	56 	216 	766 							
16 	16 	86 	439 	831 							
											
暖风系统 											
集中润滑系统 											
ATS 系统 											
缓速器系统 											
离合器系统 											
内燃机尾气后处理系统   	内燃机尾气后处理系统   	内燃机尾气后处理系统   	内燃机尾气后处理系统   	内燃机尾气后处理系统   	内燃机尾气后处理系统   						
柴油机 SCR 系统 	45,343 	78,784 	58,626 	59,345 							
催化消声器 	45,343 	78,784 	58,626 	59,345 							
气体机尾气后处理系统 	2,167 	6,063 	8,167 	12,088 							
消声催化转化器 	1,897 	4,928 	5,927 	6,921 							
消声加热催化转化器 	270 	1,135 	2,240 	5,167 							
柴油机颗粒捕集系统 	14,909 	49,007 	46,811 	25,129 							
DOC 	14,909 	49,007 	46,811 	25,129 							
合计 	62,419 	133,854 	113,604 	96,562 							
											
项目  	项目  	2017 年 1-6 月 	2016 年度 	2015 年度 	2014 年度 						
自主 品牌 	内燃机尾气后处理系统   	内燃机尾气后处理系统   	内燃机尾气后处理系统   	内燃机尾气后处理系统   	内燃机尾气后处理系统   						
自主 品牌 	柴油机 SCR 系统 	53,933 	32,962 	17,611 	25,907 						
自主 品牌 	SCR（轻型） 	30,447 	13,899 	21 	5 						
自主 品牌 	SCR（重型） 	23,486 	19,063 	17,590 	25,902 						
自主 品牌 	柴油机颗粒捕集系统 	2,652 	3,751 	6,666 	547 						
自主 品牌 	DOC+DPF 	1,932 	2 	  	  						
自主 品牌 	DOC 	660 	1,613 	5,893 	  						
自主 品牌 	DPF 系统 	54 	1,628 	6 	2 						
自主 品牌 	DOC+POC 	6 	508 	767 	545 						
自主 品牌 	气体机尾气后处理系统 	591 	6,633 	5,944 	12,438 						
自主 品牌 	消声催化转化器 	532 	5,993 	4,873 	5,122 						
自主 品牌 	消声加热催化转化器 	59 	640 	1,071 	7,316 						
自主 品牌 	合计 	57,176 	43,346 	30,221 	38,892 						
											
项目  	2017 年 1-6 月 	2017 年 1-6 月 	2016 年度 	2015 年度 	2014 年度 	2014 年度 					
5,575 	5,575 	13,191 	15,861 	18,178 	18,178 						
4,449 	4,449 	7,972 	10,852 	13,911 	13,911 						
929 	929 	3,858 	2,878 	1,234 	1,234 						
145 	145 	1,249 	1,430 	1,664 	1,664 						
36 	36 	57 	214 	766 	766 						
16 	16 	55 	487 	603 	603 						
											
尾气净化节能系统 											
暖风系统 											
集中润滑系统 											
ATS 系统 											
缓速器系统 											
离合器系统 											
内燃机尾气后处理系统   	内燃机尾气后处理系统   	内燃机尾气后处理系统   	内燃机尾气后处理系统   	内燃机尾气后处理系统   							
柴油机 SCR 系统 	40,677 	80,389 	49,623 	46,961 							
催化消声器 	40,677 	80,389 	49,623 	46,961 							
气体机尾气后处理系统 	3,048 	6,280 	7,560 	8,029 							
消声催化转化器 	2,640 	4,817 	5,457 	5,063 							
消声加热催化转化器 	408 	1,463 	2,103 	2,966 							
柴油机颗粒捕集系统 	18,850 	48,777 	45,288 	20,292 							
DOC 	18,850 	48,777 	45,288 	20,292 							
合计 	62,575 	135,446 	102,471 	75,282 							
											
项目 	项目 	2017 年 1-6月 	2016 年度 	2015 年度 	2014 年度 						
自主 品牌 	内燃机尾气后处理系统   	内燃机尾气后处理系统   	内燃机尾气后处理系统   	内燃机尾气后处理系统   	内燃机尾气后处理系统   	内燃机尾气后处理系统   					
自主 品牌 	柴油机 SCR 系统 	89.20% 	78.76% 	106.85% 	96.62% 						
自主 品牌 	SCR（轻型） 	86.45% 	70.24% 	72.41% 	100.00% 						
自主 品牌 	SCR（重型） 	93.03% 	86.41% 	106.91% 	96.62% 						
自主 品牌 	柴油机颗粒捕集系统 	76.98% 	104.72% 	92.94% 	99.27% 						
自主 品牌 	DOC+DPF 	73.04% 	100.00% 	  	  						
自主 品牌 	DOC 	89.19% 	111.78% 	91.59% 	  						
自主 品牌 	DPF 系统 	100.00% 	97.95% 	100.00% 	100.00% 						
自主 品牌 	DOC+POC 	100.00% 	106.95% 	104.78% 	99.27% 						
自主 品牌 	气体机尾气后处理系统 	80.63% 	149.32% 	79.94% 	91.00% 						
自主 品牌 	消声催化转化器 	82.23% 	147.79% 	76.42% 	86.90% 						
自主 品牌 	消声加热催化转化器 	68.60% 	165.37% 	101.13% 	94.11% 						
自主 品牌 	合计 	88.45% 	86.91% 	97.20% 	94.78% 						
											
项目 	2017 年 1-6月 	2016 年度 	2015 年度 	2014 年度 	2014 年度 						
98.46% 	95.13% 	92.45% 	84.22% 	84.22% 							
102.13% 	99.95% 	90.50% 	82.49% 	82.49% 							
84.15% 	83.40% 	96.48% 	102.41% 	102.41% 							
96.67% 	111.22% 	93.65% 	86.67% 	86.67% 							
100.00% 	101.79% 	99.07% 	100.00% 	100.00% 							
100.00% 	63.95% 	110.93% 	72.56% 	72.56% 							
											
尾气净化节能系统 											
暖风系统 											
集中润滑系统 											
ATS 系统 											
缓速器系统 											
离合器系统 											
内燃机尾气后处理系统   	内燃机尾气后处理系统   	内燃机尾气后处理系统   	内燃机尾气后处理系统   	内燃机尾气后处理系统   							
柴油机 SCR 系统 	89.71% 	102.04% 	84.64% 	79.13% 							
催化消声器 	89.71% 	102.04% 	84.64% 	79.13% 							
气体机尾气后处理系统  	140.66% 	103.58% 	92.57% 	66.42% 							
消声催化转化器 	139.17% 	97.75% 	92.07% 	73.15% 							
消声加热催化转化器 	151.11% 	128.90% 	93.88% 	57.40% 							
柴油机颗粒捕集系统 	126.43% 	99.53% 	96.75% 	80.75% 							
DOC 	126.43% 	99.53% 	96.75% 	80.75% 							
合计 	100.25% 	101.19% 	90.20% 	77.96% 							
											
项目 	项目 	2017 年 1-6 月 	2017 年 1-6 月 	2016 年度 	2016 年度 	2015 年度 	2015 年度 	2014 年度 	2014 年度 		
项目 	项目 	金额 	占比 	金额 	占比 	金额 	占比 	金额 	占比 		
自主 品牌 	内燃机尾气后处理系统   	内燃机尾气后处理系统   	内燃机尾气后处理系统   	内燃机尾气后处理系统   	内燃机尾气后处理系统   	内燃机尾气后处理系统   	内燃机尾气后处理系统   	内燃机尾气后处理系统   	内燃机尾气后处理系统   	内燃机尾气后处理系统   	
自主 品牌 	柴油机 SCR 系统 	31,373.45 	65.42% 	22,820.51 	37.54% 	16,563.09 	35.66% 	26,036.72 	41.57% 		
											
项目 	项目 	2017 年 1-6 月 	2017 年 1-6 月 	2016 年度 	2016 年度 	2015 年度 	2015 年度 	2015 年度 	2015 年度 	2014 年度 	2014 年度 
项目 	项目 	金额 	占比 	金额 	占比 	金额 	金额 	占比 	占比 	金额 	占比 
SCR（轻型） 	12,062.10 	25.15% 	5,838.79 	9.60% 	9.03 	9.03 	0.02% 	0.02% 	3.25 	0.01% 	
SCR（重型） 	19,311.35 	40.27% 	16,981.72 	27.93% 	16,554.06 	16,554.06 	35.64% 	35.64% 	26,033.47 	41.56% 	
柴油机颗粒捕集系统 	1,267.27 	2.64% 	2,651.52 	4.36% 	1,161.31 	1,161.31 	2.50% 	2.50% 	89.84 	0.14% 	
DOC+DPF 	1,090.21 	2.27% 	1.10 	0.00% 	 	 	- 	- 	-  	 	
DOC 	109.30 	0.23% 	261.00 	0.43% 	1,017.66 	1,017.66 	2.19% 	2.19% 	 	0.00% 	
DPF 系统 	66.82 	0.14% 	2,313.81 	3.81% 	13.17 	13.17 	0.03% 	0.03% 	2.12 	0.00% 	
DOC+POC 	0.95 	0.00% 	75.61 	0.12% 	130.48 	130.48 	0.28% 	0.28% 	87.72 	0.14% 	
气体机尾气后处理系统 	281.19 	0.59% 	2,966.94 	4.88% 	2,933.03 	2,933.03 	6.31% 	6.31% 	6,449.00 	10.30% 	
消声催化转化器 	239.15 	0.50% 	2,500.70 	4.11% 	2,180.80 	2,180.80 	4.69% 	4.69% 	1,898.80 	3.03% 	
消声加热催化转化器 	42.04 	0.09% 	466.24 	0.77% 	752.23 	752.23 	1.62% 	1.62% 	4,550.20 	7.26% 	
零部件 	5,815.03 	12.13% 	9,995.41 	16.44% 	7,480.11 	7,480.11 	16.10% 	16.10% 	9,135.24 	14.58% 	
小计 	38,736.94 	80.78% 	38,434.38 	63.22% 	28,137.54 	28,137.54 	60.58% 	60.58% 	41,710.80 	66.59% 	
尾气净化节能系统 	尾气净化节能系统 	尾气净化节能系统 	尾气净化节能系统 	尾气净化节能系统 	尾气净化节能系统 	尾气净化节能系统 	尾气净化节能系统 	尾气净化节能系统 	尾气净化节能系统 	尾气净化节能系统 	尾气净化节能系统 
暖风系统 	1,809.41 	3.77% 	4,111.41 	6.76% 	5,009.45 	5,009.45 	10.78% 	10.78% 	5,553.26 	8.87% 	
集中润滑系统 	274.76 	0.57% 	1,084.80 	1.78% 	854.82 	854.82 	1.84% 	1.84% 	354.95 	0.57% 	
ATS 系统 	170.94 	0.36% 	761.07 	1.25% 	1,022.09 	1,022.09 	2.20% 	2.20% 	2,371.20 	3.79% 	
缓速器系统 	28.79 	0.06% 	47.2 	0.08% 	181.57 	181.57 	0.39% 	0.39% 	597.94 	0.95% 	
离合器系统 	3.42 	0.01% 	11.03 	0.02% 	107.75 	107.75 	0.23% 	0.23% 	119.64 	0.19% 	
零部件 	342.24 	0.71% 	1,029.82 	1.69% 	740.54 	740.54 	1.59% 	1.59% 	1,014.67 	1.62% 	
小计 	2,629.55 	5.48% 	7,045.33 	11.59% 	7,916.23 	7,916.23 	17.04% 	17.04% 	10,011.66 	15.98% 	
内燃机尾气后处理系统   	内燃机尾气后处理系统   	内燃机尾气后处理系统   	内燃机尾气后处理系统   	内燃机尾气后处理系统   	内燃机尾气后处理系统   	内燃机尾气后处理系统   	内燃机尾气后处理系统   	内燃机尾气后处理系统   	内燃机尾气后处理系统   	内燃机尾气后处理系统   	内燃机尾气后处理系统   
柴油机 SCR 系统 	5,263.65 	10.98% 	11,975.24 	19.70% 	6,963.93 	6,963.93 	14.99% 	14.99% 	8,164.04 	13.03% 	
催化消声器 	5,263.65 	10.98% 	11,975.24 	19.70% 	6,963.93 	6,963.93 	14.99% 	14.99% 	8,164.04 	13.03% 	
气体机尾气后处理系统 	351.11 	0.73% 	909.9 	1.50% 	1,237.52 	1,237.52 	2.66% 	2.66% 	1,842.48 	2.94% 	
消声催化转化器 	193.95 	0.40% 	345.95 	0.57% 	423.52 	423.52 	0.91% 	0.91% 	627.86 	1.00% 	
消声加热催化转化器 	157.16 	0.33% 	563.95 	0.93% 	814 	814 	1.75% 	1.75% 	1,214.62 	1.94% 	
柴油机颗粒捕集系统 	974.83 	2.03% 	2,432.10 	4.00% 	2,195.15 	2,195.15 	4.73% 	4.73% 	906.88 	1.45% 	
DOC 	974.83 	2.03% 	2,432.10 	4.00% 	2,195.15 	2,195.15 	4.73% 	4.73% 	906.88 	1.45% 	
小计 	6,589.58 	13.74% 	15,317.24 	25.19% 	10,396.60 	10,396.60 	22.38% 	22.38% 	10,913.40 	17.42% 	
合计 	合计 	47,956.07 	100.00% 	60,796.94 	100.00% 	46,450.36 	46,450.36 	100.00% 	100.00% 	62,635.86 	100.00% 
											
项目 	项目 	2017 年 1-6 月 	2017 年 1-6 月 	2016 年度 	2016 年度 	2015 年度 	2015 年度 	2014 年度 			
项目 	项目 	价格 	价格 变动 	价格 	价格 变动 	价格 	价格 变动 	价格 			
自主品牌 	内燃机尾气后处理系统   	内燃机尾气后处理系统   	内燃机尾气后处理系统   	内燃机尾气后处理系统   	内燃机尾气后处理系统   	内燃机尾气后处理系统   	内燃机尾气后处理系统   	内燃机尾气后处理系统   	内燃机尾气后处理系统   		
自主品牌 	柴油机 SCR 系统 	柴油机 SCR 系统 	柴油机 SCR 系统 	柴油机 SCR 系统 	柴油机 SCR 系统 	柴油机 SCR 系统 	柴油机 SCR 系统 	柴油机 SCR 系统 	柴油机 SCR 系统 		
自主品牌 	SCR（轻型） 	3,961.67 	-5.69% 	4,200.87 	-2.31% 	4,300.00 	-33.85% 	6,500.00 			
自主品牌 	SCR（重型） 	8,222.49 	-7.70% 	8,908.21 	-5.34% 	9,411.06 	-6.36% 	10,050.76 			
自主品牌 	柴油机颗粒捕集系统  	柴油机颗粒捕集系统  	柴油机颗粒捕集系统  	柴油机颗粒捕集系统  	柴油机颗粒捕集系统  	柴油机颗粒捕集系统  	柴油机颗粒捕集系统  	柴油机颗粒捕集系统  	柴油机颗粒捕集系统  		
自主品牌 	DOC+DPF 	  5,642.91 	2.60% 	5,500.00 	  	  	  	  			
自主品牌 	DOC 	  1,656.06 	2.35% 	1,618.10 	-6.30% 	1,726.90 	  	  			
自主品牌 	DPF 系统 	12,374.07   	-12.94% 	14,212.59 	-35.25% 	21,950.00 	107.08% 	10,600.00 			
自主品牌 	DOC+POC 	  1,583.33 	6.38% 	1,488.39 	-12.51% 	1,701.17 	5.69% 	1,609.54 			
自主品牌 	气体机尾气后处理系统  	气体机尾气后处理系统  	气体机尾气后处理系统  	气体机尾气后处理系统  	气体机尾气后处理系统  	气体机尾气后处理系统  	气体机尾气后处理系统  	气体机尾气后处理系统  	气体机尾气后处理系统  		
自主品牌 	消声催化转化器 	  4,495.30 	7.73% 	4,172.70 	-6.76% 	4,475.27 	20.72% 	3,707.15 			
自主品牌 	消声加热催化转化器 	  7,125.42 	-2.19% 	7,285.00 	3.72% 	7,023.62 	12.93% 	6,219.52 			
自主品牌 	尾气净化节能系统  	尾气净化节能系统  	尾气净化节能系统  	尾气净化节能系统  	尾气净化节能系统  	尾气净化节能系统  	尾气净化节能系统  	尾气净化节能系统  	尾气净化节能系统  		
自主品牌 	暖风系统 	4,067.00 	-21.14% 	5,157.31 	11.72% 	4,616.15 	15.64% 	3,991.99 			
自主品牌 	集中润滑系统 	2,957.59 	5.18% 	  2,811.82 	-5.33% 	2,970.19 	3.26% 	  2,876.42 			
自主品牌 	ATS 系统 	11,788.97 	93.47% 	  6,093.43 	-14.75% 	7,147.48 	-49.84% 	14,250.00   			
自主品牌 	缓速器系统 	7,997.22 	-3.42% 	  8,280.70 	-2.40% 	8,484.58 	8.69% 	  7,806.01 			
自主品牌 	离合器系统 	2,137.50 	6.58% 	  2,005.45 	-9.36% 	2,212.53 	11.51% 	1,984.08 			
OEM 	内燃机尾气后处理系统 	内燃机尾气后处理系统 	内燃机尾气后处理系统 	内燃机尾气后处理系统 	内燃机尾气后处理系统 	内燃机尾气后处理系统 	内燃机尾气后处理系统 	内燃机尾气后处理系统 	内燃机尾气后处理系统 		
OEM 	柴油机 SCR 系统 	柴油机 SCR 系统 	柴油机 SCR 系统 	柴油机 SCR 系统 	柴油机 SCR 系统 	柴油机 SCR 系统 	柴油机 SCR 系统 	柴油机 SCR 系统 	柴油机 SCR 系统 		
OEM 	催化消声器 	1,294.01 	-13.13% 	1,489.66 	6.15% 	1,403.37 	-19.28% 	1,738.47 			
OEM 	气体机尾气后处理系统  	气体机尾气后处理系统  	气体机尾气后处理系统  	气体机尾气后处理系统  	气体机尾气后处理系统  	气体机尾气后处理系统  	气体机尾气后处理系统  	气体机尾气后处理系统  	气体机尾气后处理系统  		
OEM 	消声催化转化器 	734.66 	2.29% 	718.19 	-7.46% 	776.10 	-37.42% 	1,240.09 			
OEM 	消声加热催化转化器 	3,851.96 	-0.07% 	3,854.75 	-0.41% 	3,870.66 	-5.48% 	4,095.14 			
OEM 	柴油机颗粒捕集系统 	柴油机颗粒捕集系统 	柴油机颗粒捕集系统 	柴油机颗粒捕集系统 	柴油机颗粒捕集系统 	柴油机颗粒捕集系统 	柴油机颗粒捕集系统 	柴油机颗粒捕集系统 	柴油机颗粒捕集系统 		
OEM 	DOC 	517.15 	3.72% 	498.62 	2.87% 	484.71 	8.46% 	446.92 			
											
年度 	序号 	序号 	客户名称 	销售的主要产品 	销售的主要产品 	销售金额（不含税） （万元） 	销售金额（不含税） （万元） 	占营业收入比例 			
2017 年1-6 月 	1 	1 	上汽依维柯红岩商用车有限公司 	SCR 系统 	SCR 系统 	 16,025.12    	22,021.99 	45.86% 			
2017 年1-6 月 	1 	1 	上海柴油机股份有限公司 	SCR 系统 	SCR 系统 	3,934.49 	22,021.99 	45.86% 			
2017 年1-6 月 	1 	1 	上汽大通汽车有限公司南京分公司 	DOC+DPF/SCR 系统 	DOC+DPF/SCR 系统 	1,813.74 	22,021.99 	45.86% 			
2017 年1-6 月 	1 	1 	上汽其它关联公司 	SCR 零部件 	SCR 零部件 	248.65 	22,021.99 	45.86% 			
2017 年1-6 月 	2 	2 	广西玉柴机器股份有限公司 	SCR 系统 	SCR 系统 	5,408.85 	5,684.31 	11.84% 			
2017 年1-6 月 	2 	2 	玉柴其它关联公司 	SCR 零部件 	SCR 零部件 	275.46 	5,684.31 	11.84% 			
2017 年1-6 月 	3 	3 	东风朝阳朝柴动力有限公司 	SCR 系统 	SCR 系统 	5,382.42 	5,382.42 	11.21% 			
2017 年1-6 月 	4 	4 	潍柴动力空气净化科技有限公司 	SCR 系统 	SCR 系统 	4,798.81 	4,798.81 	9.99% 			
2017 年1-6 月 	5 	5 	北汽福田汽车股份有限公司北京欧辉客车分公司 	ATS 系统 	ATS 系统 	551.85 	  1,440.20 	  3.00% 			
2017 年1-6 月 	5 	5 	北汽福田汽车股份有限公司诸城奥铃汽车厂 	SCR 系统 	SCR 系统 	530.22 	  1,440.20 	  3.00% 			
2017 年1-6 月 	5 	5 	北汽福田其它关联公司 	ATS 系统 	ATS 系统 	358.13 	  1,440.20 	  3.00% 			
2017 年1-6 月 	合计 	合计 	合计 	合计 	合计 	合计 	39,327.74 	81.90% 			
2016 年 	1 	1 	潍柴动力空气净化科技有限公司 	SCR 系统 	SCR 系统 	15,033.98 	15,033.98 	24.63% 			
2016 年 	2 	2 	上汽依维柯红岩商用车有限公司 	SCR 系统 	SCR 系统 	14,006.50 	14,783.35 	24.22% 			
2016 年 	2 	2 	上汽依维柯红岩商用车有限公司配件销售分公司 	SCR 零部件 	SCR 零部件 	776.85 	14,783.35 	24.22% 			
2016 年 	3 	3 	广西玉柴机器股份有限公司 	SCR 系统 	SCR 系统 	8,838.67 	8,997.12 	14.74% 			
2016 年 	3 	3 	玉柴其它关联公司 	SCR 零部件 	SCR 零部件 	158.45 	8,997.12 	14.74% 			
2016 年 	4 	4 	东风朝阳朝柴动力有限公司 	SCR 系统 	SCR 系统 	4,772.93 	4,772.93 	7.82% 			
2016 年 	5 	5 	上海柴油机股份有限公司 	SCR 系统 	SCR 系统 	3,586.27 	3,817.03 	6.25% 			
2016 年 	5 	5 	上汽其它关联公司 	SCR 系统 	SCR 系统 	230.75 	3,817.03 	6.25% 			
2016 年 	合计 	合计 	合计 	合计 	合计 	合计 	47,404.41 	77.66% 			
2015 年 	1 	1 	潍柴动力空气净化科技有限公司 	SCR 系统 	SCR 系统 	9,431.05 	9,431.05 	20.18% 			
2015 年 	2 	2 	上汽依维柯红岩商用车有限公司 	SCR 系统 	SCR 系统 	8,265.96 	8,799.84 	18.83% 			
年度 	序号 	序号 	客户名称 	销售的主要产品 	销售的主要产品 	销售金额（不含税） （万元） 	销售金额（不含税） （万元） 	占营业收入比例 			
上汽依维柯红岩商用车有限公司配件销售分公司 	SCR 零部件 	SCR 零部件 	533.88 								
上海柴油机股份有限公司 	SCR 系统 	SCR 系统 	7,281.34 	7,635.10 	16.33% 						
上汽其它关联公司 	SCR 系统 	SCR 系统 	353.76 	7,635.10 	16.33% 						
广西玉柴机器股份有限公司 	SCR 系统 	SCR 系统 	7,170.28 	7,407.94 	15.85% 						
玉柴其它关联公司 	SCR 零部件 	SCR 零部件 	237.66 	7,407.94 	15.85% 						
一汽解放汽车有限公司无锡柴油机厂 	SCR 零部件 	SCR 零部件 	1,933.13 	2,128.99 	4.55% 						
一汽其它关联公司 	SCR 零部件 	SCR 零部件 	195.86 	2,128.99 	4.55% 						
35,402.92 	75.74% 										
14,252.40 	22.64% 										
11,015.47 	17.50% 										
10,396.12 	16.51% 										
10,284.28 	16.33% 										
2,682.42 	4.26% 										
48,630.69 	77.24% 										
											
3 											
4 											
5 											
合计 	合计 	合计 	合计 								
1 	潍柴动力空气净化科技有限公司 	SCR 系统 	13,310.34 								
1 	潍柴动力（潍坊）备品资源有限公司 	SCR 零部件 	546.51 								
1 	潍柴其它关联公司 	SCR 零部件 	395.54 								
2 	上汽依维柯红岩商用车有限公司 	SCR 系统 	10,702.68 								
2 	上汽依维柯红岩商用车有限公司配件销售分公司 	SCR 零部件 	312.79 								
3 	广西玉柴机器股份有限公司 	SCR 系统 	10,396.12 								
4 	上海柴油机股份有限公司 	SCR 系统 	8,556.74 								
4 	上海极能客车动力系统有限公司 	ATS 系统 	930.53 								
4 	上汽其它关联公司 	SCR 系统 	797.01 								
5 	湖南汽车制造有限责任公司 	SCR 系统 	2,531.62 								
5 	三一西北重工有限公司 	SCR 系统 	150.8 								
合计 	合计 	合计 	合计 								
											
2017 年 1-6 月 	2017 年 1-6 月 	2016 年度 	2016 年度 	2015 年度 	2015 年度 	2014 年度 	2014 年度 				
金额 	占比 	金额 	占比 	金额 	占比 	金额 	占比 				
4,798.81 	9.96% 	15,033.98 	24.63% 	9,431.05 	20.18% 	14,252.40 	22.64% 				
											
项目 	2017 年 1-6 月 	2017 年 1-6 月 	2016 年度 	2016 年度 	2015 年度 	2015 年度 	2014 年度 	2014 年度 			
项目 	潍柴销 售均价 	公司同类产品均价 	潍柴销 售均价 	公司同类产品均价 	潍柴销 售均价 	公司同类产品均价 	潍柴销 售均价 	公司同类产品均价 			
OEM-柴油机 SCR 系统 	OEM-柴油机 SCR 系统 	OEM-柴油机 SCR 系统 	OEM-柴油机 SCR 系统 	OEM-柴油机 SCR 系统 	OEM-柴油机 SCR 系统 	OEM-柴油机 SCR 系统 	OEM-柴油机 SCR 系统 	OEM-柴油机 SCR 系统 			
催化消声器 	1,356.59 	1,294.01 	1,543.37 	1,489.66 	1,490.59 	1,403.37 	1,903.34 	1,738.47 			
自主品牌-气体机尾气后处理系统 	自主品牌-气体机尾气后处理系统 	自主品牌-气体机尾气后处理系统 	自主品牌-气体机尾气后处理系统 	自主品牌-气体机尾气后处理系统 	自主品牌-气体机尾气后处理系统 	自主品牌-气体机尾气后处理系统 	自主品牌-气体机尾气后处理系统 	自主品牌-气体机尾气后处理系统 			
消声催化转化器 	4,320.75 	4,495.30 	3,935.27 	4,172.70 	3,867.48 	4,475.27 	3,921.07 	3,707.15 			
消声加热催化转化器 	7,125.73 	7,125.42 	7,125.73 	7,285.00 	6,922.84 	7,023.62 	6,522.41 	6,219.52 			
											
2017 年 1-6 月 	物料名称 	计量单位 	数量 	金额（万元） 	采购占比 						
2017 年 1-6 月 	NOx 传感器 	件 	58,028.00 	  4,001.64   	11.48% 						
2017 年 1-6 月 	不锈钢板类 	千克 	2,279,352.70 	  2,874.37   	8.25% 						
2017 年 1-6 月 	其他传感器类 	件 	338,745.00 	  2,219.70   	6.37% 						
2017 年 1-6 月 	衬垫 	个 	298,586.00 	  2,202.56   	6.32% 						
2017 年 1-6 月 	载体 	个 	109,293.00 	  1,735.53   	4.98% 						
2017 年 1-6 月 	贵金属类 	克 	54,220.00 	  1,049.34   	3.01% 						
2017 年 1-6 月 	钛白粉 	克 	164,140.00 	  1,005.73   	2.89% 						
2017 年 1-6 月 	罐体总成 	件 	61,585.00 	  855.09 	2.45% 						
2017 年 1-6 月 	泵体类 	件 	167,405.00 	  832.22 	2.39% 						
2017 年 1-6 月 	端盖类 	件 	209,512.00 	  817.68 	2.35% 						
2017 年 1-6 月 	法兰类 	件 	149,065.00 	  736.46 	2.11% 						
2017 年 1-6 月 	隔板 	件 	170,774.00 	  702.88 	2.02% 						
2017 年 1-6 月 	催化剂类 	件 	424.00 	  106.86 	0.31% 						
2017 年 1-6 月 	合计 	—— 	—— 	  19,140.08  	54.92% 						
2016 年 	不锈钢板类 	千克 	3,286,271.73 	  3,472.91   	8.61% 						
2016 年 	衬垫 	个 	390,809.00 	  2,822.17   	7.00% 						
2016 年 	其他传感器类 	件 	342,658.00 	  2,601.05   	6.45% 						
2016 年 	贵金属类 	克 	127,248.39 	  2,074.78   	5.14% 						
2016 年 	NOx 传感器 	件 	26,310.00 	  2,009.91   	4.98% 						
2016 年 	罐体总成 	件 	77,422.00 	  1,163.15   	2.88% 						
2016 年 	端盖类 	件 	224,584.00 	  1,132.11 	2.81% 						
2016 年 	载体 	个 	73,787.00 	  1,023.93   	2.54% 						
2016 年 	隔板 	件 	203,418.00 	  1,025.44   	2.54% 						
2016 年 	泵体类 	件 	169,192.00 	  863.99 	2.14% 						
2016 年 	法兰类 	件 	177,619.00 	  710.84 	1.76% 						
2016 年 	催化剂类 	件 	7,648.00 	  628.18 	1.56% 						
2016 年 	钛白粉 	克 	97,300.00 	  577.52 	1.43% 						
											
合计 	—— 	—— 	  20,105.99 	49.84% 							
不锈钢板类 	千克 	2,096,580.48 	  2,334.28   	9.39% 							
贵金属类 	克 	115,533.79 	  1,786.31   	7.19% 							
NOx 传感器 	件 	19,542.00 	  1,668.83   	6.71% 							
衬垫 	个 	228,108.00 	  1,653.12   	6.65% 							
其他传感器类 	件 	99,149.00 	  1,157.21   	4.66% 							
罐体总成 	件 	65,926.00 	  1,103.99   	4.44% 							
端盖类 	件 	162,964.00 	  657.39 	2.64% 							
催化剂类 	件 	2,877.00 	  513.72 	2.07% 							
隔板 	件 	108,614.00 	  509.74 	2.05% 							
载体 	个 	34,305.00 	  494.00 	1.99% 							
法兰类 	件 	127,184.00 	  432.59 	1.74% 							
钛白粉 	克 	21,460.00 	  154.24 	0.62% 							
泵体类 	件 	22,415.00 	  111.34   	0.45% 							
合计 	—— 	—— 	  12,576.75 	50.60% 							
催化剂类 	件 	30,044.00 	  4,176.07   	10.37% 							
载体 	个 	82,838.00 	  2,829.02   	7.03% 							
不锈钢板类 	千克 	2,270,629.73 	  2,644.48   	6.57% 							
其他传感器类 	件 	239,488.00 	  2,091.14   	5.19% 							
罐体总成 	件 	81,399.00 	  1,568.26   	3.90% 							
贵金属类 	克 	93,609.20 	  1,542.36   	3.83% 							
衬垫 	个 	205,184.00 	  1,505.59   	3.74% 							
NOx 传感器 	件 	17,080.00 	  1,456.92   	3.62% 							
端盖类 	件 	168,150.00 	  922.34 	2.29% 							
隔板 	件 	112,735.00 	  816.92 	2.03% 							
泵体类 	件 	91,603.00 	  593.54 	1.47% 							
法兰类 	件 	116,324.00 	  579.30 	1.44% 							
钛白粉 	克 	1,160.00 	  13.36   	0.03% 							
合计 	—— 	—— 	  20,739.30  	51.51% 							
											
2015 年 											
2014 年 											
											
年份 	项目 	消耗数量 	单位 	总金额（万元） 	占营业成本比例 						
2017 年 1-6 月 	电 	3,171,829.00 	千瓦时 	  240.47   	0.70% 						
2017 年 1-6 月 	水 	14,774.13 	吨 	  5.33 	0.02% 						
2017 年 1-6 月 	天然气 	1,042,778.00 	立方米 	  291.61   	0.85% 						
2016 年 	电 	4,599,038.82 	千瓦时 	  380.36   	0.94% 						
2016 年 	水 	19,998.82 	吨 	  7.22 	0.02% 						
2016 年 	天然气 	1,333,841.00 	立方米 	  390.65   	0.96% 						
2015 年 	电 	3,029,705.87 	千瓦时 	  320.11   	0.94% 						
2015 年 	水 	13,724.07 	吨 	  4.95 	0.01% 						
2015 年 	天然气 	507,032.73 	立方米 	  172.46   	0.51% 						
2014 年 	电 	3,121,066.93 	千瓦时 	  326.72   	0.85% 						
2014 年 	水 	28,142.88 	吨 	  10.16 	0.03% 						
2014 年 	天然气 	318,865.39 	立方米 	  106.50   	0.28% 						
											
原材料名称 	2017 年 1-6 月 	2017 年 1-6 月 	2016 年 	2016 年 	2015 年 	2015 年 	2014 年 				
原材料名称 	单价 	变化率 	单价 	变化率 	单价 	变化率 	单价 				
NOx 传感器 	689.61 	-9.73% 	763.93 	-10.54% 	853.97 	0.11% 	853.00 				
不锈钢板类 	12.61 	19.33% 	10.57 	-5.08% 	11.13 	-4.40% 	11.65 				
其他传感器类 	65.53 	-13.68% 	75.91 	-34.96% 	116.71 	33.67% 	87.32 				
衬垫 	73.77 	2.15% 	72.21 	-0.36% 	72.47 	-1.24% 	73.38 				
载体 	158.80 	14.43% 	138.77 	-3.63% 	144.00 	-57.83% 	341.51 				
贵金属类 	193.53 	18.70% 	163.05 	5.46% 	154.61 	-6.16% 	164.77 				
钛白粉 	61.27 	3.23% 	59.35 	-17.41% 	71.87 	-37.61% 	115.19 				
罐体总成 	138.85 	-7.58% 	150.23 	-10.29% 	167.46 	-13.08% 	192.66 				
泵体类 	49.71 	-2.65% 	51.07 	2.81% 	49.67 	-23.34% 	64.79 				
端盖类 	39.03 	-22.58% 	50.41 	24.96% 	40.34 	-26.46% 	54.85 				
法兰类 	49.41 	23.45% 	40.02 	17.66% 	34.01 	-31.70% 	49.80 				
隔板 	41.16 	-18.35% 	50.41 	7.41% 	46.93 	-35.23% 	72.46 				
催化剂类 	2,520.35 	206.85% 	821.37 	-54.00% 	1,785.60 	28.46% 	1,389.98 				
											
能源 	2017 年 1-6 月 	2017 年 1-6 月 	2016 年 	2016 年 	2015 年 	2015 年 	2014 年 				
能源 	单价 	变化率 	单价 	变化率 	单价 	变化率 	单价 				
电 	0.76 	-8.43% 	0.83 	-21.70% 	1.06 	0.95% 	1.05 				
水 	3.61 	0.00% 	3.61 	0.00% 	3.61 	0.00% 	3.61 				
天然气 	2.8 	-4.44% 	2.93 	-13.82% 	3.4 	1.80% 	3.34 				
											
年度 	供应商名称 	采购零件、原材料 	采购金额（万元） 	占采购总额比例 							
2017 年1-6 月 	大陆汽车电子（长春）有限公司 	NOx 传感器等 	4,585.09 	13.16% 							
2017 年1-6 月 	奇耐联合纤维（上海）有限公司 	衬垫等 	2,012.91 	5.78% 							
2017 年1-6 月 	联创汽车电子有限公司 	PCB 板等 	1,831.58 	5.26% 							
2017 年1-6 月 	无锡太钢销售有限公司 	不锈钢板 	1,553.71 	4.46% 							
2017 年1-6 月 	森萨塔科技（常州）有限公司 	排温传感器等 	1,545.20 	4.43% 							
2017 年1-6 月 	合计 	合计 	11,528.49 	33.08% 							
2016 年 	奇耐联合纤维（上海）有限公司 	衬垫等 	2,255.33 	5.59% 							
2016 年 	大陆汽车电子（长春）有限公司 	NOx 传感器等 	2,251.58 	5.58% 							
2016 年 	无锡太钢销售有限公司 	不锈钢板 	2,084.95 	5.17% 							
2016 年 	无锡金展汽车零部件制造有限公司 	隔板、端盖等 	1,555.43 	3.86% 							
2016 年 	森萨塔科技（常州）有限公司 	排温传感器等 	1,442.78 	3.58% 							
2016 年 	合计 	合计 	9,590.06 	23.77% 							
2015 年 	无锡太钢销售有限公司 	不锈钢板 	2,020.32 	8.13% 							
											
大陆汽车电子（长春）有限公司 	NOx 传感器等 	1,823.02 	7.33% 								
奇耐联合纤维（上海）有限公司 	衬垫等 	1,201.64 	4.83% 								
东莞正扬电子机械有限公司 	尿素传感器等 	784.32 	3.16% 								
成都光明派特贵金属有限公司 	PD#、PT#等 	573.12 	2.31% 								
合计 	合计 	6,402.42 	25.76% 								
昆明贵研催化剂有限责任公司 	D 催化器、G 催化器 	2,623.77 	6.52% 								
大陆汽车电子（长春）有限公司 	NOx 传感器等 	1,466.75 	3.64% 								
奇耐联合纤维（上海）有限公司 	衬垫等 	1,302.83 	3.24% 								
江苏省宜兴非金属化工机械有限公司 	白载体等 	1,267.58 	3.15% 								
上海中铂金属材料有限公司 	PD#、PT#等 	1,202.22 	2.99% 								
合计 	合计 	7,863.16 	19.53% 								
											
项目 	房屋及建筑物 	机器设备 	运输设备 	办公及其他设备 	合计 						
账面原值 	29,877.10 	13,181.67 	1,308.66 	6,871.47 	51,238.90 						
折旧年限 	20-30 年 	5-15 年 	4-5 年 	3-5 年 	 						
累计折旧 	4,567.05 	4,036.94 	792.51 	3,778.13 	13,174.62 						
账面净值 	25,310.06 	9,144.73 	516.15 	3,093.34 	38,064.28 						
减值准备 	 	 	 	 	 						
账面价值 	25,310.06 	9,144.73 	516.15 	3,093.34 	38,064.28 						
											
序号 	名称 	数量(台) 	取得方式 	成新率 	所有者 						
1 	数控激光切割机 	1 	自购 	47.74% 	凯龙高科 						
2 	尿素溶液供给泵装配检测线 	1 	自购 	73.86% 	凯龙高科 						
3 	数控弯管机组 	1 	自购 	92.08% 	凯龙高科 						
4 	瞬态电力测功机 	1 	自购 	66.74% 	凯龙高科 						
5 	排放分析柜 	1 	自购 	52.49% 	凯龙高科 						
6 	发动机试验台 	1 	自购 	52.49% 	凯龙高科 						
7 	一期发动机实验室台架 	1 	自购 	85.58% 	凯龙高科 						
8 	日立电梯 	1 	自购 	87.33% 	凯龙高科 						
9 	空调 	1 	自购 	87.33% 	凯龙高科 						
10 	数控激光切割机 	1 	自购 	77.03% 	凯龙高科 						
11 	低压柜 	1 	自购 	65.94% 	蓝烽科技 						
12 	焙烧炉 	1 	自购 	69.11% 	蓝烽科技 						
13 	预干燥机 	1 	自购 	69.20% 	蓝烽科技 						
14 	乳化制浆成套设备 	1 	自购 	75.51% 	蓝烽科技 						
15 	机器人 	1 	自购 	75.45% 	蓝烽科技 						
16 	12 工位自动涂覆机 	1 	自购 	75.45% 	蓝烽科技 						
17 	工业微波炉 	1 	自购 	78.50% 	蓝烽科技 						
18 	装载 16.36 立方蜂窝陶瓷梭式窑 	1 	自购 	70.64% 	蓝烽科技 						
19 	自动上料机 	1 	自购 	85.89% 	蓝烽科技 						
20 	"""夹手"" "	1 	自购 	85.74% 	蓝烽科技 						
序号 	名称 	数量(台) 	取得方式 	成新率 	所有者 						
21 	梭式窑 	1 	自购 	87.23% 	蓝烽科技 						
22 	强力捏合机 	1 	自购 	87.33% 	蓝烽科技 						
23 	立式高压真空挤出成型机    LJC-360 	1 	自购 	89.70% 	蓝烽科技 						
24 	陈腐房 	1 	自购 	95.48% 	蓝烽科技 						
25 	高压蜂窝真空挤出机 	1 	自购 	100.00% 	蓝烽科技 						
											
序号 	所有权人 	房产证号 	坐落 	建筑面积（m2） 	用途 	登记 时间 	取得方式 	他项权利 			
											
1 	凯龙高科 	锡房权证字第HS1000881323 号 	长安街道欣惠路 519 号-8 	4 层 1,627.36 1 层 2,619.0 2 层 4,484.9 	厂房 	2014 年 8月 4 日 	自建 	抵押 			
											
2 	凯龙高科 	锡房权证字第HS1000924434 号 	钱桥街道藕杨路 158 号 	2 层 38,517.07 	工交 仓储 	2014 年 11月 27 日 	自建 	抵押 			
											
3 	凯龙高科 	锡房权证字第HS1000928805 号 	钱桥街道藕杨路 158 号 	6 层 23,176.48 7 层 6,326.87 3 层 3,712.91 	工交 仓储 	2014 年 12月 5 日 	自建 	抵押 			
											
4 	蓝烽科技 	镇房权证字第0401014520100210号 	镇江新区大港金港大道 78 号3 幢 	1 层 19,953.82 	车间 （工业） 	2015 年 12月 4 日 	自建 	抵押 			
											
5 	蓝烽科技 	镇房权证字第0401014521100210号 	镇江新区大港金港大道 78 号2 幢 	1 层 13,425.27 	车间 （工业） 	2015 年 12月 4 日 	自建 	抵押 			
											
6 	蓝烽科技 	镇房权证字第 0401025528100110号 	镇江新区大港金港大道 78 号1 幢 	5 层 9719.50 	办公科研楼 	2016 年 4月 1 日 	自建 	无 			
											
序号 	原始权利人 	租赁人 	租赁事项 	坐落 	租赁面积（m2） 	租赁期限 	租金 	房产证明 			
1 	庄开丙 	凯龙高科 	广州办事处 	广州市番禹区洛浦街洛溪新城南街 4 幢之二 601 号 	56.27 	2017 年 3 月10 日至 2018年 3 月 9 日 	36000元/年 	有 			
2 	鹿艳梅 	凯龙高科 	租用房屋作为上海办事处 	上海市闵行区贵都路 366 弄17 号 	423.3 	2017 年 4 月1 日至 2018年 3 月 31 日 	127200元/年  	有 			
3 	俞静 	凯龙高科 	租用房屋作为员工宿舍 	无锡市滨湖区太湖国际二街区 129-2201 	140.69 	2017 年 6 月15 日-2018年 6 月 14 日 	54000元/年 	有 			
4 	方史林 	凯龙高科 	租用房屋作为广西办事处 	玉林市英华里9 幢 202 号以及杂物间 	92 	2017 年 12月 1 日至2018 年 11月 30 日 	11400元/年 	有 			
5 	合肥源鑫汽车服务有限公司 	凯龙高科 	租用房屋用作安徽办仓库 	合肥市繁华大道 6 号源鑫服务站内 	100 	2017 年 6 月15 日至 2018年 6 月 14 日 	24000元/年 	无 			
6 	程铁 	凯龙高科 	租用房屋作为安徽办事处 	合肥市盛景融城 1 号楼 1806 	84.06 	2017 年 9 月30 日至 2018年 9 月 29 日 	24000元/年 	有 			
7 	蒋静 	凯龙高科 	租用房屋作为员工宿舍 	无锡市维盛嘉园 10-304 	125.46 	2017 年 3 月15 日至 2018年 3 月 14 日 	42000元/年 	有 			
8 	窦超晋 	凯龙高科 	潍坊办事处 	怡馨园小区九号楼一单元202 	168.34 	2017 年 2 月25 日-2019年 2 月 24 日 	36000元/年 	有 			
9 	曾莉 	凯龙高科 	租用场地用作重庆办事处 	重庆市鸳鸯北路 16 号丰源丽景小区12-10-1 号 	102 	2017 年 3 月1 日至 2019年 2 月 28 日 	31200元/年 	有 			
10 	楼捷 	凯龙高科 	租用房屋作为北京办事处 	北京市宣武区广华轩小区 3号楼 3-306 	114.63 	2017 年 3 月5 日至 2018年 3 月 4 日 	72000元/年 	有 			
11 	王辉 	凯龙高科 	租用房屋作为北京办宿舍 	北京市宣武区广华轩小区 7号楼 1-107 	105.78 	2017 年 4 月5 日至 2018年 4 月 4 日 	 66000元/年 	有 			
12 	无锡市藕塘职教园区开发建设有限公司 	凯睿传感 	租用场地用作经营场所 	无锡钱桥藕塘职教园区文良路学生街二期L7 号 	177.66 	2017 年 11月 1 日至2020 年 11月 1 日 	0 	无（政府土地） 			
13 	德茂（南京）食品有限	凯龙宝顿 	租用场地当做办公生产用房 	南京市江宁区秣陵街道松岗街 16 号 	1145 	2017 年 1 月1 日-2019 年6 月 30 日 	329760元/年 	有 			
											
公司 											
德茂（南京）食品有限公司 	凯龙宝顿 	租用场地用作仓储和生产 	南京市江宁区秣陵街道松岗街 16 号研发楼地下室 	606 	2016 年 7 月1 日-2019 年6 月 30 日 	90900元/年 	有 				
杨伦秀 	凯龙高科 	租用房屋作为成都办事处 	成都市龙泉驿区龙泉北泉路818 号花香龙都 6 栋 1 单元4 层 404 	125.27 	2017 年 7 月16 日至 2018年 7 月 16 日 	32400元/年 	有 				
董阳阳 	凯龙高科 	租用房屋作为郑州办事处 	郑州市南三环连云路橄榄城五号院小区5-1-14-54 号 	/ 	2017 年 12月 7 日至2018 年 6 月7 日 	31200元/年 	无 				
											
14 											
15 											
16 											
											
项 目 	土地使用权 	软件 	非专利技术 	合 计 							
原值 	6,083.59   	745.52   	25.00   	6,854.11   							
累计摊销 	582.69   	230.92   	25.00   	838.61   							
账面净值 	5,500.90   	514.60   	0.00   	6,015.50   							
减值准备 	  	  	  	  							
账面价值 	5,500.90   	514.60   	0.00   	6,015.50   							
											
序 号 	使用权人 	证书号 	座落 	面积（m2） 	使用权类型 	用途 	使用年限 	他项 权利 			
											
1 	凯龙高科 	锡惠国用（2014）第 010316 号 	长安街道欣惠路 519-8 	9,449.50 	出让 	工业用地 	至 2056 年1 月 22 日 	抵押 			
序 号 	使用权人 	证书号 	座落 	面积（m2） 	使用权类型 	用途 	使用年限 	他项 权利 			
											
2 	凯龙高科 	锡惠国用（2015）第 004678 号 	钱桥街道藕杨路 158 	36,263.10 	出让 	工业用地 	至 2061 年4 月 17 日 	抵押 			
											
3 	凯龙高科 	锡惠国用（2015）第 002218 号 	钱桥街道藕杨路 158 	15,567.70 	出让 	工业用地 	至 2062 年3 月 7 日 	抵押 			
											
4 	凯龙高科 	锡惠国用（2014）第 011061 号 	钱桥街道锡宜高速北侧、龙源催化剂西侧 	26,773.70 	出让 	工业用地 	至 2064 年8 月 28 日 	抵押 			
											
5 	蓝烽科技 	镇国用（2015）第14489 号 	镇江新区大港金港大道北 	65,803.00 	出让 	工业用地 	至 2064 年2 月 23 日 	抵押 			
											
序号 	商标 	注册号 	类别 	有效期限 	取得方式 	权利人 					
1 	 	7173343 	第 7 类 	2010.7.28- 2020.7.27 	原始取得 	发行人 					
2 	 	7173382 	第 42 类 	2011.4.14- 2021.4.13 	原始取得 	发行人 					
3 	 	10990344 	第 7 类 	2014.5.28- 2024.5.27 	原始取得 	发行人 					
4 	 	6824289 	第 7 类 	2010.4.21- 2020.4.20 	原始取得 	发行人 					
5 	 	10984771 	第 7 类 	2014.5.28- 2024.5.27 	原始取得 	发行人 					
6 	 	10984859 	第 7 类 	2015.3.28- 2025.3.27 	原始取得 	发行人 					
7 	 	17732280 	第 7 类 	2016.10.07- 2026.10.06 	原始取得 	发行人 					
8 	 	17732295 	第 42 类 	2016.10.07- 2026.10.06 	原始取得 	发行人 					
9 	 	13859358 	第 1 类 	2015.4.14- 2025.4.13 	原始取得 	发行人 					
10 	 	13859356 	第 5 类 	2015.7.14- 2025.7.13 	原始取得 	发行人 					
11 	 	13859355 	第 6 类 	2015.8.21- 2025.8.20 	原始取得 	发行人 					
12 	 	13859354 	第 7 类 	2015.8.07- 2025.8.06 	原始取得 	发行人 					
13 	 	13859353 	第 8 类 	2015.4.28- 2025.4.27 	原始取得 	发行人 					
14 	 	13859352 	第 9 类 	2015.8.21- 2025.8.20 	原始取得 	发行人 					
序号 	商标 	注册号 	类别 	有效期限 	取得方式 	权利人 					
15 	 	13859348 	第 19 类 	2015.8.21- 2025.8.20 	原始取得 	发行人 					
16 	 	13859347 	第 22 类 	2015.2.21- 2025.2.20 	原始取得 	发行人 					
17 	 	13859346 	第 24 类 	2015.6.21- 2025.6.20 	原始取得 	凯龙有限 					
18 	 	13859345 	第 29 类 	2015.2.21- 2025.2.20 	原始取得 	发行人 					
19 	 	13859344 	第 30 类 	2015.4.07- 2025.4.06 	原始取得 	发行人 					
20 	 	13897523 	第 31 类 	2015.8.28- 2025.8.27 	原始取得 	发行人 					
21 	 	13897522 	第 36 类 	2015.8.21- 2025.8.20 	原始取得 	发行人 					
22 	 	13897521 	第 38 类 	2015.2.28- 2025.2.27 	原始取得 	发行人 					
23 	 	13897520 	第 39 类 	2015.12.07- 2025.12.06 	原始取得 	发行人 					
24 	 	13897519 	第 40 类 	2015.2.28- 2025.2.27 	原始取得 	发行人 					
25 	 	13897518 	第 41 类 	2015.2.28- 2025.2.27 	原始取得 	发行人 					
26 	 	13897517 	第 42 类 	2015.2.28- 2025.2.27 	原始取得 	发行人 					
27 	 	13897516 	第 43 类 	2015.2.28- 2025.2.27 	原始取得 	发行人 					
28 	 	13897515 	第 44 类 	2015.2.28- 2025.2.27 	原始取得 	发行人 					
29 	 	13897514 	第 45 类 	2015.2.28- 2025.2.27 	原始取得 	发行人 					
30 	 	13823778 	第 1 类 	2015.3.07- 2025.3.06 	原始取得 	发行人 					
31 	 	13823777 	第 6 类 	2015.8.21- 2025.8.20 	原始取得 	发行人 					
32 	 	13823776 	第 7 类 	2015.8.21- 2025.8.20 	原始取得 	发行人 					
33 	 	13823774 	第 10 类 	2015.8.21- 2025.8.20 	原始取得 	发行人 					
34 	 	13823773 	第 16 类 	2015.8.21- 2025.8.20 	原始取得 	凯龙有限 					
35 	 	13823772 	第 40 类 	2015.2.28- 2025.2.27 	原始取得 	发行人 					
36 	 	13823771 	第 42 类 	2015.2.21- 2025.2.20 	原始取得 	发行人 					
37 	 	13859343 	第 1 类 	2015.8.28- 2025.8.27 	原始取得 	发行人 					
38 	 	13859340 	第 5 类 	2015.4.07- 2025.4.06 	原始取得 	发行人 					
39 	 	13859339 	第 6 类 	2016.3.21- 2026.3.20 	原始取得 	发行人 					
序号 	商标 	注册号 	类别 	有效期限 	取得方式 	权利人 					
40 	 	13858218 	第 7 类 	2015.6.21- 2025.6.20 	原始取得 	凯龙有限 					
41 	 	13858216 	第 9 类 	2015.10.14- 2025.10.13 	原始取得 	发行人 					
42 	 	13858213 	第 12 类 	2015.7.28- 2025.7.27 	原始取得 	发行人 					
43 	 	13858212 	第 16 类 	2015.6.21- 2025.6.20 	原始取得 	发行人 					
44 	 	13858211 	第 17 类 	2015.4.21- 2025.4.20 	原始取得 	发行人 					
45 	 	13897513 	第 19 类 	2015.8.21- 2025.8.20 	原始取得 	发行人 					
46 	 	13897512 	第 22 类 	2015.2.21- 2025.2.20 	原始取得 	发行人 					
47 	 	13897511 	第 24 类 	2015.6.21- 2025.6.20 	原始取得 	发行人 					
48 	 	13897509 	第 29 类 	2015.3.07- 2025.3.06 	原始取得 	发行人 					
49 	 	13897508 	第 30 类 	2015.8.21- 2025.8.20 	原始取得 	发行人 					
50 	 	13897507 	第 31 类 	2015.3.07- 2025.3.06 	原始取得 	发行人 					
51 	 	13897506 	第 33 类 	2015.2.21- 2025.2.20 	原始取得 	凯龙有限 					
52 	 	13897505 	第 34 类 	2015.3.07- 2025.3.06 	原始取得 	发行人 					
53 	 	13897503 	第 36 类 	2015.8.21- 2025.8.20 	原始取得 	发行人 					
54 	 	13897502 	第 38 类 	2015.3.07- 2025.3.06 	原始取得 	发行人 					
55 	 	13897501 	第 39 类 	2015.6.21- 2025.6.20 	原始取得 	发行人 					
56 	 	13897500 	第 40 类 	2015.9.07- 2025.9.06 	原始取得 	发行人 					
序号 	商标 	注册号 	类别 	有效期限 	取得方式 	权利人 					
57 	 	13897499 	第 41 类 	2015.3.07- 2025.3.06 	原始取得 	发行人 					
58 	 	13897498 	第 42 类 	2015.3.07- 2025.3.06 	原始取得 	发行人 					
59 	 	13897496 	第 44 类 	2015.8.28- 2025.8.27 	原始取得 	发行人 					
60 	 	13897495 	第 45 类 	2015.3.07- 2025.3.06 	原始取得 	发行人 					
61 	 	17732274 	第 1 类 	2016.12.21- 2026.12.20 	原始取得 	发行人 					
62 	 	17732278 	第 7 类 	2016.12.21- 2026.12.20 	原始取得 	发行人 					
63 	 	17732293 	第 42 类 	2016.12.21- 2026.12.20 	原始取得 	发行人 					
64 	 	10023107 	第 1 类 	2012.11.28- 2022.11.27 	原始取得 	蓝烽科技 					
											
序号 	商标 	商标 	注册号 	类别 	有效期限 	取得方式 	权利人 	权利人 			
											
1 	 （韩国） 	 （韩国） 	40-1099409 	第 7 类 	2015.4.10- 2025.4.10 	原始取得 	发行人 	发行人 			
											
2 	（香港） 	（香港） 	303389554 	第 7 类 	2015.4.28- 2025.4.27 	原始取得 	发行人 	发行人 			
											
3 	 （美国） 	 （美国） 	4847341 	第 7 类 	2015.11.3- 2025.11.3 	原始取得 	发行人 	发行人 			
											
4 	 （日本） 	 （日本） 	5731749 	第 7 类 	2015.1.9- 2025.1.9 	原始取得 	发行人 	发行人 			
											
5 	 （台湾） 	 （台湾） 	01698749 	第 7 类 	2015.4.1- 2025.3.31 	原始取得 	发行人 	发行人 			
											
6 	 （新加坡） 	 （新加坡） 	T1413737G 	第 7 类 	2014.8.27- 2024.8.27 	原始取得 	发行人 	发行人 			
											
7 	 	 	1004083 	第 7 类 	2014.8.27- 2024.8.27 	原始取得 	发行人 	发行人 			
序号 	商标 	商标 	注册号 	类别 	有效期限 	取得方式 	权利人 	权利人 			
											
（新西兰） 	（新西兰） 										
											
 （加拿大） 	 （加拿大） 	TMA936,332 	第 7 类 	2016.4.28- 2031.4.28 	原始取得 	发行人 	发行人 				
											
 （俄罗斯） 	 （俄罗斯） 	568983 	第 7 类 	2014.9.3- 2024.9.3 	原始取得 	发行人 	发行人 				
											
 （越南） 	 （越南） 	263644 	第 7 类 	2014.8.28- 2024.8.28 	原始取得 	发行人 	发行人 				
											
8 											
											
9 											
											
10 											
											
序号 	专利权人 	专利权人 	专利号 	专利名称 	专利类型 	申请日期 	授权 公告日 	质押情况 			
1 	发行人 	发行人 	200610096952.3   	汽车发动机排气系统自动除碳装置 	发明 	2006.10.21 	2008.11.5 	无 			
2 	发行人 	发行人 	200910028055.2   	尿素喷射阀 	发明 	2009.1.14 	2010.11.17 	无 			
3 	发行人 	发行人 	200910028056.7   	车辆排气处理用的空气混合计量系统 	发明 	2009.1.14 	2012.12.12 	无 			
4 	发行人 	发行人 	200910182888.4   	可拆卸式消声催化加热装置 	发明 	2009.9.9 	2011.7.6 	无 			
5 	发行人 	发行人 	200910182887.X   	柴油机 SCR 催化消声器 	发明 	2009.9.09 	2011.11.30 	无 			
6 	发行人 	发行人 	200910035583.0   	基于 SCR 和 ETR 的商用车减排节能集成排气系统 	发明 	2009.9.27 	2013.7.24 	无 			
7 	发行人 	发行人 	200910035584.5   	柴油机选择性催化转化系统用喷嘴 	发明 	2009.9.27 	2011.6.15 	无 			
8 	发行人 	发行人 	200910221507.9   	柴油机尾气选择性催化还原剂添加量的控制方法 	发明 	2009.11.12 	2011.9.28 	无 			
9 	发行人 	发行人 	201110020144.X   	用于计量泵的单向阀 	发明 	2011.1.18 	2015.9.2 	无 			
10 	发行人 	发行人 	201310343168.8 	一种用于汽车燃油或燃气暖风系统的加热器 	发明 	2013.8.7 	2017.2.8 	无 			
11 	发行人 	发行人 	201210316259.8   	一种计量喷嘴胶板密封结构 	发明 	2012.8.30 	2015.9.16 	无 			
12 	发行人 	发行人 	201210317251.3   	一种计量喷嘴二级柱面密封结构 	发明 	2012.8.30 	2015.12.16 	无 			
13 	发行人 	发行人 	201310101206.9 	一种 SCR 尾气后处理系统故障诊断仪 	发明 	2013.3.26 	2016.9.28 	无 			
14 	发行人 	发行人 	201310099437.0 	用于尿素泵的气液单向	发明 	2013.3.26 	2016.8.17 	无 			
序号 	专利权人 	专利权人 	专利号 	专利名称 	专利类型 	申请日期 	授权 公告日 	质押情况 			
混合装置 											
集成化汽车 SCR 后处理系统尿素溶液供给装置 	发明 	2013.12.20 	2016.6.1 	2016.6.1 	无 						
一种用于汽车尾气加热暖风系统的水套结构换热器 	发明 	2012.8.30 	2016.2.3 	2016.2.3 	无 						
一种具容置腔的用于汽车尾气处理系统的计量喷嘴结构 	发明 	2012.8.30 	2016.6.29 	2016.6.29 	无 						
一种 DPF 柴油机颗粒过滤系统喷油助燃再生温度控制方法 	发明 	2014.10.29 	2017.3.1 	2017.3.1 	无 						
一种用于 SCR 系统的尿素溶液罐加注总成 	发明 	2014.10.29 	2017.2.22 	2017.2.22 	无 						
一种 DPF 系统碳载量估算及堵塞状态判断方法 	发明 	2015.3.31 	2017.5.24 	2017.5.24 	无 						
一种外皮牢固度高的蜂窝陶瓷的制备方法 	发明 	2013.1.18 	2014.4.23 	2014.4.23 	无 						
一种蜂窝陶瓷载体透光检测装置及方法 	发明 	2013.9.11 	2015.12.2 	2015.12.2 	无 						
一种柴油机氧化催化剂的制备方法 	发明 	2015.1.14 	2017.7.25 	2017.7.25 	无 						
一种柴油机用大规格蜂窝陶瓷载体的制备方法 	发明 	2015.1.14 	2017.7.25 	2017.7.25 	无 						
一种气体氮氧化物含量检测装置 	发明 	2012.7.20 	2015.12.9 	2015.12.9 	无 						
车辆排气处理用的空气混合计量系统 	实用新型 	2009.1.14 	2009.11.18 	2009.11.18 	无 						
采用废气加热的 SCR 系统尿素箱 	实用新型 	2009.12.31 	2010.11.17 	2010.11.17 	无 						
计量泵稳压装置 	实用新型 	2010.11.12 	2011.6.22 	2011.6.22 	无 						
一种汽车尾气消声加热供暖装置 	实用新型 	2010.11.12 	2011.6.22 	2011.6.22 	无 						
一种车用除霜器 	实用新型 	2010.11.12 	2011.6.22 	2011.6.22 	无 						
柴油机 SCR 喷射头 	实用新型 	2010.11.12 	2011.6.22 	2011.6.22 	无 						
基于氮氧化合物传感器的柴油发动机尾气处理系统 	实用新型 	2011.1.11 	2011.9.7 	2011.9.7 	无 						
用于计量泵的压力调节阀 	实用新型 	2011.1.18 	2011.8.31 	2011.8.31 	无 						
方箱式小载体催化消声器 	实用新型 	2012.8.30 	2013.2.20 	2013.2.20 	无 						
中置电涡流缓速器 	实用新型 	2013.1.4 	2013.7.17 	2013.7.17 	无 						
序号 	专利权人 	专利权人 	专利号 	专利名称 	专利类型 	申请日期 	授权 公告日 	质押情况 			
36 	发行人 	发行人 	201320001327.1   	一种车用电加热除霜器 	实用新型 	2013.1.4 	2013.7.17 	无 			
37 	发行人 	发行人 	201320141503.1   	柴油机选择性催化转化喷射系统 	实用新型 	2013.3.26 	2013.8.14 	无 			
38 	发行人 	发行人 	201320141479.1   	气助式尿素计量喷射系统 	实用新型 	2013.3.26 	2013.8.14 	无 			
39 	发行人 	发行人 	201320851039.5   	SCR 后处理系统尿素溶液罐 	实用新型 	2013.12.20 	2014.9.10 	无 			
40 	发行人 	发行人 	201320849090.2   	带有观察窗的尿素溶液罐 	实用新型 	2013.12.20 	2014.9.10 	无 			
41 	发行人 	发行人 	201320851854.1   	一种用于 SCR 后处理系统的尿素泵固定结构 	实用新型 	2013.12.20 	2014.9.10 	无 			
42 	发行人 	发行人 	201420361857.1   	一种用于尿素溶液罐的加液装置 	实用新型 	2014.6.30 	2015.1.7 	无 			
43 	发行人 	发行人 	201420636308.0   	一种用于 SCR 喷射系统的喷头结构 	实用新型 	2014.10.29 	2015.3.25 	无 			
44 	发行人 	发行人 	201420636395.X   	一种 DPF 柴油机颗粒过滤系统电控装置 	实用新型 	2014.10.29 	2015.3.25 	无 			
45 	发行人 	发行人 	201510127585.8 	一种电动 EGR 阀 	发明 	2015.3.23 	2017.7.4 	无 			
46 	发行人 	发行人 	201410593644.6 	一种液力驱动式喷射装置 	发明 	2014.10.29 	2017.7.14 	无 			
47 	凯龙宝顿 	凯龙宝顿 	201420565812.6 	非接触式电子节气门 	实用新型 	2014.9.29 	2015.3.4 	无 			
48 	凯龙宝顿 	凯龙宝顿 	201420565615.4 	霍尔液位检测装置 	实用新型 	2014.9.29 	2015.3.4 	无 			
49 	凯龙宝顿 	凯龙宝顿 	201420625557.X 	尿素加热管泄漏量及电性能的检测装置 	实用新型 	2014.10.28 	2015.3.4 	无 			
50 	凯龙宝顿 	凯龙宝顿 	201420625544.2 	使用带加热的尿素加热管路 	实用新型 	2014.10.28 	2015.3.25 	无 			
51 	凯龙宝顿 	凯龙宝顿 	201420625545.7 	扁带线束冲裁剥线装置 	实用新型 	2014.10.28 	2015.3.25 	无 			
52 	凯龙宝顿 	凯龙宝顿 	201520075285.5 	用于 EGR 阀的位置传感器 	实用新型 	2015.2.3 	2015.7.01 	无 			
53 	凯龙宝顿 	凯龙宝顿 	201520075145.8 	用于高频震动下的电机保护机构 	实用新型 	2015.2.3 	2015.7.01 	无 			
54 	凯龙宝顿 	凯龙宝顿 	201520074941.X 	电动 EGR 阀控制装置 	实用新型 	2015.2.3 	2015.9.2 	无 			
55 	发行人 	发行人 	201520163097.8   	一种压差传感器芯片的封装保护结构 	实用新型 	2015.3.20 	2015.9.2 	无 			
56 	发行人 	发行人 	201520166552.X   	一种行星式电动 EGR 阀 	实用新型 	2015.3.23 	2015.9.2 	无 			
57 	发行人 	发行人 	201320143526.6 	一种 SCR 尾气后处理系统故障诊断仪 	实用新型 	2013.3.26 	2013.8.14 	无 			
58 	发行人 	发行人 	201621155765.3 	一种 SCR 后处理系统模拟试验装置 	实用新型 	2016.10.31 	2017.7.14 	无 			
59 	发行人 	发行人 	201220437674.4 	一种用于汽车尾气加热暖风系统的水套结构换	实用新型 	2012.8.30 	2013.2.27 	无 			
序号 	专利权人 	专利权人 	专利号 	专利名称 	专利类型 	申请日期 	授权 公告日 	质押情况 			
热器 											
一种 DPF 载体碳载量试验装置 	实用新型 	2015.7.24 	2015.12.23 	2015.12.23 	无 						
用于 SCR 系统的冷却液管路外置滤网装置 	实用新型 	2015.3.31 	2015.9.2 	2015.9.2 	无 						
用于计量泵的单向阀 	实用新型 	2011.1.18 	2011.8.31 	2011.8.31 	无 						
一种尿素溶液加注装置 	实用新型 	2015.8.31 	2016.2.3 	2016.2.3 	无 						
一种尿素溶液罐透气装置 	实用新型 	2015.8.31 	2016.2.3 	2016.2.3 	无 						
一种尿素溶液罐罐盖结构 	实用新型 	2015.8.31 	2016.4.13 	2016.4.13 	无 						
一种尿素溶液加锁罐盖总成 	实用新型 	2016.3.9 	2016.8.17 	2016.8.17 	无 						
一种用于 SCR 系统的内加热尿素管结构 	实用新型 	2016.8.25 	2017.2.22 	2017.2.22 	无 						
一种用于计量泵的安全阀 	实用新型 	2016.9.22 	2017.4.19 	2017.4.19 	无 						
一种计量泵用液路吹扫装置 	实用新型 	2016.9.22 	2017.4.19 	2017.4.19 	无 						
一种斜置气阀的尿素泵 	实用新型 	2016.9.22 	2017.4.19 	2017.4.19 	无 						
一种带阻尼孔的压力开关 	实用新型 	2016.9.22 	2017.4.19 	2017.4.19 	无 						
一种固定源尿素溶液罐 	实用新型 	2016.9.22 	2017.4.19 	2017.4.19 	无 						
一种尿素溶液加注装置 	实用新型 	2016.9.22 	2017.4.19 	2017.4.19 	无 						
一种用于固定源 SCR 系统的尿素溶液罐安装总成 	实用新型 	2016.9.22 	2017.4.19 	2017.4.19 	无 						
一种用于固定源 SCR 后处理系统的控制柜总成 	实用新型 	2016.10.31 	2017.5.24 	2017.5.24 	无 						
一种不锈钢尿素溶液罐 	实用新型 	2016.10.31 	2017.5.24 	2017.5.24 	无 						
一种分离式尿素溶液罐加注装置 	实用新型 	2016.10.31 	2017.5.24 	2017.5.24 	无 						
一种集成式 SCR 后处理泵罐总成 	实用新型 	2016.10.31 	2017.5.24 	2017.5.24 	无 						
一种电加热尿素液位传感器 	实用新型 	2016.11.29 	2017.7.4 	2017.7.4 	无 						
一种轴向喷射的尿素喷射器 	实用新型 	2016.12.19 	2017.7.14 	2017.7.14 	无 						
一种锁芯外装式尿素溶液罐盖总成 	实用新型 	2016.09.22 	2017.9.8 	2017.9.8 	无 						
压差传感器(CGQ-4) 	外观 	2015.9.1 	2016.4.13 	2016.4.13 	无 						
序号 	专利权人 	专利权人 	专利号 	专利名称 	专利类型 	申请日期 	授权 公告日 	质押情况 			
83 	发行人 	发行人 	201530334428.5   	压差传感器(CGQ-3) 	外观 	2015.9.1 	2016.2.3 	无 			
84 	凯龙宝顿 	凯龙宝顿 	201430412424.X 	压差传感器 	外观 	2014.10.28 	2015.4.29 	无 			
											
15 	发行人 	201310713678.X 									
16 	发行人 	201210315590.8   									
17 	发行人 	201210315118.4 									
18 	发行人 	201410593406.5 									
19 	发行人 	201410593910.5 									
20 	发行人 	201510150076.7  									
21 	蓝烽科技 	201310020209.X 									
22 	蓝烽科技 	201310411137.1 									
23 	蓝烽科技 	201510019689.7   									
24 	蓝烽科技 	201510018727.7 									
25 	凯睿传感 	201210254545.6 									
26 	发行人 	200920037949.3   									
27 	发行人 	200920285499.X   									
28 	发行人 	201020603797.1   									
29 	发行人 	201020603788.2   									
30 	发行人 	201020603809.0   									
31 	发行人 	201020603804.8   									
32 	发行人 	201120006349.8   									
33 	发行人 	201120014622.1   									
34 	发行人 	201220437443.3   									
35 	发行人 	201320001326.7 									
											
60 	发行人 	201520544889.X   									
61 	发行人 	201520191216.0  									
62 	发行人 	'201120014624.0 									
63 	发行人 	201520670441.2   									
64 	发行人 	201520669486.8   									
65 	发行人 	201520669596.4   									
66 	发行人 	201620185446.0 									
67 	发行人 	201620945300.1 									
68 	发行人 	201621073711.2 									
69 	发行人 	201621073685.3 									
70 	发行人 	201621073684.9 									
71 	发行人 	201621073683.4 									
72 	发行人 	201621073529.7 									
73 	发行人 	201621073528.2 									
74 	发行人 	201621073527.8 									
75 	发行人 	201621155821.3 									
76 	发行人 	201621157003.7 									
77 	发行人 	201621157002.2 									
78 	发行人 	201621157001.8 									
79 	发行人 	201621298230.1 									
80 	发行人 	201621398494.4 									
81 	发行人 	201621073530.X 									
82 	发行人 	201530334080.X   									
											
序号 	布图设计名称 	布图设计登记号 	申请日期 	取得方式 	保护期限 	所有人 					
											
1 	智能电子冷却温控管理芯片 	BS.155012797 	2015.12.31 	原始取得 	10 年 	凯龙高科 					
											
2 	DPF 柴油机控制芯片 	BS.165013214 	2016.12.26 	原始取得 	10 年 	凯龙高科 					
											
3 	喷油助燃 DPF系统故障诊断芯片 	BS.165013222 	2016.12.26 	原始取得 	10 年 	凯龙高科 					
											
序号 	签订日期 	被授权方 	授权方 	合同名称 	专利名称 	年使用费 	授权 期限 				
											
1 	2013.6 	蓝烽科技 	华东理工大学 	专利实施许可合同 	一种用 于三 效催化 的 高温稳定性催化剂 	10 万元 	5 年 				
											
2 	2013.6 	蓝烽科技 	华东理工大学 	专利实施许可合同 	一种用于 NOx 选择性催化还原的 整体 式催化 剂 及其制备方法 	10 万元 	5 年 				
											
3 	2013.6 	蓝烽科技 	华东理工大学 	专利实施许可合同 	用于以 天然气 为燃 料的汽车尾气 净化 的三效 催化剂及制法 	10 万元 	5 年 				
											
序号 	技术名称 	技术名称 	技术 来源 	对应的专利 	对应的专利 	技术所 处阶段 	对应的产品 				
											
1 	柴油机 SCR系统催化 转化技术 	柴油机 SCR系统催化 转化技术 	原始 创新 	柴油机 SCR 催化消声器 200910182887.X 柴油机尾气选择性催化还原剂添加量的控制方法200910221507.9  基于氮氧化合物传感器的柴油发动机尾气处理系统 201120006349.8  	柴油机 SCR 催化消声器 200910182887.X 柴油机尾气选择性催化还原剂添加量的控制方法200910221507.9  基于氮氧化合物传感器的柴油发动机尾气处理系统 201120006349.8  	大批量生产 	催化消声器 喷射控制系统 				
											
2 	柴油机 SCR系统喷射 控制及全面 集成技术 	柴油机 SCR系统喷射 控制及全面 集成技术 	集成 创新 	车辆排气处理用的空气混合计量系统 200910028056.7 尿素喷射阀 200910028055.2  用于计量泵的单向阀 201110020144.X 	车辆排气处理用的空气混合计量系统 200910028056.7 尿素喷射阀 200910028055.2  用于计量泵的单向阀 201110020144.X 	大批量生产 	喷嘴 计量泵 				
											
3 	气体发动 机	气体发动 机	引进消	可拆卸式消声催化加热装置	可拆卸式消声催化加热装置	大批量	 催化消声器 				
序号 	技术名称 	技术名称 	技术 来源 	对应的专利 	对应的专利 	技术所 处阶段 	对应的产品 				
											
尾气催化 转化技术 	尾气催化 转化技术 	化吸收再创新 	200910182888.4   	200910182888.4   	生产 	催化消声加热器 					
											
尾气净化 及加热全面 集成技术 	尾气净化 及加热全面 集成技术 	原始 创新 	可拆卸式消声催化加热装置200910182888.4  一种用于汽车尾气加热暖风系统的水套结构换热器201210315590.8  	可拆卸式消声催化加热装置200910182888.4  一种用于汽车尾气加热暖风系统的水套结构换热器201210315590.8  	大批量生产 	暖风系统 					
											
柴油机 DPF系统催化 转化及电子 控制技术 	柴油机 DPF系统催化 转化及电子 控制技术 	原始创新 	一种 DPF 载体碳载量试验装置 201520544889.X 一种 DPF 柴油机颗粒过滤系统电控装置 201420636395.X 	一种 DPF 载体碳载量试验装置 201520544889.X 一种 DPF 柴油机颗粒过滤系统电控装置 201420636395.X 	中试 	DPF 控制系统 					
											
高性能钒 基催化剂技术 	高性能钒 基催化剂技术 	引进消化吸收再创新 	 	 	小批量生产 	SCR 催化剂 					
											
大规格陶 瓷载体技术 	大规格陶 瓷载体技术 	引进消化吸收再创新 	一种外皮牢固度高的蜂窝陶瓷的制备方法 201310020209.X 一种蜂窝陶瓷载体透光检测装置及方法 201310411137.1 一种柴油机用大规格蜂窝陶瓷载体的制备方法201510018727.7 	一种外皮牢固度高的蜂窝陶瓷的制备方法 201310020209.X 一种蜂窝陶瓷载体透光检测装置及方法 201310411137.1 一种柴油机用大规格蜂窝陶瓷载体的制备方法201510018727.7 	小批量生产 	SCR 载体 					
											
分子筛基SCR 催化剂技术 	分子筛基SCR 催化剂技术 	引进消化吸收再创新 	 	 	中试 	SCR 催化剂 					
											
氧化催化 剂制备技术 	氧化催化 剂制备技术 	引进消化吸收再创新 	一种柴油机氧化催化剂的制备方法 201510019689.7 	一种柴油机氧化催化剂的制备方法 201510019689.7 	小 批量生产 	DOC 					
											
颗粒捕集 器过滤体技术 	颗粒捕集 器过滤体技术 	引进消化吸收再创新 	 	 	小试 	DPF、DOC、POC 					
											
4 											
											
5 											
											
6 											
											
7 											
											
8 											
											
9 											
											
10 											
											
年度 	2017 年 1-6 月 	2016 年 	2015 年 	2014 年 							
核心技术产品收入（万元） 	     47,956.06   	     60,796.94   	     46,450.36   	     62,635.86   							
营业收入（万元） 	     48,021.65   	     61,043.19   	     46,743.00   	     62,963.32   							
核心技术产品收入占比 	99.86% 	99.60% 	99.37% 	99.48% 							
											
序号 	项目名称 	项目级别 	项目签 订时间 	项目实施时间 	公司角色 						
1 	新型节能环保农用发动机项目--子课题3：关键零部件技术研究 	2016  年 国 家 科技部重点研 发计划 	2016年7月 	2016年7月-2020年12月 	参与方 						
2 	年产10  万台（套）商用车柴油机后处理系统(SCR)项目 	2011  年国家发改委重点产业振兴及技术改造专项 	2011年5月 	2011年7月-2013年7月 	唯一承担方 						
3 	满足国四以上排放标准的商用车柴油发 动 机 后 处 理(SCR) 系 统 的 研 发及产业化 	2012  年 江 苏 省科技成果转 化项目 	2012年9月 	2012年9月-2015年8月 	唯一承担方 						
4 	满足国六排放标准柴油车尾气净化催化剂关键技术的研发及产业化 	2017年江 苏省科技成果转化 专项资金项目 	2017年11月 	2017年4月-2020年3月 	蓝烽科技为唯一承担方 						
5 	满足国五及以上排放标准的柴油机后处理技术与系统匹配关键技术研发 	2016  年 江 苏 省重点研发计划（产业前瞻 与共性关键技术 ）重点项目 	2016年8月 	2016年6月-2019年6月 	主承担方 						
6 	柴油机尾气后处理系统（KL-CX-09） 	2014  年 科 技 部政策引导类 计划专项 	2014年10月 	2014年1月-2014年12月 	唯一承担方 						
											
序号 	项目名称 	拟达到的目标 	目前所处阶段 								
1 	国六封装技术开发 	该封装集成 DPF 和 SCR 催化剂，满足市场国六封装要求。 	样品研发阶段 								
2 	N2.0 无空气辅助尿素泵技术开发 	1、控制器满足 EMC 法规要求：QC/T413—2002、GB/T 18655:2010、SO-7637-2:2011、ISO11452-4:2011、ISO10605:2008 以及 ISO16750-2。 2、CAN 通讯符合 SAE-J1939-21 及 SAE-J1939-71； 3、故障诊断协议符合 ISO15765 及 SAE-J1939-73； 4、排放满足 GB17691 国四及国五要求； 5、OBD 满足 HJ-437 法规要求。 	样件试验验证阶段 								
3 	船用 SCR集成技术 	1  带空气辅助喷射。 2  单泵最大喷射量 7500ml/h，系统最大喷射能力60000ml/h，喷射精度 5%。 3  工作电压：24V。 4  系统功率消耗：功率消耗小于 500w(非加热状态)。 5  满足 GD13-2015 要求中 C1\D2\E2\E3 测试循环NOx 排放要求。              6  耐久性：1000 小时无故障，寿命>8000h。 7  流体介质：32.5%或 40%尿素溶液；溶液压力：3.5bar到 5bar。 8  单泵压缩空气耗气量不大于 24l/min。 	样件试验验证阶段 								
序号 	项目名称 	拟达到的目标 	目前所处阶段 								
9  氨逃逸值≤25ppm。 10 CAN 通讯符合 SAE-J1939-21 及 SAE-J1939-71。 11  故障诊断协议符合 ISO15765 及 SAE-J1939-73。 											
1  带空气辅助喷射。 2  最大喷射量 5000ml/h，最小喷射量 50，喷射精度5%。 3  工作电压：12V/24V。 4  功率消耗：率消耗小于 50w。 5  工作温度：-40℃到 85℃。 6  耐久性：1000 小时无故障，寿命>8000h。 7  流体介质：32.5%的尿素溶液；溶液压力：3.5bar到 5bar。 8  压缩空气耗气量不大于 24l/min。 9  机械接口：满足 SAE J2044 标准。 10 CAN 通讯符合 SAE-J1939-21 及 SAE-J1939-71。 11  故障诊断协议符合 ISO15765 及 SAE-J1939-73。 12  排放满足 GB17691 要求； 13 OBD 满足 HJ-437 法规要求。 	样品研发阶段 										
1  新鲜样品：起燃温度：≤180℃  催化活性窗口：190~580℃ 2  热老化样品：劣化率≤10%，活性温度窗口宽度≥260℃。 3  水热老化样品：劣化率≤10%，活性温度窗口宽度≥260℃。 4  硫老化样品：劣化率≤10%，活性温度窗口宽度≥260℃。 5 台架性能满足国六排放要求。老化劣化率≤10%。 6 氨逃逸值≤10ppm。 	样件实验阶段 										
1、  HC 的起燃温度≤230℃； 2、  HC、CO 的转化效率不低于 80%和 70%； 3、  颗粒物过滤效率不低于 20%； 650℃老化 25h 后对 HC、CO 的转化效率的衰减不得低于 10%（按照标准折算的时间）。 	样件实验阶段 										
1、起燃温度：CO≤250℃，HC≤260℃，NO≤270℃； 2、转化效率：CO≥90%，HC≥85%，NO≥90%； 3、产品整车排放性能满足国六排放限值； 4、整车耐久性能根据具体 OEM 项目和客户需求进行。 	样品研发阶段 										
1) 抗压强度：A 轴方向≥5.0MPa， 2) 捕集效率（%）：≥85;     3) 极限背压（KPa）：≤8.5;     4) 抗热震性：450℃三次不裂;。   	小批量生产验证 										
1) 抗压强度：A 轴方向≥15.0MPa； 2) 捕集效率（%）：≥85； 3) 极限背压（KPa）：≤8.5； 4) 最大碳载量：≥8g/L； 5) DPF 耐久试验过滤效率的劣化率≤10%。 	样品研发阶段 										
1) 热膨胀系数：≤1.0*10-6/℃； 2) 抗热震性：≥550℃； 3) 吸水率：17~25%； 4) 抗压强度：A 轴≥10.0MPa； 	样品研发阶段 										
序号 	项目名称 	拟达到的目标 	目前所处阶段 								
5) 等静压强度：≥1.0MPa。 											
											
4 	A4.0 空气辅助尿素溶液计量泵技术开发 										
5 	国六分子筛 SCR 催化剂 										
6 	DOC 催化剂研发 										
7 	国六 TWC催化剂研发 										
8 	堇青石DPF 载体 										
9 	SiC 载体 										
10 	600 目薄壁载体 										
											
序号 	合作协议 	主要内容 	合作方 	研究成果 分享方案 							
1 	尿素计量泵关键技术研究 	1.SCR 后处理系统尿素水溶液沉积机理研究； 2.尿素计量泵喷射精度劣化机制及抑制方法； 3.尿素泵结构参数优化设计研究 	华中科技大学无锡研究院 	知识产权归凯龙高科所有 							
2 	凯龙空气辅助计量泵尿素结晶堵塞问题联合攻关项目 	1.找出尿素结晶堵塞的产生机理； 2.在现有空气辅助计量泵的基础上提出解决办法； 3.解决方案的试制和试验验证； 4.最终方案在实车使用条件下，尿素结晶堵塞故障率小于 2% 	镇江凯惟汽车技术有限公司 	知识产权归凯龙高科所有 							
3 	满足国五及以上排放标准的柴油机后处理技术与系统匹配关键技术的研发 	1、柴油机 SCR/DPF 后处理喷射系统和电控单元关键技术； 2、柴油机 SCR 低温催化剂及 DPF 被动再生催化剂关键技术； 3、柴油机 SCR 系统关键零部件开发； 4、柴油机后处理系统优化及集成匹配关键技术 	蓝烽科技、无锡油泵油嘴研究所、南京依维柯汽车有限公司 	各方均能独自使用，未经其他各方同意，任何一方不得向第三方转让技术秘密 							
4 	化工行业典型VOCs 催化净化技术的研究及应用示范项目 	VOCs 净化催化剂生产工艺与产业化技术 	上海华谊丙烯酸有限公司、蓝烽科技等 	各方均能独自使用，未经其他各方同意，任何一方不得向第三方转让技术秘密 							
											
项目 	2017 年 1-6 月 	2016 年度 	2015 年度 	2014 年度 							
研发费用（万元） 	2,533.66 	4,685.36 	2,977.99 	4,534.09 							
营业收入（万元） 	  48,021.65 	  61,043.19 	  46,743.00 	  62,963.32 							
项目 	2017 年 1-6 月 	2016 年度 	2015 年度 	2014 年度 							
研发费用占比 	5.28% 	7.68% 	6.37% 	7.20% 							
											
年份 	2017 年 6 月 30 日 	2016 年 12 月 31 日 	2015 年 12 月 31 日 	2014 年 12 月 31 日 							
核心技术人员（人） 	5 	5 	5 	5 							
员工总数（人） 	1201 	1110 	1031 	1368 							
核心技术人员占比 	0.42% 	0.45% 	0.48% 	0.37% 							
											
年份 	2017 年 6 月 30 日 	2016 年 12 月 31 日 	2015 年 12 月 31 日 	2014 年 12 月 31 日 							
											
研发人员（人） 	186 	203 	141 	192 							
											
员工总数（人） 	1201 	1110 	1,031 	1,368 							
											
研发人员占比 	15.49% 	18.29% 	13.68% 	14.04% 							
											
序号 	名称 	标准文号 	发布日期 	实施 日期 	批准单位 						
											
1 	柴油机选择性催化还原（SCR）系统  第 1部分：通用技术条件 	JB/T 11880.1-2014 	2014.7.9 	2014.11.1 	工信部 						
											
2 	柴油机选择性催化还原（SCR）系统  第 2部分：尿素溶液罐 	JB/T 11880.2-2014 	2014.7.9 	2014.11.1 	工信部 						
											
3 	柴油机选择性催化还原（SCR）系统  第 3部分：尿素溶液管路 	JB/T 11880.3-2014 	2014.7.9 	2014.11.1 	工信部 						
											
4 	柴油机选择性催化还原（SCR）系统  第 4部分：尿素泵 	JB/T 11880.4-2014 	2014.7.9 	2014.11.1 	工信部 						
序号 	名称 	标准文号 	发布日期 	实施 日期 	批准单位 						
											
5 	柴油机选择性催化还原（SCR）系统  第 5部分：尿素溶液用喷射器 	JB/T 11880.5-2014 	2014.7.9 	2014.11.1 	工信部 						
											
6 	柴油机选择性催化还原（SCR）系统  第 6部分：SCR 电子控制单元 	JB/T 11880.6-2014 	2014.7.9 	2014.11.1 	工信部 						
											
7 	柴油机选择性催化还原  (SCR)  系统 第 7部分：氮氧化物传感器 	JB/T 11880.7-2014 	2014.7.9 	2014.11.1 	工信部 						
											
8 	柴油机选择性催化还原（SCR）系统  第 8部分:  选择性催化还原（SCR）转化器 	JB/T 11880.8-2014 	2014.7.9 	2014.11.1 	工信部 						
											
9 	柴油机选择性催化还原（SCR）系统  第 9部分 催化剂 	JB/T 11880.9-2016 	2016.10.22 	2017.4.1 	工信部 						
											
10 	柴油机选择性催化还原（SCR）系统用尿素溶液加注装置 	JB/T 13050-2017   	2017.1.9 	2017.7.1 	工信部 						
											
11 	柴油机颗粒捕集系统  第 1 部分：通用技术条件 	JB/T 13202.1-2017 	2017.4.12 	2018.1.1 	工信部 						
											
12 	柴油机颗粒捕集系统  第 2 部分：HC 喷射系统技术条件 	JB/T 13202.2-2017 	2017.4.12 	2018.1.1 	工信部 						
											
13 	柴油机颗粒捕集系统  第 3 部分：颗粒传感器技术条件 	JB/T 13202.3-2017 	2017.4.12 	2018.1.1 	工信部 						
											
14 	柴油机颗粒捕集系统  第 4 部分：颗粒捕集器技术条件 	JB/T 13202.4-2017 	2017.4.12 	2018.1.1 	工信部 						
											
15 	柴油机颗粒捕集系统  第 5 部分：燃烧器技术条件 	JB/T 13202.5-2017 	2017.4.12 	2018.1.1 	工信部 						
											
16 	柴油机  排气净化催化剂载体 第 1 部分 陶瓷载体 	JB/T 12889.1-2016 	2016.10.22 	2017.4.1 	工信部 						
											
17 	柴油机  排气净化催化剂载体 第 2 部分 金属载体 	JB/T 12889.2-2016 	2016.10.22 	2017.4.1 	工信部 						
											
18 	水暖式汽车尾气加热器 	QCT 832-2010   	2010.8.16 	2010.12.1 	工信部 						
											
序号 	名称 	编号 	授予日期 	授予单位 	资质主体 						
1 	ISO/TS16949：	IATF0276536 SGS 	2017 年 10	SGS 通标标准技术服务有限	凯龙高科 						
序号 	名称 	编号 	授予日期 	授予单位 	资质主体 						
2009 质量管理体系证书 	CN08/22020.01 	月 23 日 	公司 								
ISO/TS16949：2009 质量管理体系证书 	IATF0279152 SGS CN08/22020.02 	2017 年 11月 20 日 	SGS 通标标准技术服务有限公司 	长安分公司 							
ISO/TS16949：2009 质量管理体系证书 	IATF0218565 SGS CN15/20612 	2015年 9 月9 日 	SGS 通标标准技术服务有限公司 	蓝烽科技 							
ISO/TS16949：2009 质量管理体系证书 	IATF0229485SGSCN16/20126 	2016 年 01月 20 日 	SGS 通标标准技术服务有限公司 	凯龙宝顿 							
ISO14001 ：2004 环境管理体系认证证书 	03815E21650R1M 	2015年 4 月27 日 	北京世标认证中心有限公司 	凯龙高科 							
环境管理体系认证证书 	15/16E0618R00 	2016 年 08月 11 日 	杭州万泰认证有限公司 	凯龙宝顿 							
高新技术企业证书 	GR201432001916 	2014 年 10月 31 日 	江苏省科技厅、财政厅、江苏国家税务局、地方税务局 	凯龙高科 							
高新技术企业证书 	GR201632004116 	2016 年 11月 30 日 	江苏省科技厅、财政厅、江苏国家税务局、地方税务局 	蓝烽科技 							
高新技术企业证书 	GR201632002258 	2016 年 11月 30 日 	江苏省科技厅、财政厅、江苏国家税务局、地方税务局 	凯龙宝顿 							
排污许可证 	3202062017030006B 	2017年 5 月15 	无锡市惠山区环境保护局 	凯龙高科 							
镇江市排污许可证 	镇环新 20160035 号 	2016 年 04月 05 日 	镇江市环境保护局 	蓝烽科技 							
排污许可证 	320115-2017-000102-B 	2017 年 09月 25 日 	南京市江宁区环境保护局   	凯龙宝顿 							
排污许可证 	3202062017020070B 	2017 年 09月 27 日 	无锡市惠山区环境保护局 	长安分公司 							
计量合格确认证书 	（ 2017 ）量认企（苏）字（ X00077）号 	2017 年 07月 24 日 	无锡市计量测试协会 	凯龙高科 							
道路运输经营许可证 	苏交运管许可锡字 320206303555 号 	2015 年 03月 31 日 	无锡市惠山区运输管理处 	凯龙高科 							
报关单位注册登记证书 	3202968001 	2008 年 07月 22 日 	无锡海关 	凯龙高科 							
江苏省省级工程技术研究中心 	锡科事（ 2014)227号 	2014 年 12月 5 日 	江苏省科技厅 	凯龙高科 							
江苏省重点企业研发机构 	苏企研联席发（2014）2 号 	2014年 2 月27 日 	江苏省推进企业研发机构建设工作联席会 	凯龙高科 							
江苏省省级企业技术中心 	苏经信科技（2015）726 号 	2015 年 11月 3 日 	江苏省经济和信息化委员会等 	凯龙高科 							
国家级博士后科研工作站 	苏人社发（2015）279 号 	2015年 9 月23 日 	人力资源和社会保障部、全国博士后管理委员会 	凯龙高科 							
											
2 											
3 											
4 											
5 											
6 											
7 											
8 											
9 											
10 											
11 											
12 											
13 											
14 											
15 											
16 											
17 											
18 											
19 											
20 											
											
序号 	科研成果 	奖项名称 	颁奖机构 	获奖年份 							
1 	柴油机选择性催化关键技术与应用 	中 国 机械 工业科 学技 术奖一等奖 	中 国 机械工业 联合会 	2013.10.25  							
2 	柴油车尾气净化关键技术及应用 	上 海 市科 学技术 奖一 等奖 	上海市人民政府 	2014.11.26 							
											
2017 年 6 月 30 日 	2017 年 6 月 30 日 	2016 年 12 月 31 日 	2016 年 12 月 31 日 	2015 年 12 月 31 日 	2015 年 12 月 31 日 	2014 年 12 月 31 日 					
核心技术人员数量 	变动幅度 	核心技术 人员数量 	变动幅度 	核心技术 人员数量 	变动幅度 	核心技术 人员数量 					
5 人 	0% 	5 人 	0% 	5 人 	0% 	5 人 					
											
序号 	文件名称 										
1 	环境因素的识别和确定控制程序 										
2 	废水控制程序 										
3 	大气污染控制程序 										
4 	噪声控制程序 										
5 	固体废弃物控制程序 										
6 	节约资源能源程序 										
序号 	文件名称 										
7 	办公纸张管理细则 										
8 	空调使用管理细则 										
9 	化学品及油品管理程序 										
10 	相关方施加影响程序 										
11 	应急准备和相应控制程序 										
											
序号 	文件名称 										
1 	安全生产管理办法 										
2 	职业健康安全目标和管理方案控制程序 										
3 	安全生产教育制度 										
4 	劳保用品管理规定 										
5 	特种设备使用安全管理手册 										
6 	安全消防管理程序 										
7 	化学品及油品管理程序 										
8 	消防安全管理规定 										
9 	危险源辩识、风险评价与风险控制策划程序 										
10 	法律法规和其他要求确认和获取程序 										
11 	安全用电管理规定 										
12 	职业健康安全意识教育 										
13 	仓库安全管理规定 										
14 	食堂中毒管理程序员 										
15 	《事故（事件）报告、调查与处理程序》 										
16 	应急准备和响应控制程序 										
17 	燃烧爆炸应急预案 										
18 	突发事件应急预案 										
19 	自然灾害应急预案 										
20 	节假日应急预案 										
21 	紧急应变处理流程图 										
											
