序号 	锂离子电池厂商排名 									
1 	宁德时代新能源科技股份有限公司 									
2 	比亚迪股份有限公司 									
3 	深圳市沃特玛电池有限公司 									
4 	国轩高科股份有限公司 									
5 	珠海银隆新能源股份有限公司 									
序号 	锂离子电池厂商排名 									
6 	天津力神电池股份有限公司 									
7 	光宇国际集团科技有限公司 									
8 	北京国能电池科技有限公司 									
9 	万向一二三股份公司 									
10 	深圳市比克动力电池有限公司 									
										
种 类 	人造石墨 	天然石墨 								
原材料 	石油焦、针状焦、沥青焦等 	天然鳞片晶质石墨 								
制造过程 	粉碎、改性、分级、高温石墨化等 	粉碎、球化、分级、纯化、表面处理等 								
能量密度 	310-350mah/g，低于天然石墨 	360mah/g，高于人造石墨 								
循环性能 	好于天然石墨 	较差 								
制造成本3 	因工序较多，相对较高 	相对较低 								
售价4 	相对较高 	相对较低 								
主要适用范围 	动力电池领域 高端消费电池领域 	消费电池领域 								
										
观点来源 	出处 	观点 								
璞泰来 	招股说明书 	目前主流负极产品有天然石墨与人造石墨两大类，人造石墨主要用于大容量的车用动力电池和倍率电池以及中高端电子产品锂离子电池，天然石墨主要用于小型锂离子电池和一般用途的电子产品锂离子电池。 								
中科电气 	发行股份及支付现金购买资产报告书 	由于天然石墨性价比较高，容量、压实、低温性能较好，率先应用于消费类电池领域的生产，且其性能可以满足现阶段电动汽车电池生产的性能要求，因此逐步延伸至动力电池领域；人造石墨由于其价格区间和容量区间较宽，且具备长循环、高温存储、高倍率等天然石墨所不具备的优势，所以人造石墨几乎适用于锂离子电池的所有领域，发展前景较大。 								
翔丰华 	招股说明书 	天然石墨负极材料技术有了较大的进步，其可逆容量已达360mAh/g 以上，并在消费型锂离子电池中获得了广泛的应用。人造石墨负极材料当前的应用非常广泛，其优点是长寿命，较低的极片反弹，而缺点是容量相对较低。 								
中国宝安（贝特瑞母公司） 	Wind，《 投资者调研纪要（2017 年 9月 15 日）》 	目前来看，在消费电子领域，天然石墨占比高于人造石墨；在动力电池领域，国内多采用人造石墨。 								
										
负极材料 	人造石墨 	天然石墨 	中间相碳微球 	石墨烯 	钛酸锂 	硅碳复合材料 	硬碳 			
比容量（mAh/g） 	310-360 	340-370 	300-340 	400-600 	165-170 	>1000 	500-700 			
首次效率 	93% 	90% 	94% 	30% 	99% 	84% 	80% 			
循环寿命（次） 	1000 	1000 	1000 	10 	30000 	200 	无数据 			
安全性 	一般 	一般 	一般 	一般 	高 	差 	一般 			
快充特征 	一般 	一般 	一般 	差 	好 	差 	好 			
负极材料 	人造石墨 	天然石墨 	中间相碳微球 	石墨烯 	钛酸锂 	硅碳复合材料 	硬碳 			
优点 	技术及配套供应成熟，循环性能好 	技术及配套工艺成熟，成本低 	技术及配套工艺成熟，倍率性能好，循环性能好 	电化学储能性能优异，充电速度快，可提高锂电池的负载能力 	倍率性能优异，高低温性能优异，循环性能优异，安全性能优异 	理论比能量高 	倍率性能优秀、材料稳定、膨胀系数小、循环性能好 			
缺点 	比能量低，倍率性能较差，安全性能差 	比能量已到极限，循环性能及倍率性能较差，安全性能差 	比能量低，安全性能较差，成本高 	技术及配套工艺不成熟，成本高 	技术及配套工艺不成熟，成本高，能量密度低 	技术及配套工艺不成熟，成本高，充放电体积变形，导电率低 	成本高、首次效率低、压实密度低、加工性能差、高温性能差 			
发展方向 	提高容量，低成本化，降低内阻 	低成本化，改善循环 	提高容量，低成本化 	低成本化，解决与其他材料的配套问题 	解决钛酸锂与正极、电解液的匹配问题，提高电池能量密度 	低成本化，解决与其他材料的配套问题 	提高首次效率，降低成本 			
										
石墨类型 	产品型号 	产品图片 	中粒径（um) 	设计容量（mAh/g) 	压实（g/cc） 	特点 	用途 			
高 性 价 比人造石墨 	AML400 	 	13.5-19.5 	340 	1.5-1.60 	高低温性能好、循环性能优异、安全性能好、性价比高 	各 类 长 循 环方形、圆柱、聚合物电池 			
高 性 价 比人造石墨 	AML450 	 	15.5-21.5 	340 	1.5-1.60 	高温性能好、循环性能优异、安全性能好、性价比高   	各 类 长 循 环方形、圆柱、聚合物电池 			
高 容 量 人造石墨 	AML350 	 	15.5-21.5 	345-350 	1.55-1.65 	较高容量、较高压实、循环性能优异 	容量型方形、圆柱、聚合物电池 			
倍 率 人 造石墨 	AML410 	 	8-14 	330-335 	1.30-1.55 	高倍率、高性价比、循环性能优异 	倍率型电池、动力电池 			
高 容 高 压实 低 反 弹人造石墨 	AML900 	 	15.5-21.5 	350-355 	1.55-1.70 	低反弹、高容量、高压实、循环性能优异 	高 能 量 密 度方形、圆柱、聚合物电池 			
超 高 容 高压 实 人 造石墨 	YL101 	 	12-18 	350-355 	1.55-1.75 	高容量、高压实、循环性能优异   	高 能 量 密 度方形、圆柱、聚合物电池 			
高倍率、快充 人 造 石墨 	AML410ST 	 	10-16 	330-335 	1.30-1.55 	快充、高倍率、高性价比、循环性能优异 	快充、倍率型电池、动力电池 			
石墨类型 	产品型号 	产品图片 	中粒径（um) 	设计容量（mAh/g) 	压实（g/cc） 	特点 	用途 			
高倍率、快充 人 造 石墨 	AML440ST 	 	10-16 	335-340 	1.40-1.60 	快充、高倍率、高性价比、循环性能优异 	快充、倍率型电池、动力电池 			
高倍率、快充 人 造 石墨 	B1T 	 	5-11 	330 	1.30-1.50 	快充 5C 以上、高倍率、循环性能优异 	快充、倍率型电池、动力电池 			
高 容 高 压实 复 合 石墨 	Y600 	 	13-19 	355-360 	1.60-1.70 	高容量、高压实、循环性能优异 	高 能 量 密 度方形、圆柱、聚合物电池 			
高 容 高 压实 复 合 石墨 	Y600S 	 	9-15 	355-360 	1.60-1.70 	高容量、高压实、循环性能优异 	高 能 量 密 度方形、圆柱、聚合物电池 			
快充、倍率高 容 高 压实 复 合 石墨  	Y600ST 	 	9-15 	355-360 	1.50-1.65 	快充、倍率性能好，高容量高压实 	高 能 量 密 度圆柱、铝壳电池 			
高 容 高 压实 长 循 环复合石墨 	Y600ST-2 	 	11.5-17.5 	355-360 	1.60-1.70 	高容量高压实,循环、倍率性能优异 	高 能 量 密 度圆柱、铝壳电池 			
高 容 高 压实 动 力 人造石墨 	AML402 	 	11.0-17.0 	350-355 	1.55-1.65 	较高容量较高压实 , 综合性能优异，长循环 	各 类 长 循 环方形、圆柱、聚合物电池 			
石墨类型 	产品型号 	产品图片 	中粒径（um) 	设计容量（mAh/g) 	压实（g/cc） 	特点 	用途 			
高 容 高 压实 动 力 人造石墨 	YL201 	 	12.0-18.0 	355-360 	1.60-1.70 	高容量高压实,综合性能优异，长循环 	各 类 长 循 环方形、圆柱、聚合物电池 			
										
销售模式 	2017 年 1-9 月 	2017 年 1-9 月 	2016 年度 	2016 年度 	2015 年度 	2015 年度 	2014 年度 	2014 年度 		
销售模式 										
销售模式 	金额 	比例 	金额 	比例 	金额 	比例 	金额 	比例 		
										
直销 	26,397.88 	99.65 	21,123.58 	97.17 	11,569.49 	94.93 	3,808.19 	90.68 		
										
经销 	91.98 	0.35 	615.81 	2.83 	618.21 	5.07 	391.40 	9.32 		
										
合 计 	26,489.86 	100.00 	21,739.39 	100.00 	12,187.70 	100.00 	4,199.60 	100.00 		
										
公司 	外协加工情形 	未进入石墨化行业的原因 	对石墨化是否为核心环节的相关分析 							
江西紫宸 	将石墨化工序外包 	石墨化基地的建设固定资产投资较大，且石墨化电阻料废料的处置需要稳定的钢厂、铝厂客户资源，专业性较强。 	石墨化为碳素行业传统成熟的工艺，可选择外协加工的厂商比较多。 							
翔丰华 	石墨化工序外包 	未提及 	由于我国石墨资源丰富，石墨化工厂较多，因此不存在单一供应商依赖风险。 							
星城石墨 	石墨化工序外包 	由于石墨化基地的建设对资金需求较大，而星城石墨近年来生产规模的持续扩大已经投入了大量资金，因此石墨化基地项目尚在筹备阶段，暂未开始投资石墨化生产工序。目前石墨化基地的建设主要受制于资金缺口，未有明确的投资时间表。 	石墨化工艺是碳素行业传统成熟的工艺，星城石墨可进行石墨化加工的厂商比较多，星城石墨不依赖于个别加工厂商。因工艺比较成熟，一般不会影响到星城石墨生产的稳定性。 							
正拓能源 	石墨化工序外包； 开始规划自有的石墨化生产基地 	由于“石墨化”生产过程对环保的要求较高，且需要大量的资金投入，国内大部分负极材料厂商均采用外协加工方式进行“石墨化”工序。 	国内能够提供石墨化加工服务的厂家较多 							
贝特瑞 	旗下有山西贝特瑞石墨化厂 	不适用 	不适用 							
上海杉杉 	同一集团内有郴州杉杉石墨化厂，但上海杉杉同时将部分石墨化工序外包给集团外厂商；同时郴州杉杉也对外承接石墨化加工业务 	不适用 	不适用 							
										
出台日期 	政策名称 	发布部门 	电池与电池材料相关 	电池与电池材料相关 						
2017 年 2 月 	《 促进汽 车动 力电 池产业 发展 行动方案》 	国家工信部、国家发展和改革委员会、科学技术部、财政部 	分三个阶段推进我国动力电池发展：2018年，提升现有产品性价比，保障高品质电池供应；2020 年，基于现有技术改进的新一代锂离子动力电池实现大规模应用；2025 年，采用新化学原理的新体系电池力争实现技术变革和开发测试。 	分三个阶段推进我国动力电池发展：2018年，提升现有产品性价比，保障高品质电池供应；2020 年，基于现有技术改进的新一代锂离子动力电池实现大规模应用；2025 年，采用新化学原理的新体系电池力争实现技术变革和开发测试。 						
2016 年 2 月 	国 务院常 务会 议（2 月 24 日） 	国务院 	加快实现动力电池革命性突破；在关键材料、电池系统等共性、基础技术研发上集中发力；中央财政采取以奖代补方式，根据动力电池性能、销量等指标对企业给予奖励。 	加快实现动力电池革命性突破；在关键材料、电池系统等共性、基础技术研发上集中发力；中央财政采取以奖代补方式，根据动力电池性能、销量等指标对企业给予奖励。 						
2015 年 11 月 	《 产业关 键共 性技 术发展 指南 》（2015 年） 	国家工信部 	《产业关键共性技术发展指南（2015年）》共确定优先发展的产业关键共性技术 205项，其中包括“五、电子信息与通信业-（四）锂离子电池-2．锂离子电池关键材	《产业关键共性技术发展指南（2015年）》共确定优先发展的产业关键共性技术 205项，其中包括“五、电子信息与通信业-（四）锂离子电池-2．锂离子电池关键材						
出台日期 	政策名称 	发布部门 	电池与电池材料相关 	电池与电池材料相关 						
料及设备技术：硅基、锡基等高能量密度负极材料；钛酸锂、硬碳为代表的高功率密度、高安 全性负极 材料 （循环寿命≥10000 次）；低成本、高性能石墨负极材料（成本降低 10%以上，能量密度≥360mAh/g）。 	料及设备技术：硅基、锡基等高能量密度负极材料；钛酸锂、硬碳为代表的高功率密度、高安 全性负极 材料 （循环寿命≥10000 次）；低成本、高性能石墨负极材料（成本降低 10%以上，能量密度≥360mAh/g）。 									
提升动力电池、驱动电机、高效内燃机、先进变速器、轻量化材料、智能控制等核心技术的工程化和产业化能力，形成从关键零部件到整车的完整工业体系和创新体系。 	提升动力电池、驱动电机、高效内燃机、先进变速器、轻量化材料、智能控制等核心技术的工程化和产业化能力，形成从关键零部件到整车的完整工业体系和创新体系。 									
指出将“锂离子电池用磷酸铁锂等正极材料、中间相炭微球和钛酸锂等负极材料”列入鼓励类； 指出将“锂离子电池、氢镍电池、新型结构（卷绕式、管式等）密封铅蓄电池等动力电池”、“储能用锂离子电池和新型大容量密封铅蓄电池”列入鼓励类。 	指出将“锂离子电池用磷酸铁锂等正极材料、中间相炭微球和钛酸锂等负极材料”列入鼓励类； 指出将“锂离子电池、氢镍电池、新型结构（卷绕式、管式等）密封铅蓄电池等动力电池”、“储能用锂离子电池和新型大容量密封铅蓄电池”列入鼓励类。 									
大力推进动力电池技术创新，重点开展动力电池系统安全性、可靠性研究和轻量化设计，加快研制动力电池正负极、隔膜、电解质等关键材料及其生产、控制与检测等装备。 在正负极、隔膜、电解质等关键材料领域分别形成 2—3 家骨干生产企业。 	大力推进动力电池技术创新，重点开展动力电池系统安全性、可靠性研究和轻量化设计，加快研制动力电池正负极、隔膜、电解质等关键材料及其生产、控制与检测等装备。 在正负极、隔膜、电解质等关键材料领域分别形成 2—3 家骨干生产企业。 									
积极发展高纯石墨，提高锂离子电池用石墨负极材料质量，加快研发核级石墨材料。 推进石墨和钛酸盐类负极材料产业化，新增负极材料产能 2 万吨/年。 	积极发展高纯石墨，提高锂离子电池用石墨负极材料质量，加快研发核级石墨材料。 推进石墨和钛酸盐类负极材料产业化，新增负极材料产能 2 万吨/年。 									
高容量长寿命二次电池电极材料、锂离子电池等动力电池、储能用锂离子电池、中	高容量长寿命二次电池电极材料、锂离子电池等动力电池、储能用锂离子电池、中									
出台日期 	政策名称 	发布部门 	电池与电池材料相关 	电池与电池材料相关 						
月修正 	年本）》 	间相炭微球和钛酸锂等负极材料等为鼓励类产业。 	间相炭微球和钛酸锂等负极材料等为鼓励类产业。 							
2011 年 3 月 	《 国 家 “ 十二五”规划纲要》 	十一届全国人大第四次会议审议通过 	新材料产业重点发展新型功能材料、先进结构材料、高性能纤维及其复合材料、共性基础材料。 	新材料产业重点发展新型功能材料、先进结构材料、高性能纤维及其复合材料、共性基础材料。 						
2010 年 10 月 	《 关于加 快培 育和 发展战 略性 新兴产业的决定》 	国务院 	着力突破动力电池、驱动电机和电子控制领域关键核心技术，推进插电式混合动力汽车、纯电动汽车推广应用和产业化。 	着力突破动力电池、驱动电机和电子控制领域关键核心技术，推进插电式混合动力汽车、纯电动汽车推广应用和产业化。 						
2010 年 5 月 	国 家重点 新产 品计 划优先 发展 技术领域（2010） 	国家科技部发展计划司 	“高效电池材料”列为新材料技术领域，“锂离子电池及其应用技术产品”列为新能源与高效节能领域。 	“高效电池材料”列为新材料技术领域，“锂离子电池及其应用技术产品”列为新能源与高效节能领域。 						
										
2015 年 5 月 	《中国制造 2025》 	国务院 								
2013 年 3 月 	《 产业结 构调 整指导目录（2013年修订） 	国家发改委 								
2012 年 7 月 	《 节能与 新能 源汽 车产业 发展 规划（2012-2020）》 	国务院 								
2012 年 2 月 	《 新 材 料 产 业“ 十二五 ”发展规划》 	国家工信部 								
2011 年 3 月公布、2013 年 2	《 产业结 构调 整指导目录（2011	国家发改委 								
										
出台日期 	政策名称 	发布部门 	终端应用相关 							
2017 年 11月 2 日 	《关于 2016 年度、2017年度乘用车企业平均燃料消耗量管理有关工作的通知》 	工 业 和 信 息化 部 、 商 务部 、 海 关 总署、质检总局 	对乘用车企业 2016 年度、2017 年度平均燃料消耗量和新能源汽车积分实施核算。对于 2016、2017 年两年度企业平均燃料消耗量负积分不能够抵偿为零的企业，其超标产品不予列入《道路机动车辆生产企业及产品公告》。 							
2017 年 9 月27 日 	《乘用车企业平均燃料消耗量与新能源汽车积分并行管理办法》 	工 业 和 信 息化 部 、 商 务部 、 海 关 总署、质检总局 	（自 2018 年 4 月 1 日起施行） 对乘用车企业平均燃料消耗量与新能源汽车实施积分管理。 平均燃料消耗量负积分的，应使用本企业结转或受让的平均燃料消耗量正积分抵偿归零，或使用本企业产生或购买的新能源汽车正积分抵偿归零。 新能源汽车负积分的，应当通过购买新能源汽车正积分的方式抵偿归零。 							
出台日期 	政策名称 	发布部门 	终端应用相关 							
2017 年1-11 月 	《新能源汽车推广应用推荐车型目录（2017 年第 1 批）》至《新能源汽车推广应用推荐车型目录（2017 年第 10 批）》 	国家工信部 	2017 年以来，已累计发布 10 批推荐车型目录，共包括 209 户企业的 2,948 个车型，进入推荐目录。 							
2017 年 6 月 	《乘用车企业平均燃料消耗量与新能源汽车积分并行管理办法（征求意见稿）》 	国家工信部 	对车企新能源乘用车积分比例提出明确要求、放开华商在华建立生产纯电动汽车整车产品合资企业不受两家数量的限制。 							
2017 年 6 月 	《完善汽车投资项目管理的意见》 	国家发 展 改革委、国家工信部 	明确将严控新增传统燃油汽车产能，将促进新能源汽车健康有序发展。 							
2017 年 1 月 	《新能源汽车生产企业及产品准入管理规则》 	国家工信部 	调整了新能源汽车的定义和范围，完善了新能源汽车生产企业及产品的准入条件等（自 2017 年 7 月实施）。 							
2016 年 12月 	《关于调整新能源汽车推广应用财政补贴政策的通知》 	财政部、科技部、工信部、发改委 	调整完善新能源汽车推广应用补贴政策（自 2017 年开始实施）。 							
2016 年 3 月 	《国家“十三五”规划纲要》 	十二届全国人大四次会议表决通过 	支持新一代信息技术、新能源汽车、生物技术、绿色低碳、高端装备与材料、数字创意等领域的产业发展壮大。 							
2016 年 2 月 	国务院常务会议（2 月 24日） 	国务院 	扩大城市公交、出租车等领域新能源汽车应用比例。 							
2015 年 5 月 	《中国制造 2025》 	国务院 	将节能与新能源汽车作为聚焦的十大重点领域之一；继续支持电动汽车、燃料电池汽车发展；推动自主品牌节能与新能源汽车同国际先进水平接轨。 推进新能源和可再生能源装备、先进储能装置、智能电网用输变电及用户端设备发展。 							
出台日期 	政策名称 	发布部门 	终端应用相关 							
2015 年 5 月 	《关于 2016-2020 年新能源汽车推广应用财政支持政策的通知》 	财政部、科技部、工信部、发改委 	在 2016-2020 年继续实施新能源汽车推广应用补助政策，并规定了 2016 年新能源汽车推广应用补助标准。 							
2013 年 9 月 	《关于继续开展新能源汽车推广应用工作的通知》 	财政部、科技部、工信部、发改委 	继续依托城市推广应用新能源汽车； 对消费者购买新能源汽车予以补贴（至2015 年结束）。 							
2012 年 7 月 	《节能与新能源汽车产业 发 展 规 划（2012-2020）》 	国务院 	扎实推进新能源汽车试点示范。在大中型城市扩大公共服务领域新能源汽车示范推广范围，开展私人购买新能源汽车补贴试点，重点在国家确定的试点城市集中开展新能源汽车产品性能验证及生产使用、售后服务、电池回收利用的综合评价。探索具有商业可行性的市场推广模式，协调发展充电设施，形成试点带动技术进步和产业发展的有效机制。 对公共服务领域节能与新能源汽车示范、私人购买新能源汽车试点给予补贴，鼓励消费者购买使用节能汽车；发挥政府采购的导向作用，逐步扩大公共机构采购节能与新能源汽车的规模。 							
2012 年 2 月 	《 新 材 料 产 业 “ 十二五”发展规划》 	国家工信部 	加快培育和发展节能环保、新一代信息技术、高端装备制造、新能源和新能源汽车等战略性新兴产业。 							
出台日期 	政策名称 	发布部门 	终端应用相关 							
2011 年 3 月 	《国家“十二五”规划纲要》 	十一届全国人大第四次会议审议通过 	大力发展节能环保、新一代信息技术、生物、高端装备制造、新能源、新材料、新能源汽车等战略性新兴产业。 新能源汽车产业重点发展插电式混合动力汽车、纯电动汽车和燃料电池汽车技术。 							
2010 年 5 月 	《关于开展私人购买新能源汽车补贴试点的通知》 	财政部、科技部、工信部、发改委 	中央财政安排专项资金，支持开展私人购买新能源汽车补贴试点（2010-2012年）。 							
2009 年 3 月 	《汽车产业调整和振兴规划》 	国务院办公厅 	首次提出了新能源汽车发展战略。 							
										
2008										
2008	81.48%									
										
2009										
2009	43.29%									
										
2010										
2010	10.40%									
										
2011										
2011	40.86%									
										
2012	2013									
2012	2013	14.11%	10.87%	5.89%	40.08%					
										
2015	2016									
										
10.33 	18.75 	26.87 	29.66 	41.78 	47.68 	52.87 	55.98 	78.42 		
										
4.62%										
6.94%										
										
6.55%										
6.11%										
										
14.72%										
78.26%										
										
36.56%										
57.42%										
										
45.08%										
49.84%										
										
15.00%										
20.54%										
61.10%										
										
11.51%										
20.59%										
61.49%										
										
10.32%										
22.30%										
57.67%										
										
20.08%										
61.79%										
										
16.50%										
63.00%										
										
14.93%										
56.24%										
										
4.40 										
4.07 										
2.50 										
										
11.24 										
12.94 										
										
34.59 										
49.40 										
32.15 										
										
23.64 										
33.44 										
22.51 										
										
12.00 										
10.69 										
										
项 目 	项 目 	2016 年 	2015 年 	2014 年 						
销量 	璞泰来 	16,080.00 	7,385.00 	2,896.00 						
销量 	杉杉股份 	22,604.00 	15,837.00 	未披露 						
销量 	翔丰华 	6,556.36 	3,279.73 	1,769.28 						
销量 	星城石墨 	5,275.00 	2,964.00 	1,630.00 						
销量 	凯金能源 	5,990.87 	3,225.15 	898.68 						
产量 	璞泰来 	18,228.00 	8,625.00 	3,573.00 						
产量 	杉杉股份 	23,519.00 	16,168.00 	未披露 						
产量 	翔丰华 	7,275.60 	3,408.18 	1,854.73 						
产量 	星城石墨 	5,904.00 	3,167.00 	1,606.00 						
产量 	凯金能源 	6,886.98 	3,304.68 	996.63 						
产销率 	璞泰来 	88.22% 	85.62% 	81.05% 						
产销率 	杉杉股份 	96.11% 	97.95% 	未披露 						
产销率 	翔丰华 	90.11% 	96.23% 	95.39% 						
产销率 	星城石墨 	89.35% 	93.59% 	101.49% 						
产销率 	凯金能源 	86.99% 	97.59% 	90.17% 						
平均产销率 	平均产销率 	90.15% 	94.20% 	92.03% 						
										
厂商名 	产品结构偏向 	2016 年负极材料收入（万元） 	主要客户 							
贝特瑞 	天然石墨 	129,178.91 	三星、LG、松下、比亚迪等 							
上海杉杉 	人造石墨 	117,317.98 	三星、ATL、LGC、SDI、比亚迪、比克等 							
璞泰来 	人造石墨 	105,189.14 	ATL、三星 SDI、LG 化学、天津力神、中航锂电、比亚迪等 							
深圳斯诺 	人造石墨 	未披露 	未披露 							
星城石墨(注 1） 	天然石墨 	17,398.93 	比亚迪、远东福斯特等 							
翔丰华 	天然石墨 	23,665.11 	比亚迪、多氟多、鹏辉能源、赣锋锂业等 							
正拓能源 	较为均衡，2016 年人造石墨占比略高于天然石墨 	12,914.69 	赛骄阳等 							
发行人 	人造石墨 	21,739.39 	宁德时代、天津力神、鹏辉能源、远东福斯特、中航锂电、孚能科技、比克电池等 							
										
厂商名 	口径 	2016 年负极材料 销售收入（万元） 	销量 （吨） 	销售均价 （万元/吨） 						
璞泰来 	人造石墨为主 	105,189.14 	16,080.01 	6.54 						
上海杉杉 	人造石墨为主 	117,317.98 	22,604.00 	5.19 						
翔丰华 	仅统计人造石墨 	9,021.70 	2,446.94 	3.69 						
厂商名 	口径 	2016 年负极材料 销售收入（万元） 	销量 （吨） 	销售均价 （万元/吨） 						
发行人 	人造石墨为主 	21,739.39 	5,990.87 	3.63 						
正拓能源 	负极材料 	12,914.69 	3,587.00 	3.60 						
翔丰华 	仅统计天然石墨 	14,643.41 	4,109.42 	3.56 						
星城石墨 	仅统计天然石墨 	13,035.08 	3,845.00 	3.39 						
星城石墨 	仅统计人造石墨 	4,118.09 	1,430.00 	2.88 						
										
序号 	锂离子电池厂商排名 									
1 	宁德时代新能源科技股份有限公司 									
2 	比亚迪股份有限公司 									
3 	深圳市沃特玛电池有限公司 									
4 	国轩高科股份有限公司 									
5 	珠海银隆新能源股份有限公司 									
6 	天津力神电池股份有限公司 									
7 	光宇国际集团科技有限公司 									
8 	北京国能电池科技有限公司 									
9 	万向一二三股份公司 									
10 	深圳市比克动力电池有限公司 									
										
17.13 										
28.69 										
										
17.04 										
31.26 										
										
26.22 										
46.49 										
										
厂商 	厂商 	时间 	工程 	说明 	说明 					
国内厂商 	比亚迪 	2014 年 	坑梓电池厂竣工 	  	  					
国内厂商 	比亚迪 	2015 年 	通过定增募资，继续扩充动力电池产能 	募资 60 亿元 	募资 60 亿元 					
国内厂商 	亿纬锂能 	2016 年 7 月 	在荆门投资动力锂离子电池项目 	总投资 25.18 亿元 	总投资 25.18 亿元 					
国内厂商 	国轩高科 	2016 年 8 月 	合肥三期工厂投产 	  	  					
国内厂商 	中天科技 	2017 年 2 月 	投建高性能锂电池系列产品研究及产业化项目 	定增募资 18亿元 	定增募资 18亿元 					
国内厂商 	宁德时代 	2017 年 2 月 	溧阳 CATL 二期项目举办开工仪式 	预计总投资 100亿元 	预计总投资 100亿元 					
国内厂商 	天津力神 	2017 年 5 月 	青岛动力电池基地开工奠基 	一期总投资额15.7 亿元 	一期总投资额15.7 亿元 					
国内厂商 	中航锂电 	2017 年 6 月 	动力电池项目二期在常州金坛区揭牌开工 	总投资 39 亿元 	总投资 39 亿元 					
国内厂商 	孚能科技 	2017 年 9 月 	与北汽集团共同建设新能源汽车动力电池研发与制造基地 	固定资产总投资约 80 亿元 	固定资产总投资约 80 亿元 					
厂商 	厂商 	时间 	工程 	说明 	说明 					
远东福斯特 	2017 年 9 月 	12GWh 锂电项目开工仪式在江苏宜兴市举行 	计划总投资 66.8亿元 	计划总投资 66.8亿元 						
三星 SDI 	2016 年 9 月 	汽车动力电池项目签约落户无锡高新区 	  	  						
LG 化学 	2016 年 10 月 	新能源电池项目（一期）在南京举办竣工投产仪式 	  	  						
										
期 间 	产品名称 	产能（吨） 	产量（吨） 	销量（吨） 	产能利用率% 	产销率% 				
										
2017 年 1-9 月 	负极材料 	8,500.00 	7,918.51 	7,844.19 	93.16 	99.06 				
										
2016 年 	负极材料 	8,000.00 	6,886.98 	5,990.87 	86.09 	86.99 				
期 间 	产品名称 	产能（吨） 	产量（吨） 	销量（吨） 	产能利用率% 	产销率% 				
										
2015 年 	负极材料 	4,100.00 	3,304.68 	3,225.15 	80.60 	97.59 				
										
2014 年 	负极材料 	1,800.00 	996.63 	898.68 	55.37 	90.17 				
										
17.13 										
28.69 										
										
17.04 										
31.26 										
										
26.22 										
46.49 										
										
产品类型 	2017 年 1-9 月 	2017 年 1-9 月 	2016 年度 	2016 年度 	2015 年度 	2015 年度 	2014 年度 	2014 年度 		
产品类型 	金额 	主营业务收入占比 	金额 	主营业务收入占比 	金额 	主营业务收入占比 	金额 	主营业务收入占比 		
人造石墨 	23,883.47 	90.16 	19,184.34 	88.25 	10,834.36 	88.90 	3,174.73 	75.60 		
复合石墨 	2,606.39 	9.84 	2,555.06 	11.75 	1,081.11 	8.87 	768.51 	18.30 		
合 计 	26,489.86 	100.00 	21,739.39 	100.00 	11,915.47 	97.77 	3,943.24 	93.90 		
										
产品类型 	2017 年 1-9 月 	2017 年 1-9 月 	2016 年度 	2016 年度 	2015 年度 	2015 年度 	2014 年度 	2014 年度 		
产品类型 	数量 	单价 	数量 	单价 	数量 	单价 	数量 	单价 		
人造石墨 	7,264.12 	3.29 	5,527.38 	3.47 	3,002.69 	3.61 	766.41 	4.14 		
复合石墨 	580.08 	4.49 	463.49 	5.51 	222.46 	4.86 	132.27 	5.81 		
合 计 	7,844.19 	3.38 	5,990.87 	3.63 	3,225.15 	3.69 	898.68 	4.39 		
										
客户名称 （合并） 	客户名称 （单体） 	销售内容 	销售金额 	占比 						
2017 年 1-9 月 	2017 年 1-9 月 	2017 年 1-9 月 	2017 年 1-9 月 	2017 年 1-9 月 						
宁德时代新能源科技股份有限公司 	宁德时代新能源科技股份有限公司 	人造石墨 	13,875.26 	46.63 						
广州鹏辉能源科技股份有限公司及其关联方 	广州鹏辉能源科技股份有限公司 	人造石墨 	545.20 	1.83 						
广州鹏辉能源科技股份有限公司及其关联方 	河南鹏辉能源科技有限公司 	人造石墨 	385.53 	1.30 						
广州鹏辉能源科技股份有限公司及其关联方 	珠海市鹏辉电池有限公司 	人造石墨 	1,411.89 	4.74 						
江苏舜天高新炭材有限公司 	江苏舜天高新炭材有限公司 	原材料 	1,269.23 	4.27 						
吉林炭素有限公司 	吉林炭素有限公司 	原材料 	1,152.69 	3.87 						
远东福斯特新能源有限公司 	远东福斯特新能源有限公司 	复合石墨 	1,003.72 	3.37 						
江苏天鹏电源有限公司 	江苏天鹏电源有限公司 	复合石墨 	863.82 	2.90 						
江苏江龙新能源科技有限公司 	江苏江龙新能源科技有限公司 	原材料 	845.31 	2.84 						
孚能科技（赣州）有限公司 	孚能科技（赣州）有限公司 	人造石墨 	741.54 	2.49 						
中航锂电（洛阳）有限公司 	中航锂电（洛阳）有限公司 	人造石墨 	598.72 	2.01 						
广东天劲新能源科技股份有限公司 	广东天劲新能源科技股份有限公司 	人造石墨 	567.44 	1.91 						
合 计 	合 计 	合 计 	23,260.35 	78.17 						
2016 年度 	2016 年度 	2016 年度 	2016 年度 	2016 年度 						
宁德时代新能源科技股份有限公司 	宁德时代新能源科技股份有限公司 	人造石墨 	13,777.16 	63.37 						
江苏天鹏电源有限公司 	江苏天鹏电源有限公司 	复合石墨 	1,219.69 	5.61 						
芜湖天弋能源科技有限公司 	芜湖天弋能源科技有限公司 	人造石墨 	1,062.08 	4.89 						
天津力神电池股份有限公司及其关联方 	天津力神电池股份有限公司 	人造、复合石墨 	576.46 	2.65 						
天津力神电池股份有限公司及其关联方 	力神电池（苏州）有限公司 	复合石墨 	14.50 	0.07 						
天津力神电池股份有限公司及其关联方 	凤凰新能源（惠州）有限公司 	复合石墨 	237.34 	1.09 						
广州鹏辉能源科技股份有限公司及其关联方 	广州鹏辉能源科技股份有限公司 	人造石墨 	209.30 	0.96 						
广州鹏辉能源科技股份有限公司及其关联方 	河南鹏辉能源科技有限公司 	人造石墨 	28.80 	0.13 						
广州鹏辉能源科技股份有限公司及其关联方 	珠海市鹏辉电池有限公司 	人造石墨 	330.38 	1.52 						
远东福斯特新能源有限公司 	远东福斯特新能源有限公司 	复合石墨 	554.35 	2.55 						
佛山市欣源电子股份有限公司 	佛山市欣源电子股份有限公司 	人造石墨、复合石墨 	368.24 	1.69 						
贵州航天电源科技有限公司 	贵州航天电源科技有限公司 	人造石墨 	296.03 	1.36 						
无锡市明杨新能源有限公司 	无锡市明杨新能源有限公司 	人造石墨 	237.97 	1.09 						
江苏中兴派能电池有限公司 	江苏中兴派能电池有限公司 	人造石墨 	221.50 	1.02 						
合 计 	合 计 	合 计 	19,133.80 	88.00 						
2015 年度 	2015 年度 	2015 年度 	2015 年度 	2015 年度 						
宁德时代新能源科技股份有限公司 	宁德时代新能源科技股份有限公司 	人造石墨 	6,893.73 	56.51 						
远东福斯特新能源有限公司 	远东福斯特新能源有限公司 	人造、复合石墨 	389.67 	3.19 						
东莞市金源电池科技有限公司 	东莞市金源电池科技有限公司 	人造石墨 	327.15 	2.68 						
浙江谷神能源科技股份有限公司 	浙江谷神能源科技股份有限公司 	人造石墨 	301.42 	2.47 						
深圳赛骄阳能源科技股份有限公司 	深圳赛骄阳能源科技股份有限公司 	人造石墨 	299.40 	2.45 						
芜湖天弋能源科技有限公司 	芜湖天弋能源科技有限公司 	人造石墨 	292.40 	2.40 						
江苏中兴派能电池有限公司 	江苏中兴派能电池有限公司 	人造石墨 	278.36 	2.28 						
天津力神电池股份有限公司及其关联方 	天津力神电池股份有限公司 	人造、复合石墨 	3.05 	0.03 						
天津力神电池股份有限公司及其关联方 	力神电池（苏州）有限公司 	- 	- 	- 						
天津力神电池股份有限公司及其关联方 	凤凰新能源（惠州）有限公司 	复合石墨 	274.51 	2.25 						
山东恒宇新能源有限公司 	山东恒宇新能源有限公司 	人造石墨 	222.74 	1.83 						
深圳市顺达利科技有限公司 	深圳市顺达利科技有限公司 	人造、复合石墨 	205.16 	1.68 						
合 计 	合 计 	合 计 	9,487.58 	77.77 						
2014 年度 	2014 年度 	2014 年度 	2014 年度 	2014 年度 						
远东福斯特新能源有限公司 	远东福斯特新能源有限公司 	复合石墨 	633.36 	14.63 						
深圳赛骄阳能源科技股份有限公司 	深圳赛骄阳能源科技股份有限公司 	人造石墨 	588.92 	13.61 						
东莞市金源电池科技有限公司 	东莞市金源电池科技有限公司 	人造石墨 	346.03 	8.00 						
深圳市天盛伟业科技有限公司 	深圳市天盛伟业科技有限公司 	人造石墨 	324.27 	7.49 						
深圳市卓能新能源科技股份有限公司及其关联方 	广西卓能新能源科技有限公司 	- 	- 	- 						
深圳市卓能新能源科技股份有限公司及其关联方 	深圳市卓能新能源科技股份有限公司 	人造石墨 	226.90 	5.24 						
深圳市昭佑科技有限公司 	深圳市昭佑科技有限公司 	铝塑膜 	222.90 	5.15 						
欧赛新能源科技股份有限公司 	欧赛新能源科技股份有限公司 	人造石墨 	182.18 	4.21 						
宁德时代新能源科技股份有限公司 	宁德时代新能源科技股份有限公司 	人造石墨 	154.53 	3.57 						
深圳市美拜电子有限公司 	深圳市美拜电子有限公司 	人造石墨 	145.13 	3.35 						
深圳市顺达利科技有限公司 	深圳市顺达利科技有限公司 	人造、复合石墨 	139.29 	3.22 						
合 计 	合 计 	合 计 	2,963.51 	68.47 						
										
名 称 	家 数 									
长期合作的稳定客户 	6 									
报告期内新增客户： 	13 									
 负极材料新通过客户认证体系 	9 									
 负极材料其他新增客户 	1 									
 原材料销售新增客户 	3 									
报告期内退出的原前十大客户： 	7 									
 因正常商业原因退出的客户 	4 									
 因拖欠货款而终止合作的客户 	2 									
 因业务范围调整而终止合作的客户 	1 									
合 计 	26 									
										
名称 	2017 年 1-9 月 	2017 年 1-9 月 	2016 年度 	2016 年度 	2015 年度 	2015 年度 	2014 年度 	2014 年度 	变动原因 	
名称 	金额 	占比 	金额 	占比 	金额 	占比 	金额 	占比 	变动原因 	
宁德时代新能源科技股份有限公司 	13,875.26 	46.63 	13,777.16 	63.37 	6,893.73 	56.51 	154.53 	3.57 	在新能源汽车行业快速增长的背景下，宁德时代销售收入迅速增加，对公司的采购量也不断上升 	
远东福斯特新能源有限公司 	1,003.72 	3.37 	554.35 	2.55 	389.67 	3.19 	633.36 	14.63 	在新能源汽车行业快速增长的背景下，福斯特销售收入迅速增加，对公司的采购量也不断上升 	
欧赛新能源科技股份有限公司 	203.42 	0.68 	68.14 	0.31 	152.07 	1.25 	182.18 	4.21 	2016 年销售量有所下降主要系货款结算速度较慢所致，2017 年货款结算速度加快后，销售额随之恢复。 	
天津力神电池股份有限公司及其关联方 	330.32 	1.11 	828.30 	3.81 	277.56 	2.28 	42.02 	0.97 	2017 年 1-9 月销售金额下降主要系天津力神变更型号，相关产品正在重新认证之中。 	
贵州航天电源科技有限公司 	77.18 	0.26 	296.03 	1.36 	91.11 	0.75 	76.15 	1.76 	2017 年 1-9 月销售金额有所下降，主要系产品型号的变更所致。 	
东莞市金源电池科技有限公司 	7.01 	0.02 	19.28 	0.09 	327.15 	2.68 	346.03 	8.00 	2016 年开始，公司对其销售额大幅下降主要系货款支付速度较慢导致公司逐渐减少对其销售额。 	
合 计 	15,496.91 	52.07 	15,543.26 	71.49 	8,131.29 	66.66 	1,434.27 	33.13 	 	
										
名称 	2017 年 1-9 月 	2017 年 1-9 月 	2016 年度 	2016 年度 	2015 年度 	2015 年度 	2014 年度 	2014 年度 	新增原因 	
名称 	金额 	占比 	金额 	占比 	金额 	占比 	金额 	占比 	新增原因 	
江苏中兴派能电池有限公司 	103.96 	0.35 	221.50 	1.02 	278.36 	2.28 	20.80 	0.48 	先后通过各客户的认证体系，建立长期、稳定的合作关系。 	
江苏天鹏电源有限公司 	863.82 	2.90 	1,219.69 	5.61 	199.36 	1.63 	8.65 	0.20 	先后通过各客户的认证体系，建立长期、稳定的合作关系。 	
广州鹏辉能源科技股份有限公司及其关联方【注1】 	2,342.62 	7.87 	568.49 	2.62 	20.68 	0.17 	0.17 	- 	先后通过各客户的认证体系，建立长期、稳定的合作关系。 	
浙江谷神能源科技股份有限公司 	172.56 	0.58 	57.16 	0.26 	301.42 	2.47 	- 	- 	先后通过各客户的认证体系，建立长期、稳定的合作关系。 	
芜湖天弋能源科技有限公司 	472.96 	1.59 	1,062.08 	4.89 	292.40 	2.40 	- 	- 	先后通过各客户的认证体系，建立长期、稳定的合作关系。 	
无锡市明杨新能源有限公司 	161.48 	0.54 	237.97 	1.09 	34.05 	0.28 	- 	- 	先后通过各客户的认证体系，建立长期、稳定的合作关系。 	
孚能科技（赣州）有限公司 	741.54 	2.49 	- 	- 	- 	- 	- 	- 	先后通过各客户的认证体系，建立长期、稳定的合作关系。 	
中航锂电（洛阳）有限公司 	598.72 	2.01 	- 	- 	- 	- 	- 	- 	先后通过各客户的认证体系，建立长期、稳定的合作关系。 	
广东天劲新能源科技股份有限公	567.44 	1.91 	- 	- 	- 	- 	2.95 	0.07 	先后通过各客户的认证体系，建立长期、稳定的合作关系。 	
名称 	2017 年 1-9 月 	2017 年 1-9 月 	2016 年度 	2016 年度 	2015 年度 	2015 年度 	2014 年度 	2014 年度 	新增原因 	
司及其关联方 										
合 计 	6,025.11 	20.25 	3,366.89 	15.49 	1,126.27 	9.23 	32.57 	0.75 	 	
										
名称 	2017 年 1-9 月 	2017 年 1-9 月 	2016 年度 	2016 年度 	2015 年度 	2015 年度 	2014 年度 	2014 年度 	新增原因 	
名称 	金额 	占比 	金额 	占比 	金额 	占比 	金额 	占比 	新增原因 	
佛山市欣源电子股份有限公司 	- 	- 	368.24 	1.69 	128.38 	1.05 	- 	- 	仅 2015、2016 年度代理负极材料销售。 	
合 计 	- 	- 	368.24 	1.69 	128.38 	1.05 	- 	- 	 	
										
项目 	2017 年 1-9 月 	2016 年 	2015 年 	2014 年 						
公司向宁德时代的销售金额 	13,875.26  	13,777.16  	6,893.73  	154.53  						
宁德时代向所有供应商采购负极材料的总金额 	35,020.50 	32,356.00 	15,210.00 	2,427.00 						
占 比 	39.61 	42.58 	45.32 	6.37 						
										
项目 	负极材料前五大客户 销售收入（万元） 	负极材料 销售收入（万元） 	负极材料前五大客户占比 							
正拓能源 	5,978.09 	12,893.41 	46.37% 							
璞泰来 	74,155.08 	105,189.14 	70.50% 							
翔丰华 	18,071.08 	23,665.11 	76.36% 							
凯金能源 	17,455.71 	21,739.39 	80.30% 							
中科电气 	未披露 	未披露 	89.43% 							
										
销售模式 	2017 年 1-9 月 	2017 年 1-9 月 	2016 年度 	2016 年度 	2015 年度 	2015 年度 	2014 年度 	2014 年度 		
销售模式 										
销售模式 	金额 	比例 	金额 	比例 	金额 	比例 	金额 	比例 		
										
直销 	26,397.88 	99.65 	21,123.58 	97.17 	11,569.49 	94.93 	3,808.19 	90.68 		
										
经销 	91.98 	0.35 	615.81 	2.83 	618.21 	5.07 	391.40 	9.32 		
										
合 计 	26,489.86 	100.00 	21,739.39 	100.00 	12,187.70 	100.00 	4,199.60 	100.00 		
										
客户名称（合并） 	基本情况 	主营业务 	经销区域 	主要下游客户行业 						
东莞市亿顺新材料有限公司 	注册资本 100 万元，股东为朱剑锋，2011 年成立于东莞 	铝塑膜、电池材料、五金不锈钢制品、电子产品的技术开发、销售 	华南 	锂离子电池 						
深圳市顺达利科技有限公司 	注册资本 500 万元，股东为代梦国，2011 年成立于深圳 	电池及相关配件、通讯设 备 的技 术开 发与 销售 	华南 	锂离子电池 						
佛山市欣源电子股份有限公司（OC.839229） 	新三板挂牌企业，注册资本 1,200万元，2003 年成立于佛山，实际控制人为薛永 	电容器的生产、销售 	华南、华北、华中 	灯具、家电及新能源行业 						
深圳市金牌能源科技有限公司 	注册资本 50 万，股东为梁玉、侯豪情，2005 年成立于深圳 	聚合物动力锂离子电池的生产、研发、销售 	华南、华中 	锂离子电池 						
深圳市拓盈丰科技有限公司 	注册资本 10 万，股东为简明，2010年成立于深圳 	电池及相关配件的技术开发及销售 	华南 	锂离子电池 						
深圳市昭佑科技有限公司 	注册资本 500 万，股东为吴敏，2010年成立于深圳 	铝塑膜、电池材料、五金不锈钢制品、电子产品的技术开发、销售 	华南、华东、华北 	锂离子电池 						
上海昭远国际贸易有限公司 	注册资本 200 万，股东为傅邵春、王飞鹏，2003 年成立于上海 	从 事 货物 及技 术的 进出口业务，区内企业间的贸易及代理，转口贸易；区内咨询服务；区内简单性加工。 	华东 	锂离子电池 						
										
客户 	采购内容 	公司销售金额（万元） 	占营业收入比例 							
2017 年 1-9 月 	2017 年 1-9 月 	2017 年 1-9 月 	2017 年 1-9 月 							
东莞市亿顺新材料有限公司 	负极材料 	91.98 	0.31% 							
合 计 	合 计 	91.98 	0.31% 							
2016 年度 	2016 年度 	2016 年度 	2016 年度 							
深圳市顺达利科技有限公司 	负极材料 	213.47 	0.98% 							
佛山市欣源电子股份有限公司 	负极材料 	368.24 	  1.69% 							
深圳市金牌能源科技有限公司 	负极材料 	34.09 	0.16% 							
合 计 	合 计 	615.81 	2.83% 							
2015 年度 	2015 年度 	2015 年度 	2015 年度 							
深圳市顺达利科技有限公司 	负极材料 	205.16 	1.68% 							
深圳市金牌能源科技有限公司 	负极材料 	149.4 	1.22% 							
客户 	采购内容 	公司销售金额（万元） 	占营业收入比例 							
佛山市欣源电子股份有限公司 	负极材料 	128.38 	1.05% 							
深圳市拓盈丰科技有限公司 	铝塑膜 	120.98 	0.99% 							
合 计 	合 计 	603.92 	4.95% 							
2014 年度 	2014 年度 	2014 年度 	2014 年度 							
深圳市顺达利科技有限公司 	负极材料 	139.29 	3.22% 							
深圳市昭佑科技有限公司 	铝塑膜 	222.9 	5.15% 							
东莞市亿顺新材料有限公司 	铝塑膜 	21.01 	0.49% 							
深圳市金牌能源科技有限公司 	负极材料 	8.21 	0.19% 							
合 计 	合 计 	391.4 	9.04% 							
										
项 目 	2017 年 1-9 月 	2017 年 1-9 月 	2016 年度 	2016 年度 	2015 年度 	2015 年度 	2015 年度 	2014 年度 	2014 年度 	2014 年度 
项 目 										
项 目 	金额 	占采购额的比例 	金额 	占采购额的比例 	金额 	占采购额的比例 	金额 	金额 	占采购额的比例 	
										
原材料 	9,167.95 	37.30 	3,510.75 	21.75 	1,901.55 	21.95 	870.80 	870.80 	28.36 	
										
委外加工费及相关运费 	12,549.57 	51.06 	10,800.87 	66.92 	5,647.05 	65.18 	1,957.15 	1,957.15 	63.74 	
										
外购半成品 	2,862.91 	11.65 	1,828.79 	11.33 	945.59 	10.91 	27.78 	27.78 	0.90 	
										
外购成品 	- 	- 	- 	- 	169.85 	1.96 	214.81 	214.81 	7.00 	
										
项 目 	2017 年 1-9 月 	2017 年 1-9 月 	2016 年度 	2016 年度 	2015 年度 	2015 年度 	2014 年度 	2014 年度 		
项 目 										
项 目 	金额 	占采购额的比例 	金额 	占采购额的比例 	金额 	占采购额的比例 	金额 	占采购额的比例 		
										
焦类 	7,188.03 	29.24 	2,067.28 	12.81 	1,363.48 	15.74 	311.36 	10.14 		
项 目 	2017 年 1-9 月 	2017 年 1-9 月 	2016 年度 	2016 年度 	2015 年度 	2015 年度 	2014 年度 	2014 年度 		
项 目 										
项 目 	金额 	占采购额的比例 	金额 	占采购额的比例 	金额 	占采购额的比例 	金额 	占采购额的比例 		
										
初级石墨 	1,164.49 	4.74 	984.51 	6.10 	400.63 	4.62 	431.16 	14.04 		
										
沥青 	709.38 	2.89 	458.96 	2.84 	137.44 	1.59 	106.83 	3.48 		
										
厂商 	招股说明书中相关描述 									
翔丰华 	2015 年，公司人造石墨亦存在采购半成品方式解决了部分产能不足问题。 									
江西紫宸 	2016 年采购的初级石墨以供应商加工的半成品为主。 2017 年 1-3 月公司焦类采购单价较 2016 年上升 63.41%，主要系一季度采购中包含较多半成品焦类。 									
										
项目 	2017 年 1-9 月 	2017 年 1-9 月 	2016 年度 	2016 年度 	2015 年度 	2015 年度 	2014 年度 	2014 年度 		
项目 										
项目 	金额 	占比 	金额 	占比 	金额 	占比 	金额 	占比 		
										
外购首次加工环节半成品 	919.86 	32.13 	1,266.10 	69.23 	945.59 	100.00 	27.78 	100.00 		
										
外购石墨化加工后半成品 	1,943.05 	67.87 	562.69 	30.77 	- 	- 	- 	- 		
										
合 计 	2,862.91 	100.00 	1,828.79 	100.00 	945.59 	100.00 	27.78 	100.00 		
										
项目 	2017 年 1-9 月 	2017 年 1-9 月 	2016 年度 	2016 年度 	2015 年度 	2015 年度 	2014 年度 			
项目 										
项目 	均价 （元/吨） 	变动幅度 （%） 	均价 （元/吨） 	变动幅度 （%） 	均价 （元/吨） 	变动幅度 （%） 	均价 （元/吨） 			
										
焦类 	3,985.24 	131.68 	1,720.12 	-24.54 	2,279.40 	-10.86 	2,557.17 			
										
初级石墨 	13,729.80 	-20.42 	17,252.41 	14.87 	15,019.01 	23.12 	12,198.70 			
										
沥青 	14,506.07 	7.87 	13,447.33 	-7.05 	14,466.94 	-2.50 	14,837.37 			
										
外购半成品 	17,789.23 	63.88 	10,854.77 	-2.93 	11,181.86 	0.64 	11,111.11 			
										
外购成品 	- 	- 	- 	- 	22,115.38 	-15.70 	26,234.35 			
										
项 目 	2017 年 1-9 月 	2017 年 1-9 月 	2016 年度 	2016 年度 	2015 年度 	2015 年度 	2014 年度 	2014 年度 		
项 目 	金额 	占比 	金额 	占比 	金额 	占比 	金额 	占比 		
石油焦 	1,742.42 	24.24 	1,303.79 	63.07 	1,084.64 	79.55 	267.31 	85.86 		
其中：材料费 	1,588.90 	22.10 	944.18 	45.67 	619.44 	45.43 	168.37 	54.08 		
 运杂费 	153.52 	2.14 	359.61 	17.40 	465.20 	34.12 	98.94 	31.78 		
										
项目 	2017 年 1-9 月 	2017 年 1-9 月 	2016 年度 	2016 年度 	2015 年度 	2015 年度 	2014 年度 	2014 年度 		
项目 	数量 	占比 	数量 	占比 	数量 	占比 	数量 	占比 		
汽车运输 	1,289.74 	20.07 	1,256.48 	12.27 	5,248.83 	97.85 	1,120.62 	100.00 		
火车运输 	2,873.92 	44.72 	8,915.82 	87.08 	115.22 	2.15 	- 	- 		
供应商承担运费 	2,263.35 	35.22 	66.79 	0.65 	- 	- 	- 	- 		
合 计 	6,427.01 	100.00 	10,239.09 	100.00 	5,364.05 	100.00 	1,120.62 	100.00 		
										
供应商 	供应商类型 	采购内容 	采购金额 	占比 						
2017 年 1-9 月 	2017 年 1-9 月 	2017 年 1-9 月 	2017 年 1-9 月 	2017 年 1-9 月 						
元氏县槐阳锂能科技有限公司 	石墨化加工商 	石墨化加工 	2,147.19 	8.74 						
元氏县槐阳锂能科技有限公司 	原厂商 	半成品 	1,943.05 	7.90 						
青岛住友商事有限公司 	贸易商 	焦类原材料 	2,970.93 	12.09 						
郴州杉杉新材料有限公司 	石墨化加工商 	石墨化加工 	2,484.97 	10.11 						
甘洛鑫晶源新材料有限公司 	石墨化加工商 	石墨化加工 	1,916.11 	7.80 						
乌兰察布市大盛石墨新材料股份有限公司及其关联方 	石墨化加工商 	石墨化加工 	1,190.57 	4.84 						
合 计 	合 计 	合 计 	12,652.82 	51.48 						
2016 年度 	2016 年度 	2016 年度 	2016 年度 	2016 年度 						
元氏县槐阳锂能科技有限公司 	石墨化加工商 	石墨化加工 	5,309.34 	32.89 						
元氏县槐阳锂能科技有限公司 	原厂商 	半成品 	562.69 	3.49 						
郴州杉杉新材料有限公司 	石墨化加工商 	石墨化加工 	3,258.32 	20.19 						
大庆开发区金雕石化经贸有限公司 	经销商 	焦类原材料 	1,155.99 	7.16 						
湖州瑞丰新能源科技有限公司 	原厂商 	外购半成品 	1,018.28 	6.31 						
青岛泰和隆新能源材料有限公司 	原厂商 	初级石墨 	770.58 	4.77 						
青岛泰和隆新能源材料有限公司 	炭化加工商 	炭化 	95.68 	0.59 						
合 计 	合 计 	合 计 	12,170.87 	75.41 						
2015 年度 	2015 年度 	2015 年度 	2015 年度 	2015 年度 						
元氏县槐阳锂能科技有限公司 	石墨化加工商 	石墨化加工 	4,436.26 	51.20 						
湖州创亚动力电池材料有限公司 	原厂商 	外购半成品 	900.71 	10.40 						
郴州杉杉新材料有限公司 	石墨化加工商 	石墨化加工 	841.81 	9.72 						
大庆开发区金雕石化经贸有限公司 	原厂商 	焦类原材料 	577.93 	6.67 						
北京鑫路盛通货运有限公司 	物流运输商 	原材料运费 	485.51 	5.60 						
合 计 	合 计 	合 计 	7,242.22 	83.59 						
2014 年度 	2014 年度 	2014 年度 	2014 年度 	2014 年度 						
郴州杉杉新材料有限公司 	石墨化加工商 	石墨化加工 	1,100.82 	35.85 						
元氏县槐阳锂能科技有限公司 	石墨化加工商 	石墨化加工 	702.04 	22.86 						
青岛泰和隆新能源材料有限公司 	原厂商 	初级石墨 	361.02 	11.76 						
昭光通商（上海）有限公司 	贸易商 	铝塑膜成品 	214.81 	7.00 						
辽宁信德化工有限公司 	原厂商 	沥青原材料 	106.83 	3.48 						
合 计 	合 计 	合 计 	2,485.51 	80.95 						
										
名次 	2017 年 1-9 月 	2016 年度 	2015 年度 	2014 年度 						
第一名 	元氏县槐阳锂能科技有限公司 	元氏县槐阳锂能科技有限公司 	元氏县槐阳锂能科技有限公司 	郴州杉杉新材料有限公司 						
第二名 	青岛住友商事有限公司⑧ 	郴州杉杉新材料有限公司 	湖 州 创 亚 动 力 电池 材 料 有 限 公 司④ 	元氏县槐阳锂能科技有限公司 						
第三名 	郴州杉杉新材料有限公司 	大庆开发区金雕石化经贸有限公司③ 	郴 州 杉 杉 新 材 料有限公司 	青岛泰和隆新能源材料有限公司① 						
名次 	2017 年 1-9 月 	2016 年度 	2015 年度 	2014 年度 						
第四名 	甘洛鑫晶源新材料有限公司⑦ 	湖州瑞丰新能源科技有限公司⑤ 	大庆开发区金雕石 化 经 贸 有 限 公司③ 	昭光通商（上海）有限公司⑨ 						
第五名 	乌兰察布市大盛石墨新材料股份有限公司及其关联方⑦ 	青岛泰和隆新能源材料有限公司① 	北京鑫路盛通货运有限公司⑥ 	辽宁信德化工有限公司② 						
										
同行业可比公司 	证券代码 	2017 年 1-9 月 	2016 年度 	2015 年度 	2014 年度 					
中科电气 	300035 	未披露 	25.06% 	29.87% 	33.89% 					
璞泰来 	603659 	59.55% 	63.71% 	59.50% 	46.57% 					
翔丰华 	— 	57.32% 	65.40% 	65.78% 	66.11% 					
本公司 	— 	54.60% 	56.00% 	57.58% 	59.22% 					
										
客户/供应商 	销售内容 	2014 年销售额 	2014 年销售额 	采购内容 	2014 年采购额 	2014 年采购额 				
客户/供应商 	销售内容 	金额 	占营业收入比 	采购内容 	金额 	占采购总额比 				
上海杉杉、郴州杉杉（注） 	代加工 	128.52 	2.97 	石墨化加工 	1,100.82 	35.85 				
										
客户/供应商 	销售内容 	2017年 1-9月销售额 	2017年 1-9月销售额 	采购内容 	2017 年 1-9 月采购额 	2017 年 1-9 月采购额 	2017 年 1-9 月采购额 			
客户/供应商 	销售内容 	金额 	占营业收入比 	采购内容 	金额 	占采购总额比 				
上海杉杉、郴州杉杉（注） 	负极材料 	130.50 	0.44% 	石墨化加工 	2,484.97 	10.11% 				
										
名 称 	上海杉杉科技有限公司 	上海杉杉科技有限公司 	上海杉杉科技有限公司 							
注册号 	91310115631590190T 	91310115631590190T 	91310115631590190T 							
注册地 	浦东新区曹路镇金海路 3158 号 2 幢 	浦东新区曹路镇金海路 3158 号 2 幢 	浦东新区曹路镇金海路 3158 号 2 幢 							
法定代表人 	胡博 	胡博 	胡博 							
注册资本 	15,300 万元 	15,300 万元 	15,300 万元 							
公司类型 	有限责任公司（非自然人投资或控股的法人独资） 	有限责任公司（非自然人投资或控股的法人独资） 	有限责任公司（非自然人投资或控股的法人独资） 							
经营范围 	锂离子电池负极材料及其他炭素材料的研究开发、技术转让、技术服务、技术咨询、自行开发产品生产、加工及销售，实业投资，仓储（除危险品），自营和代理各类商品及技术的进出口业务，但国家限定公司经营和国家禁止进出口的商品及技术除外。经营进料加工和“三来一补”业务，开展对销贸易和转口贸易，附设分支机构。（依法须经批 准的项目，经相关部门批准后方可开展经营活动） 	锂离子电池负极材料及其他炭素材料的研究开发、技术转让、技术服务、技术咨询、自行开发产品生产、加工及销售，实业投资，仓储（除危险品），自营和代理各类商品及技术的进出口业务，但国家限定公司经营和国家禁止进出口的商品及技术除外。经营进料加工和“三来一补”业务，开展对销贸易和转口贸易，附设分支机构。（依法须经批 准的项目，经相关部门批准后方可开展经营活动） 	锂离子电池负极材料及其他炭素材料的研究开发、技术转让、技术服务、技术咨询、自行开发产品生产、加工及销售，实业投资，仓储（除危险品），自营和代理各类商品及技术的进出口业务，但国家限定公司经营和国家禁止进出口的商品及技术除外。经营进料加工和“三来一补”业务，开展对销贸易和转口贸易，附设分支机构。（依法须经批 准的项目，经相关部门批准后方可开展经营活动） 							
成立日期 	1999 年 09 月 07 日 	营业期限 	至 2019-09-06 							
存续状态 	存续 	存续 	存续 							
股东结构 	杉杉股份（SH.600884）控制的宁波杉杉新材料科技有限公司持有 100%股份。 	杉杉股份（SH.600884）控制的宁波杉杉新材料科技有限公司持有 100%股份。 	杉杉股份（SH.600884）控制的宁波杉杉新材料科技有限公司持有 100%股份。 							
实际控制人 	郑永刚 	郑永刚 	郑永刚 							
名 称 	郴州杉杉新材料有限公司 	郴州杉杉新材料有限公司 	郴州杉杉新材料有限公司 							
法定代表人 	胡博 	胡博 	胡博 							
注册资本 	5,000 万元 	5,000 万元 	5,000 万元 							
公司类型 	有限责任公司（自然人投资或控股的法人独资） 	有限责任公司（自然人投资或控股的法人独资） 	有限责任公司（自然人投资或控股的法人独资） 							
经营范围 	锂离子电池材料、电子产品、碳素制品、石墨制品及其它新材料的研究开发、制造、销售、技术转让、技术服务、技术咨询，实业投资，自营和代理各类商品及技术的进出口业务、经营进料加工和“三来一补”业务、开展对销贸易和转口贸易，但国家限定公司经营和国家禁止进出口的商品及技术除外，附设分支机构。（国家禁止的项目不得经营，涉及前置许可经营的凭许可证经营）（依法须经批准的项目，经相关部门批准后方可开展经营活动 	锂离子电池材料、电子产品、碳素制品、石墨制品及其它新材料的研究开发、制造、销售、技术转让、技术服务、技术咨询，实业投资，自营和代理各类商品及技术的进出口业务、经营进料加工和“三来一补”业务、开展对销贸易和转口贸易，但国家限定公司经营和国家禁止进出口的商品及技术除外，附设分支机构。（国家禁止的项目不得经营，涉及前置许可经营的凭许可证经营）（依法须经批准的项目，经相关部门批准后方可开展经营活动 	锂离子电池材料、电子产品、碳素制品、石墨制品及其它新材料的研究开发、制造、销售、技术转让、技术服务、技术咨询，实业投资，自营和代理各类商品及技术的进出口业务、经营进料加工和“三来一补”业务、开展对销贸易和转口贸易，但国家限定公司经营和国家禁止进出口的商品及技术除外，附设分支机构。（国家禁止的项目不得经营，涉及前置许可经营的凭许可证经营）（依法须经批准的项目，经相关部门批准后方可开展经营活动 							
成立日期 	2009 年 07 月 22 日 	营业期限 	至 2029-07-21 							
存续状态 	存续 	存续 	存续 							
股东结构 	杉杉股份（SH.600884）控制的宁波杉杉新材料科技有限公司持有 100%股份。 	杉杉股份（SH.600884）控制的宁波杉杉新材料科技有限公司持有 100%股份。 	杉杉股份（SH.600884）控制的宁波杉杉新材料科技有限公司持有 100%股份。 							
实际控制人 	郑永刚 	郑永刚 	郑永刚 							
										
名 称 	郴州杉杉新材料有限公司 									
注册号 	431081000003819 									
注册地 	资兴经济开发区江北工业园 									
										
名称 	成立时间 	采购内容 	采购金额 							
2017 年 1-9 月 	2017 年 1-9 月 	2017 年 1-9 月 	2017 年 1-9 月 							
青海奥阳新能源有限公司 	2014/04/15 	石墨化加工 	506.71 							
镇江焦化煤气集团有限公司 	1979/11/20 	焦类原材料 	365.15 							
博路天成新能源科技有限公司 	2012/10/15 	石墨化加工 	304.92 							
新疆天宏基硅业有限公司 	2010/08/06 	石墨化加工 	262.25 							
青岛青北碳素制品有限公司 	2014/09/29 	外购半成品 	260.38 							
深圳市瑞石科技有限公司 	2014/05/19 	磨粉加工 	232.64 							
2016 年度 	2016 年度 	2016 年度 	2016 年度 							
湖州瑞丰新能源科技有限公司 	2016/02/23 	半成品 	1,018.28 							
赞皇县汉能能源科技有限公司 	2015/3/10 	石墨化加工 	729.78 							
商都县集美新碳材料科技发展有限公司 	2014/11/28 	石墨化加工 	201.63 							
2015 年度 	2015 年度 	2015 年度 	2015 年度 							
湖州创亚动力电池材料有限公司 	2009/03/03 	外购半成品 	900.71 							
2014 年度 	2014 年度 	2014 年度 	2014 年度 							
元氏县槐阳锂能科技有限公司 	2000/05/29 	石墨化加工 	702.04 							
										
供应商 （合并） 	外协产品 	金额 	占外协加工的比例 	外协产品在公司产品中的具体环节 						
2017 年度 1-9 月 	2017 年度 1-9 月 	2017 年度 1-9 月 	2017 年度 1-9 月 	2017 年度 1-9 月 						
郴州杉杉新材料有限公司 	负极材料 	2,484.97 	21.03 	石墨化加工 						
元氏县槐阳锂能科技有限公司 	负极材料 	2,147.19 	18.17 	石墨化加工 						
甘洛鑫晶源新材料有限公司 	负极材料 	1,916.11 	16.21 	石墨化加工 						
乌兰察布市大盛石墨新材料股份有限公司及其关联方 	负极材料 	1,190.57 	10.08 	石墨化加工 						
商都县集美新碳材科技发展有限公司 	负极材料 	1,024.61 	8.67 	石墨化加工 						
合 计 	合 计 	8,763.45 	74.16 	 						
2016 年度 	2016 年度 	2016 年度 	2016 年度 	2016 年度 						
元氏县槐阳锂能科技有限公司 	负极材料 	5,309.34 	51.89 	石墨化加工 						
郴州杉杉新材料有限公司 	负极材料 	3,258.32 	31.84 	石墨化加工 						
赞皇县汉能能源科技有限公司 	负极材料 	729.78 	7.13 	石墨化加工 						
商都县集美新碳材料科技发展有限公司 	负极材料 	201.63 	1.97 	石墨化加工 						
内蒙古华瑞炭素科技有限公司 	负极材料 	182.74 	1.79 	石墨化加工 						
合 计 	合 计 	9,681.81 	94.62 	 						
2015 年度 	2015 年度 	2015 年度 	2015 年度 	2015 年度 						
元氏县槐阳锂能科技有限公司 	负极材料 	4,436.26 	83.62 	石墨化加工 						
郴州杉杉新材料有限公司 	负极材料 	841.81 	15.87 	石墨化加工 						
石家庄尚太碳业新材料有限公司 	负极材料 	17.06 	0.32 	石墨化加工 						
青海伟毅新型材料股份有限公司 	负极材料 	7.81 	0.15 	磨粉加工 						
百色大成科技有限公司 	负极材料 	2.62 	0.05 	石墨化加工 						
合 计 	合 计 	5,305.56 	100.00 	 						
2014 年度 	2014 年度 	2014 年度 	2014 年度 	2014 年度 						
郴州杉杉新材料有限公司 	负极材料 	1,100.82 	58.60 	石墨化加工 						
元氏县槐阳锂能科技有限公司 	负极材料 	702.04 	37.37 	石墨化加工 						
资兴市东瑞炉料有限公司 	负极材料 	74.36 	3.96 	石墨化加工 						
石家庄尚太碳业新材料有限公司 	负极材料 	1.33 	0.07 	石墨化加工 						
合 计 	合 计 	1,878.55 	100.00 	 						
										
供应商名称 	成立时间 	注册资本 	股权结构 	实际控制人 						
元氏县槐阳锂能科技有限公司 	2000/5/29 	1,438.00 	宁波杉松新材料有限公司：100.00% 	宋志涛 						
郴州杉杉新材料有限公司 	2009/7/22 	5,000.00 	宁波杉杉新材料科技有限公司：100.00% 	郑永刚 						
供应商名称 	成立时间 	注册资本 	股权结构 	实际控制人 						
甘洛鑫晶源新材料有限公司 	2009/8/7 	12,000.00 	巴中意科碳素股份有限公司：100.00% 	朱仕高 						
内蒙古瑞盛炭素新材料科技有限公司 	2014/11/28 	5,000.00 	内蒙古瑞盛新能源有限公司：100.00% 	张彬 						
乌兰察布市大盛石墨新材料股份有限公司 	2012/9/4 	10,000.00 	内蒙古瑞盛新能源有限公司：51.00%； 深圳市大富科技股份有限公司：49.00%   	张彬 						
商都县集美新碳材科技发展有限公司 	2008/3/12 	1,400.00   	张凤英：51.00%；常昊：49.00% 	张凤英 						
赞皇县汉能能源科技有限公司 	2015/3/10 	500.00 	刘为志：100.00% 	刘为志 						
内蒙古华瑞炭素科技有限公司 	2004/6/23 	11,000.00 	万水田：63.63%；郭玉凤：36.36% 	万水田 						
石家庄尚太碳业新材料有限公司 	2008/9/27 	12,000.00   	欧阳永跃：86.00%； 上海尚太碳素制品有限公司：14.00% 	欧阳永跃 						
资兴市东瑞炉料有限公司 	2010/6/4 	100.00 	刘军强：95.00%；周水柏：5.00% 	刘军强 						
										
名称 	2017 年 1-9 月 	2017 年 1-9 月 	2016 年度 	2016 年度 	2015 年度 	2015 年度 	2014 年度 	2014 年度 		
名称 	金额 	占采购额的比例 	金额 	占采购额的比例 	金额 	占采购额的比例 	金额 	占采购额的比例 		
外协加工 	11,817.01 	48.07 	10,232.56 	63.40 	5,305.56 	61.24 	1,878.55 	61.18 		
										
项目 	2017 年 1-9 月 	2017 年 1-9 月 	2016 年度 	2016 年度 	2015 年度 	2015 年度 	2014 年度 	2014 年度 		
项目 	金额 	占比 	金额 	占比 	金额 	占比 	金额 	占比 		
委外加工费用及相关运费 	10,318.61 	54.60 	8,093.22 	56.00 	4,832.41 	57.58 	1,637.92 	59.22 		
										
项 目 	项 目 	2017 年 1-9 月 	2016 年度 	2015 年度 	2014 年度 					
电 	数量（万度） 	1,197.83 	1,148.86 	503.80 	188.97 					
电 	金额（万元） 	859.31 	843.26 	400.34 	149.04 					
电 	单价（元/度） 	0.72 	0.73 	0.79 	0.79 					
固定资产[注 1] 	万元 	7,027.43 	4,855.32 	895.94 	449.16 					
生产人员 	人 	197 	127 	66 	32 					
产 量 	数量（吨） 	7,918.51 	6,886.98 	3,304.68 	996.63 					
产 能 	数量（吨） 	8,500.00 	8,000.00 	4,100.00 	1,800.00 					
单位产品耗电量 （用电量/产量） 	度/吨 	1,512.70 	1,668.16 	1,524.50 	1,896.09 					
										
项目 	序号 	2017 年 1-9 月 	2016 年度 	2015 年度 	2014 年度 					
委外加工相关运费（万元） 	A 	732.56 	568.31 	341.49 	78.61 					
首次加工半成品委外发出数量（吨） 	B 	12,991.36 	10,330.72 	4,729.83 	1,128.91 					
项目 	序号 	2017 年 1-9 月 	2016 年度 	2015 年度 	2014 年度 					
石墨化处理后半成品回收数量（吨） 	C 	8,867.67 	7,135.45 	3,549.24 	1,082.23 					
单位运费（元/吨） 	D=A/（B+C） 	335.13 	325.38 	412.47 	355.52 					
										
序号 	项目 	原值 	累计折旧 	减值准备 	净值 	成新率 				
										
1 	机器设备 	5,479.33 	588.73 	- 	4,890.60 	89.26 				
序号 	项目 	原值 	累计折旧 	减值准备 	净值 	成新率 				
										
2 	工具、器具 	177.22 	47.68 	- 	129.54 	73.10 				
										
3 	研发设备 	1,010.74 	144.26 	- 	866.47 	85.73 				
										
4 	办公设备 	64.27 	14.31 	- 	49.96 	77.73 				
										
5 	电子设备 	23.79 	9.03 	- 	14.76 	62.03 				
										
6 	运输设备 	122.78 	23.08 	- 	99.70 	81.20 				
										
7 	房屋建筑物 	149.29 	0.66 	- 	148.64 	99.56 				
										
合 计 	合 计 	7,027.43 	827.76 	- 	6,199.66 	88.22 				
										
序号 	设备 	数量（台/套） 	原值 	净值 	成新率 	设备用途 				
										
凯金能源 	凯金能源 	凯金能源 	凯金能源 	凯金能源 	凯金能源 	凯金能源 	凯金能源 			
										
1 	反应釜 	38 	937.21 	811.06 	86.54 	生产设备 				
										
2 	冷却釜 	37 	451.23 	392.46 	86.97 	生产设备 				
										
3 	机械粉碎机 	9 	388.36 	331.73 	85.42 	生产设备 				
										
4 	整形机 	8 	251.38 	216.98 	86.32 	生产设备 				
										
5 	低压动力柜工程 	1 	157.66 	141.43 	89.71 	生产设备 				
										
6 	自动化打包系统 	1 	144.22 	131.66 	91.29 	生产设备 				
										
7 	加热炉 	42 	171.46 	142.34 	83.02 	生产设备、研发设备 				
										
8 	卧式螺带混合机 	11 	141.47 	122.17 	86.35 	生产设备 				
										
9 	超细辊压磨 	2 	90.45 	79.85 	88.28 	生产设备 				
										
10 	高真空分析型扫描电子显微镜 	2 	384.19 	367.44 	95.64 	研发设备 				
										
11 	电感耦合等离子体发射光谱仪 	1 	81.20 	67.05 	82.58 	研发设备 				
										
12 	X 光衍射仪 	1 	76.07 	64.02 	84.17 	研发设备 				
序号 	设备 	数量（台/套） 	原值 	净值 	成新率 	设备用途 				
										
13 	超声波振动筛 	22 	50.11 	40.54 	80.90 	生产设备、研发设备 				
										
14 	粉尘净化系统 	1 	45.44 	45.08 	99.21 	生产设备 				
										
15 	除尘设备 	1 	42.38 	39.36 	92.87 	生产设备 				
										
16 	自动包装线 	1 	38.46 	38.46 	100.00 	生产设备 				
										
17 	比表面分析仪 	1 	37.18 	37.18 	100.00 	研发设备 				
										
18 	冷凝罐 	22 	36.87 	32.49 	88.12 	生产设备 				
										
19 	百特激光粒度分布仪分析系统 	3 	35.13 	21.41 	60.95 	研发设备 				
										
20 	可倾斜滚筒式电阻炉 	2 	32.14 	29.08 	90.50 	生产设备 				
										
21 	微粉磨 	2 	30.77 	13.72 	44.58 	研发设备 				
										
22 	融合包覆机 	1 	28.03 	22.71 	81.00 	研发设备 				
										
23 	分级机系统 	1 	20.17 	18.25 	90.50 	研发设备 				
										
湖州瑞丰 	湖州瑞丰 	湖州瑞丰 	湖州瑞丰 	湖州瑞丰 	湖州瑞丰 	湖州瑞丰 	湖州瑞丰 			
										
1 	反应釜 	8 	205.13 	188.08 	91.69 	生产设备 				
										
2 	冷却釜 	8 	129.91 	119.12 	91.69 	生产设备 				
										
3 	加热炉 	8 	39.66 	36.36 	91.69 	生产设备 				
										
4 	磨机设备 	1 	59.91 	57.06 	95.25 	生产设备 				
										
5 	粉末设备 	1 	42.77 	37.69 	88.13 	生产设备 				
										
6 	整形机 	1 	49.04 	47.75 	97.37 	生产设备 				
										
7 	混合设备 	1 	21.77 	19.19 	88.12 	生产设备 				
										
8 	筛分设备 	1 	10.43 	9.35 	89.65 	生产设备 				
										
9 	百特智能激光粒度分布仪分析系统 	1 	5.81 	4.52 	77.83 	检测设备 				
										
序号 	出租方 	承租方 	位置 	登记证号 	用途 	面积（㎡） 	租赁期限 			
1 	东莞市寮步庆顺贸易有限公司 	凯金能源 	东莞市寮步镇华南工业园金富二路 11 号三层厂房一栋、六层集体宿舍一栋 	粤房地权证莞字第1800020970 号、第1800020971 号 	工厂及宿舍 	12,300.00 	2016.05.15- 2029.09.30 			
2 	东莞市一本电子有限公司 	凯金能源 	东莞市寮步镇华南工业园金富三路 2 号三栋房产 	粤房地权证莞字第1800619496 号、第1800619497 号、第1800619498 号 	办公及工厂 	22,000.00 	2016.01.01- 2025.12.31 			
3 	浙江恒洋机械有限公司 	湖州瑞丰 	湖州市东林镇青山工业园东林功能区青山大道08 号 	湖房权证湖州市字第 130076822 号、第 130076825 号 	办公及工厂 	6,017.87 	2016.04.01- 2025.3.31 			
4 	浙江湖州环太湖集团有限公司 	湖州凯金 	湖州市康山街道成业路 1268 号 	浙（2017）湖州市不动产权第0011678 号 	厂房 	9,991.00 	2017.8.1- 2019.7.31 			
5 	张学敏 	内蒙凯金 	商都县新都佳苑小区 	房权证商都县字第201037161 号 	办公及宿舍 	596.19 	2017.8.1- 2018.7.30 			
										
序号 	权利人 	证书编号 	坐落 	使用面积（㎡） 	用途 	取得方式 	权利期限（至） 	他项权利 		
1 	凯金能源 	粤（2017）紫金县不动产权第0000046 号 	紫金县临江镇高望地段 	99,436.84 	工业用地 	出让 	2067.02.28 	无 		
2 	内蒙凯金 	蒙[2017]商都县不动产权第 0000759号 	商都县商张公路南、省际通道东 	70,206.66 	工业用地 	受让 	2059.09.22 	无 		
3 	内蒙凯金 	蒙[2017]商都县不动产权第 0001015 号 	商都县商张公路南长盛工业园区 	41,811.60 	工业用地 	受让 	2058.3.17 	无 		
										
序号 	注册商标 	权利人 	注册/申请号 	商品类别 	有效期 					
1 	 	凯金有限 	11663560 	第 1 类：工业用石墨；表面活性剂；核反应堆减速材料；吸油用合成材料；过滤材料（矿物质）；铸造制模用制剂；活性炭；过滤用碳；工业用粘合剂； 	2014.03.28-2024.03.27 					
2 	 	凯金有限 	17749373 	第 1 类：工业用石墨；表面活性剂；核反应堆减速材料；吸油用合成材料；过滤材料（矿物质）；铸造制模用制剂；活性炭；过滤用碳；工业用粘合剂； 	2016.10.07-2026.10.06 					
										
序号 	申请号/专利号 	专利权人 	专利名称 	类别 	取得方式 	专利期限（至） 				
1 	201310111645.8 	凯金能源 	二次锂离子电池用复合石墨材料的制备方法 	发明专利 	申请取得 	2033.03.31 				
2 	201310489004.6 	凯金能源 	改性锂电池石墨坩埚废料负极材料及其制备方法与应用 	发明专利 	申请取得 	2033.10.16 				
3 	201310712371.8 	凯金能源 	一种锂离子电池负极材料及其制备方法 	发明专利 	申请取得 	2033.12.18 				
4 	201310711987.3 	凯金能源 	一种制备锂电池负极材料的方法及锂电池负极片 	发明专利 	申请取得 	2033.12.18 				
5 	201310728426.4 	凯金能源 	一种沥青液相包覆改性人造石墨的锂电池负极材料的制备方法 	发明专利 	申请取得 	2033.12.24 				
6 	201110083018.9 	凯金能源 	一种硅碳复合材料及其制备方法 	发明专利 	受让取得 	2031.04.01 				
7 	201310187373.X 	凯金能源 	一种锂离子电池介孔氧化亚硅碳复合负极材料的制备方法 	发明专利 	受让取得 	2033.05.19 				
8 	201410849102.0 	凯金能源 	一种锂离子电池高容量石墨复合材料及其制备方法 	发明专利 	申请取得 	2034.12.29 				
										
序号 	申请号/专利号 	专利权人 	专利权人 	专利名称 	类别 	类别 	取得方式 	专利期限（至） 		
1 	201220725524.3 	凯金能源 	凯金能源 	一种反应炉的上料结构 	实用新型 	实用新型 	申请取得 	2022.12.25 		
序号 	申请号/专利号 	专利权人 	专利权人 	专利名称 	类别 	类别 	取得方式 	专利期限（至） 		
2 	201220725564.8 	凯金能源 	凯金能源 	一种反应炉下料装置 	实用新型 	实用新型 	申请取得 	2022.12.25 		
3 	201320767670.7 	凯金能源 	凯金能源 	一种厂房的综合除尘系统 	实用新型 	实用新型 	申请取得 	2023.11.28 		
4 	201320769088.4 	凯金能源 	凯金能源 	锂离子电池负极材料的磨料设备 	实用新型 	实用新型 	申请取得 	2023.11.29 		
5 	201320769123.2 	凯金能源 	凯金能源 	反应釜搅拌系统 	实用新型 	实用新型 	申请取得 	2023.11.29 		
6 	201320770305.1 	凯金能源 	凯金能源 	进料装置 	实用新型 	实用新型 	申请取得 	2023.11.29 		
7 	201320770059.X 	凯金能源 	凯金能源 	负极原料制备设备 	实用新型 	实用新型 	申请取得 	2023.11.29 		
8 	201420848738.9 	凯金能源 	凯金能源 	一种旋转去磁装置及锂电池负极材料粉末加工设备 	实用新型 	实用新型 	申请取得 	2024.12.28 		
9 	201420855823.8 	凯金能源 	凯金能源 	一种粉末加工接料装置 	实用新型 	实用新型 	申请取得 	2024.12.29 		
10 	201420855965.4 	凯金能源 	凯金能源 	一种喷雾式空气除尘装置 	实用新型 	实用新型 	申请取得 	2024.12.29 		
11 	201520005700.X 	凯金能源 	凯金能源 	一种粉末材料粉碎加工装置 	实用新型 	实用新型 	申请取得 	2025.01.05 		
12 	201520005842.6 	凯金能源 	凯金能源 	一种粉末材料包装机构 	实用新型 	实用新型 	申请取得 	2025.01.05 		
13 	201520015173.0 	凯金能源 	凯金能源 	一种锂离子电池负极材料检测用玻璃片竖放装置 	实用新型 	实用新型 	申请取得 	2025.01.08 		
14 	201520018292.1 	凯金能源 	凯金能源 	一种用于振实管掏粉的工具 	实用新型 	实用新型 	申请取得 	2025.01.11 		
15 	201520015227.3 	凯金能源 	凯金能源 	一种反应釜清理铲 	实用新型 	实用新型 	申请取得 	2025.01.11 		
16 	201520783544.X 	凯金能源 	凯金能源 	一种锂离子电池负极材料用超声分散设备 	实用新型 	实用新型 	申请取得 	2025.10.09 		
17 	201520783209.X 	凯金能源 	凯金能源 	一种粉末加工进料稳定装置 	实用新型 	实用新型 	申请取得 	2025.10.09 		
18 	201520783915.4 	凯金能源 	凯金能源 	一种锂离子电池负极材料下料用除磁装置 	实用新型 	实用新型 	申请取得 	2025.10.11 		
19 	201620278999.0 	凯金能源 	凯金能源 	一种改良的石墨粉反应釜 	实用新型 	实用新型 	申请取得 	2026.04.05 		
20 	201620279075.2 	凯金能源 	凯金能源 	一种具有取样功能的石墨粉反应釜 	实用新型 	实用新型 	申请取得 	2026.04.05 		
21 	201620279092.6 	凯金能源 	凯金能源 	一种石墨粉反应釜加热控制装置 	实用新型 	实用新型 	申请取得 	2026.04.05 		
22 	201620278987.8 	凯金能源 	凯金能源 	一种石墨粉粉碎、混批一体机 	实用新型 	实用新型 	申请取得 	2026.04.05 		
23 	201620278996.7 	凯金能源 	凯金能源 	一种石墨粉粉碎釜尾气排放装置 	实用新型 	实用新型 	申请取得 	2026.04.05 		
24 	201620278968.5 	凯金能源 	凯金能源 	一种石墨粉粉碎下料回收装置 	实用新型 	实用新型 	申请取得 	2026.04.05 		
25 	201620278952.4 	凯金能源 	凯金能源 	一种石墨粉冷却釜集中	实用新型 	实用新型 	申请取得 	2026.04.05 		
序号 	申请号/专利号 	专利权人 	专利权人 	专利名称 	类别 	类别 	取得方式 	专利期限（至） 		
制冷装置 										
一种石墨粉螺旋粉碎筛分一体机 	实用新型 	实用新型 	申请取得 	申请取得 	2026.04.05 					
一种石墨粉屯料包袋吊装装置 	实用新型 	实用新型 	申请取得 	申请取得 	2026.04.05 					
一种石墨粉物料入料辅助加热装置 	实用新型 	实用新型 	申请取得 	申请取得 	2026.04.05 					
一种实验用电极烘干箱 	实用新型 	实用新型 	申请取得 	申请取得 	2026.04.25 					
一种实验用电极片冲压机 	实用新型 	实用新型 	申请取得 	申请取得 	2026.04.25 					
一种实验用负极极片的母片固定夹紧装置 	实用新型 	实用新型 	申请取得 	申请取得 	2026.04.25 					
一种实验用负极浆料离心过筛装置 	实用新型 	实用新型 	申请取得 	申请取得 	2026.04.25 					
一种实验用自动涂膜器 	实用新型 	实用新型 	申请取得 	申请取得 	2026.04.25 					
一种铜箔自动裁剪装置 	实用新型 	实用新型 	申请取得 	申请取得 	2026.04.25 					
一种实验用六轴联动搅拌器的容器定位结构 	实用新型 	实用新型 	申请取得 	申请取得 	2026.05.10 					
一种实验用六轴联动搅拌器的定位机构 	实用新型 	实用新型 	申请取得 	申请取得 	2026.05.10 					
一种实验用六轴电动搅拌器 	实用新型 	实用新型 	申请取得 	申请取得 	2026.05.10 					
一种旋转式固体粉末取样装置 	实用新型 	实用新型 	申请取得 	申请取得 	2026.06.30 					
一种适用于高挥发性粉体的石墨化炉炉芯 	实用新型 	实用新型 	申请取得 	申请取得 	2026.11.13 					
										
26 	201620278955.8 	凯金能源 								
27 	201620278966.6 	凯金能源 								
28 	201620278942.0 	凯金能源 								
29 	201620368657.8 	凯金能源 								
30 	201620365326.9 	凯金能源 								
31 	201620368644.0 	凯金能源 								
32 	201620365267.5 	凯金能源 								
33 	201620365744.8 	凯金能源 								
34 	201620365185.0 	凯金能源 								
35 	201620426599.X 	凯金能源 								
36 	201620426610.2 	凯金能源 								
37 	201620426613.6 	凯金能源 								
38 	201620695010.6 	凯金能源 								
39 	201621222118.X 	凯金能源 								
										
网站域名 	注册所有权 	注册时间 	到期时间 							
dgkaijin.com 	凯金能源 	2012 年 10 月 12 日 	2018 年 10 月 12 日 							
										
序号 	证书名称/描述 	发证机关 	注册登记编码/证书编号 	颁证时间 						
1 	《高新技术企业证书》 	广东省科学技术厅、广东省财政厅、广东省国家税务局、广东省地方税务局 	GR201444000497 	2014 年 10 月 						
2 	《中华人民共和国海关报关单位注册登记证书》 	中华人民共和国黄埔海关 	4419964517 	2017 年 5 月 						
3 	《对外贸易经营者备案登记表》 	广东省东莞市对外贸易经营者备案登记部门 	01707905 	2017 年 4 月 						
4 	《出入境检验检疫报检企业备案表》 	中华人民共和国广东出入境检验检疫局 	17042716595600000761 	2017 年 5 月 						
5 	《广东省污染物排放许可证》 	东莞市环境保护局 	4419612017000004 	2017 年 6 月 						
6 	2016 年度广东省工程技术研究中心  	广东省科学技术厅 	粤科产学研字[2016]176 号 	2016 年 11 月 						
7 	《浙江省排污许可证》 	湖州市吴兴区环境保护局 	浙 ED2017B0111 	2017 年 5 月 						
										
序号 	证书名称 	产品/项目名称 	颁发机关 	证书号码 	颁证时间 					
1 	《广东省高新技术产品证书》 	沥青液相包覆改性人造石墨的负极材料产品 	广东省高新技术企业协会 	粤高企协[2014]53 号 	2014 年 12 月 					
2 	《广东省高新技术产品证书》 	改性锂电池石墨坩埚废料负极材料产品 	广东省高新技术企业协会 	粤高企协[2014]53 号 	2014 年 12 月 					
3 	《广东省高新技术产品证书》 	高端高容量高压实复合石墨产品 	广东省高新技术企业协会 	粤高企协[2014]53 号 	2014 年 12 月 					
序号 	证书名称 	产品/项目名称 	颁发机关 	证书号码 	颁证时间 					
4 	《广东省高新技术产品证书》 	高容量人造石墨产品 	广东省高新技术企业协会 	粤高企协[2014]53 号 	2014 年 12 月 					
										
序号 	项目 	详细描述 	来源 	对应专利编号 	对应专利名称 					
1 	独特的低温改性技术 	采用独特的低温改性技术将单颗粒复合为二次颗粒，控制石墨一次颗粒的排布，改变晶体排列方式，降低石墨的各向异性，提高倍率，抑制了电池极片膨胀率，降低了极片的应力，同时提高了电池循环性能。 	自主研发 	ZL201310111645.8 	二次锂离子电池用复合石墨材料制备方法 					
1 	独特的低温改性技术 	采用独特的低温改性技术将单颗粒复合为二次颗粒，控制石墨一次颗粒的排布，改变晶体排列方式，降低石墨的各向异性，提高倍率，抑制了电池极片膨胀率，降低了极片的应力，同时提高了电池循环性能。 	自主研发 	申请号 2016102113658 	一种人造石墨前驱体的热釜投料方法 					
2 	表面修饰技术 	采用特殊的表面修饰技术将碳前驱物和石墨粉按一定比例混合，在一定条件下将前驱物沥青形成低结晶碳层包覆到石墨表面，形成了连续均一无定形碳包覆层的负极材料。在锂离子电池中锂离子可以在连续均一的包覆层上多个方向插入，提高倍率性能，控制电池的温度，提升电池的安全性能。 	自主研发 	201310728426.4 	一种沥青液相包覆改性人造石墨的锂电池负极材料的制备方法 					
3 	颗粒复合技术 	将一次颗粒和二次颗粒进行混合搭配使用，增加二次颗粒堆积密度的同时，通过控制比例来控制极片的空隙率，抑制材料的膨胀，增加材料的循环性能 	自主研发 	申请号201410842798.4  	锂离子电池人造石墨负极材料的制备方法  					
3 	颗粒复合技术 	将一次颗粒和二次颗粒进行混合搭配使用，增加二次颗粒堆积密度的同时，通过控制比例来控制极片的空隙率，抑制材料的膨胀，增加材料的循环性能 	自主研发 	申请号201510715494.6 	一种锂离子电池高容量高倍率复合石墨材料及其制备方法 					
										
项目 	2017 年 1-9 月 	2016 年度 	2015 年度 	2014 年度 						
核心技术产品收入 	26,489.86 	21,739.39 	11,915.47 	3,943.24 						
营业收入 	29,757.09 	21,739.39 	12,199.64 	4,328.11 						
所占比例 	89.02 	100.00 	97.67 	91.11 						
										
项目 	2017 年 1-9 月 	2016 年度 	2015 年度 	2014 年度 						
总研发投入 	943.62 	885.63 	636.86 	310.46 						
营业收入 	29,757.09 	21,739.39 	12,199.64 	4,328.11 						
总研发投入占营业收入比例 	3.17 	4.07 	5.22 	7.17 						
										
项目 	人数（名） 	占员工总数的比例（%） 								
核心技术人员 	2 	0.63 								
项目 	人数（名） 	占员工总数的比例（%） 								
研发人员 	37 	11.71 								
										
名称 	路线及应用说明 	目前进展 								
锂 离 子 电 池 超高 能 量 密 度 人造 石 墨 材 料 开发 	精选优质的碳前驱体材料，经过粉碎、低温改性处理使其具有较好的各向同性结构，从而使材料具有高比容量、体积能量密度与优异的电池循环性能。 	量产阶段 								
锂 离 子 电 池 高倍 率 快 充 材 料	通过选取特殊性能材料进行低温改性，使颗粒具有较高能	中试阶段 								
名称 	路线及应用说明 	目前进展 								
开发 	量密度与较好的趋向性，表面包覆改性剂使材料具有均匀的无定形碳结构，从而在兼顾高能量密度同时使材料具有强快充性能。 									
锂 离 子 电 池 高能 量 密 度 硅 碳材料开发 	通过粉碎处理将硅基材料进行粒度控制和形貌控制，在高速分散设备里面形成硅碳结构，使得碳前躯体材料均匀包覆在硅基材料表面，制备高能量密度硅碳复合材料，在保证高能量密度的同时，也提升材料的首次效率和循环稳定性。此项目的高速分散方式可以明显的提升碳前躯体的均匀性，通过表面包覆形成核壳机构，明显提升材料的循环寿命。 	小试阶段 								
										
序号 	公司 	环评批复 	环评验收 	排污许可证 						
1 	发行人 	东环建[寮][2016]56 号环境影响报告表批复 	东环建[2017]4359 号竣工环境保护验收意见 	证书编号：4419612017000004；有效期自 2017 年 6 月 14 日至2019 年 12 月 31 日 						
2 	湖州瑞丰 	吴环建管[2016]37 号环境影响报告表审查意见 	吴环管验[2017]16 号 	证书编号：浙ED2017B0111；有效期自2017 年 5 月 19 日 2018 年5 月 18 日 						
3 	内蒙凯金 	乌环审[2017]45 号环境影响报告书批复 	建设之中 	建设之中 						
4 	湖州凯金 	湖环开建[2017]48 号环境影响报告表批复 	建设之中 	建设之中 						
5 	河源凯金 	紫环批[2017]10 号环境影响报告表批复 	尚未建设 	尚未建设 						
										
项 目 	2017 年 1-9 月 	2016 年度 	2015 年度 	2014 年度 						
环保设施购买、改扩建支出 	666,517.95 	563,460.71 	8,090.00 	137,411.10 						
环保技术咨询费 	178,000.00 	75,300.00 	50,000.00 	64,520.00 						
其他日常环保支出 	168,372.43 	108,000.00 	65,250.09 	9,000.00 						
合 计 	1,012,890.38 	746,760.71 	123,340.09 	210,931.10 						
										
未来环保支出项目 	支出金额预算（万元） 									
募投项目环保设施建设 	1,100.00 									
环保设施购买、改扩建支出 	95.00 									
年度排污治污费用 	121.00 									
污染物排放年度监测费用 	69.00 									
未来环保支出项目 	支出金额预算（万元） 									
年度环保设施运行维护费用 	232.00 									
年度其他日常维护 	117.00 									
合 计 	1,734.00 									
										
