 	 									
 	 									
										
 	 									
 	 									
										
序号 	文件编号 	文件名称 								
1 	GB/T 29498-2013 	木门窗 								
2 	WB/T 1024-2006 	木质门行业标准 								
3 	LY/T 1923-2010 	室内木质门行业标准 								
4 	JG/T 122-2000 	建筑木门、木窗行业标准 								
5 	JG/T 419-2014 	免漆饰面门 								
6 	GB-T 11718-2009  	中密度纤维板标准 								
7 	LY/T 1856-2009 	挤压法空心刨花板行业标准 								
8 	GB-T 20241-2006  	单板层积材 								
9 	LY-T 1351-1999 	指接材 								
10 	GB 13024-1991  	箱纸板标准 								
11 	GB 12002-1989  	塑料门窗用密封条 								
12 	GB 7276-1987  	合页通用技术条件 								
13 	GB 4871-1995  	普通平板玻璃 								
14 	GB-T 14155-2008  	整樘门 软重物体撞击试验 								
15 	GB 1928-1991  	木材物理力学试验方法总则 								
16 	GB 1931-1991  	木材含水率测定方法 								
17 	GB 1934.1-1991 	木材吸水性测定方法 								
18 	GB 1720-1979  	漆膜附着力测定法 								
19 	GB 12626.6-1990  	硬质纤维板 含水率的测定 								
20 	GB 12626.9-1990  	硬质纤维板 静曲强度的测定 								
21 	GB 18580-2001  	室内装饰装修材料 人造板及制品中甲醛释放限量 								
22 	GB 18584-2001  	室内装饰装修材料 木家具中有害物质限量 								
23 	GB-T 191-2008  	包装储运图示标志 								
24 	GB-T 14074.4-1993  	木材胶粘剂及其树脂检验方法（PH 值） 								
26 	GB-T 14074.5-1993  	木材胶粘剂及其树脂检验方法（固体含量） 								
27 	LY-T 1350-1999 	指接材物理力学性能试验方法 								
										
时间 	政 策 									
1999 年 	建设部发布《关于推进住宅产业现代化提高住宅质量的若干意见》，首次提出一次性装修概念 									
2002 年 	建设部颁布了《商品住宅装修一次到位实施细则》，明确：新建城镇商品住宅中的集合式住宅，在房屋交钥匙前，所有功能空间的固定面全部铺装或粉刷完成，厨房和卫生间的基本设备全部安装完成，全国推广住宅商品房精装修 									
2008 年 	《关于进一步加强住宅装饰装修管理的通知》明确要求逐步取消毛坯房 									
2011 年 	《建筑业“十二五”规划》提出要鼓励和推动新建保障性住房和商品住宅菜单式全装修交房  									
2013 年 	《商品住宅装修一次到位实施细则》和《商品住宅装修一次到位材料、部品技术要点》确立开发单位为住宅装修质量的第一责任人，承担住宅装修工程质量责任，负责相应的售后服务。住宅开发单位必须向购房者提交装修质量保证书。 									
										
企业名称 	简 介 									
 	浙江梦天木业集团有限公司：是国内最早研发、生产、销售木质复合门的大型现代化企业之一。 									
 	北京闼闼同创工贸有限公司：是中国最早致力于成品居室门研发、生产、销售、服务的专业企业之一，营销能力强，零售渠道知名度较高。 									
 	华鹤集团有限公司：是一家以家具、木门、衣柜生产和销售为主业的大型现代化家居产业集团，是中国最具规模的家具、木门生产和出口基地之一，是中国家居与木门行业的著名品牌。 									
 	广东润成创展木业有限公司：是一家集设计、开发和生产于一体的专业生产室内木门等装饰配套产品的大型现代化企业，隶属佛山市新润成企业集团。 									
 	重庆星星套装门有限责任公司：全国最大室内装饰套装门生产企业之一，农业产业化重点龙头企业、重庆名牌。 									
 	重庆美心集团：中国名牌产品、中国驰名商标，重庆市建材行业重点企业。 									
 	欧派家居集团股份有限公司：位于广州市的大型综合家居集团，从事整体橱柜、整体衣柜、整体卫浴和定制木门等定制化整体家居产品的个性化设									
										
序号 	2016 年上半年 	2015 年 	2014 年 	2013 年 						
1 	杨正文 	 杨正文 	 杨正文 	杨正文 						
2 	舒泽辉 	 舒泽辉 	 马志明 	刘红 						
3 	陈荣添 	 马志明 	 张于 	马志明 						
4 	张于 	 张于 	 舒泽辉 	王震 						
5 	马志明 	 陈荣添 	 杨森 	覃帮华 						
6 	刘红 	 万国泉 	 万国泉 	张兆 						
7 	覃帮华 	 施成雷 	 施成雷 	谢胜 						
8 	张兆 	 覃帮华 	 刘红 	郑建新 						
9 	谢胜 	 杨森 	 陈荣添 	舒泽辉 						
10 	杨森 	 刘红 	 覃帮华 	邢精富 						
										
 	 									
 	 									
										
门扇工艺流程： 	 	门套工艺流程： 	 	线条工艺流程： 						
 	备料 	 	备料 							
 	备料 	 	备料 							
 	 	 	 							
 	 	 	 							
 	开料 	 	开料 							
 	开料 	 	开料 							
 	 	 	 							
 	 	 	 							
 	组坯 	 	线条贴合 							
 	组坯 	 	线条贴合 							
 	 	 	 							
 	 	 	 							
 	开料 	 	铣型 							
 	开料 	 	铣型 							
 	 	 	 	 						
 	封边 	 	补灰 							
 	 	 	 							
 	开槽 	 	砂光 							
 	 	 	 							
 	UV 底漆 	 	接皮包覆 							
 	 	 	 							
 	组装 	 	白坯砂光 							
 	 	 	 							
 	精截 	 	吹灰 							
 	 	 	 							
 	打磨 	 	底得宝 							
 	 	 	 							
 	修色 	 	UV 底漆 							
 	 	 	 							
 	面漆 	 	修色 							
 	 	 	 							
 	检验 	 	面漆 							
 	 	 	 							
 	包装入库 	 	检验 							
 	 	 	 							
 	 	 	包装入库 							
										
门扇工艺流程： 	 	门套工艺流程： 	 	线条工艺流程： 						
 	备料 	 	备料 							
 	 	 	 							
 	开料 	 	开料 							
 	 	 	 							
铣燕尾槽 	 	组坯 	 	线条贴合 						
 	 	 	 							
 	开料 	 	铣型 							
 	 	 	 							
 	封边 	 	砂光 							
 	 	 	 							
 	开槽 	 	PVC 覆面 							
 	 	 	 							
 	组装 	 	养生 							
 	 	 	 							
 	精截 	 	检验 							
 	 	 	 							
 	检验 	 	包装入库 							
 	 	 	 							
 	包装入库 	 	 							
 	 	 	 							
 	 	 	 							
 	 	 	 							
 	 	 	 							
 	 	 	 							
 	 	 	 							
 	 	 	 							
 	 	 	 							
 	 	 	 							
 	 	 	 							
										
 	2016 年上半年 	2015 年 	2014 年 	2013 年 						
采购总额 	15,814.99 	35,677.45 	 27,338.83  	 23,500.74  						
1、原材料采购 	13,084.90 	30,335.56 	 22,213.06  	 19,317.30  						
2、半成品采购 	1,866.67 	4,339.99 	 3,886.31  	 3,579.68  						
3、其它 	863.41 	1,001.91 	 1,239.46  	 603.75  						
										
半成品供应商 	2016 年上半年 	2016 年上半年 	2015 年度 	2015 年度 	2014 年度 	2014 年度 	2014 年度 	2013 年度 	2013 年度 	2013 年度 
半成品供应商 										
半成品供应商 	销售 	采购 	销售 	采购 	销售 	采购 	销售 	销售 	采购 	
1、浙江欧嘉门业有限公司 	56.52 	421.85 	 139.21  	1,058.26  	 229.82  	 654.35  	 38.93  	 38.93  	 180.94  	
1、浙江欧嘉门业有限公司 	56.52 	421.85 	 139.21  	1,058.26  	 229.82  	 654.35  	 38.93  	 38.93  	 180.94  	
										
2、江山枫尚木业有限公司 	3.53 	282.84 	 123.66  	 544.79  	 58.70  	 115.77  	 -    	 -    	 -    	
										
3、江山风和家居有限公司 	299.21 	1,010.25 	 71.03  	 93.30  	 43.70  	 17.49   	 -    	 -    	 -    	
4、江山玖福世家门业有限公司 	- 	- 	 17.21  	 967.45  	 503.34  	 2,544.27  	 499.30  	 499.30  	 2,803.94  	
4、江山玖福世家门业有限公司 	- 	- 	 17.21  	 967.45  	 503.34  	 2,544.27  	 499.30  	 499.30  	 2,803.94  	
										
5、黄山天创环保建材有限公司 	0.70 	5.86 	 2.84  	 173.88  	 0.45  	 -    	 -    	 -    	 -    	
										
6、江山市美莱琳门业有限公司 	0.10 	124.72 	 1.09  	 428.87  	 -    	 -    	 -    	 -    	 -    	
7、江山申科装饰材料厂 	0.01 	1.42 	 0.62  	 254.44  	 -    	 -    	 -    	 -    	 -    	
7、江山申科装饰材料厂 	0.01 	1.42 	 0.62  	 254.44  	 -    	 -    	 -    	 -    	 -    	
										
8、江山市红牌装饰材料有限公司 	- 	- 	 0.33  	 308.82  	 -    	 -    	 -    	 -    	 -    	
										
9、江山市华叶塑管配件厂 	- 	- 	 0.26  	 277.19  	 -    	 -    	 -    	 -    	 -    	
10、江山市金佑科技有限公司 	- 	- 	 -    	 -    	 48.56  	 270.41  	 21.38  	 21.38  	 355.49  	
10、江山市金佑科技有限公司 	- 	- 	 -    	 -    	 48.56  	 270.41  	 21.38  	 21.38  	 355.49  	
										
11、浙江舒福家门业有限公司 	- 	- 	 -    	 -    	 -    	 -    	 1.98  	 1.98  	 6.96  	
										
半成品供应商 	主要采购内容 	主要销售内容 	采购与销售间的关系 							
										
1、浙江欧嘉门业有限公司 	线条和门扇、门套 	部分中纤板、PVC 膜和油漆 	部分原材料 							
										
2、江山枫尚木业有限公司 	模压门板和拼花木皮 	部分中纤板和拼缝线 	部分原材料 							
3、江山风和家居有限公司 	实木复合门门套 	部分中纤板和木皮 	部分原材料 							
3、江山风和家居有限公司 	实木复合门门套 	部分中纤板和木皮 	部分原材料 							
										
4、江山玖福世家门业有限公司 	模压门门扇、线条 	部分中纤板、油漆、PVC 皮 	部分原材料 							
										
5、黄山天创环保建材有限公司 	木塑线条、踢脚线 	PVC 皮 	部分原材料 							
6、江山市美莱琳门业有限公司 	PVC 线条和模压门门扇 	部分中纤板和油漆 	部分原材料 							
7、江山申科装饰材料厂 	木塑线条、收口条 	PVC 皮 	部分原材料 							
7、江山申科装饰材料厂 	木塑线条、收口条 	PVC 皮 	部分原材料 							
										
8、江山市红牌装饰材料有限公司 	木塑线条、收口条 	PVC 皮 	部分原材料 							
										
9、江山市华叶塑管配件厂 	木塑线条 	PVC 皮 	部分原材料 							
10、江山市金佑科技有限公司 	门芯板 	部分中纤板 	部分原材料 							
10、江山市金佑科技有限公司 	门芯板 	部分中纤板 	部分原材料 							
										
11、浙江舒福家门业有限公司 	零星产品 	油漆 	部分原材料 							
										
半成品供应商 	2016 年上半年 	2016 年上半年 	2016 年上半年 	2016 年上半年 						
半成品供应商 										
半成品供应商 	原材料类别 	销售单价 	同款原材料采购单价 	差异 						
										
浙江欧嘉门业有限公司 	PVC 皮 	2.57 	2.55 	0.51% 						
										
江山风和家居有限公司 	面板（金丝柚直纹） 	76.21 	75.45 	1.00% 						
										
半成品供应商 	2015 年度 	2015 年度 	2015 年度 	2015 年度 						
半成品供应商 										
半成品供应商 	原材料类别 	销售单价 	同款原材料平均单价 	差异 						
玖福门业 	 中纤板 E1  	 52.99  	 50.35  	5.24% 						
玖福门业 										
玖福门业 	 PVC 皮 	 2.55  	 2.54  	0.49% 						
										
浙江欧嘉门业有限公司 	 油漆 	 24.17  	 22.44  	7.67% 						
浙江欧嘉门业有限公司 										
浙江欧嘉门业有限公司 	 PVC 皮 	 2.88  	 2.73  	5.57% 						
浙江欧嘉门业有限公司 										
浙江欧嘉门业有限公司 	 三聚氰胺背板  	 34.61  	 34.82  	-0.59% 						
浙江欧嘉门业有限公司 										
浙江欧嘉门业有限公司 	 多层胶合板 E1   	 99.27  	 98.29  	1.00% 						
										
江山枫尚木业有限公司 	 模压门中纤板 	 14.00  	 13.98  	0.09% 						
										
半成品供应商 	2014 年度 	2014 年度 	2014 年度 	2014 年度 						
半成品供应商 										
半成品供应商 	原材料类别 	销售单价 	同款原材料采购单价 	差异 						
										
玖福门业 	 中纤板 E1  	 53.12  	 50.84  	4.49% 						
玖福门业 										
玖福门业 	 PVC 皮 	 2.52  	 2.56  	-1.70% 						
玖福门业 										
玖福门业 	 油漆 	 19.00  	 18.48  	2.80% 						
										
浙江欧嘉门业有限公司 	 油漆 	 18.99  	 18.48  	2.74% 						
浙江欧嘉门业有限公司 										
浙江欧嘉门业有限公司 	 中纤板 E1  	 51.82  	 53.16  	-2.53% 						
										
半成品供应商 	2013 年度 	2013 年度 	2013 年度 	2013 年度 						
半成品供应商 										
半成品供应商 	原材料类别 	销售单价 	同款原材料采购单价 	差异 						
										
玖福门业 	 中纤板 E1  	 53.39  	 52.05  	2.58% 						
玖福门业 										
玖福门业 	 PVC 皮 	 2.69  	 2.59  	3.75% 						
玖福门业 										
玖福门业 	 油漆 	 18.29  	 17.98  	1.70% 						
										
浙江欧嘉门业有限公司 	 油漆 	 18.78  	 17.98  	4.43% 						
浙江欧嘉门业有限公司 										
浙江欧嘉门业有限公司 	 中纤板 E1  	 55.89  	 54.70  	2.18% 						
										
供应商 	2016 年上半年 	2015 年度 	2014 年度 	2013 年度 	主要采购内容 					
1、浙江欧嘉门业有限公司 	421.85 	1,058.26  	 654.35  	 180.94  	门扇及线条等 					
1、浙江欧嘉门业有限公司 	421.85 	1,058.26  	 654.35  	 180.94  	门扇及线条等 					
										
2、江山玖福世家门业有限公司 	- 	 967.45  	 2,544.27  	 2,803.94  	门扇等 					
										
3、江山枫尚木业有限公司 	282.84 	 544.79  	 115.77  	 -    	门板及门芯板等 					
4、江山市美莱琳门业有限公司 	124.72 	 428.87  	 -    	 -    	门扇及线条等 					
4、江山市美莱琳门业有限公司 	124.72 	 428.87  	 -    	 -    	门扇及线条等 					
										
5、江山市红牌装饰材料有限公司 	- 	 308.82  	 -    	 -    	木塑线条等 					
										
6、江山市华叶塑管配件厂 	- 	 277.19  	 -    	 -    	木塑线条等 					
7、江山申科装饰材料厂 	1.42 	 254.44  	 -    	 -    	木塑线条等 					
7、江山申科装饰材料厂 	1.42 	 254.44  	 -    	 -    	木塑线条等 					
										
8、黄山天创环保建材有限公司 	5.86 	 173.88  	 -    	 -    	木塑线条等 					
										
9、浙江舒宇木业有限公司 	19.72 	 131.39  	 -    	 -    	门板等 					
10、江山风和家居有限公司 	1,010.25 	 93.30  	17.49    	 -    	门套等 					
10、江山风和家居有限公司 	1,010.25 	 93.30  	17.49    	 -    	门套等 					
										
11、浙江永恒门业有限公司 	- 	 77.97  	 -    	 -    	线条等 					
										
12、桦甸市惠邦木业有限公司 	- 	 16.65  	 296.67  	 -    	门板等 					
13、江山市金东塑料制品有限公司 	- 	 6.98  	 -    	 -    	木塑线条等 					
13、江山市金东塑料制品有限公司 	- 	 6.98  	 -    	 -    	木塑线条等 					
										
14、江山市金佑科技有限公司 	- 	 -    	 270.41  	 355.49  	门芯板及门扇等 					
										
15、山东泰森日利木业有限公司 	- 	 -    	 -    	 187.54  	门扇等 					
16、浙江易和家居制造有限公司 	- 	 -    	 -    	 44.81  	门扇等 					
16、浙江易和家居制造有限公司 	- 	 -    	 -    	 44.81  	门扇等 					
										
17、浙江舒福家门业有限公司 	- 	 -    	 -    	 6.96  	门套等 					
										
18、东莞市帝坨门业有限公司 	- 	 -    	 2.77  	 -    	门扇等 					
19、佛山市欧钛金门业有限公司 	- 	 -    	 0.48  	 -    	门扇等 					
19、佛山市欧钛金门业有限公司 	- 	 -    	 0.48  	 -    	门扇等 					
										
20、福清市信祥木业有限公司 	- 	 -    	 2.02  	 -    	门扇等 					
										
合计 	1,866.67 	 4,339.99  	 3,904.23  	 3,579.68  	 					
										
公司名称： 	浙江欧嘉门业有限公司 									
注册号： 	330881000014344 									
法定代表人： 	周顺华 									
住所： 	江山市峡口镇迎福路 590 号 									
经营范围： 	一般经营项目：实木烤漆门、免漆套装门、线条、免漆大板的生产、销售；经营进出口业务（不含进口商品分销业务）。 									
注册资本： 	1,421.07 万元 									
成立日期： 	2009 年 2 月 4 日 									
经营期限： 	2009 年 2 月 4 日至 2029 年 2 月 3 日 									
股权结构： 	周顺华出资 930.40 万元，占比 65.47%； 柴位才出资 432.09 万元，占比 30.41%； 郑振华出资 58.58 万元，占比 4.12%。 									
董事、监事及经理 	执行董事：周顺华 经理：周顺华 监事：柴位才 									
										
 	2016 年上半年 	2015 年度 	2014 年度 	2013 年度 						
营业收入 	514.25 	 1,550.77  	 1,288.12  	 783.07  						
发行人向其采购额 	421.85 	 1,058.26  	 654.35  	 180.94  						
占比 	82.03% 	68.24% 	50.80% 	23.11% 						
										
 	2016 年上半年 	2016 年上半年 	2015 年 	2015 年 	2014 年 	2014 年 	2013 年 	2013 年 		
 	数量 	金额 	数量 	金额 	数量 	金额 	数量 	金额 		
收入 	 	56.52 	 	139.21  	 	229.82  	 	 38.93  		
										
其中：1、油漆 	 	 	25,740 	 62.21 	67,549 	128.25  	 5,645 	 10.62  		
      2、PVC 皮 	32,496 	8.35 	80,538 	 23.21 	 	 	 	 		
      3、板材 	 	 	 	 21.32 	 	 54.69 	 	 23.58  		
 （1）三聚氰胺背板 	 	 	 2,480  	 8.58  	 	 	 	 		
 （2）多层胶合板 E1  	 	 	 557  	 5.53  	 300  	 2.10  	 	 		
 （3）中纤板 E1  	 	 	 162 	 1.00  	 8,710 	 45.33 	 4,045  	 22.61  		
      4、线条 	17,093 	32.00 	 	 	 	 	 	 		
										
公司名称： 	江山玖福世家门业有限公司 									
注册号： 	91330881064172717J 									
法定代表人： 	毛备战 									
住所： 	江山市长台镇檀亭村瓦山自然村 43-11 号 									
经营范围： 	一般经营项目：木线条、免漆套装门生产、销售，货物及技术进出口。 									
注册资本： 	10 万元 									
成立日期： 	2013 年 3 月 22 日 									
经营期限： 	2013 年 3 月 22 日至 2033 年 3 月 21 日 									
股权结构： 	毛备战、叶裕妹出资 10 万，占比 100%。 									
董事、监事及经理 	执行董事：毛备战 经理：毛备战 监事：叶裕妹 									
										
 	2015 年度 	2015 年度 	2014 年度 	2014 年度 	2013 年度 	2013 年度 				
 										
 	数量 	金额 	数量 	金额 	数量 	金额 				
										
采购总额 	 	 967.45  	 	 2,544.27  	 	 2,803.94  				
1、09 珍藏门扇 	 34,863  	 420.91  	 178,909  	 2,163.71  	 193,856  	 2,312.54  				
1、09 珍藏门扇 	 34,863  	 420.91  	 178,909  	 2,163.71  	 193,856  	 2,312.54  				
										
2、A1501 门扇半成品 	 36,402  	 410.69  	- 	- 	- 	- 				
3、其它 	 	135.85 	 	380.56 	 	491.40 				
3、其它 	 	135.85 	 	380.56 	 	491.40 				
										
 	2015 年度 	2014 年度 	2013 年度 							
营业收入 	 1,172.38  	 2,655.56 	 2,609.10 							
发行人向其采购额 	 967.45  	 2,544.27  	 2,803.94  							
占比 	82.52% 	95.81% 	107.47% 							
										
 	2015 年 	2014 年 	2013 年 	合 计 						
营业收入 	1,172.38 	2,655.56 	2,609.10 	6,437.04 						
各期实际收到发票金额 	1,171.55 	2,651.00 	2,493.11 	6,315.66 						
占比 	99.93% 	99.83% 	95.55% 	98.11% 						
										
 	2015 年 	2014 年 	2013 年 							
										
数量 	金额 	数量 	金额 	数量 	金额 					
- 	17.21  	- 	503.34  	- 	499.30  					
 3,000  	15.90  	83,960  	445.97  	85,032  	454.02 					
5,131 	1.31 	107,497 	 27.08  	 9,965  	 2.68  					
- 	- 	1,2440 	 23.63  	8,665 	 15.84  					
										
收入 										
其中：1、E1 级中纤板 										
      2、PVC 皮 										
      3、油漆 										
										
 	2015 年 	2014 年 	2013 年 							
营业收入 	1,172.38 	2,655.56 	2,609.10 							
营业成本 	1,114.32 	2,535.75 	2,497.43 							
毛利率 	4.95% 	4.51% 	4.28% 							
										
公司名称： 	江山枫尚木业有限公司 									
注册号： 	330881000004664 									
法定代表人： 	周元伟 									
住所： 	江山市枫林镇大悲山村 									
经营范围： 	一般经营项目：套装门的生产、销售；装饰材料、橱具、金属门的销售；货物进出口。 									
注册资本： 	100 万元 									
成立日期： 	2007 年 12 月 26 日 									
经营期限： 	2007 年 12 月 26 日至 2027 年 12 月 25 日 									
股权结构： 	周元伟出资 70 万元，占比 70%； 周苏武出资 20 万元，占比 20%； 周海宁出资 10 万元，占比 10%。 									
董事、监事及经理 	执行董事：周元伟 经理：周元伟 									
										
 	2016 年上半年 	2015 年度 	2014 年度 							
营业收入 	600.13 	 1,169.93  	 899.36  							
发行人向其采购额 	282.84 	 544.79  	 115.77  							
占比 	47.13% 	46.57% 	12.87% 							
										
 	2015 年 	2015 年 	2014 年 	2014 年 						
 	数量 	金额 	数量 	金额 						
收入 	 	 123.66  	 	 58.70  						
其中：模压门中纤板 	 77,576 	 108.58  	 30,381 	 43.48  						
										
公司名称： 	江山市美莱琳门业有限公司 									
注册号： 	91330881343997156H 									
法定代表人： 	毛建树 									
住所： 	浙江省衢州市江山市贺村镇淤头村淤头岗自然村 93-6 号 									
经营范围： 	一般经营项目：免漆门生产、销售；装饰材料销售；货物进出口。 									
注册资本： 	50 万元 									
成立日期： 	2015 年 6 月 5 日 									
经营期限： 	2015 年 6 月 5 日至 2035 年 6 月 4 日 									
股权结构： 	毛建树出资 50 万元，占比 100%。 									
董事、监事及经理 	执行董事：毛建树 经理：毛建树 监事：毛延明 									
										
 	2016 年上半年 	2015 年度 								
营业收入 	124.78 	 453.70  								
发行人向其采购额 	124.72 	428.87 								
占比 	99.95% 	94.53% 								
										
公司名称： 	江山市红牌装饰材料有限公司 									
注册号： 	913308815693651357 									
法定代表人： 	夏良水 									
住所： 	江山市凤林镇英岸村达溪淤自然村 38-4 号 									
经营范围： 	一般经营项目：免漆门、木塑线条的生产，销售。 									
注册资本： 	922.1632 万元 									
成立日期： 	2011 年 2 月 14 日 									
经营期限： 	2011 年 2 月 14 日至 2031 年 2 月 13 日 									
股权结构： 	夏良水出资 598.91 万元，占比 64.95%； 王香爱出资 323.2532 万元，占比 35.05%。 									
董事、监事及经理 	执行董事：夏良水 经理：夏良水 监事：王香爱 									
										
 	2015 年度 									
营业收入 	481.28 									
发行人向其采购额 	308.82 									
占比 	64.17% 									
										
公司名称： 	江山市金佑科技有限公司 									
注册号： 	330881000021608 									
法定代表人： 	毛金荣 									
住所： 	浙江省江山市淤头镇安库山 									
经营范围： 	一般经营项目：生态模压门板、木制室内家具、烤漆门、免漆门研发、生产、销售；五金配件的销售；货物进出口。 									
注册资本： 	500 万元 									
成立日期： 	2009 年 12 月 7 日 									
经营期限： 	2009 年 12 月 7 日至 2029 年 12 月 6 日 									
股权结构： 	张劲柏出资 300 万元，占比 60%； 毛金荣出资 100 万元，占比 20%； 冯锐出资 50 万元，占比 10%； 曹露鸿出资 50 万元，占比 10%。 									
董事、监事及经理 	董事长：张劲柏 董事兼总经理：毛金荣 董事、副总经理：冯锐 董事、副总经理：曹露鸿 监事：蔡渌 									
										
 	2014 年度 	2013 年度 								
营业收入 	889.97 	2,912.95 								
发行人向其采购额 	 270.41  	 355.49  								
占比 	30.38% 	12.20% 								
										
公司名称： 	江山市华叶塑管配件厂 									
注册号： 	330881602044388 									
法定代表人： 	叶学德 									
住所： 	江山市清湖镇清泉八区 8-3 号 									
经营范围： 	PVC 管件生产、销售。 									
注册资本： 	个体工商户 									
成立日期： 	2005 年 9 月 20 日 									
										
公司名称： 	江山申科装饰材料厂 									
注册号： 	330881607021144 									
法定代表人： 	毛云飞 									
住所： 	江山市长台镇乾湖村乾顶自然村 1 号 									
经营范围： 	木塑线条包覆。 									
注册资本： 	个体工商户 									
成立日期： 	2014 年 4 月 21 日 									
										
公司名称： 	桦甸市惠邦木业有限责任公司 									
注册号： 	220282000002729 									
法定代表人： 	李殿光 									
住所： 	桦甸市永吉街 243 号 									
经营范围： 	模压门、装饰门、实木门、人造板生产；装饰材料销售；装饰材料、									
										
木制品及相关技术进出口贸易（依法须经批准的项目，经相关部门批准后方可开展经营活动）。 										
3,000 万元 										
2002 年 5 月 21 日 										
无固定期限 										
李殿光、曹绪英、遵化市阔旺实业有限公司 										
执行董事：李殿光 监事：曹绪英 										
										
注册资本： 										
成立日期： 										
经营期限： 										
股东： 										
董事、监事及经理 										
										
 	2015 年度 	2014 年度 								
营业收入 	5,402.21 	4,539.67 								
发行人向其采购额 	 16.65  	 296.67  								
占比 	0.31% 	6.54% 								
										
公司名称： 	江山风和家居有限公司 									
注册号： 	912208812073740316 									
法定代表人： 	罗富军 									
住所： 	江山市峡口镇迎祥西路 9 号 									
经营范围： 	一般经营项目：橱柜、卫浴柜、木门生产、销售 									
注册资本： 	750 万元 									
成立日期： 	2014 年 6 月 6 日 									
经营期限： 	至 2064 年 6 月 5 日 									
股东： 	罗富军独资的一人有限责任公司 									
董事、监事及经理 	执行董事：罗富军 经理：罗富军 监事：吴仙清 									
										
 	2016 年上半年 	2015 年度 								
营业收入 	750.24 	49.00 								
发行人向其采购额 	1,010.25 	93.30 								
占比 	134.66% 	190.41% 								
										
 	2016 年上半年 	2015 年 								
发行人向风和家居的采购额 	1,010.25 	93.30 								
其中：各期实际收到发票金额 	750.24 	49.00 								
 暂估入库金额 	260.01 	44.30 								
收到发票金额/各期风和家居营业收入 	100% 	100% 								
										
 	2016 年上半年 	2016 年上半年 	2015 年度 	2015 年度 	2014 年度 	2014 年度 				
 	数量 	金额 	数量 	金额 	数量 	金额 				
收入 	 	299.21 	 	71.03 	 	43.70 				
其中： 	 	 	 	 	 	 				
 面板 	17,053 	135.05 	7,973 	60.92 	3,100 	23.51 				
 线条 	47,834 	122.89 	 	 	 	 				
 门套套板 	625 	13.40 	 	 	 	 				
 木皮 	5,237 	11.76 	 	 	2,023 	5.70 				
										
玖福世家 	玖福世家 	浙江欧嘉门业有限公司 	浙江欧嘉门业有限公司 	江山市美莱琳门业有限公司 	江山市美莱琳门业有限公司 					
采购金额 	采购单价 	采购金额 	采购单价 	采购金额 	采购单价 					
 410.69 	112.82 	 541.97 	113.91 	229.74 	115.44 					
										
品种 	江山风和家居有限公司 	江山风和家居有限公司 	江山风和家居有限公司 	浙江欧嘉门业有限公司 	浙江欧嘉门业有限公司 	浙江欧嘉门业有限公司 				
品种 										
品种 	金额 	数量 	单价 	金额 	数量 	单价 				
										
1、A 型插口门套系列 	382.28 	18,174 	210.34 	42.74 	2,036 	209.94 				
2、欧式插口线条系列 	18.77 	6,895 	27.22 	4.04 	1,543 	26.18 				
2、欧式插口线条系列 	18.77 	6,895 	27.22 	4.04 	1,543 	26.18 				
										
品种 	浙江欧嘉门业有限公司 	浙江欧嘉门业有限公司 	浙江欧嘉门业有限公司 	江山市美莱琳门业有限公司 	江山市美莱琳门业有限公司 	江山市美莱琳门业有限公司 				
品种 										
品种 	金额 	数量 	单价 	金额 	数量 	单价 				
										
1、A1501 门皮 	 32.28  	 8,992  	 35.90  	 40.41  	 11,256  	 35.90  				
2、A1501 门扇半成品 	 541.97  	 47,579 	 113.91  	 229.74 	 19,902  	 115.44  				
2、A1501 门扇半成品 	 541.97  	 47,579 	 113.91  	 229.74 	 19,902  	 115.44  				
										
品种 	浙江欧嘉门业有限公司 	浙江欧嘉门业有限公司 	浙江欧嘉门业有限公司 	江山风和家居有限公司 	江山风和家居有限公司 	江山风和家居有限公司 				
品种 										
品种 	金额 	数量 	单价 	金额 	数量 	单价 				
1、实木插口门套 	 92.56  	 4,059  	 228.04  	 8.699  	 389.00  	 223.47  				
1、实木插口门套 	 92.56  	 4,059  	 228.04  	 8.699  	 389.00  	 223.47  				
										
品种 	江山枫尚木业有限公司 	江山枫尚木业有限公司 	江山枫尚木业有限公司 	浙江舒宇木业有限公司 	浙江舒宇木业有限公司 	浙江舒宇木业有限公司 				
品种 										
品种 	金额 	数量 	单价 	金额 	数量 	单价 				
1、模压门板 	 407.18  	 80,137  	 50.81  	 131.69  	 26,359 	 49.96  				
1、模压门板 	 407.18  	 80,137  	 50.81  	 131.69  	 26,359 	 49.96  				
										
品种 	江山市红牌装饰材料有限公司 	江山市红牌装饰材料有限公司 	江山市红牌装饰材料有限公司 	黄山天创环保建材有限公司 	黄山天创环保建材有限公司 	黄山天创环保建材有限公司 				
品种 										
品种 	金额 	数量 	单价 	金额 	数量 	单价 				
1、木塑线条 2220*60*33*15 	225.52 	334,200 	6.75 	105.06 	155,600 	6.75 				
1、木塑线条 2220*60*33*15 	225.52 	334,200 	6.75 	105.06 	155,600 	6.75 				
										
品种 	江山市美莱琳门业有限公司 	江山市美莱琳门业有限公司 	江山市美莱琳门业有限公司 	浙江永恒门业有限公司 	浙江永恒门业有限公司 	浙江永恒门业有限公司 				
										
金额 	数量 	单价 	金额 	数量 	单价 					
 66.40  	 93,600 	 7.09  	 10.97  	 15,460  	 7.09  					
 66.40  	 93,600 	 7.09  	 10.97  	 15,460  	 7.09  					
										
 17.69 	 21,860 	 8.09  	 2.41 	 2,980  	 8.09  					
										
1、PVC 平面线条 2150*76 										
										
2、PVC 平面线条 2440*76 										
										
品种 	江山市金佑科技有限公司 	江山市金佑科技有限公司 	江山市金佑科技有限公司 	江山枫尚木业有限公司 	江山枫尚木业有限公司 	江山枫尚木业有限公司 				
品种 	数量 	金额 	单价 	数量 	金额 	单价 				
品种 	数量 	金额 	单价 	数量 	金额 	单价 				
										
OPD-101（模压门板） 	 308  	 1.22  	 39.52  	 453 	 1.86  	 41.06  				
										
OPD-102（模压门板） 	 539  	 1.89  	 35.14  	 4,229  	 17.74  	 41.94  				
OPD-103（模压门板） 	 1,971  	 7.67  	 38.92  	 6,636  	 26.48  	 39.91  				
OPD-103（模压门板） 	 1,971  	 7.67  	 38.92  	 6,636  	 26.48  	 39.91  				
										
OPD-104（模压门板） 	 763  	 2.59  	 33.95  	 1,805  	 7.22  	 40.00  				
										
主要半成品品种 	2016 年上半年 	2016 年上半年 	2015 年 	2015 年 	2014 年 	2014 年 	2013 年 	2013 年 		
主要半成品品种 	金额 	占比 	金额 	占比 	金额 	占比 	金额 	占比 		
主要半成品品种 	金额 	占比 	金额 	占比 	金额 	占比 	金额 	占比 		
										
1、A1501 门扇半成品 	- 	- 	1,237.20  	28.51% 	- 	- 	- 	- 		
2、木塑线条 	- 	- 	 796.10  	18.35% 	- 	- 	- 	- 		
2、木塑线条 	- 	- 	 796.10  	18.35% 	- 	- 	- 	- 		
										
3、09 珍藏门扇 	- 	- 	 420.91  	9.70% 	2,163.71  	55.67% 	2,312.54  	64.60% 		
										
4、T 型收口条 	- 	- 	 144.02  	3.32% 	- 	- 	- 	- 		
5、PVC 平面线条 	- 	- 	 129.14  	2.98% 	- 	- 	- 	- 		
5、PVC 平面线条 	- 	- 	 129.14  	2.98% 	- 	- 	- 	- 		
										
7、模压门板系列 	149.44 	8.01% 	239.31 	5.51% 	276.73 	7.12% 	- 	- 		
										
9、实木门套系列 	624.89 	33.48% 	 101.23  	2.33% 	 198.75  	5.11% 	- 	- 		
10、实木门扇系列 	140.16 	7.51% 	- 	- 	 390.92  	10.06% 	 257.38  	7.19% 		
10、实木门扇系列 	140.16 	7.51% 	- 	- 	 390.92  	10.06% 	 257.38  	7.19% 		
										
11、09 珍藏玻璃门扇 	- 	- 	- 	- 	 255.83  	6.58% 	 289.60  	8.09% 		
										
12、门芯板 	152.98 	8.20% 	- 	- 	 203.43  	5.23% 	- 	- 		
小计 	1,067.47 	57.19% 	3,067.91  	70.69% 	3,489.37  	89.78% 	2,859.52  	79.88% 		
小计 	1,067.47 	57.19% 	3,067.91  	70.69% 	3,489.37  	89.78% 	2,859.52  	79.88% 		
										
全部半成品采购额 	1,866.67 	100% 	4,339.99  	100% 	3,886.74  	100% 	3,579.68  	100% 		
										
半成品品种 	采购单价 	自产单位生产成本 	自产单位生产成本 	自产单位生产成本 	自产单位生产成本 	差异 				
半成品品种 	采购单价 	直接材料 	直接人工 	制造费用 	小计 	差异 				
2015 年度： 	2015 年度： 	2015 年度： 	2015 年度： 	2015 年度： 	2015 年度： 	2015 年度： 				
1、A1501 门扇半成品 	112.82 	89.18 	10.99 	4.43 	104.60 	7.86% 				
2、09 珍藏门扇 	120.73 	 80.73  	 18.37  	 11.02  	 110.13  	9.63% 				
2014 年度： 	2014 年度： 	2014 年度： 	2014 年度： 	2014 年度： 	2014 年度： 	2014 年度： 				
09 珍藏门扇 	120.94 	 87.25  	 16.99  	 12.74  	 116.98  	3.38% 				
2013 年度： 	2013 年度： 	2013 年度： 	2013 年度： 	2013 年度： 	2013 年度： 	2013 年度： 				
09 珍藏门扇 	119.29 	 89.24  	 14.46  	 10.85  	 114.54  	4.15% 				
										
半成品品种 	采购单价 	自产单位生产成本 	自产单位生产成本 	自产单位生产成本 	自产单位生产成本 	差异 				
半成品品种 	采购单价 	直接材料 	直接人工 	制造费用 	小计 	差异 				
2015 年度： 	 	 	 	 	 	 				
1、A1501 门扇半成品 	113.78 	89.18 	10.99 	4.43 	104.60 	8.78% 				
2、PVC 平面线条 2150*76 	7.09 	 6.00  	 0.62  	 0.47  	 7.09  	0.06% 				
3、实木插口门套 	227.85 	 151.48  	 39.36  	 23.61  	 214.45  	6.25% 				
2014 年度： 	 	 	 	 	 	 				
1、实木插口门套 	 220.47  	 145.79  	 36.72  	 27.54  	 210.05  	8.47% 				
2、实木简约时尚门扇 	 329.47  	 202.48  	 81.35  	 61.01  	 344.84  	-4.45% 				
3、门芯板（二底半成品） 	 155.79  	99.8 	 32.08  	 23.36  	155.24 	0.35% 				
2013 年度： 	 	 	 	 	 	 				
1、烤漆平板门扇（二底打磨） 	 232.42  	 138.17  	 54.91  	 41.18  	 234.26  	-0.79% 				
										
 	2016 年上半年 	2015 年度 	2014 年度 	2013 年度 						
1、浙江欧嘉门业有限公司 	13.40% 	13.15% 	35.12% 	21.52% 						
1、浙江欧嘉门业有限公司 	13.40% 	13.15% 	35.12% 	21.52% 						
										
2、江山枫尚木业有限公司 	1.25% 	22.70% 	50.70% 	- 						
3、江山玖福世家门业有限公司 	- 	1.97% 	19.99% 	18.60% 						
4、江山市金佑科技有限公司 	- 	- 	17.96% 	6.01% 						
4、江山市金佑科技有限公司 	- 	- 	17.96% 	6.01% 						
										
5、江山风和家居有限公司 	29.62% 	76.13% 	249.86% 	- 						
										
 	2016 年上半年 	2016 年上半年 	2015 年 	2015 年 	2014 年 	2014 年 	2013 年 	2013 年 		
 	收入 	占比 	收入 	占比 	收入 	占比 	收入 	占比 		
 	收入 	占比 	收入 	占比 	收入 	占比 	收入 	占比 		
										
1、经销商渠道 	13,722.46 	43.06% 	28,079.20  	43.45% 	29,203.84  	66.85% 	28,665.75  	64.44% 		
										
2、工程渠道 	13,836.52 	43.42% 	18,268.30  	28.27% 	 7,696.04  	17.62% 	 9,866.29  	22.18% 		
3、外贸公司渠道 	68.04 	0.21% 	11,829.72  	18.30% 	 70.42  	0.16% 	 587.06  	1.32% 		
3、外贸公司渠道 	68.04 	0.21% 	11,829.72  	18.30% 	 70.42  	0.16% 	 587.06  	1.32% 		
										
4、出口渠道 	4,240.40 	13.31% 	 6,451.18  	9.98% 	 6,717.01  	15.38% 	 5,367.15  	12.06% 		
										
合计 	31,867.42 	100% 	64,628.40  	100% 	43,687.32  	100% 	44,486.25  	100% 		
										
年度 	2016 年上半年 	2015 年 	2014 年 	2013 年 						
期初经销商数量 	242 	 239  	 330  	 534  						
期初经销商数量 	242 	 239  	 330  	 534  						
										
本期增加数量 	114 	42 	48 	41 						
										
本期减少数量 	37 	39 	139 	245 						
其中：本期取消 	31 	37 	26 	20 						
其中：本期取消 	31 	37 	26 	20 						
										
 本期归并 	6 	2 	113 	225 						
										
期末经销商数家数 	319 	 242 	 239  	 330  						
										
序号 	省份 	2016 年 6月 30 日 	2015 年末 	2014 年末 	 2013 年末 	报告期末执行规模经销商制度的情况及执行年份 				
1 	浙江省 	48 	43 	51 	 41  	不执行，属于单列经销商区域 				
2 	江苏省 	77 	85 	74 	 67  	不执行，属于单列经销商区域 				
3 	湖南省 	1 	1 	1 	 1  	执行，2010 年 				
4 	四川省 	1 	2 	1 	1 	执行，2010 年 				
5 	山东省 	10 	1 	1 	 4  	执行，2012 年 				
6 	黑龙江 	1 	1 	1 	 1  	执行，2012 年 				
7 	云南省 	1 	1 	1 	 1  	执行，2010 年 				
8 	贵州省 	2 	2 	2 	 2  	执行，2012 年 				
9 	重庆市 	2 	1 	2 	2 	执行，2012 年 				
10 	辽宁省 	1 	1 	1 	 1  	执行，2010 年 				
11 	湖北省 	2 	4 	3 	 10  	执行，2013 年 				
12 	河北省 	1 	2 	1 	 12  	执行，2013 年 				
13 	江西省 	36 	2 	1 	 14  	执行，2013 年 				
14 	安徽省 	38 	1 	1 	 12  	执行，2013 年 				
15 	福建省 	15 	4 	1 	 7  	执行，2013 年 				
16 	上海市 	2 	2 	1 	 3  	执行，2013 年 				
17 	广东省 	1 	1 	1 	1 	执行，2013 年 				
18 	宁夏 	2 	2 	1 	 4  	执行，2013 年 				
19 	河南省 	2 	2 	2 	 15  	执行，2013 年 				
20 	海南省 	1 	1 	1 	 2  	执行，2013 年 				
21 	新疆 	1 	1 	1 	 2  	执行，2013 年 				
22 	吉林省 	8 	8 	1 	 13  	执行期间：2013 年-2015 年 				
23 	广西 	7 	3 	4 	 12  	执行，2013 年 				
24 	山西省 	4 	5 	4 	 11  	执行，2013 年 				
25 	陕西省 	2 	2 	1 	 22  	执行，2014 年 				
26 	北京市 	1 	3 	1 	 2  	执行，2014 年 				
27 	天津市 	1 	1 	1 	 1  	执行，2014 年 				
28 	内蒙古 	42 	45 	58 	 50  	不执行，属于普通经销商区域 				
29 	甘肃省 	6 	12 	16 	 13  	执行，2015 年 				
30 	青海省 	2 	2 	3 	 2  	不执行，属于普通经销商区域 				
31 	西藏 	1 	1 	1 	 1  	执行，2015 年 				
 	合计 	319 	242 	239 	330 	 				
										
 	2016 年 6 月 30 日 	2015 年末 	2014 年末 	2013 年末 						
1、规模经销商 	34 	    31 	27 	24 						
2、单列经销商 	125 	128 	125 	108 						
3、普通经销商 	160 	83 	87 	198 						
合计 	319 	242 	239 	330 						
										
 	单列经销商 	规模经销商 	普通经销商 							
主要区域市场特点 	毗邻公司的浙江、江苏两省，经济发展水平好 	主要集中在中东部省份，经济发展水平好 	主要集中在西部省份，经济发展水平一般 							
可否发展下级经销商 	原则上不可以 	可以 	原则上不可以 							
对经销商的管理效率 	高效 	高效 	一般 							
对终端消费市场的响应速度 	快 	较快 	快 							
市场投入 	主要的品牌推广、渠道建设、市场开拓和售后服务等由公司负责，管理成本较高 	部分品牌推广、渠道建设、市场开拓和售后服务等交由规模经销商负责，管理成本较低 	距离较远，公司管理成本高 							
终端市场的信息反馈 	快且真实 	较慢且存在失真的风险 	较快且真实 							
经销商的利润来源 	自身经销产品所得 	自身经销产品所得+发展下级经销商的经营所得 	自身经销产品所得 							
										
 	2016 年上半年 	2015 年 	2014 年 	2013 年 						
期末经销商家数 	125 	128 	125 	108 						
其中：1、江苏 	77 	85 	74 	67 						
      2、浙江 	48 	43 	51 	41 						
										
 	2016 年 1-6 月 	2015 年度 	2014 年度 	2013 年度 						
江苏省经销商数量变化情况 	江苏省经销商数量变化情况 	江苏省经销商数量变化情况 	江苏省经销商数量变化情况 	江苏省经销商数量变化情况 						
期初经销商数量 	85 	74 	67 	63 						
本期增加经销商数量 	4 	14 	17 	7 						
本期取消经销商数量 	12 	3 	10 	3 						
期末经销商数量 	77 	85 	74 	67 						
浙江省经销商数量变化情况 	浙江省经销商数量变化情况 	浙江省经销商数量变化情况 	浙江省经销商数量变化情况 	浙江省经销商数量变化情况 						
 	2016 年 1-6 月 	2015 年度 	2014 年度 	2013 年度 						
期初经销商数量 	43 	51 	41 	41 						
本期增加经销商数量 	13 	7 	17 	7 						
本期取消经销商数量 	8 	15 	7 	7 						
期末经销商数量 	48 	43 	51 	41 						
										
期间 	留存的经销商 	留存的经销商 	留存的经销商 	被淘汰的经销商 	被淘汰的经销商 	被淘汰的经销商 				
期间 	数量 	前一年收入 	平均收入 	数量 	前一年收入 	平均收入 				
期间 	数量 	前一年收入 	平均收入 	数量 	前一年收入 	平均收入 				
										
2013 年 	94 	4,428.88 	47.12 	10 	119.55 	11.96 				
										
2014 年 	91 	5,595.54 	61.49 	17 	146.95 	8.64 				
2015 年 	107 	6,471.48 	60.48 	18 	209.87 	11.66 				
2015 年 	107 	6,471.48 	60.48 	18 	209.87 	11.66 				
										
2016 年上半年 	108 	6,090.43 	56.39 	20 	116.40 	5.82 				
										
 	2016 年上半年 	2015 年 	2014 年 	2013 年 						
期末规模经销商家数 	34 	32 	27 	24 						
涵盖的省区数量 	26 	26 	25 	22 						
具体省区的规模经销商 	具体省区的规模经销商 	具体省区的规模经销商 	具体省区的规模经销商 	具体省区的规模经销商 						
1、湖南省 	1 家，杨正文 	1 家，杨正文 	1 家，杨正文 	1 家，杨正文 						
2、四川省 	1 家，刘红 	1 家，刘红 	1 家，刘红 	1 家，刘红 						
										
3、山东省 	1 家，马志明 	1 家，马志明 	1 家，马志明 	1 家，马志明 						
4、云南省 	1 家，覃帮华 	1 家，覃帮华 	1 家，覃帮华 	1 家，覃帮华 						
5、辽宁省 	1 家，郑建新 	1 家，郑建新 	1 家，郑建新 	1 家，郑建新 						
6、贵州省 	2 家，张兆、蔡光安 	2 家，张兆、蔡光安 	2 家，张兆、蔡光安 	2 家，张兆、蔡光安 						
7、重庆 	1 家，谢胜 	1 家，谢胜 	1 家，谢胜 	1 家，谢胜 						
8、黑龙江 	1 家，全惠滨 	1 家，全惠滨 	1 家，全惠滨 	1 家，全惠滨 						
9、湖北省 	1 家，舒泽辉 	2 家，舒泽辉、王震 	2 家，舒泽辉、王震 	2 家，舒泽辉、王震 						
10、河北省 	1 家，张于 	1 家，张于 	1 家，张于 	1 家，张于 						
11、江西省 	3 家，万国泉、 万里鹏、彭方斌 	1 家，万国泉 	1 家，万国泉 	1 家，万国泉 						
12、安徽省 	1 家，施成雷 	1 家，施成雷 	1 家，施成雷 	1 家，施成雷 						
13、福建省 	3 家，潘超峰、 杨聪明、徐如烈 	3 家，潘超峰、 杨聪明、徐如烈 	1 家，潘超峰 	1 家，潘超峰 						
14、上海 	1 家，陈荣添 	1 家，陈荣添 	1 家，陈荣添 	1 家，陈荣添 						
15、广东省 	1 家，杨正文 	1 家，杨正文 	1 家，杨正文 	1 家，杨正文 						
16、宁夏 	1 家，蒲仙宏 	1 家，蒲仙宏 	1 家，蒲仙宏 	1 家，蒲仙宏 						
17、河南省 	2 家，杨森、薛现君 	1 家，杨森 	1 家，杨森 	1 家，杨森 						
18、海南省 	1 家，张卫荣 	1 家，张卫荣 	1 家，张卫荣 	1 家，张卫荣 						
19、新疆 	1 家，林辉勇 	1 家，林辉勇 	1 家，林辉勇 	1 家，林辉勇 						
20、吉林省 	1 家，全惠滨 	1 家，全惠滨 	1 家，全惠滨 	1 家，全惠滨 						
21、广西省 	1 家，陈新 	1 家，陈新 	1 家，陈新 	1 家，陈新 						
22、山西省 	2 家，赵杰、张楹梅 	2 家，赵杰、张楹梅 	1 家，赵杰 	1 家，赵杰 						
23、北京 	1 家，李宝刚 	1 家，李宝刚 	1 家，李宝刚 	- 						
24、陕西省 	1 家，兰余俊 	1 家，兰余俊 	1 家，兰余俊 	- 						
25、天津 	1 家，李宝刚 	1 家，刘鑫 	1 家，刘鑫 	- 						
26、新疆 	1 家，林辉勇 	1 家，林辉勇 	- 	- 						
27、甘肃 	1 家，林辉勇 	1 家，林辉勇 	- 	- 						
										
 	2016 年上半年 	2015 年末 	2014 年末 	2013 年末 						
普通经销商家数 	160 	83 	87 	198 						
										
序号 	省份 	2016 年上半年 	2015 年 	2014 年 	2013 年 	规模经销商执行年度 				
										
1 	河南省 	0 	0 	13 	52 	2013 年 				
										
2 	安徽省 	0 	0 	11 	35 	2013 年 				
3 	河北省 	0 	0 	11 	30 	2013 年 				
3 	河北省 	0 	0 	11 	30 	2013 年 				
										
4 	福建省 	0 	0 	6 	19 	2013 年 				
										
5 	山西省 	1 	0 	7 	10 	2013 年 				
6 	广西 	0 	1 	9 	6 	2013 年 				
7 	宁夏 	0 	0 	2 	4 	2013 年 				
7 	宁夏 	0 	0 	2 	4 	2013 年 				
										
8 	山东省 	0 	0 	3 	3 	2012 年 				
										
9 	湖北省 	0 	0 	5 	30 	2013 年 				
10 	江西省 	0 	0 	11 	35 	2013 年 				
10 	江西省 	0 	0 	11 	35 	2013 年 				
										
序号 	省份 	 	2016 年上半年 	2015 年 	2014 年 	2013 年 	规模经销商执行年度 			
										
1 	河南省 	归并家数 	0 	0 	13 	52 	2013 年 			
										
取消家数 	0 	0 	0 	0 						
归并家数 	0 	0 	11 	35 	2013 年 					
归并家数 	0 	0 	11 	35 	2013 年 					
					2013 年 					
取消家数 	0 	0 	0 	0 	2013 年 					
										
归并家数 	0 	0 	11 	30 	2013 年 					
取消家数 	1 	0 	0 	0 	2013 年 					
取消家数 	1 	0 	0 	0 	2013 年 					
										
归并家数 	0 	0 	6 	19 	2013 年 					
					2013 年 					
取消家数 	0 	0 	0 	1 	2013 年 					
归并家数 	1 	0 	7 	10 	2013 年 					
归并家数 	1 	0 	7 	10 	2013 年 					
					2013 年 					
取消家数 	0 	0 	0 	3 	2013 年 					
										
归并家数 	0 	0 	3 	3 	2012 年 					
取消家数 	0 	0 	0 	0 	2012 年 					
取消家数 	0 	0 	0 	0 	2012 年 					
										
归并家数 	0 	0 	5 	30 	2013 年 					
					2013 年 					
取消家数 	2 	0 	2 	0 	2013 年 					
归并家数 	0 	0 	11 	35 	2013 年 					
归并家数 	0 	0 	11 	35 	2013 年 					
					2013 年 					
取消家数 	0 	0 	2 	0 	2013 年 					
										
归并家数 	1 	0 	0 	0 	2014 年 					
取消家数 	0 	0 	0 	0 	2014 年 					
取消家数 	0 	0 	0 	0 	2014 年 					
										
归并家数 	4 	0 	0 	0 	2015 年 					
					2015 年 					
取消家数 	2 	4 	0 	0 	2015 年 					
										
2 	安徽省 									
										
3 	河北省 									
										
4 	福建省 									
5 	山西省 									
5 	山西省 									
										
8 	山东省 									
										
9 	湖北省 									
10 	江西省 									
10 	江西省 									
										
11 	天津市 									
										
12 	甘肃省 									
										
序号 	地区 	新增经销商数量 	新增经销商数量 	新增经销商数量 	新增经销商数量 					
序号 	地区 	2016 年上半年 	2015 年 	2014 年 	2013 年 					
1 	江苏 	4 	14 	17 	7 					
2 	浙江 	13 	7 	17 	7 					
3 	吉林 	1 	7 	0 	2 					
4 	福建 	12 	3 	0 	0 					
5 	北京 	0 	2 	0 	1 					
6 	河北 	0 	1 	0 	0 					
7 	湖北 	0 	1 	0 	1 					
8 	江西 	34 	1 	0 	2 					
9 	内蒙古 	1 	1 	8 	12 					
10 	陕西 	0 	1 	0 	2 					
11 	上海 	0 	1 	0 	0 					
12 	山西 	0 	1 	0 	3 					
13 	宁夏 	0 	1 	0 	0 					
14 	四川 	0 	1 	0 	0 					
15 	安徽 	37 	0 	0 	1 					
16 	甘肃 	0 	0 	3 	1 					
17 	广东 	0 	0 	1 	0 					
18 	广西 	3 	0 	1 	1 					
19 	青海 	0 	0 	1 	0 					
20 	河南 	0 	0 	0 	1 					
22 	山东 	9 	0 	0 	0 					
 	合计 	114 	42 	48 	41 					
										
 	2016 年1-6 月 	2015 年度 	2014 年度 	2013 年度 						
纳入核查范围的新增经销商当年含税收入 	491.91 	328.44 	444.03 	1,600.90 						
当期全部新增经销商的含税收入 	1,016.31 	462.90 	748.32 	1,900.78 						
占比 	48.40% 	70.95% 	59.34% 	84.22% 						
										
序号 	经销商名称 	经销商身份信息 								
1 	叶浩军 	422325198408****** 								
2 	杨聪明 	350625197512****** 								
3 	徐如烈 	362323196806****** 								
4 	蒋加发 	362325197710****** 								
5 	蒋海荣 	320621197902****** 								
6 	张士新 	321022197404****** 								
7 	张琦 	320321197812****** 								
8 	杨正文 	430623197601****** 								
9 	徐松 	321321198710****** 								
10 	邓远明 	440225198002****** 								
11 	薛海强 	320621197811****** 								
12 	李伟清 	320204196909****** 								
13 	袁永川 	330621196708****** 								
14 	赵忠义 	330328197911****** 								
15 	杨森 	412301197908****** 								
16 	李宝刚 	110226198406****** 								
17 	施成雷 	341125198602****** 								
18 	倪红武 	422428197101****** 								
19 	钭伟阳 	332526197104****** 								
20 	邢精斌 	320125197209****** 								
21 	周莉娜 	142726197906****** 								
22 	兰美蓉 	152824196810****** 								
23 	杨启涛 	320321198210****** 								
24 	姜俊峰 	320623198001****** 								
25 	刘登旺 	372523197404****** 								
26 	董琴丰 	330423197712****** 								
27 	马国强 	622801198010****** 								
28 	贺杰 	152628197310****** 								
29 	董鹏 	622424198006****** 								
30 	胡森伟 	152527197909****** 								
31 	吴廷明 	340505197606****** 								
32 	李艳 	341224198201****** 								
33 	项长俊 	342623197312****** 								
34 	万里鹏 	360281197305****** 								
35 	陈小平 	362531196605****** 								
36 	彭方斌 	360421197304****** 								
37 	龙筱荣 	362222195608****** 								
38 	李宝刚（天津） 	110226198406****** 								
39 	程艳 	320723198101****** 								
40 	朱晓红 	342501197102****** 								
										
序号 	一、因归并而减少的经销商 	一、因归并而减少的经销商 	一、因归并而减少的经销商 	一、因归并而减少的经销商 	一、因归并而减少的经销商 					
序号 										
序号 	省份 	2016 年上半年 	2015 年 	2014 年 	2013 年 					
										
1 	河南省 	0 	0 	13 	52 					
2 	安徽省 	0 	0 	11 	35 					
2 	安徽省 	0 	0 	11 	35 					
										
3 	河北省 	0 	0 	11 	30 					
										
4 	福建省 	0 	0 	6 	19 					
5 	山西省 	1 	0 	7 	10 					
5 	山西省 	1 	0 	7 	10 					
										
6 	广西 	0 	1 	9 	6 					
7 	宁夏 	0 	0 	2 	4 					
8 	湖北省 	0 	0 	5 	30 					
8 	湖北省 	0 	0 	5 	30 					
										
9 	山东省 	0 	0 	3 	3 					
										
10 	江西省 	0 	0 	11 	35 					
11 	辽宁省 	0 	0 	0 	1 					
11 	辽宁省 	0 	0 	0 	1 					
										
12 	海南省 	0 	0 	1 	0 					
										
13 	吉林省 	0 	0 	12 	0 					
14 	陕西省 	0 	0 	21 	0 					
14 	陕西省 	0 	0 	21 	0 					
										
15 	广东省 	0 	0 	1 	0 					
										
16 	重庆 	0 	1 	0 	0 					
17 	天津 	1 	0 	0 	0 					
17 	天津 	1 	0 	0 	0 					
										
18 	甘肃省 	4 	0 	0 	0 					
										
 	小计 	6 	2 	113 	225 					
序号 	二、因取消而减少的经销商 	二、因取消而减少的经销商 	二、因取消而减少的经销商 	二、因取消而减少的经销商 	二、因取消而减少的经销商 					
序号 	二、因取消而减少的经销商 	二、因取消而减少的经销商 	二、因取消而减少的经销商 	二、因取消而减少的经销商 	二、因取消而减少的经销商 					
序号 										
序号 	省份 	2016 年上半年 	2015 年 	2014 年 	2013 年 					
										
1 	江西省 	0 	0 	2 	0 					
2 	湖北省 	2 	0 	2 	0 					
2 	湖北省 	2 	0 	2 	0 					
										
3 	浙江省 	8 	15 	7 	7 					
										
4 	江苏省 	12 	3 	10 	3 					
5 	山西省 	0 	0 	0 	3 					
5 	山西省 	0 	0 	0 	3 					
										
6 	吉林省 	1 	0 	0 	2 					
										
7 	内蒙古 	4 	14 	0 	1 					
8 	宁夏 	0 	0 	1 	1 					
8 	宁夏 	0 	0 	1 	1 					
										
9 	福建省 	0 	0 	0 	1 					
										
10 	广东省 	0 	0 	0 	1 					
11 	陕西省 	0 	0 	0 	1 					
11 	陕西省 	0 	0 	0 	1 					
										
12 	甘肃省 	2 	4 	0 	0 					
										
13 	新疆 	0 	0 	1 	0 					
14 	青海省 	0 	1 	0 	0 					
14 	青海省 	0 	1 	0 	0 					
										
15 	上海 	0 	0 	2 	0 					
										
16 	安徽省 	0 	0 	0 	0 					
17 	广西 	0 	0 	0 	0 					
17 	广西 	0 	0 	0 	0 					
										
18 	河南省 	0 	0 	0 	0 					
19 	山东省 	0 	0 	0 	0 					
20 	北京 	2 	0 	1 	0 					
20 	北京 	2 	0 	1 	0 					
										
21 	河北省 	1 	0 	0 	0 					
										
 	小计 	31 	37 	26 	20 					
三、合计 	三、合计 	37 	39 	139 	245 					
三、合计 	三、合计 	37 	39 	139 	245 					
										
序号 	省份 	2016 年上半年 	2015 年 	2014 年 	2013 年 					
										
1 	江苏省 	77 	71 	57 	60 					
2 	内蒙古 	37 	44 	50 	38 					
2 	内蒙古 	37 	44 	50 	38 					
										
3 	浙江省 	35 	36 	34 	34 					
										
4 	甘肃省 	10 	12 	13 	12 					
5 	广西 	3 	4 	12 	17 					
5 	广西 	3 	4 	12 	17 					
6 	山西省 	5 	4 	11 	18 					
7 	湖北省 	2 	3 	8 	39 					
7 	湖北省 	2 	3 	8 	39 					
										
8 	贵州省 	2 	2 	2 	2 					
										
9 	河南省 	2 	2 	15 	66 					
10 	青海省 	2 	2 	2 	2 					
10 	青海省 	2 	2 	2 	2 					
										
11 	重庆市 	2 	2 	2 	2 					
										
12 	安徽省 	1 	1 	12 	46 					
13 	福建省 	4 	1 	7 	26 					
13 	福建省 	4 	1 	7 	26 					
										
14 	北京 	1 	1 	1 	1 					
										
15 	广东省 	1 	1 	1 	1 					
16 	海南省 	1 	1 	2 	2 					
16 	海南省 	1 	1 	2 	2 					
										
17 	河北省 	1 	1 	12 	42 					
										
18 	黑龙江 	1 	1 	1 	1 					
19 	湖南省 	1 	1 	1 	1 					
19 	湖南省 	1 	1 	1 	1 					
										
20 	吉林省 	8 	1 	13 	11 					
										
21 	江西省 	2 	1 	12 	47 					
22 	辽宁省 	1 	1 	1 	2 					
22 	辽宁省 	1 	1 	1 	2 					
										
23 	宁夏 	2 	1 	3 	8 					
										
24 	山东省 	1 	1 	4 	7 					
25 	陕西省 	2 	1 	22 	20 					
25 	陕西省 	2 	1 	22 	20 					
										
26 	上海市 	2 	1 	1 	3 					
										
27 	四川省 	1 	1 	1 	1 					
28 	天津市 	1 	1 	1 	1 					
28 	天津市 	1 	1 	1 	1 					
										
29 	西藏 	1 	1 	1 	1 					
										
30 	新疆 	1 	1 	2 	2 					
31 	云南省 	1 	1 	1 	1 					
31 	云南省 	1 	1 	1 	1 					
										
 	小计 	211 	202 	305 	514 					
										
上一年末全部经销商家数 	242 	239 	330 	534 						
占比 	87.19% 	84.52% 	92.42% 	96.25% 						
占比 	87.19% 	84.52% 	92.42% 	96.25% 						
										
 	2016 年上半年 	2015 年 	2014 年 	2013 年 						
										
存续经销商收入 	11,939.23 	27,583.55 	28,499.96 	27,000.39 						
全部经销商渠道收入 	13,722.46 	28,079.20 	29,203.84 	28,665.75 						
全部经销商渠道收入 	13,722.46 	28,079.20 	29,203.84 	28,665.75 						
										
占比 	87.01% 	98.23% 	97.59% 	94.19% 						
										
经销商类别 	收入分层 	2016 年上半年 	2016 年上半年 	2015 年 	2015 年 	2014 年度 	2014 年度 	2013 年 	2013 年 	
经销商类别 	收入分层 									
经销商类别 	收入分层 	家数 	平均每家收入 	家数 	平均每家收入 	家数 	平均每家收入 	家数 	平均每家收入 	
										
规模经销商 	1000 万以上 	- 	- 	6 	1,330.10 	7 	1,243.35 	2 	1,808.78 	
规模经销商 										
规模经销商 	500 万至 100 万 	4 	691.82 	10 	750.84 	10 	720.41 	8 	786.69 	
规模经销商 	500 万以下 	30 	170.77 	15 	203.28 	10 	230.08 	14 	299.29 	
规模经销商 	500 万以下 	30 	170.77 	15 	203.28 	10 	230.08 	14 	299.29 	
规模经销商 										
规模经销商 	小计 	34 	232.07 	31 	598.01 	27 	674.39 	24 	587.55 	
										
单列经销商 	100 万以上 	3 	194.46 	15 	164.31 	21 	159.42 	13 	221.08 	
单列经销商 	50 万至 100 万元 	11 	70.81 	39 	70.10 	23 	69.15 	17 	72.05 	
单列经销商 	50 万至 100 万元 	11 	70.81 	39 	70.10 	23 	69.15 	17 	72.05 	
单列经销商 										
单列经销商 	50 万以下 	111 	16.69 	74 	15.12 	81 	14.77 	78 	13.72 	
单列经销商 										
单列经销商 	小计 	125 	25.72 	128 	49.35 	125 	49.08 	108 	47.86 	
普通经销商 	100 万以上 	- 	- 	6 	174.17 	9 	189.84 	16 	209.29 	
普通经销商 	100 万以上 	- 	- 	6 	174.17 	9 	189.84 	16 	209.29 	
普通经销商 										
普通经销商 	50 万至 100 万 	3 	70.52 	13 	72.81 	12 	68.32 	32 	66.38 	
普通经销商 										
普通经销商 	50 万以下 	157 	15.32 	64 	19.25 	66 	35.34 	150 	26.15 	
普通经销商 	小计 	160 	16.36 	83 	38.84 	87 	55.87 	198 	47.45 	
普通经销商 	小计 	160 	16.36 	83 	38.84 	87 	55.87 	198 	47.45 	
										
 	规模经销商 	单列经销商 	普通经销商 							
1、市场开发 	可以发展下级经销商 	原则上不可以发展下级经销商 	原则上不可以发展下级经销商 							
2、经销区域 	大区域经销 	小区域经销 	视客观情况确定 							
2、门店建设要求 	在经销区域内，除自有门店需按统一标准建设外，还需在下级经销商的门店建设中配备一定数量的标准门店 	在经销区域内，需配备一定数量的标准门店 	协商确定 							
3、广告宣传投入范围 	除在自有门店周边范围内投放广告外，还需在经销区域内大范围的投入 	基本在自有门店周边范围内投放广告，范围较小 	基本在自有门店周边范围内投放广告，范围较小 							
4、营销团队建设 	需构建必要的营销组织，配备专门的营销团队 	无约定 	无约定 							
5、经销期限 	1 年-5 年 	1 年 	1 年 							
6、对下级经销渠道的产品加价权 	有小幅度的提价权 	- 	- 							
7、销售激励政策 	多 	较多 	较少 							
										
项 目 	2016 年上半年 	2015 年度 	2014 年度 	2013 年度 						
现金收款额（不含税） 	3.71 	16.53 	28.26 	 121.07  						
占主营业务收入的比例 	0.01% 	0.03% 	0.06% 	0.27% 						
										
序号 	省份 	报告期末标准店家数 								
										
1 	江苏省 	68 								
2 	河南省 	15 								
2 	河南省 	15 								
										
3 	河北省 	42 								
										
4 	湖北省 	42 								
5 	湖南省 	50 								
5 	湖南省 	50 								
										
6 	内蒙古 	35 								
										
7 	山东省 	50 								
8 	山西省 	24 								
8 	山西省 	24 								
										
9 	江西省 	35 								
										
10 	浙江省 	22 								
11 	安徽省 	28 								
11 	安徽省 	28 								
12 	辽宁省 	20 								
										
13 	福建省 	15 								
14 	云南省 	23 								
14 	云南省 	23 								
										
15 	贵州省 	25 								
										
16 	黑龙江省 	9 								
17 	四川省 	7 								
17 	四川省 	7 								
										
18 	广西 	9 								
										
19 	重庆 	5 								
20 	北京 	16 								
20 	北京 	16 								
										
21 	天津 	4 								
										
22 	新疆 	10 								
23 	宁夏 	5 								
23 	宁夏 	5 								
										
24 	陕西省 	10 								
										
25 	上海市 	8 								
26 	海南省 	3 								
26 	海南省 	3 								
										
27 	吉林省 	7 								
										
28 	甘肃省 	4 								
29 	青海省 	1 								
29 	青海省 	1 								
										
 	合计 	585 								
										
序号 	2016 年上半年 	2015 年 	2014 年 	2013 年 						
1 	杨正文 	 杨正文 	 杨正文 	 杨正文 						
2 	舒泽辉 	 舒泽辉 	  马志明   	  刘红   						
3 	陈荣添 	  马志明   	  张于   	  马志明   						
4 	张于 	  张于   	 舒泽辉 	  王震   						
5 	马志明 	  陈荣添   	  杨森   	  覃帮华   						
6 	刘红 	  万国泉   	  万国泉   	 张兆 						
7 	覃帮华 	  施成雷   	  施成雷   	  谢胜   						
8 	张兆 	  覃帮华   	  刘红   	  郑建新   						
9 	谢胜 	  杨森   	  陈荣添   	 舒泽辉 						
10 	杨森 	  刘红   	  覃帮华   	  邢精富   						
										
2016 年上半年 	2016 年上半年 	2016 年上半年 	2016 年上半年 							
序号 	客户名 	收入 	占该渠道收入比例 							
1 	杨正文 	 931.87  	6.79% 							
2 	舒泽辉 	 759.17  	5.53% 							
3 	陈荣添 	 576.08  	4.20% 							
4 	张于 	 557.03  	4.06% 							
5 	马志明 	 490.11  	3.57% 							
 	小计 	 3,314.26  	24.15% 							
2015 年度 	2015 年度 	2015 年度 	2015 年度 							
序号 	客户名 	收入 	占该渠道收入比例 							
1 	杨正文 	2,122.41 	7.56% 							
2 	舒泽辉 	1,289.57 	4.59% 							
3 	马志明 	1,287.80 	4.59% 							
4 	张于 	1,232.02 	4.39% 							
5 	陈荣添 	1,125.36 	4.01% 							
 	小计 	 7,057.16  	25.13% 							
2014 年度 	2014 年度 	2014 年度 	2014 年度 							
序号 	客户名 	收入 	占该渠道收入比例 							
1 	杨正文 	2,096.03 	7.18% 							
2 	马志明 	1,306.42 	4.47% 							
3 	张于 	1,144.59 	3.92% 							
4 	舒泽辉 	1,125.77 	3.85% 							
5 	杨森 	1,062.19 	3.64% 							
 	小计 	6,735.00 	23.06% 							
2013 年度 	2013 年度 	2013 年度 	2013 年度 							
序号 	客户名 	收入 	占该渠道收入比例 							
1 	杨正文 	2,545.13 	8.88% 							
2 	刘红 	1,072.42 	3.74% 							
3 	马志明 	964.45 	3.36% 							
4 	王震 	898.30 	3.13% 							
5 	覃帮华 	862.46 	3.01% 							
 	小计 	 6,342.76  	22.13% 							
										
经销商类型 	季度销售达标返利 	促销活动投入返利 	年度销售达标返利 							
1、规模经销商 	完成季度销售考核的，按限定产品类别销售额的 2%返利 	完成规定促销活动的，按限定产品类别销售额的 2%返利 	完成年度销售考核指标的，按限定产品类别销售额的 2%-4%加计返利 							
2、单列经销商 	完成季度销售考核的，按限定产品类别销售额的 2%返利 	无 	完成年度销售增长指标的，按限定产品类别销售额的 1%加计返利 							
3、普通经销商 	无 	无 	年度销售增长超过 20%的，按限定产品类别销售额的 2%返利 							
										
 	2016 年上半年 	2015 年 	2014 年 	2013 年 						
返利金额 	449.28 	927.40  	 770.91  	 990.33  						
经销商渠道收入 	13,722.46 	28,079.20 	29,203.84 	28,665.75 						
占比 	3.27% 	3.30% 	2.64% 	3.45% 						
										
 	2016 年上半年 	2015 年 	2014 年 	2013 年 						
收入在 500 万元以上的房地产开发商 	万科地产、恒大地产、中海地产、阳光城、世茂地产 	万科地产、恒大地产、中海地产、金地地产、世茂地产 	恒大地产、万科地 产 、世 茂 地产、中南地产 	恒大地产、万科地产、万达地产 						
										
2016 年上半年 	2016 年上半年 	2016 年上半年 	2016 年上半年 							
序号 	客户名 	收入 	占该渠道收入比例 							
1 	万科地产 	5,090.35 	36.79% 							
2 	恒大地产 	4,317.43 	31.20% 							
3 	中海地产 	1,661.39 	12.01% 							
4 	阳光城 	1,141.12 	8.25% 							
5 	世茂地产 	660.55 	4.77% 							
 	小计 	12,870.84 	93.02% 							
2015 年度 	2015 年度 	2015 年度 	2015 年度 							
序号 	客户名 	收入 	占该渠道收入比例 							
1 	万科地产 	 7,082.39  	38.77% 							
2 	恒大地产 	 5,818.53  	31.85% 							
3 	中海地产 	 2,251.60  	12.33% 							
4 	金地地产 	 1,415.88  	7.75% 							
5 	世茂地产 	 856.66  	4.69% 							
 	小计 	 17,425.06  	95.38% 							
2014 年度 	2014 年度 	2014 年度 	2014 年度 							
序号 	客户名 	收入 	占该渠道收入比例 							
1 	恒大地产 	 3,643.02  	47.34% 							
2 	世茂地产 	 1,764.48  	22.93% 							
3 	万科地产 	 1,057.41  	13.74% 							
4 	中南地产 	 558.56  	7.26% 							
5 	浙江亚厦装饰股份有限公司 	 210.44  	2.73% 							
 	小计 	 7,233.90  	94.00% 							
2013 年度 	2013 年度 	2013 年度 	2013 年度 							
序号 	客户名 	收入 	占该渠道收入比例 							
1 	恒大地产 	 4,062.28  	41.17% 							
2 	万达地产 	 2,686.87  	27.23% 							
3 	万科地产 	 1,220.16  	12.37% 							
4 	济南市城市建设投资有限公司 	 248.59  	2.52% 							
5 	武汉金鸿家居产业发展有限公司 	 177.50  	1.80% 							
 	小计 	 8,395.39  	85.09% 							
										
2016 年上半年 	2016 年上半年 	2016 年上半年 	2016 年上半年 							
序号 	客户名 	收入 	占该渠道收入比例 							
1 	北新房屋有限公司 	 30.56  	44.92% 							
2 	中国庞翱国际贸易 	 18.83  	27.67% 							
3 	宁波欧居进出口有限公司 	 12.75  	18.74% 							
4 	永康市久久太阳进出口有限公司  	 4.88  	7.17% 							
5 	中国达安盛国际建材（北京）有限公司  	 0.22  	0.33% 							
 	小计 	 67.25  	98.84% 							
2015 年度 	2015 年度 	2015 年度 	2015 年度 							
序号 	客户名 	收入 	占该渠道收入比例 							
1 	中国航空技术北京有限公司 	 11,220.51  	94.85% 							
2 	中国建筑股份有限公司 	 458.96  	3.88% 							
3 	中国达安盛国际建材（北京）有限公司 	 35.16  	0.30% 							
4 	中国宁波腾宇金属制品有限公司 	 31.89  	0.27% 							
5 	永康市久久太阳进出口有限公司 	 21.37  	0.18% 							
 	小计 	 11,767.90  	99.48% 							
2014 年度 	2014 年度 	2014 年度 	2014 年度 							
序号 	客户名 	收入 	占该渠道收入比例 							
1 	天津明华供应链管理有限公司 	 40.21  	57.10% 							
2 	福斯蒂亚实业（上海）有限公司 	 10.97  	15.58% 							
3 	中国建筑股份有限公司 	 6.28  	8.92% 							
4 	北新房屋有限公司 	 5.59  	7.93% 							
5 	陆丹 	2.37 	3.37% 							
 	小计 	65.42 	92.90% 							
2013 年度 	2013 年度 	2013 年度 	2013 年度 							
序号 	客户名 	收入 	占该渠道收入比例 							
1 	上海丛远机械有限公司 	 336.68  	57.35% 							
2 	泰兴市万鑫国际贸易有限公司 	 66.62  	11.35% 							
3 	北新房屋有限公司 	 47.92  	8.16% 							
4 	中国建筑股份有限公司 	 39.21  	6.68% 							
5 	永康市久久太阳进出口有限公司 	 37.94  	6.46% 							
 	小计 	 528.37  	90.00% 							
										
客户名 	2015 年 	2014 年 	2013 年 							
中国航空技术北京有限公司 	 11,220.51  	- 	- 							
中国建筑股份有限公司 	 458.96  	 6.28  	 39.21  							
上海丛远机械有限公司 	- 	- 	 336.68  							
北新房屋有限公司 	- 	 5.59  	 47.92  							
泰兴市万鑫国际贸易有限公司 	- 	- 	 66.62  							
温州隆信国际贸易有限公司 	 -  	- 	- 							
小计 	 11,679.48  	 11.87  	 490.43  							
占比 	98.73% 	16.85% 	83.54% 							
										
客户名 	2016 年上半年 	2015 年 	2014 年 	2013 年 	2012 年 					
上海丛远机械有限公司 	- 	- 	- 	 336.68  	 995.86  					
Kingfisher Sourcing Organisation 	1,454.52 	923.79 	1,999.94 	 480.52 	- 					
合计 	1,454.52 	923.79 	1,999.94 	817.20 	995.86 					
										
客户名 	2016 年上半年 	2015 年 	2014 年 	2013 年 						
温州隆信国际贸易有限公司 	- 	- 	- 	- 						
S.C.ADY COMIMPEX GROUP 2004 S.R.L 	- 	- 	1,755.78 	1,539.34 						
SC GIANT STAR SRL 	1,720.19 	2,881.57 	- 	- 						
合计 	1,720.19 	2,881.57 	1,755.78 	1,539.34 						
										
 	2016 年上半年 	2015 年 	2014 年 	2013 年 						
收入在 500万元以上的出口客户 	SC GIANT STAR SRL、 Kingfisher  Sourcing Organisation 	SC GIANT STAR SRL、 Kingfisher  Sourcing Organisation 	Kingfisher  Sourcing Organisation 、S.C.ADY  COMIMPEX GROUP 2004 S.R.L、SC GIANT STAR SRL 	 S.C.ADY COMIMPEX  GROUP 2004 S.R.L、中国建筑股份有限公司阿尔及利亚分公司 						
										
2016 年上半年 	2016 年上半年 	2016 年上半年 	2016 年上半年 							
序号 	客户名 	收入 	占该渠道收入比例 							
1 	罗马尼亚 SC GIANT STAR SRL 	1,720.19 	40.57% 							
2 	香港 Kingfisher Sourcing Organisation 	1,454.52 	34.30% 							
3 	迪拜 ANDALY GENVAS DOOR  TRADING CO.,LTD 	 326.30  	7.70% 							
4 	土库曼斯坦 SLT 	 104.64  	2.47% 							
5 	菲律宾 Stonebridge Corp  	 93.19  	2.20% 							
 	小计 	3,698.84 	87.23% 							
2015 年度 	2015 年度 	2015 年度 	2015 年度 							
序号 	客户名 	收入 	占该渠道收入比例 							
1 	罗马尼亚 SC GIANT STAR SRL 	 2,881.57  	44.67% 							
2 	香港 Kingfisher Sourcing Organisation 	 923.79  	14.32% 							
3 	迪拜 ANDALY GENVAS DOOR  TRADING CO.,LTD 	 697.78  	10.82% 							
4 	墨西哥 Intermuebles Modulares,S.A.de C.V. 	 218.03  	3.38% 							
5 	秘鲁 S﹠S GROUP SAC 	 192.66  	2.99% 							
 	小计 	 4,913.84  	76.17% 							
2014 年度 	2014 年度 	2014 年度 	2014 年度 							
序号 	客户名 	收入 	占该渠道收入比例 							
1 	 香港 Kingfisher Sourcing Organisation  	 1,999.94  	29.77% 							
2 	 罗马尼亚 S.C.ADY COMIMPEX GROUP 2004 S.R.L  	 1,755.78  	26.14% 							
3 	罗马尼亚 SC GIANT STAR SRL 	 570.20  	8.49% 							
4 	土库曼斯坦 SALYKHAT individual enterprise 	 479.70  	7.14% 							
5 	迪拜 ANDALY GENVAS DOOR  TRADING CO.,LTD 	 288.02  	4.29% 							
 	小计 	 5,093.64  	75.83% 							
2013 年度 	2013 年度 	2013 年度 	2013 年度 							
										
序号 	客户名 	收入 	占该渠道收入比例 							
1 	罗马尼亚 S.C.ADY COMIMPEX GROUP 2004 S.R.L 	1,539.34  	28.68% 							
2 	中国建筑股份有限公司阿尔及利亚分公司 	 536.97  	10.00% 							
3 	香港 Kingfisher Sourcing Organisation 	 480.52  	8.95% 							
4 	摩洛哥 TRADE MANAGEMENT 	 392.36  	7.31% 							
5 	土库曼斯坦 SALYKHAT individual enterprise 	 351.07  	6.54% 							
 	小计 	3,300.27  	61.49% 							
										
销售渠道 	运费承担方式 	产品配送方式 								
1、经销商渠道 	由经销商承担 	根据订单要求用公路运输的方式发送至经销商指定地点 								
2、工程客户 	由发行人承担 	根据订单要求用公路运输的方式发送至工程客户指定地点 								
3、主要外贸公司客户 	 	 								
（1）上海丛远 	由上海丛远承担 	根据订单要求用公路运输的方式发送至上海丛远指定地点或者由上海丛远上门提货 								
（2）中国航空北京分公司 	由发行人承担 	根据订单要求用公路运输的方式发送至中航北京分公司指定地点 								
4、出口客户 	由发行人承担 	主要根据订单要求用公路运输的方式发送至指定港口 								
										
项目 	2016 年上半年 	2015 年度 	2014 年度 	2013 年度 						
实木复合门加权平均产能 	100,000 	200,000 	200,000 	176,000  						
实木复合门产量 	90,850 	159,250 	 159,828 	 141,803  						
实木复合门销量 	96,170 	163,799 	 148,712 	 133,019  						
产能利用率 	90.85% 	79.63% 	79.91% 	80.57% 						
产销率 	105.85% 	102.86% 	93.05% 	93.81% 						
										
项目 	2016 年上半年 	2015 年度 	2014 年度 	2013 年度 						
模压门加权平均产能 	400,000 	800,000 	 550,000  	 550,000  						
模压门产量 	365,170 	928,399 	 639,074  	 649,717  						
模压门销量 	374,558 	900,250 	 574,934  	 645,034  						
产能利用率 	91.29% 	116.05% 	116.20% 	118.13% 						
产销率 	102.57% 	96.97% 	89.96% 	99.28% 						
										
 	2016 年上半年 	2016 年上半年 	2015 年 	2015 年 	2014 年 	2014 年 	2013 年 	2013 年 		
 	金额 	比例 	金额 	比例 	金额 	比例 	金额 	比例 		
1、实木复合门 	10,892.29 	34.18% 	18,085.72  	27.98% 	17,935.03  	41.05% 	15,668.54  	35.22% 		
2、模压门 	20,128.27 	63.16% 	45,100.96  	69.79% 	25,493.04  	58.35% 	27,449.50  	61.70% 		
3、其他 	846.86 	2.66% 	 1,441.72  	2.23% 	 259.25  	0.59% 	 1,368.20  	3.08% 		
主营业务收入 	31,867.42 	100% 	64,628.40  	100% 	43,687.32  	100% 	44,486.25  	100% 		
										
 	2016 年上半年 	2016 年上半年 	2015 年 	2015 年 	2014 年 	2014 年 	2013 年 	2013 年 		
 	平均单价 	增幅 	平均单价 	增幅 	平均单价 	增幅 	平均单价 	增幅 		
实木复合门 	1,132.61 	7.26% 	1,104.14 	-8.45% 	1,206.02  	2.39% 	1,177.92  	8.52% 		
模压门 	537.34 	2.58% 	500.98 	12.98% 	 443.41  	4.20% 	 425.55  	7.41% 		
										
 	2016 年上半年 	2016 年上半年 	2015 年 	2015 年 	2014 年 	2014 年 	2013 年 	2013 年 		
 	金额 	比例 	金额 	比例 	金额 	比例 	金额 	比例 		
										
内销 	经销商渠道 	13,722.46 	43.06% 	28,079.20  	43.45% 	29,203.84  	66.85% 	28,665.75  	64.44% 	
内销 	工程客户 	13,836.52 	43.42% 	18,268.30  	28.27% 	 7,696.04  	17.62% 	 9,866.29  	22.18% 	
内销 	外贸公司 	68.04 	0.21% 	11,829.72  	18.30% 	 70.42  	0.16% 	 587.06  	1.32% 	
内销 	小计 	27,627.02 	86.69% 	58,177.21  	90.02% 	36,970.30  	84.62% 	39,119.10  	87.94% 	
出口 	出口 	4,240.40 	13.31% 	 6,451.18  	9.98% 	 6,717.01  	15.38% 	 5,367.15  	12.06% 	
合计 	合计 	31,867.42 	100% 	64,628.40  	100% 	43,687.32  	100% 	44,486.25  	100% 	
										
期间 	客户名称 	金额 	主营业务收入占比 							
2016 年上半年 	万科地产 	5,090.35 	15.97% 							
2016 年上半年 	恒大地产 	4,317.43 	13.55% 							
2016 年上半年 	SC GIANT STAR SRL 	1,720.19 	5.40% 							
2016 年上半年 	中海地产 	1,661.39 	5.21% 							
2016 年上半年 	Kingfisher Sourcing Organisation 	1,454.52 	4.56% 							
2016 年上半年 	小计 	14,243.88 	44.70% 							
2015 年度 	中国航空技术北京有限公司 	11,220.51 	17.36% 							
2015 年度 	万科地产 	7,082.39 	10.96% 							
2015 年度 	恒大地产 	5,818.53 	9.00% 							
2015 年度 	SC GIANT STAR SRL 	2,881.57 	4.46% 							
2015 年度 	中海地产 	2,251.60 	3.48% 							
2015 年度 	小计 	29,254.60 	45.27% 							
2014 年度 	恒大地产 	 3,643.72  	8.34% 							
2014 年度 	杨正文 	 2,096.03  	4.80% 							
2014 年度 	Kingfisher Sourcing Organisation 	 1,999.94  	4.58% 							
2014 年度 	世茂地产 	 1,764.48  	4.04% 							
2014 年度 	S.C.ADY COMIMPEX GROUP 2004 S.R.L 	 1,755.78  	4.02% 							
										
小计 	 11,259.95  	25.77% 								
恒大地产 	 4,065.39  	9.14% 								
万达地产 	 2,686.87  	6.04% 								
杨正文 	2,545.13  	5.72% 								
S.C.ADY COMIMPEX GROUP 2004 S.R.L 	 1,539.34  	3.46% 								
万科地产 	 1,220.16  	2.74% 								
小计 	 12,056.88  	27.10% 								
										
 	2016 年上半年 	2015 年度 	2014 年度 	2013 年度 						
换货 	42.10 	 120.61  	 133.52  	 93.15  						
占当期主营业务收入的比例 	0.13% 	0.19% 	0.31% 	0.21% 						
										
 	2016 年上半年 	2016 年上半年 	2015 年度 	2015 年度 	2014 年度 	2014 年度 	2013 年度 	2013 年度 		
 	采购金额 	占比 	采购金额 	占比 	采购金额 	占比 	采购金额 	占比 		
一、板材 	6,895.72 	43.60% 	 15,480.10  	43.39% 	 12,516.00  	45.78% 	11,212.69  	47.71% 		
二、软皮 	1,884.92 	11.92% 	 3,994.85  	11.20% 	 3,342.05  	12.22% 	 2,970.91  	12.64% 		
三、油漆 	771.67 	4.88% 	 1,617.90  	4.53% 	 1,867.66  	6.83% 	 1,745.68  	7.43% 		
四、五金及配件 	2,289.87 	14.48% 	 6,432.83  	18.03% 	 2,653.19  	9.70% 	 1,633.61  	6.95% 		
五、包装材料 	703.25 	4.45% 	 1,628.87  	4.57% 	 1,037.74  	3.80% 	 959.71  	4.08% 		
六、胶水 	539.47 	3.41% 	 1,181.02  	3.31% 	 796.42  	2.91% 	 794.72  	3.38% 		
七、半成品 	1,866.67 	11.80% 	 4,339.99  	12.16% 	 3,886.31  	14.22% 	 3,579.68  	15.23% 		
八、其它 	863.41 	5.46% 	 1,001.91  	2.65% 	 1,239.46  	4.53% 	 603.75  	2.57% 		
合计 	15,814.99 	100.00% 	 35,677.45  	100.00% 	 27,338.83  	100.00% 	23,500.74  	100.00% 		
										
 	2016 年上半年 	2016 年上半年 	2016 年上半年 	2015 年 	2015 年 	2015 年 				
 	采购数量 	采购金额 	采购占比 	采购数量 	采购金额 	采购占比 				
 	采购数量 	采购金额 	采购占比 	采购数量 	采购金额 	采购占比 				
										
1、中纤板 	 22,469.76  	 3,601.75  	52.23% 	50,374 	8,426.58 	54.43% 				
										
2、齿接板 	 2,739.33  	 648.30  	9.40% 	5,592 	1,339.46 	8.65% 				
3、胶合板 	 4,701.45  	 888.39  	12.88% 	11,814 	2,249.83 	14.53% 				
3、胶合板 	 4,701.45  	 888.39  	12.88% 	11,814 	2,249.83 	14.53% 				
										
4、杨木系列 	 -  	 753.22  	10.92% 	- 	 1,279.10 	8.26% 				
										
5、木方 	- 	 555.15  	8.05% 	- 	 1,067.98  	6.90% 				
6、其它 	- 	 448.91  	6.51% 	- 	 1,117.14  	7.22% 				
6、其它 	- 	 448.91  	6.51% 	- 	 1,117.14  	7.22% 				
										
合计 	- 	 6,895.72  	100% 	- 	15,480.10  	100% 				
										
 	2014 年 	2014 年 	2014 年 	2013 年 	2013 年 	2013 年 				
 	采购数量 	采购金额 	采购占比 	采购数量 	采购金额 	采购占比 				
 	采购数量 	采购金额 	采购占比 	采购数量 	采购金额 	采购占比 				
										
1、中纤板 	40,654 	6,928.83 	55.36% 	40,707 	6,757.12 	60.26% 				
										
2、齿接板 	6,919 	1,718.38 	13.73% 	6,510 	1,536.58 	13.70% 				
3、胶合板 	10,315 	1,949.91 	15.58% 	8,885 	1,672.14 	14.91% 				
3、胶合板 	10,315 	1,949.91 	15.58% 	8,885 	1,672.14 	14.91% 				
										
4、杨木系列 	- 	 826.07  	6.60% 	- 	 385.15  	3.43% 				
										
5、木方 	- 	 438.53  	3.50% 	- 	 584.06  	5.21% 				
6、其它 	- 	 654.28  	5.23% 	- 	 277.62  	2.48% 				
6、其它 	- 	 654.28  	5.23% 	- 	 277.62  	2.48% 				
										
合计 	- 	12,516.00  	100% 	- 	11,212.69  	100% 				
										
 	2016 年上半年 	2016 年上半年 	2016 年上半年 	2015 年 	2015 年 	2015 年 				
 	采购数量 	采购金额 	采购占比 	采购数量 	采购金额 	采购占比 				
 	采购数量 	采购金额 	采购占比 	采购数量 	采购金额 	采购占比 				
										
软皮采购总额 	- 	1,884.92 	100.00% 	- 	 3,994.85  	100.00% 				
										
1、PVC 皮 	293.92 	1,181.07 	62.66% 	 642.17  	 2,568.76  	64.30% 				
2、木皮 	65.08 	601.66 	31.92% 	 114.77  	 1,130.79  	28.31% 				
2、木皮 	65.08 	601.66 	31.92% 	 114.77  	 1,130.79  	28.31% 				
										
3、其它 	- 	102.19 	5.42% 	- 	 295.30  	7.39% 				
										
 	2014 年 	2014 年 	2014 年 	2013 年 	2013 年 	2013 年 				
 	采购数量 	采购金额 	采购占比 	采购数量 	采购金额 	采购占比 				
 	采购数量 	采购金额 	采购占比 	采购数量 	采购金额 	采购占比 				
										
软皮采购总额 	 -    	3,342.05  	100.00% 	 -    	2,970.91  	100.00% 				
										
1、PVC 皮 	 454.98  	1,904.64  	56.99% 	 449.59  	1,603.93  	53.99% 				
2、木皮 	 131.77  	1,258.98  	37.67% 	 123.42  	1,143.03  	38.47% 				
2、木皮 	 131.77  	1,258.98  	37.67% 	 123.42  	1,143.03  	38.47% 				
										
3、其它 	 -    	 178.43  	5.34% 	 -    	 223.95  	7.54% 				
										
供应商 	2016 年上半年 	2015 年度 	2014 年度 	2013 年度 	采购内容 					
外购半成品总额 	1,866.67 	4,339.99 	 3,886.31  	 3,579.68  	 					
其中： 	 	 	 	 	 					
1、江山玖福世家门业有限公司 	- 	967.45 	 2,544.27  	 2,803.94  	模压门相关部件等 					
2、江山市欧嘉门业有限公司 	421.85 	1,058.26 	 654.36  	 180.94  	实木复合门相关部件等 					
3、江山枫尚木业有限公司 	282.84 	544.79 	115.77 	- 	实木复合门相关部件等 					
4、江山市美莱琳门业有限公司 	124.72 	428.87 	- 	- 	模压门相关部件等 					
5、江山市红牌装饰材料有限公司 	- 	308.82 	- 	- 	模压门相关部件等 					
6、江山市金佑科技有限公司 	- 	- 	 270.41  	 355.49  	实木复合门相关部件等 					
7、江山风和家居有限公司 	1,010.25 	93.30 	17.49 	- 	实木复合门相关部件等 					
										
 	2016 年上半年 	2016 年上半年 	2015 年 	2015 年 	2014 年 	2014 年 	2013 年 	2013 年 		
 	单价 	波幅 	单价 	波幅 	单价 	波幅 	 单价 	 波幅 		
1、中纤板（元/m³） 	1,602.93 	-4.18% 	1,672.81 	-1.35% 	1,695.62 	2.15% 	1,659.94 	1.44% 		
2、齿接板（元/m³） 	2,366.63 	-1.20% 	2,395.44 	0.92% 	2,373.68 	0.57% 	2,360.19 	1.88% 		
3、胶合板（元/m³） 	1,889.62 	-0.78% 	1,904.41 	0.91% 	1,887.18 	0.28% 	1,881.96 	-2.33% 		
4、杨木系列（元/m³） 	2,207.62 	-1.70% 	2,245.71 	-2.03% 	2,292.23 	-2.30% 	2,346.11 	4.54% 		
5、PVC 皮（元/平方） 	4.02 	0.46% 	4.00 	-4.45% 	 4.19  	17.34% 	 3.57  	1.71% 		
6、木皮（元/平方） 	9.24 	-6.15% 	9.85 	3.12% 	 9.55  	3.17% 	 9.26  	-5.03% 		
7、油漆（元/KG） 	23.48 	4.64% 	22.44 	9.75% 	 20.45  	3.23% 	 19.81  	16.70% 		
										
期间 	供应商名称 	品种 	采购金额（万元） 	占采购总额比例 						
2016 年上半年 	衢州高霖木业有限公司 	板材 	1,786.99 	11.30% 						
2016 年上半年 	江山风和家居有限公司 	半成品 	1,010.25 	6.39% 						
2016 年上半年 	福建省永安林业（集团）股份有限公司 	板材 	1,005.66 	6.36% 						
2016 年上半年 	广西百色丰林人造板有限公司 	板材 	783.18 	4.95% 						
2016 年上半年 	上海兰实化工有限公司 	油漆 	679.16 	4.29% 						
2016 年上半年 	小计 	 	5,265.24 	33.29% 						
2015 年 	衢州高霖木业有限公司 	板材 	 3,350.55  	9.39% 						
2015 年 	安徽东盾木业有限公司 	板材 	 1,978.87  	5.55% 						
2015 年 	福建省永安林业（集团）股份有限公司 	板材 	 1,848.47  	5.18% 						
2015 年 	徐州安联木业有限公司 	板材 	 1,788.43  	5.01% 						
										
广西百色丰林人造板有限公司 	板材 	 1,276.75  	3.58% 							
小计 	 	 10,243.07  	28.71% 							
江山玖福世家门业有限公司 	半成品 	 2,544.27  	9.31% 							
福建省永安林业（集团）股份有限公司 	板材 	 2,322.16  	8.49% 							
衢州高霖木业有限公司 	板材 	 2,158.40  	7.90% 							
徐州安联木业有限公司 	板材 	 1,712.17  	6.26% 							
广西百色丰林人造板有限公司 	板材 	 1,324.17  	4.84% 							
小计 	 	 10,061.18  	36.80% 							
福建省永安林业（集团）股份有限公司 	板材 	 3,609.19  	15.36% 							
江山玖福世家门业有限公司 	半成品 	2,803.94 	11.93% 							
衢州高霖木业有限公司 	板材 	 2,199.05  	9.36% 							
徐州安联木业有限公司 	板材 	 1,221.43  	5.20% 							
嘉宝莉化工集团股份有限公司 	油漆 	 918.74  	3.91% 							
小计 	 	 10,752.35  	45.76% 							
										
2014 年 										
2013 年 										
										
项 目 	账面原值 	累计折旧 	账面价值 	财务成新率 						
房屋及建筑物 	 12,817.51 	2,867.00 	9,950.51 	77.63% 						
通用设备 	810.41 	627.53 	182.88 	22.57% 						
专用设备 	 11,363.36 	3,996.94 	 7,366.42 	64.83% 						
运输工具 	811.19 	464.71 	346.47 	42.71% 						
合 计 	 25,802.47 	7,956.19 	 17,846.28 	69.17% 						
										
序号 	座落 	房产证号 	面积（㎡) 							
1 	清湖花园岗村花园岗自然村 234 号 	江房权证字第 S056298 号 	28.62 							
2 	清湖花园岗村花园岗自然村 234-1 号 	江房权证字第 S056304 号 	28.62 							
3 	清湖花园岗村花园岗自然村 234-2 号 	江房权证字第 S056297 号 	3,403.5 							
4 	清湖花园岗村花园岗自然村 234-3 号 	江房权证字第 S056312 号 	2,924.14 							
5 	清湖花园岗村花园岗自然村 234-4 号 	江房权证字第 S056306 号 	5,361.55 							
6 	清湖花园岗村花园岗自然村 234-5 号 	江房权证字第 S056305 号 	5,361.55 							
7 	清湖花园岗村花园岗自然村 234-6 号 	江房权证字第 S056294 号 	216.18 							
8 	清湖花园岗村花园岗自然村 234-7 号 	江房权证字第 S056296 号 	775.30 							
9 	清湖花园岗村花园岗自然村 234-8 号 	江房权证字第 S056313 号 	124.30 							
10 	清湖花园岗村花园岗自然村 234-9 号 	江房权证字第 S056299 号 	144.90 							
11 	清湖花园岗村花园岗自然村 234-10 号 	江房权证字第 S056300 号 	22.40 							
12 	清湖花园岗村花园岗自然村 234-11 号 	江房权证字第 S056303 号 	59.20 							
13 	清湖花园岗村花园岗自然村 234-12 号 	江房权证字第 S056301 号 	2,226.95 							
14 	清湖花园岗村花园岗自然村 234-13 号 	江房权证字第 S056302 号 	188.28 							
15 	清湖花园岗村花园岗自然村 234-14 号 	江房权证字第 S056314 号 	3,547.83 							
16 	贺村淤头村淤达山自然村 8-1 号 	江房权证字第 S066200 号 	7,325.86 							
17 	贺村淤头村淤达山自然村 8-2 号 	江房权证字第 S066202 号 	7,988.64 							
18 	贺村淤头村淤达山自然村 8-3 号 	江房权证字第 S066204 号 	7,988.64 							
19 	贺村淤头村淤达山自然村 8-4 号 	江房权证字第 S066203 号 	7,988.64 							
20 	贺村淤头村淤达山自然村 8-7 号 	江房权证字第 S066201 号 	11,158.07 							
21 	贺村淤头村淤达山自然村 8-8 号 	江房权证字第 S066205 号 	11,158.07 							
22 	贺村淤头村淤达山自然村 8-9 号 	江房权证字第 S066199 号 	5,795.23 							
23 	贺村淤头村淤达山自然村 8-10 号 	江房权证字第 S066197 号 	2,067.61 							
24 	贺村淤头村淤达山自然村 8 号 	江房权证字第 S066198 号 	7,271.26 							
25 	贺村淤头村於达山自然村 8-12 号 	江房权证字第 S078794 号 	10,783.94 							
26 	贺村淤头村於达山自然村 8-13 号 	江房权证字第 S078795 号 	6,874.43 							
27 	贺村淤头村於达山自然村 8-14 号 	江房权证字第 S078792 号 	9,302.16 							
28 	贺村淤头村於达山自然村 8-15 号 	江房权证字第 S078793 号 	9,302.16 							
29 	贺村淤头村於达山自然村 8-16 号 	江房权证字第 S078790 号 	11,563.02 							
30 	贺村淤头村於达山自然村 8-17 号 	江房权证字第 S078791 号 	11,558.51 							
31 	贺村淤头村於达山自然村 8-18 号 	江房权证字第 S078789 号 	5,493.25 							
										
序号 	商标图案 	核定分类 	商标号/ 注册号 	核定使用商品 	注册有效期 					
1 	 	6 	3134909 	金属门,金属门框,金属窗框,金属铰链,关门器（非电动）,吊窗滑轮 	2003.8.21- 2023.8.20 					
2 	 	19 	4411926 	栏杆,非金属折门,非金属门,非金属窗,非金属百叶窗,建筑用非金属门廊,非金属门,非金属门板,非金属门框,非金属门框架 	2008.3.21- 2018.3.20 					
3 	 	19 	7109873 	栏杆,非金属折门,非金属门,非金属窗,非金属百叶窗,建筑用非金属门廊,非金属大门,非金属门板,非金属门框,非金属门框架 	2010.7.14- 2020.7.13 					
4 	 	19 	10196432 	非金属天花板,非金属集成吊顶,非金属门,非金属隔板,非金属建筑材料,非金属楼梯,非金属建筑物遮盖物,非金属园艺格架,非金属槽 	2013.2.28- 2023.2.27 					
5 	 	19 	10196433 	非金属天花板,非金属集成吊顶,非金属门,非金属隔板,非金属建筑材料,非金属楼梯,非金属建筑物遮盖物,非金	2013.2.28- 2023.2.27 					
										
属园艺格架,非金属槽 										
非金属天花板,非金属集成吊顶,非金属门,非金属隔板,非金属建筑材料,非金属楼梯,非金属建筑物遮盖物,非金属园艺格架,非金属槽 	2013.2.28- 2023.2.27 									
金属天花板,金属集成吊顶,金属楼梯,金属简易小浴室,金属建筑物,金属栅栏,金属建筑材料,金属门,金属隔板(建筑),家具用金属附件 	2013.7.7- 2023.7.6 									
非金属天花板,非金属楼梯,非金属集成吊顶,建筑用塑料管,非金属门,建筑用非金属遮盖物,非金属隔板,非金属园艺格架,非金属建筑材料,非金属檐槽,非金属窗,栏杆,非金属折门,建筑用非金属门廊,非金属门框,非金属百叶窗,非金属门框架,非金属门板 	2013.8.7- 2023.8.6 									
金属天花板,金属栅栏,金属集成吊顶,金属建筑材料,金属楼梯,金属门,金属制简易小屋,金属隔板,金属建筑物,金属门框,金属窗框,金属铰链,吊窗滑轮,关门器(非电动),家具用金属附件 	2013.8.7- 2023.8.6 									
金属天花板,金属栅栏,金属集成吊顶,金属建筑材料,金属楼梯,金属门,金属制简易小屋,金属隔板,金属建筑物,金属门框,金属窗框,金属铰链,吊窗滑轮,关门器(非电动),家具用金属附件 	2014.3.21- 2024.3.20 									
建筑用非金属外表面,非金属护壁板 	2014.4.21-2024.4.20 									
										
6 	 	19 	10196434 							
7 	 	6 	10196437 							
8 	 	19 	10865294 							
9 	 	6 	10865298 							
10 	 	6 	10865295 							
11 	 	19 	11630241 							
										
12 	 	19 	11630249 	建筑用非金属外表面,非金属护壁板 	2014.4.21-2024.4.20 					
13 	 	6 	11629093 	金属门,金属门框,金属窗框,金属铰链,关门器（非电动）,吊窗滑轮 	2014.5.21-2024.5.20 					
14 	 	19 	11629097 	栏杆,非金属折门、非金属门,非金属窗,非金属百叶窗,建筑用非金属门廊,非金属大门,非金属门板,非金属门框,非金属门框架 	2014.5.21-2024.5.20 					
15 	 	19 	10196431 	非金属天花板,栏杆,非金属门,非金属隔板,非金属建筑材料,非金属门框,非金属折门,非金属百叶窗,非金属门板,非金属楼梯,非金属建筑物遮盖物,非金属园艺格架,非金属槽,非金属窗,建筑用非金属门廊,非金属门框架,非金属集成吊顶 	2014.5.28-2024.5.27 					
16 	 	6 	10865297 	金属铰链；吊窗滑轮；关门器(非电动)；家具用金属附件 	2015.4.7- 2025.4.6 					
17 	 	6 	14876197 	金属门板；金属门框；金属门；金属楼梯；金属天花板；金属建筑物；金属建筑材料；金属窗；金属隔板；金属栅栏；金属地板；金属铰链；金属锁（非电） 	2015.7.21-2025.7.20 					
18 	 	19 	14876260 	非金属折门；非金属隔板；非金属门；非金属门框；非金属门板；非金属百叶窗；非金属吊顶；非金属地板；非金属建筑材料；非金属窗；非金属天花板；非金属楼梯 	2015.8.14-2025.8.13 					
19 	 	35 	14876364 	广告；广告宣传；为零售目的在通讯媒体上展示商品；广告策划；货物展出；商业管理咨询；组织商业或广告展览；组织商业或广告交易会；商业专业咨询；特许经营的商业管理；进出口代理；市场营销；替他人采购（替其他企业购买商品或服务）；替他人推销；拍卖 	2015.8.14-2025.8.13 					
20 	 	19 	15116712 	非金属地板砖；非金属窗；非金属隔板；非金属楼梯；非金属地板；非金属门框；非金属建筑材料；非金属折门；非金属门；非金属天花板；非金属门板 	2015.9.21-2025.9.20 					
21 	 	20 	15116760 	床；茶几；家具；搁物架(家具)；柜台(台子)；沙发；衣服罩(衣柜) ；餐具柜；床垫；碗柜；服装架；金属家具；衣帽架；椅子(座椅)；床架（木制） 	2015.9.21-2025.9.20 					
22 	 	6 	15410733 	金属建筑材料；金属地板；金属百叶窗；金属楼梯；金属窗；金属天花板；金属栅栏；金属建筑物；金属隔板；金属合页 	2015.11.7-2025.11.6 					
23 	 	19 	15410724 	非金属栅栏；非金属檐槽；非金属天花板；非金属隔板；建筑用非金属框；非金属建筑材料；非金属搁栅；建筑用非金属遮盖物；非金属楼梯；非金属支架 	2015.11.7-2025.11.6 					
24 	 	19 	14965908 	胶合板；纤维板；石膏板；非金属建筑材料；非金属门；非金属窗；非金属地板；非金属天花板；非金属楼梯；建筑用窗玻璃 	2015.11.21-2025.11.20 					
25 	 	6 	14965945 	金属地板；金属楼梯；金属窗；金属天花板；金属门；金属制简易小屋；金属合页；金属铰链；金属锁（非电） 	2015.12.14-2025.12.13 					
26 	 	6 	15731849 	金属楼梯；金属制简易小屋；金属门；金属天花板；金属地板；金属窗；金属铰链；金属合页；金属锁（非电） 	2016.1.07-2026.1.06 					
27 	 	20 	15733356 	家具；床垫；床；金属家具；沙发；家具用非金属附件；门用非金属附件 	2016.1.14-2026.1.13 					
28 	 	19 	14965995 	胶合板；纤维板；人造石；大理石；石膏板；玻璃马赛克；非金属地板砖；瓷砖；非金属建筑材料；非金属天花板；非金属窗；非金属门；非金属楼梯；建筑用窗玻璃 	2016.2.14-2026.2.13 					
29 	 	6 	15666828 	金属门；金属天花板；金属楼梯；金属建筑物；金属建筑材料；金属隔板；金属窗框；金属栅栏；家具用金属附件 	2016.3.28-2026.3.27 					
30 	 	19 	15666875 	非金属门；非金属折门；非金属门板；非金属门框；非金属隔板；非金属窗；非金属建筑材料；非金属天花板；非金属楼梯 	2016.3.28-2026.3.27 					
31 	 	6 	15666271 	金属门；金属天花板；金属楼梯；金属建筑物；金属建筑材料；金属隔板；金属窗框；金属栅栏； 	2016.3.28-2026.3.27 					
32 	 	19 	15666397 	非金属门；非金属折门；非金属门板；非金属门框；非金属隔板；非金属窗；非金属建筑材料；非金属天花板；非金属楼梯 	2016.3.28-2026.3.27 					
33 	 	6 	15732536 	金属楼梯；金属制简易小屋；金属门；金属天花板；金属地板；金属窗；金属铰链；金属合页；金属锁（非电） 	2016.3.28-2026.3.27 					
										
序号 	商标图案 	核定分类 	商标号/ 注册号 	核定使用商品 	注册有效期 	注册地 				
1 	 	6 	009333485 	金属门、金属门框、金属窗框架、金属铰链、门开关器（金属）、吊窗滑轮、金属门装置、门防护金属链、金属锁（非电）、金属合页 	2010.08.25- 2020.08.25 	欧盟 				
2 	 	19 	009333485 	栏杆、非金属折门、非金属门、非金属窗、非金属百叶窗、建筑用非金属门廊、非金属门、非金属门板、非金属门框、非金属门框架 	2010.08.25- 2020.08.25 	欧盟 				
3 	 	20 	009333485 	家具、非金属门装置、办公家具、用木材或木材替代品制成的家具、学校用家具、金属家具、金属门、家具非金属部件、室内板条百叶窗、橱柜 	2010.08.25- 2020.08.25 	欧盟 				
4 	 	6 	147174 	金属门、金属门框、金属窗框、金属铰链、关门器（非电动）、吊窗滑轮、金属门装置、金属安全链、	2011.11.10- 2020.08.26 	乌克兰 				
										
金属锁（非电）、金属合页 										
栏杆、非金属折门、非金属门、非金属窗、非金属百叶窗、建筑用非金属门廊、非金属大门、非金属门板、非金属门框、非金属门框架 	2011.11.10- 2020.08.26 	乌克兰 								
金属门、金属门框、金属窗框、金属铰链、金属门闩、金属窗滑轮、金属门装置、用于门警装置的金属铰链、金属锁（非电）、金属合页 	2012.10.09- 2022.10.09 	美国 								
栏杆、非金属折门、非金属门、非金属窗、非金属百叶窗、建筑用非金属门廊、非金属大门、非金属门板、非金属门框、非金属门框架 	2012.10.09- 2022.10.09 	美国 								
家具、非金属门装置、办公家具、用木材或木材替代品制成的家具、学校用家具、金属家具、金属门、家具非金属部件、室内板条百叶窗、橱柜 	2012.10.09- 2022.10.09 	美国 								
										
5 	 	19 	147174 							
6 	 	6 	4223012 							
7 	 	19 	4223013 							
8 	 	20 	4223014 							
										
公司名称： 	佛山市欧钛金门业有限公司 									
注册号： 	440682000275303 									
法定代表人： 	杨正文 									
住所： 	佛山市南海区狮山镇穆院村“陶洞岗、氹底坑” 									
经营范围： 	产销、加工：铝合金门窗及配件、五金配件、机械设备及配件 									
注册资本： 	60 万元 									
成立日期： 	2011 年 7 月 14 日 									
经营期限： 	长期 									
股权结构： 	杨正文出资 60 万元，持股比例 100% 									
董事、监事及经理 	执行董事兼经理：杨正文 监事：王德兴 									
法定代表人： 	郝兆明 									
住所： 	哈尔滨市道里区榆树镇新乡村 									
经营范围： 	门窗、家具、防盗门、木制楼梯、橱柜的制作 									
注册资本： 	498 万元 									
成立日期： 	2013 年 6 月 9 日 									
经营期限： 	2013 年 6 月 9 日至 2063 年 6 月 8 日 									
股权结构： 	郝兆明出资 166 万元，占比 33.33%； 全惠斌出资 166 万元，占比 33.33%； 刘志利出资 166 万元，占比 33.33%。 									
董事、监事及经理 	执行董事：郝兆明 经理：郝兆明 监事：全惠斌 									
										
公司名称： 	哈尔滨欧宝木业有限公司 									
注册号： 	230102100269581 									
法定代表人： 	郝兆明 									
住所： 	哈尔滨市道里区榆树镇新乡村 									
经营范围： 	门窗、家具、防盗门、木制楼梯、橱柜的制作 									
注册资本： 	498 万元 									
成立日期： 	2013 年 6 月 9 日 									
经营期限： 	2013 年 6 月 9 日至 2063 年 6 月 8 日 									
股权结构： 	郝兆明出资 166 万元，占比 33.33%； 全惠斌出资 166 万元，占比 33.33%； 刘志利出资 166 万元，占比 33.33%。 									
董事、监事及经理 	执行董事：郝兆明 经理：郝兆明 监事：全惠斌 									
										
序号 	专利名称 	专利号 	有效期 	形式 						
1 	木线条底漆滚涂装置 	ZL201310550114.9 	2033.11.07 	发明专利 						
2 	漆渣混凝土 	ZL201310677917.0 	2033.12.12 	发明专利 						
3 	一种三聚氰胺浸渍纸异型贴面压贴方法 	ZL201010241230.9 	2030.7.29 	发明专利 						
4 	薄形集成材热压生产方法 	ZL200510089213.7 	2025.7.24 	发明专利 						
5 	一种门套档条密封条安装的设备 	ZL201410401917.2 	2034.8.13 	发明专利 						
6 	拼装玻璃门 	ZL200920119930.3 	2019.5.17 	实用新型 						
7 	一种榫槽联接结构 	ZL200920119931.8 	2019.5.17 	实用新型 						
8 	拼装式门套 	ZL200920122030.4 	2019.6.10 	实用新型 						
9 	隔音阻燃门 	ZL200920202747.X 	2019.12.16 	实用新型 						
10 	框架结构拼装门 	ZL201020555283.3 	2020.9.29 	实用新型 						
11 	网状结构门 	ZL201020555260.2 	2020.9.29 	实用新型 						
12 	组合式门套 	ZL201020555285.2 	2020.9.29 	实用新型 						
13 	锯铣组合式刀具 	ZL201020571473.4 	2020.10.20 	实用新型 						
14 	一种装饰线条的固定结构 	ZL201120118643.8 	2021.4.20 	实用新型 						
15 	一种门套与挡门条的组合结构 	ZL201220061708.4 	2022.2.23 	实用新型 						
16 	一种 L 型木线条的组合结构 	ZL201220061651.8 	2022.2.23 	实用新型 						
17 	门套线条组合结构 	ZL201220089424.6 	2022.3.11 	实用新型 						
18 	线条连接结构 	ZL201220089448.1 	2022.3.11 	实用新型 						
19 	玻璃压条 	ZL201220120954.2 	2022.3.27 	实用新型 						
20 	组装式门框结构 	ZL201220186881.7 	2022.4.27 	实用新型 						
21 	拆装式门套 	ZL201320140485.5 	2023.3.25 	实用新型 						
22 	门套板锯切专用推台锯 	ZL201320701811.5 	2023.11.7 	实用新型 						
23 	一种实木复合门套 	ZL201320590278.X 	2023.9.23 	实用新型 						
24 	一种哑口套结构 	ZL201320819551.1 	2023.12.12 	实用新型 						
25 	一种复合门套组件 	ZL201420323972.X 	2024.06.17 	实用新型 						
26 	一种门套挡条密封条安装的设备 	ZL201420458693.4 	2024.08.13 	实用新型 						
27 	自动贴面装置 	ZL201420460985.1 	2024.08.14 	实用新型 						
28 	一种钢木复合门套 	ZL2015205256974 	2025.07.19 	实用新型 						
29 	一种组合式门套 	ZL201520525932.8 	2025.07.19 	实用新型 						
30 	一种线条式门套 	ZL201520620560.7 	2025.08.17 	实用新型 						
31 	一种简化对开门企口装置 	ZL201520614104.1 	2025.08.13 	实用新型 						
32 	UV 辊涂线砂光机的前端压辊装置 	ZL201520525698.9 	2025.09.19 	实用新型 						
33 	一种油漆回收装置 	ZL201520734151.X 	2025.09.20 	实用新型 						
34 	一种热转印膜贴面实木复合门 	ZL201520955113.7 	2025.11.24 	实用新型 						
35 	一种自动喷漆设备 	ZL201620021207.1 	2026.01.10 	实用新型 						
36 	一种折边线条 	ZL201620011135.2 	2026.01.03 	实用新型 						
37 	门楣（XLK-001） 	ZL201530129746.8 	2025.05.05 	外观专利 						
38 	门楣（XLK-002） 	ZL201530129742.X 	2025.05.05 	外观专利 						
39 	木门（OPS-609） 	ZL201530129473.7 	2025.05.05 	外观专利 						
40 	木门（OPS-502） 	ZL201530129662.4 	2025.05.05 	外观专利 						
41 	木门（OPS-414） 	ZL201530129768.4 	2025.05.05 	外观专利 						
42 	木门（OPS-402） 	ZL201530129522.7 	2025.05.05 	外观专利 						
43 	木门（OPM-030） 	ZL201530129691.0 	2025.05.05 	外观专利 						
44 	木门（OPH-310） 	ZL201530129559.X 	2025.05.05 	外观专利 						
45 	木门（OPH-307） 	ZL201530129444.0 	2025.05.05 	外观专利 						
46 	木门（OPH-113） 	ZL201530129432.8 	2025.05.05 	外观专利 						
47 	木门（OPK-202） 	ZL201530129736.4 	2025.05.05 	外观专利 						
48 	木门（OPK-107） 	ZL201530129375.3 	2025.05.05 	外观专利 						
49 	木门（OPD-104） 	ZL201530108721.x 	2025.05.05 	外观专利 						
50 	木门（OPD-105） 	ZL201530108851.3 	2025.05.05 	外观专利 						
51 	木门（OPD-106） 	ZL201530108845.8 	2025.05.05 	外观专利 						
52 	木门（OPD-204） 	ZL201530108852.8 	2025.05.05 	外观专利 						
53 	木门（OPD-205） 	ZL201530108868.9 	2025.05.05 	外观专利 						
54 	木门（OPS-410） 	ZL201530108837.3 	2025.05.05 	外观专利 						
55 	木门（OPS-504） 	ZL201530108836.9 	2025.05.05 	外观专利 						
56 	木门（OPS-514） 	ZL201530108827.X 	2025.05.05 	外观专利 						
57 	木门（OPS-608） 	ZL201530109508.0 	2025.05.05 	外观专利 						
58 	木门（OPH-102） 	ZL201530108738.5 	2025.05.05 	外观专利 						
59 	木门（OPH-105） 	ZL201530108894.1 	2025.05.05 	外观专利 						
60 	木门（OPH-204） 	ZL201530108755.9 	2025.05.05 	外观专利 						
61 	木门（OPH-304） 	ZL201530108063.4 	2025.05.05 	外观专利 						
62 	木门（OPH-315） 	ZL201530107877.6 	2025.05.05 	外观专利 						
63 	木门（OPM-047） 	ZL201530108041.8 	2025.05.05 	外观专利 						
64 	木门（OPM-049） 	ZL201530106879.3 	2025.05.05 	外观专利 						
65 	木门（OPM-054） 	ZL201530107934.0 	2025.05.05 	外观专利 						
66 	木门（OPM-070） 	ZL201530108141.0 	2025.05.05 	外观专利 						
67 	木门（OPM-139） 	ZL201530107488.3 	2025.05.05 	外观专利 						
68 	木门（OPK-109） 	ZL201530108040.3 	2025.05.05 	外观专利 						
69 	木门（OPK-110） 	ZL201530106343.1 	2025.05.05 	外观专利 						
70 	木门（OPK-112） 	ZL201530104671.8 	2025.05.05 	外观专利 						
71 	木门（OPK-312） 	ZL201530102317.1 	2025.05.05 	外观专利 						
72 	木门（OPK-315） 	ZL201530108114.3 	2025.05.05 	外观专利 						
73 	木门(OPM-145) 	ZL201430339728.8 	2024.09.14 	外观专利 						
74 	木门(OPH-101) 	ZL201430040642.5 	2024.3.03 	外观专利 						
75 	木门(OPH-302) 	ZL201430040558.3 	2024.3.03 	外观专利 						
76 	木门(OPH-107) 	ZL201430040542.2 	2024.3.03 	外观专利 						
77 	木门(OPH-110) 	ZL201430040358.8 	2024.3.03 	外观专利 						
78 	木门(OPM-085) 	ZL201430040583.1 	2024.3.03 	外观专利 						
79 	木门(OPH-310) 	ZL201430040497.0 	2024.3.03 	外观专利 						
80 	木门(OPM-084) 	ZL201430040380.2 	2024.3.03 	外观专利 						
81 	木门(OPM-139) 	ZL201430040587.X 	2024.3.03 	外观专利 						
82 	木门(OPH-105) 	ZL201430040367.7 	2024.3.03 	外观专利 						
83 	产品展示活动房(家立方) 	ZL201130436588.2 	2021.11.23 	外观专利 						
										
序号 	土地证号 	地址 	面积（㎡) 							
1 	江国用（2011）第 125-14488 号 	江山市清湖镇花园岗村花园岗自然村 234 号 	33,246.10 							
2 	江国用（2012）第 113-21499 号 	江山市贺村镇淤头村淤达山自然村 8-1 号、8-10 号 	35,681.20 							
3 	江国用（2012）第 113-21508 号 	江山市贺村镇淤头村淤达山自然村 8 号 	46,011.90 							
4 	江国用（2012）第 113-27351 号 	江山市贺村镇淤头村淤达山自然村 8 号 	106,656.60 							
										
序号 	技术名称 	来源 	作用 							
1 	A 型门套组拼工艺技术 	自主研发 	提高门扇与门套安装过程中间隙的准确度，部件化生产，效率高，便于安装 							
2 	燕尾封边左右开槽技术 	自主研发 	提高产品生产效率 							
3 	门皮二次吸塑工艺 	自主研发 	提高门皮吸塑质量 							
4 	薄木贴面工艺 	自主研发 	提高贴面质量，减小透胶 							
5 	大线条铣型工艺 	自主研发 	一次成型，解决异型工件的铣型 							
6 	自动化大板包覆工艺 	自主研发 	节约原材料，实现无人操作 							
										
项目 	2016 年上半年 	2015 年度 	2014 年度 	2013 年度 						
研发支出 	1,039.61 	2,307.54 	1,953.87 	1,620.28  						
研发支出占营业收入比例 	3.20% 	3.51% 	4.33% 	3.54% 						
										
序号 	项目名称 	研发进展 	研发目标 							
1 	环保水性漆在木门上运用的的研究开发 	调研 	减少能源消耗 							
2 	产品数据化管理研究开发 	调研 	提高劳动生产率 							
3 	自动化程控流水木门生产线 	调研 	提高劳动效率 							
4 	设备自动喷涂油漆技术研发 	中试 	提高材料利用率,提高劳动生产率 							
5 	SPF 材质在木门上的研究开发 	中试 	提高材料利用率,提高劳动生产率 							
6 	经典系列产品的研究开发 	中试 	新产品开发 							
										
