客户类型 	客户是否提供联盟平台 	客户是否提供联盟平台 	数据条件 	收入确认原则 	期后调整事项 						
电商、品牌商 	客户 有 联盟平台 	客户 有 联盟平台 	客户的联盟后台可以查看当月佣金信息 	月末根据联盟后台显示的当月佣金确认为当月收入 	公司按合同约定，在次月或隔月与客户 正 式 结 算 佣 金后，将正式结算佣金和已确认佣金的差异调整在正式结						
电商、品牌商 	客户 有 联盟平台 	客户 有 联盟平台 	客户的联盟后台无法查看当月佣金信息 	月末根据公司的数据中心接口数据*（1-订单折损率）确认为当月电商导购	公司按合同约定，在次月或隔月与客户 正 式 结 算 佣 金后，将正式结算佣金和已确认佣金的差异调整在正式结						
客户类型 	客户是否提供联盟平台 	客户是否提供联盟平台 	数据条件 	收入确认原则 	期后调整事项 						
佣金收入 	算当月； 当期财务报表报出日前完成对账的，正式结算佣金和已确认佣金的差异调整在当期 										
月末根据公司的数据中心接口数据*（1-订单折损率）确认为当月电商导购佣金收入 	算当月； 当期财务报表报出日前完成对账的，正式结算佣金和已确认佣金的差异调整在当期 										
按客户对账单金额确认为结算当月电商导购佣金收入 	- 										
											
客户 无 联盟平台 	公司的数据中心可以提取订单信息 										
客户 无 联盟平台 	公司的数据中心无法提取订单信息 										
											
序号 	法律法规名称 	主要条款 									
1 	《合同法》 	第四百零二条  受托人以自己的名义，在委托人的授权范围内与第三人订立的合同，第三人在订立合同时知道受托人与委托人之间的代理关系的，该合同直接约束委托人和第三人，但有确切证据证明该合同只约束受托人和第三人的除外。 第四百零三条  受托人以自己的名义与第三人订立合同时，第三人不知道受托人与委托人之间的代理关系的，受托人因第三人的原因对委托人不履行义务，受托人应当向委托人披露第三人，委托人因此可以行使受托人对第三人的权利，但第三人与受托人订立合同时如果知道该委托人就不会订立合同的除外。 受托人因委托人的原因对第三人不履行义务，受托人应当向第三人披露委托人，第三人因此可以选择受托人或者委托人作为相对人主张其权利，但第三人不得变更选定的相对人。 委托人行使受托人对第三人的权利的，第三人可以向委托人主张其对受托人的抗辩。第三人选定委托人作为其相对人的，委托人可以向第三人主张其对受托人的抗辩以及受托人对第三人的抗辩。 									
2 	《消费者权益保护法》 	第二十四条  经营者提供的商品或者服务不符合质量要求的，消费者可以依照国家规定、当事人约定退货，或者要求经营者履行更换、修理等义务。没有国家规定和当事人约定的，消费者可以自收到商品之日起七日内退货；七日后符合法定解除合同条件的，消费者可以及时退货，不符合法定解除合同条件的，可以要求经营者履行更换、修理等义务。 依照前款规定进行退货、更换、修理的，经营者应当承担运输等必要费用。 第二十五条  经营者采用网络、电视、电话、邮购等方式销售商品，消费者有权自收到商品之日起七日内退货，且无需说明理由，但下列商品除外： 									
序号 	法律法规名称 	主要条款 									
（一）消费者定作的； （二）鲜活易腐的； （三）在线下载或者消费者拆封的音像制品、计算机软件等数字化商品； （四）交付的报纸、期刊。 除前款所列商品外，其他根据商品性质并经消费者在购买时确认不宜退货的商品，不适用无理由退货。 消费者退货的商品应当完好。经营者应当自收到退回商品之日起七日内返还消费者支付的商品价款。退回商品的运费由消费者承担；经营者和消费者另有约定的，按照约定。 											
第三条  本办法所称网络商品交易，是指通过互联网（含移动互联网）销售商品或者提供服务的经营活动。 本办法所称有关服务，是指为网络商品交易提供第三方交易平台、宣传推广、信用评价、支付结算、物流、快递、网络接入、服务器托管、虚拟空间租用、网站网页设计制作等营利性服务。 第九条  网上交易的商品或者服务应当符合法律、法规、规章的规定。法律、法规禁止交易的商品或者服务，经营者不得在网上进行交易。 第十条 网络商品经营者向消费者销售商品或者提供服务，应当遵守《消费者权益保护法》和《产品质量法》等法律、法规、规章的规定，不得损害消费者合法权益。 第二十二条  第三方交易平台经营者应当是经工商行政管理部门登记注册并领取营业执照的企业法人。 前款所称第三方交易平台，是指在网络商品交易活动中为交易双方或者多方提供网页空间、虚拟经营场所、交易规则、交易撮合、信息发布等服务，供交易双方或者多方独立开展交易活动的信息网络系统。 											
第五条  进口货物的收货人、出口货物的发货人、进境物品的所有人，是关税的纳税义务人。 第三十条  纳税义务人应当依法如实向海关申报，并按照海关的规定提供有关确定完税价格、进行商品归类、确定原产地以及采取反倾销、反补贴或者保障措施等所需的资料；必要时，海关可以要求纳税义务人补充申报。 第三十七条  纳税义务人应当自海关填发税款缴款书之日起１５日内向指定银行缴纳税款。纳税义务人未按期缴纳税款的，从滞纳税款之日起，按日加收滞纳税款万分之五的滞纳金。 海关可以对纳税义务人欠缴税款的情况予以公告。 海关征收关税、滞纳金等，应当制发缴款凭证，缴款凭证格式由海关总署规定。 第五十七条  海关总署规定数额以内的个人自用进境物品，免征进口税。 超过海关总署规定数额但仍在合理数量以内的个人自用进境物品，由进境物品的纳税义务人在进境物品放行前按照规定缴纳进口税。 超过合理、自用数量的进境物品应当按照进口货物依法办理相关手续。 国务院关税税则委员会规定按货物征税的进境物品，按照本条例第二章至第四章的规定征收关税。 第五十八条  进境物品的纳税义务人是指，携带物品进境的入境人											
序号 	法律法规名称 	主要条款 									
员、进境邮递物品的收件人以及以其他方式进口物品的收件人。 第五十九条  进境物品的纳税义务人可以自行办理纳税手续，也可以委托他人办理纳税手续。接受委托的人应当遵守本章对纳税义务人的各项规定。 											
											
3 	《网络交易管理办法》（国家工商行政管理总局令第 60号） 										
4 	《中华人民共和国进出口关税条例》（国务院令第 392号） 										
											
序号 	法律法规名称 	主要条款 									
1 	《工商总局关于加强互联网领域消费者权益保护工作的意见》（工商消字［2016］204 号） 	探索建立跨境消费争议在线解决机制，协调解决跨境电子商务、“海淘”、社交电商等带来的消费纠纷。鼓励行业协会建立健全行业经营自律规范，引导行业企业遵守国家法律法规。督促网络经营者落实消费环节经营者首问和赔偿先付制度，主动和解消费纠纷。要求网络交易平台提供者建立和完善赔偿先付制度，提供快速解决消费纠纷的“绿色通道”。 									
2 	《中华人民共和国海关总署关于入境旅客行李物品和个人邮递物品征收 进 口 税 办法》及完税价格表（海关总署令第47号） 	第二条  准许应税进口的旅客行李物品、个人邮递物品以及其他个人自用物品（以下简称应税个人自用物品），除另有规定的以外，均由海关按照《入境旅客行李物品和个人邮递物品进口税税率表》征收进口税。 本办法所称的进口税，包括关税和增值税、消费税。 本办法所称的应税个人自用物品，不包括汽车、摩托车及其配件、附件。对进口应税个人自用汽车、摩托车及其配件、附件，应按《中华人民共和国海关进出口税则》和其他有关税法、规定征收进口税。 入境旅客行李物品和个人邮递物品进口税税率表》）以下简称《税率表》）是本办法的组成部分。《税率表》中税率的调整，由国务院关税税则委员会审定后，海关总署对外公布实施。 									
3 	《海关总署关于对个人携带和邮寄进境自用物品征免增值税和消费税的通知》（署监二[1994]83号） 	一、对在海关免税限量（限值）内个人携带或者邮寄进境的自用物品，免征关税同时免征增值税、消费税；对超过免税限量（限值）的，海关在按《中华人民共和国海关关于入境旅客行李物品和个人邮递物品征收进口税办法》征收进口税（其中已含增值税）的同时，另代征消费税。 									
4 	《关于调整进出境个人邮递物品管理措施有 关 事 宜 》（海关总署公告2010年第43号） 	一、个人邮寄进境物品，海关依法征收进口税，但应征进口税税额在人民币 50 元（含 50 元）以下的，海关予以免征。 二、个人寄自或寄往港、澳、台地区的物品，每次限值为 800 元人民币；寄自或寄往其它国家和地区的物品，每次限值为 1000 元人民币。 三、个人邮寄进出境物品超出规定限值的，应办理退运手续或者按照货物规定办理通关手续。但邮包内仅有一件物品且不可分割的，虽超出规定限值，经海关审核确属个人自用的，可以按照个人物品规定办理通关手续。 									
5 	海关总署令第43号（中华人民 共 和 国 禁止、限制进出境物品表） 	一、禁止进境物品 1、各种武器、仿真武器、弹药及爆炸物品； 2、伪造的货币及伪造的有价证券； 3、对中国政治、经济、文化、道德有害的印刷品、胶卷、照片、唱片、影片、录音带、录像带、激光视盘、计算机存储介质及其									
序号 	法律法规名称 	主要条款 									
它物品； 4、各种烈性毒药； 5、鸦片、吗啡、海洛英、大麻以及其它能使人成瘾的麻醉品、精神药物； 6、带有危险性病菌、害虫及其它有害生物的动物、植物及其产品； 7、有碍人畜健康的、来自疫区的以及其它能传播疾病的食品、药品或其它物品。 —、限制进境物品 1、无线电收发信机、通信保密机； 2、烟、酒； 3、濒危的和珍贵的动物、植物（均含标本）及其种子和繁殖材料； 4、国家货币； 5、海关限制进境的其它物品。 											
禁止寄递物品指导目录 一、枪支（含仿制品、主要零部件）弹药 1、枪支（含仿制品、主要零部件）：如手枪、步枪、冲锋枪、防暴枪、气枪、猎枪、运动枪、麻醉注射枪、钢珠枪、催泪枪等。 2、弹药（含仿制品）：如子弹、炸弹、手榴弹、火箭弹、照明弹、燃烧弹、烟幕（雾）弹、信号弹、催泪弹、毒气弹、地雷、手雷、炮弹、火药等。 二、管制器具 1、管制刀具：如匕首、三棱刮刀、带有自锁装置的弹簧刀（跳刀）、其他相类似的单刃、双刃、三棱尖刀等。 2、其他：如弩、催泪器、催泪枪、电击器等。 三、爆炸物品 1、爆破器材：如炸药、雷管、导火索、导爆索、爆破剂等。 2、烟花爆竹：如烟花、鞭炮、摔炮、拉炮、砸炮、彩药弹等烟花爆竹及黑火药、烟火药、发令纸、引火线等。 3、其他：如推进剂、发射药、硝化棉、电点火头等。 四、压缩和液化气体及其容器 1、易燃气体：如氢气、甲烷、乙烷、丁烷、天然气、液化石油气、乙烯、丙烯、乙炔、打火机等。 2、有毒气体：如一氧化碳、一氧化氮、氯气等。 3、易爆或者窒息、助燃气体：如压缩氧气、氮气、氦气、氖气、气雾剂等。 五、易燃液体 如汽油、柴油、煤油、桐油、丙酮、乙醚、油漆、生漆、苯、酒精、松香油等。 六、易燃固体、自燃物质、遇水易燃物质 1、易燃固体：如红磷、硫磺、铝粉、闪光粉、固体酒精、火柴、活性炭等。 2、自燃物质：如黄磷、白磷、硝化纤维（含胶片）、钛粉等。 3、遇水易燃物质：如金属钠、钾、锂、锌粉、镁粉、碳化钙（电石）、氰化钠、氰化钾等。 七、氧化剂和过氧化物 如高锰酸盐、高氯酸盐、氧化氢、过氧化钠、过氧化钾、过氧化铅、氯酸盐、溴酸盐、硝酸盐、双氧水等。 											
序号 	法律法规名称 	主要条款 									
八、毒性物质 如砷、砒霜、汞化物、铊化物、氰化物、硒粉、苯酚、汞、剧毒农药等。 九、生化制品、传染性、感染性物质 如病菌、炭疽、寄生虫、排泄物、医疗废弃物、尸骨、动物器官、肢体、未经硝制的兽皮、未经药制的兽骨等。 十、放射性物质 如铀、钴、镭、钚等。 十一、腐蚀性物质 如硫酸、硝酸、盐酸、蓄电池、氢氧化钠、氢氧化钾等。 十二、毒品及吸毒工具、非正当用途麻醉药品和精神药品、非正当用途的易制毒化学品 1、毒品、麻醉药品和精神药品：如鸦片（包括罂粟壳、花、苞、叶）、吗啡、海洛因、可卡因、大麻、甲基苯丙胺（冰毒）、氯胺酮、甲卡西酮、苯丙胺、安钠咖等。 2、易制毒化学品：如胡椒醛、黄樟素、黄樟油、麻黄素、伪麻黄素、羟亚胺、邻酮、苯乙酸、溴代苯丙酮、醋酸酐、甲苯、丙酮等。 3、吸毒工具：如冰壶等。 十三、非法出版物、印刷品、音像制品等宣传品 如含有反动、煽动民族仇恨、破坏国家统一、破坏社会稳定、宣扬邪教、宗教极端思想、淫秽等内容的图书、刊物、图片、照片、音像制品等。 十四、间谍专用器材 如暗藏式窃听器材、窃照器材、突发式收发报机、一次性密码本、密写工具、用于获取情报的电子监听和截收器材等。 十五、非法伪造物品 如伪造或者变造的货币、证件、公章等。 十六、侵犯知识产权和假冒伪劣物品 1、侵犯知识产权：如侵犯专利权、商标权、著作权的图书、音像制品等。 2、假冒伪劣：如假冒伪劣的食品、药品、儿童用品、电子产品、化妆品、纺织品等。 十七、濒危野生动物及其制品 如象牙、虎骨、犀牛角及其制品等。 十八、禁止进出境物品 如有碍人畜健康的、来自疫区的以及其他能传播疾病的食品、药品或者其他物品；内容涉及国家秘密的文件、资料及其他物品。 十九、其他物品 《危险化学品目录》《民用爆炸物品品名表》《易制爆危险化学品名录》《易制毒化学品的分类和品种目录》《中华人民共和国禁止进出境物品表》载明的物品和《人间传染的病原微生物名录》载明的第一、二类病原微生物等，以及法律、行政法规、国务院和国务院有关部门规定禁止寄递的其他物品。 											
第二十二条  个人物品类进出境快件报关时，运营人应当向海关提交《中华人民共和国海关进出境快件个人物品申报单》（见附件二）、每一进出境快件的分运单、进境快件收件人或出境快件发件人身份证件影印件和海关需要的其它单证。 											
序号 	法律法规名称 	主要条款 									
令） 											
											
6 	《禁止寄递物品管理规定》（国邮发[2016]107 号） 										
											
7 	《中华人民共和国海关对进出境快件监管办法》（海关总署第 147 号										
											
项目 	2017 年度 	2017 年度 	2016 年度 	2016 年度 	2015 年度 	2015 年度 					
项目 	金额 	占比 	金额 	占比 	金额 	占比 					
信息推广服务 	31,756.50 	86.53% 	19,895.36 	98.91% 	9,729.89 	100.00% 					
互联网效果营销平台服务 	4,824.51 	13.15% 	201.92 	1.00% 	- 	- 					
海淘代购平台服务 	119.41 	0.32% 	17.13 	0.09% 	- 	- 					
合计 	36,700.43 	100.00% 	20,114.41 	100.00% 	9,729.89 	100.00% 					
											
 	淘粉吧 	淘粉吧 	公司 	差异 							
用户开发、维护和管理的具体模式 	通过“淘粉吧”网站引导网购用户与电商平台间的交流、交易，提取成交额的佣金，并以集分宝的 形 式 返 利 给 网 购 用户。 	通过“淘粉吧”网站引导网购用户与电商平台间的交流、交易，提取成交额的佣金，并以集分宝的 形 式 返 利 给 网 购 用户。 	公司通过市场品牌推广和口碑沉淀进行推广，选取种子用户，进行市场精准营销；在用户维护方面，公司通过调研和数据分析，了解用户需求，结合用户需求搭建用户成长体系和客户服务管理体系，以提升用户活跃和用户满意度；同时公司进一步通过用户后台管理和用户信息管理定制更加精准服务。 	在用户开发方面，公司最初主要通过口碑沉淀进行，而淘粉吧主要依靠内部品牌营销团队与商家进行对接，品牌推广等；在用户管理与维护方面，公司逐步完善用户服务体系，推出用户画像系统，分析用户需求，而淘粉吧主要通过“集分宝” 的形式开展“高返”与“超高返”活动，以实质性返利的模式吸引用户。 							
电商导购内容提供、维护和管理 	淘粉吧的运营团队与上千家品牌商家对接，为用户推出高返利的品牌商品，并以限时特卖的形式推出。 	淘粉吧的运营团队与上千家品牌商家对接，为用户推出高返利的品牌商品，并以限时特卖的形式推出。 	公司优惠信息的来源包括 UGC、 PGC、 BGC等，其中 UGC 比例逐年上 升 ， 已 将 近 达 到80%。公司筛选及推送优惠信息采用漏斗式筛选后，在各频道基本按照时间顺序进行排列，采取类似于今日头条等新闻客户端的信息展现形式，以纵向信息流的	在电商导购内容提供方面，公司主要通过用户贡献，即 UGC 的方式提供优惠信息，而淘粉吧主 要 通 过 PGC、 BGC的方式由内部运营团队提供主要的优惠信息；在电商导购的内容维护与管理方面，公司先利用漏斗式筛选后，按照时间顺序进行呈现，而							
 	淘粉吧 	淘粉吧 	公司 	差异 							
方式展现优惠信息卡片。 	淘 粉 吧 主 要 通 过 “ 高返”“超高返”等板块形式进行呈现 	淘 粉 吧 主 要 通 过 “ 高返”“超高返”等板块形式进行呈现 									
公司不强制用户进行注册，用户可在浏览网站获取优惠信息后，跳转至相应商城进行物品购买；同时，公司与商家签订《CPS 合 作 协议》，约定相应的佣金比例。 	公司与淘粉吧向用户提供优惠的方式存在较大不同，公司不强制用户注册，在用户购买商品后，并不会提供优惠或返利，而淘粉吧会在用户通过链 接 进 行 购买后，直接向用户的账户中进行直接的返利。 	公司与淘粉吧向用户提供优惠的方式存在较大不同，公司不强制用户注册，在用户购买商品后，并不会提供优惠或返利，而淘粉吧会在用户通过链 接 进 行 购买后，直接向用户的账户中进行直接的返利。 									
公司通过与各大电商平台签订年度框架协议并提供优惠政策（如：配送、返点等），增进与电商平台的业务合作，若电商通过第三方联盟平台进行业务推广，则公司将会通过接入第三方联盟平台，从而接触相应电商。 	公司目前基本已与各大电商及其联盟平台建立了稳定的合作关系，主要通过签订年度框架协议以及相应的确认单进行收入确认；而淘粉吧75%以上的导购收入均来自阿里妈妈，因而对其依赖较大，协议中不仅约定佣金比例，且会按 照 商 品 与 商 家 的 不同，约定相应的“集分宝”数量，由淘粉吧向淘宝进行购买等。 	公司目前基本已与各大电商及其联盟平台建立了稳定的合作关系，主要通过签订年度框架协议以及相应的确认单进行收入确认；而淘粉吧75%以上的导购收入均来自阿里妈妈，因而对其依赖较大，协议中不仅约定佣金比例，且会按 照 商 品 与 商 家 的 不同，约定相应的“集分宝”数量，由淘粉吧向淘宝进行购买等。 									
公司通过与各大电商平台签订年度框架协议并提供优惠政策（如：配送、返点等），增进与电商平台的业务合作，若电商通过第三方联盟平台进行业务推广，则公司将会通过接入第三方联盟平台，从而接触相应电商。 	公司目前基本已与各大电商及其联盟平台建立了稳定的合作关系，主要通过签订年度框架协议以及相应的确认单进行收入确认；而淘粉吧75%以上的导购收入均来自阿里妈妈，因而对其依赖较大，协议中不仅约定佣金比例，且会按 照 商 品 与 商 家 的 不同，约定相应的“集分宝”数量，由淘粉吧向淘宝进行购买等。 	公司目前基本已与各大电商及其联盟平台建立了稳定的合作关系，主要通过签订年度框架协议以及相应的确认单进行收入确认；而淘粉吧75%以上的导购收入均来自阿里妈妈，因而对其依赖较大，协议中不仅约定佣金比例，且会按 照 商 品 与 商 家 的 不同，约定相应的“集分宝”数量，由淘粉吧向淘宝进行购买等。 									
发行人通常按月与各电商导购客户进行电商导购佣金收入结算。对于拥有联盟平台的电商和品牌商，各联盟平台的结算政策和结算日期存在较大差异，发行人通常会在每月的规定时间登录各联盟平台进行正式结算；对于无联盟平台的电商和品牌商以及第三方联盟平台客户，发行人通常每月通过邮件对账的方式与其结算	基本一致 	基本一致 									
 	淘粉吧 	淘粉吧 	公司 	差异 							
"选择权，并在双方达成一致意向的情况下签署服务协议。"" "	"选择权，并在双方达成一致意向的情况下签署服务协议。"" "	佣金。 									
											
用户消费购买过程控制 	公司依照不同商家和商品按提前约定的比例以“集分宝”的形式返利给网购用户，以最直接的引导方式—“省钱”来吸引广大网购用户浏览“淘粉吧”网站，进而导入到淘宝网以达到进一步增加成交额的目的。 										
商家业务开发、维护和管理的具体模式 	公司在前期市场调研的基础上根据客户的需求为其提供技术解决方案和合作模式，进而签署相关合作协议，并组织研发部门、设计部门、产品部门等进行系统研发，产品正式上线后进行运营维护和按照相应标准进行财务结算；公司通过与淘宝联盟签订合作协议《阿里妈妈服务协议》，为其提供用户导入服务，并凭借自身的网站运营实力和外部网络技术服务公司的宣传、策划等向网购用户推介导购平台，引导消费者进入淘宝网进行购物，达成消费者和商家之间对话机制，促成交流、交易，并进而收取商品成交额的佣金。 										
商家业务开发、维护和管理的具体模式 	公司在前期市场调研的基础上根据客户的需求为其提供技术解决方案和合作模式，进而签署相关合作协议，并组织研发部门、设计部门、产品部门等进行系统研发，产品正式上线后进行运营维护和按照相应标准进行财务结算；公司通过与淘宝联盟签订合作协议《阿里妈妈服务协议》，为其提供用户导入服务，并凭借自身的网站运营实力和外部网络技术服务公司的宣传、策划等向网购用户推介导购平台，引导消费者进入淘宝网进行购物，达成消费者和商家之间对话机制，促成交流、交易，并进而收取商品成交额的佣金。 										
导购后与商家交易结算过程 	根据服务商实际佣金收入金额，即月结后服务商账户中实际收到的佣金收入，按照一定的比例收取服务费，且阿里妈妈有权视产品功能实现调整各第三方服务商服 务 费 的 具 体 收 取 比例，并提前通知第三方服务商，如第三方服务商继续使用的，视为同意 服 务 费 调 整 收 取 方案。佣金计算上，淘宝网与公司同时具有双向										
											
项目 	2017 年度 	2017 年度 	2016 年度 	2016 年度 	2015 年度 	2015 年度 					
项目 	浏览量 （万次） 	比例 （%） 	浏览量 （万次） 	比例 （%） 	浏览量 （万次） 	比例 （%） 					
PC 端网页浏览量 	128,640.07 	81.13 	134,860.86 	86.17 	119,944.75 	89.72 					
PC 端网页浏览量 	128,640.07 	81.13 	134,860.86 	86.17 	119,944.75 	89.72 					
WAP 端网页浏览量 	29,927.22 	18.87 	21,653.47 	13.83 	13,750.07 	10.28 					
合计 	158,567.29 	100.00 	156,514.33 	100.00 	133,694.82 	100.00 					
											
项目 	2017 年度 	2017 年度 	2016 年度 	2016 年度 	2015 年度 	2015 年度 	2015 年度 				
项目 	登录次数 （万次） 	比例 （%） 	登录次数 （万次） 	比例 （%） 	登录次数 （万次） 	比例 （%） 					
项目 	登录次数 （万次） 	比例 （%） 	登录次数 （万次） 	比例 （%） 	登录次数 （万次） 	比例 （%） 					
iOS 端 	92,066.12 	59.33 	81,621.36 	57.63 	47,865.36 	46.16 					
iOS 端 	92,066.12 	59.33 	81,621.36 	57.63 	47,865.36 	46.16 					
安卓端 	59,983.68 	38.66 	54,570.28 	38.53 	48,086.94 	46.37 					
安卓端 	59,983.68 	38.66 	54,570.28 	38.53 	48,086.94 	46.37 					
iPad 端 	2,974.24 	1.92 	4,734.69 	3.34 	5,851.26 	5.64 					
Windows Phone 端 	143.83 	0.09 	698.22 	0.49 	1,897.54 	1.83 					
合计 	155,167.88 	100.00 	141,624.54 	100.00 	103,701.10 	100.00 					
											
项目 	2017 年度 	2016 年度 	2015 年度 								
期末注册账户数 	534.49 	338.95 	197.24 								
期末注册账户数 	534.49 	338.95 	197.24 								
月平均活跃账户数 	2,401.99 	1,862.17 	1,237.47 								
月平均新增注册账户数 	16.30 	11.81 	7.11 								
											
项目 	2017 年度 	2016 年度 	2015 年度 								
电商导购交易次数（万次） 	4,114.31 	3,251.37 	1,756.84 								
电商导购交易次数（万次） 	4,114.31 	3,251.37 	1,756.84 								
平均单次交易金额（元） 	149.07 	105.05 	120.28 								
月平均活跃用户数（万） 	2,401.99 	1,862.17 	1,237.47 								
											
 	2017 年度 	2016 年度 	2015 年度 								
1-10 元 	26.91% 	45.69% 	45.58% 								
11-30 元 	26.51% 	20.75% 	21.62% 								
31-100 元 	24.89% 	17.11% 	17.35% 								
101-300 元 	14.05% 	10.61% 	10.08% 								
301-1,000 元 	5.19% 	3.88% 	3.71% 								
1,001-5,000 元 	2.09% 	1.40% 	1.30% 								
5,001-10,000 元 	0.27% 	0.18% 	0.15% 								
10,000 元以上 	0.09% 	0.38% 	0.21% 								
合计 	100.00% 	100.00% 	100.00% 								
											
 	2017 年度 	2016 年度 	2015 年度 								
1-10 元 	1.05% 	2.15% 	2.08% 								
11-30 元 	3.27% 	3.33% 	2.88% 								
31-100 元 	10.20% 	9.22% 	9.14% 								
 	2017 年度 	2016 年度 	2015 年度 								
101-300 元 	16.86% 	16.89% 	19.06% 								
301-1,000 元 	19.64% 	19.91% 	23.71% 								
1,001-5,000 元 	31.22% 	27.10% 	28.53% 								
5,001-10,000 元 	11.19% 	8.13% 	7.30% 								
10,000 元以上 	6.57% 	13.28% 	7.31% 								
合计 	100.00% 	100.00% 	100.00% 								
											
 	运营时间 	广告排期数据 	广告展示截图 								
广告系统 1.0 版本 	2014 年 11 月至2015 年 4 月 	保留在 php 类型文件中，存在少量缺失，可较为完整查看 	截图未保存在广告系统中，但保留了广告投放时的中转链接地址，可通过中转链接在Google Analytics 中查看点击量，并查看在第三方又拍云服务器上传的广告素材图片 								
广告系统 2.0 版本 	2015 年 4 月至2015 年 8 月 	广告排期数据可编程还原，存在少量缺失，可较为完整查看 	截图未保存在广告系统中，但保留了广告投放时的中转链接地址，可通过中转链接在Google Analytics 中查看点击量，并查看在第三方又拍云服务器上传的广告素材图片。2016 年 12 月后可查看数据中								
广告系统 2.0 版本 	2015 年 8 月至今 	广告排期数据可直接完整从系统导出 	截图未保存在广告系统中，但保留了广告投放时的中转链接地址，可通过中转链接在Google Analytics 中查看点击量，并查看在第三方又拍云服务器上传的广告素材图片。2016 年 12 月后可查看数据中								
广告系统 2.0 版本 	2015 年 8 月至今 	广告排期数据可直接完整从系统导出 	截图未保存在广告系统中，但保留了广告投放时的中转链接地址，可通过中转链接在Google Analytics 中查看点击量，并查看在第三方又拍云服务器上传的广告素材图片。2016 年 12 月后可查看数据中								
 	运营时间 	广告排期数据 	广告展示截图 								
心的广告截屏 	心的广告截屏 										
截图未保存在运营系统中，但保留了广告投放时的中转链接地址，可通过中转链接在Google Analytics 中查看点击量，并查看在第三方又拍云服务器上传的广告素材图片。2016 年 12 月后可查看数据中心的广告截屏 	截图未保存在运营系统中，但保留了广告投放时的中转链接地址，可通过中转链接在Google Analytics 中查看点击量，并查看在第三方又拍云服务器上传的广告素材图片。2016 年 12 月后可查看数据中心的广告截屏 										
											
运营系统 	2014 年 11 月至2017 年 8 月 	可从系统导出，但由于数据覆盖等原因，排期数据存在一定缺失 									
											
 	单位时长平均展示价格（万元/天） 	广告位个数（个） 	可展示天数总和 	实际展示天数总和（天） 	广告位售出比例 						
焦点图广告 	2.96 	12-18 	5,484 	2,314 	42.19% 						
App 端信息流广告 	2.06 	15-18 	6,027 	2,773 	46.01% 						
App 端浮层广告 	4.12 	2 	730 	370 	50.73% 						
网站端顶部通栏广告 	2.00 	5 	1,825 	658 	36.08% 						
网站端顶部通栏广告 	2.00 	5 	1,825 	658 	36.08% 						
各类矩形广告 	1.26 	12-16 	5,104 	1,418 	27.77% 						
											
 	单位时长平均展示价格（万元/天） 	广告位个数（个） 	可展示天数总和（天） 	实际展示天数总和（天） 	广告位售出比例 						
焦点图广告 	2.33 	10 	3,660 	1,431 	39.10% 						
App 端信息流广告 	2.55 	2-4 	1,100 	309 	28.09% 						
App 端浮层广告 	3.69 	2 	732 	148 	20.22% 						
App 端浮层广告 	3.69 	2 	732 	148 	20.22% 						
网站端顶部通栏广告 	1.71 	4 	1,464 	614 	41.94% 						
网站端顶部通栏广告 	1.71 	4 	1,464 	614 	41.94% 						
各类矩形广告 	1.21 	14 	5,124 	1,163 	22.70% 						
 	单位时长平均展示价格（万元/天） 	广告位个数（个） 	可展示天数总和（天） 	实际展示天数总和（天） 	广告位售出比例 						
焦点图广告 	1.82 	4-12 	3,296 	690 	20.95% 						
焦点图广告 	1.82 	4-12 	3,296 	690 	20.95% 						
App 端信息流广告 	1.91 	2 	368 	93 	25.17% 						
网站端顶部通栏广告 	0.90 	0-3 	825 	184 	22.32% 						
各类矩形广告 	0.63 	13 	4,745 	1,033 	21.77% 						
											
项目 	2017 年度 	2017 年度 	2016 年度 	2016 年度 	2015 年度 	2015 年度 					
项目 	金额 （万元） 	比例 （%） 	金额 （万元） 	比例 （%） 	金额 （万元） 	比例 （%） 					
直接广告客户 	9,919.78 	43.46 	4,241.58 	41.93 	1,587.52 	43.78 					
广告代理公司 	12,906.58 	56.54 	5,874.88 	58.07 	2,038.47 	56.22 					
合计 	22,826.36 	100.00 	10,116.46 	100.00 	3,625.99 	100.00 					
											
项目 	2017 年度 	2017 年度 	2016 年度 	2016 年度 	2015 年度 	2015 年度 					
项目 	金额 （万元） 	比例 （%） 	金额 （万元） 	比例 （%） 	金额 （万元） 	比例 （%） 					
按天计价 	15,637.08 	68.50 	7,883.65 	77.93 	2,859.76 	78.87 					
按点击次数或点击完成率计价 	3,588.51 	15.72 	961.15 	9.50 	567.05 	15.64 					
效果营销计价 	896.13 	3.93 	129.18 	1.28 	- 	- 					
项目 	2017 年度 	2017 年度 	2016 年度 	2016 年度 	2015 年度 	2015 年度 					
项目 	金额 （万元） 	比例 （%） 	金额 （万元） 	比例 （%） 	金额 （万元） 	比例 （%） 					
消费众测等 	2,704.64 	11.85 	1,142.48 	11.29 	199.17 	5.49 					
合计 	22,826.36 	100.00 	10,116.46 	100.00 	3,625.99 	100.00 					
											
项目 	2017 年度 	2016 年度 	2015 年度 								
广告展示收入（万元） 	22,826.36 	10,116.46 	3,625.99 								
广告展示收入增长率 	125.64% 	179.00% 	346.72% 								
主营业务收入（万元） 	36,700.43 	20,114.41 	9,729.89 								
主营业务收入增长率 	82.46% 	106.73% 	94.51% 								
主营业务收入增长率 	82.46% 	106.73% 	94.51% 								
广告展示收入占比 	62.20% 	50.29% 	37.27% 								
											
公司名称 	2017 年度/2017财年前三季度 	2016 年度/财年 	2015 年度/财年 	2015-2017 年复合增长率 							
阿里巴巴（亿元） 	196.58  	163.14  	113.07  	52.25% 							
京东（亿元） 	149.18  	105.73  	77.36  	38.87% 							
京东（亿元） 	149.18  	105.73  	77.36  	38.87% 							
亚马逊（亿美元） 	100.69  	72.33  	52.54  	38.44% 							
亚马逊（亿美元） 	100.69  	72.33  	52.54  	38.44% 							
											
项目 	2017 年度 	2017 年度 	2016 年度 	2016 年度 	2015 年度 	2015 年度 					
项目 	金额 （万元） 	比例 （%） 	金额 （万元） 	比例 （%） 	金额 （万元） 	比例 （%） 					
网站端收入 	5,938.38 	26.02 	5,206.98 	51.47 	2,657.54 	73.29 					
App 端收入 	14,183.33 	62.14 	3,767.00 	37.24 	765.54 	21.11 					
其他 	2,704.64 	11.85 	1,142.48 	11.29 	202.91 	5.60 					
合计 	22,826.36 	100.00 	10,116.46 	100.00 	3,625.99 	100.00 					
合计 	22,826.36 	100.00 	10,116.46 	100.00 	3,625.99 	100.00 					
											
项目 	2017 年度 	2016 年度 	2015 年度 								
广告代理客户总收入（万元） 	12,906.58 	5,874.88 	2,038.47 								
前五大广告代理客户收入合计（万元） 	8,674.26 	3,619.42 	1,257.76 								
前五大广告代理客户收入合计（万元） 	8,674.26 	3,619.42 	1,257.76 								
前五大广告代理客户收入占代理模式广告收入的比例 	67.21% 	61.61% 	61.70% 								
前五大广告代理客户收入占代理模式广告收入的比例 	67.21% 	61.61% 	61.70% 								
											
客户名称 	2017 年度 	2017 年度 	2016 年度 	2016 年度 	2016 年度 	2015 年度 	2015 年度 	2015 年度 			
客户名称 	金额 （万元） 	比例 （%） 	金额 （万元） 	比例 （%） 	金额 （万元） 	金额 （万元） 	比例 （%） 				
客户名称 	金额 （万元） 	比例 （%） 	金额 （万元） 	比例 （%） 	金额 （万元） 	金额 （万元） 	比例 （%） 				
霍尔果斯博众文化传媒有限公司 	5,887.21 	45.61 	- 	- 	- 	- 	- 				
上海李奥贝纳广告有限公司 	1,328.69 	10.29 	358.11 	6.10 	- 	- 	- 				
客户名称 	2017 年度 	2017 年度 	2016 年度 	2016 年度 	2016 年度 	2015 年度 	2015 年度 	2015 年度 			
客户名称 	金额 （万元） 	比例 （%） 	金额 （万元） 	比例 （%） 	金额 （万元） 	金额 （万元） 	比例 （%） 				
北京恒美广告有限公司 	552.54 	4.28 	290.45 	4.94 	106.97 	106.97 	5.25 				
北京华述网络科技有限公司 	520.44 	4.03 	64.15 	1.09 	- 	- 	- 				
北京华述网络科技有限公司 	520.44 	4.03 	64.15 	1.09 	- 	- 	- 				
上海宾谷网络科技有限公司 	385.38 	2.99 	- 	- 	- 	- 	- 				
北京派瑞威行广告有限公司 	29.15 	0.23 	1,506.37 	25.64 	- 	- 	- 				
多盟睿达科技（中国）有限公司 	218.28 	1.69 	997.05 	16.97 	113.68 	113.68 	5.58 				
多盟睿达科技（中国）有限公司 	218.28 	1.69 	997.05 	16.97 	113.68 	113.68 	5.58 				
Google Asia Pacific Pte.Ltd. 	191.38 	1.48 	467.44 	7.96 	567.05 	567.05 	27.82 				
Google Asia Pacific Pte.Ltd. 	191.38 	1.48 	467.44 	7.96 	567.05 	567.05 	27.82 				
华扬联众数字技术股份有限公司 	133.16 	1.03 	80.94 	1.38 	236.28 	236.28 	11.59 				
上海聚胜万合广告有限公司 	- 	- 	115.47 	1.97 	197.83 	197.83 	9.70 				
上海聚胜万合广告有限公司 	- 	- 	115.47 	1.97 	197.83 	197.83 	9.70 				
北京澄怀观道网络科技有限公司 	- 	- 	- 	- 	133.96 	133.96 	6.57 				
上海顺为广告传播有限公司 	108.49 	0.84 	- 	- 	122.64 	122.64 	6.02 				
合计 	9,354.72 	72.48 	3,879.98 	66.04 	1,478.41 	1,478.41 	72.53 				
合计 	9,354.72 	72.48 	3,879.98 	66.04 	1,478.41 	1,478.41 	72.53 				
											
项目 	2017 年度 	2017 年度 	2016 年度 	2016 年度 	2015 年度 	2015 年度 					
项目 	金额 （万元） 	比例 （%） 	金额 （万元） 	比例 （%） 	金额 （万元） 	比例 （%） 					
广告宣传费 	3,288.31 	78.22 	1,714.98 	81.24 	1,437.55 	89.61 					
业务推广活动费 	915.83 	21.78 	396.08 	18.76 	166.61 	10.39 					
合计 	4,204.13 	100.00 	2,111.06 	100.00 	1,604.16 	100.00 					
											
项目 	2017 年度 	2017 年度 	2017 年度 	2016 年度 	2016 年度 	2016 年度 	2015 年度 	2015 年度 			
项目 	金额 （万元） 	比例 （%） 	金额 （万元） 	金额 （万元） 	比例 （%） 	金额 （万元） 	比例 （%） 				
项目 	金额 （万元） 	比例 （%） 	金额 （万元） 	金额 （万元） 	比例 （%） 	金额 （万元） 	比例 （%） 				
效果类广告 	2,181.41 	51.89 	888.85 	888.85 	42.10 	1,039.35 	64.79 				
品牌推广类广告 	2,022.72 	48.11 	1,222.21 	1,222.21 	57.90 	564.81 	35.21 				
品牌推广类广告 	2,022.72 	48.11 	1,222.21 	1,222.21 	57.90 	564.81 	35.21 				
合计 	4,204.13 	100.00 	2,111.06 	2,111.06 	100.00 	1,604.16 	100.00 				
											
序号 	供应商名称 	购买内容 	计费方式 	购买数量 	购买单价 	购买金额 （万元） 	占效果类广告比例 	结算方式 及周期 	是否存在 关联关系 		
1 	北京顶当互动广告有限公司 	积分墙广告 	CPA 	1,658,605 激活 	2.36 元/激活 	391.43 	18.95% 	按 月 核 对 ， 收 到 发票后 15 日安排付款 	否 		
1 	北京顶当互动广告有限公司 	积分墙广告 	CPA 	1,658,605 激活 	2.36 元/激活 	391.43 	18.95% 	按 月 核 对 ， 收 到 发票后 15 日安排付款 	否 		
1 	北京顶当互动广告有限公司 	InMobi 广告 推 广 平台推广 	CPC 	1,571,428 点击 	0.14 元/点击 	22.00 	18.95% 	按 月 核 对 ， 收 到 发票后 15 日安排付款 	否 		
2 	北京中科互通信息技术有限公司 	广告推广平台推广 	CPC 	7,370,425 点击 	0.46 元/点击 	339.04 	15.54% 	按 月 核 对 ， 收 到 发票后 15 日安排付款 	否 		
2 	北京中科互通信息技术有限公司 	广告推广平台推广 	CPC 	7,370,425 点击 	0.46 元/点击 	339.04 	15.54% 	按 月 核 对 ， 收 到 发票后 15 日安排付款 	否 		
3 	上海拓畅信息技术有限公司 	畅思和 matomy 广告推广平台推广 	CPA 	117,033 激活 	12.26 元/激活 	143.53 	15.43% 	按 月 核 对 ， 收 到 发票后 15 日安排付款 	否 		
3 	上海拓畅信息技术有限公司 	mobsink 和 x-mob广告推广平台推广 	CPM 	292,269 千次展现 	6.60 元/千次展现 	193.01 	15.43% 	按 月 核 对 ， 收 到 发票后 15 日安排付款 	否 		
4 	万年县信团网络科技有限公司 	积分墙广告 	CPA 	816,801 激活 	2.38 元/激活 	194.17 	8.90% 	按月支付预付款 	否 		
4 	万年县信团网络科技有限公司 	积分墙广告 	CPA 	816,801 激活 	2.38 元/激活 	194.17 	8.90% 	按月支付预付款 	否 		
5 	百度时代网络技术（北京）有限公司 	百度搜索引擎推广 	CPC 	3,207,785 点击 	0.58 元/点击 	184.56 	8.46% 	按月核对并付款 	否 		
6 	上海聚胜万合广告有限公司 	搜狗搜索引擎推广 	CPC 	94,000 点击 	0.58 元/点击 	5.43 	8.38% 	按 月 核 对 ， 一 个 月内付款 	否 		
6 	上海聚胜万合广告有限公司 	小米应用商店推广 	CPD 	341,843 下载 	5.19 元/下载 	177.44 	8.38% 	按 月 核 对 ， 一 个 月内付款 	否 		
7 	北京轻奢生活科技发展有限责任公司 	微信公众号推广 	按微信公众号新增粉丝数计价 	930,000 粉丝 	1.73 元/新增微信粉丝 	160.99 	7.38% 	按 月 核 对 ， 收 到 发票后 15 日安排付款 	否 		
7 	北京轻奢生活科技发展有限责任公司 	微信公众号推广 	按微信公众号新增粉丝数计价 	930,000 粉丝 	1.73 元/新增微信粉丝 	160.99 	7.38% 	按 月 核 对 ， 收 到 发票后 15 日安排付款 	否 		
8 	北京全时天地在线网络信息股份有限公司 	360 搜索引擎推广 	CPC 	1,357,074 点击 	0.68 元/点击 	92.09 	6.33% 	按 月 核 对 ， 收 到 发票后 15 日安排付款 	否 		
8 	北京全时天地在线网络信息股份有限公司 	360 导航广告 	CPC 	556,236 点击 	0.83 元/点击 	45.98 	6.33% 	按 月 核 对 ， 收 到 发票后 15 日安排付款 	否 		
											
序号 	供应商名称 	购买内容 	计费方式 	购买数量 	购买单价 	购买金额 （万元） 	占效果类广告比例 	结算方式 及周期 	是否存在 关联关系 		
9 	上海久邮文化传播有限公司 	联通沃商店广告推广 	按新增注册用户数计价 	134,038 注册用户 	6.60 元/新增注册用户 	88.52 	4.06% 	每两周结算并付款 	否 		
9 	上海久邮文化传播有限公司 	联通沃商店广告推广 	按新增注册用户数计价 	134,038 注册用户 	6.60 元/新增注册用户 	88.52 	4.06% 	每两周结算并付款 	否 		
10 	上饶市网之域科技发展有限公司 	积分墙广告 	CPA 	341,286 激活 	2.21 元/激活 	75.47 	3.46% 	按月支付预付款 	否 		
合计 	合计 	 	 	 	 	2,113.66 	96.89% 	 	 		
											
序号 	供应商名称 	购买内容 	计费方式 	购买数量 	购买单价 	购买金额 （万元） 	占效果类广告比例 	结算方式 及周期 	是否存在 关联关系 		
1 	百度时代网络技术（北京）有限公司 	百度搜索引擎推广 	CPC 	6,678,736 点击 	0.54 元/点击 	358.73 	40.36% 	按月核对并付款 	否 		
1 	百度时代网络技术（北京）有限公司 	百度搜索引擎推广 	CPC 	6,678,736 点击 	0.54 元/点击 	358.73 	40.36% 	按月核对并付款 	否 		
2 	上海聚胜万合广告有限公司 	腾讯广点通 	CPC 	1,412,407 点击 	0.68 元/点击 	96.04 	23.19% 	按月核对，一个月内付款 	否 		
2 	上海聚胜万合广告有限公司 	腾讯广点通 	CPC 	1,412,407 点击 	0.68 元/点击 	96.04 	23.19% 	按月核对，一个月内付款 	否 		
2 	上海聚胜万合广告有限公司 	百度百通 	CPC 	1,105,756 点击 	0.45 元/点击 	49.76 	23.19% 	按月核对，一个月内付款 	否 		
2 	上海聚胜万合广告有限公司 	百度百通 	CPC 	1,105,756 点击 	0.45 元/点击 	49.76 	23.19% 	按月核对，一个月内付款 	否 		
2 	上海聚胜万合广告有限公司 	搜狗搜索引擎推广 	CPC 	818,771 点击 	0.43 元/点击 	35.21 	23.19% 	按月核对，一个月内付款 	否 		
2 	上海聚胜万合广告有限公司 	360 聚效 	CPC 	156,631 点击 	0.89 元/点击 	13.94 	23.19% 	按月核对，一个月内付款 	否 		
2 	上海聚胜万合广告有限公司 	小米应用商店推广 	CPD 	23,888 下载 	3.88 元/下载 	9.27 	23.19% 	按月核对，一个月内付款 	否 		
2 	上海聚胜万合广告有限公司 	小米应用商店推广 	CPD 	23,888 下载 	3.88 元/下载 	9.27 	23.19% 	按月核对，一个月内付款 	否 		
2 	上海聚胜万合广告有限公司 	今日头条 	CPC 	51,014 点击 	0.37 元/点击 	1.89 	23.19% 	按月核对，一个月内付款 	否 		
2 	上海聚胜万合广告有限公司 	今日头条 	CPC 	51,014 点击 	0.37 元/点击 	1.89 	23.19% 	按月核对，一个月内付款 	否 		
3 	北京顶当互动广告有限公司 	积分墙广告 	CPA 	512,585 激活 	2.36 元/激活 	120.97 	15.31% 	按月核对，收到发票后 15 日安排付款 	否 		
3 	北京顶当互动广告有限公司 	InMobi 广告推广平台推广 	CPC 	719,846 点击 	0.21 元/点击 	15.11 	15.31% 	按月核对，收到发票后 15 日安排付款 	否 		
											
序号 	供应商名称 	购买内容 	计费方式 	购买数量 	购买单价 	购买金额 （万元） 	占效果类广告比例 	结算方式 及周期 	是否存在 关联关系 		
4 	北京全时天地在线网络信息股份有限公司 	360 搜索引擎推广 	CPC 	697,880 点击 	0.59 元/点击 	41.05 	11.21% 	按月核对，收到发票后 15 日安排付款 	否 		
4 	北京全时天地在线网络信息股份有限公司 	360 搜索引擎推广 	CPC 	697,880 点击 	0.59 元/点击 	41.05 	11.21% 	按月核对，收到发票后 15 日安排付款 	否 		
4 	北京全时天地在线网络信息股份有限公司 	360 点睛 	CPC 	518,699 点击 	1.13 元/点击 	58.61 	11.21% 	按月核对，收到发票后 15 日安排付款 	否 		
5 	上海安璞信息技术有限公司 	谷歌网络广告 	CPC 	3,010,869 点击 	0.11 元/点击 	33.86 	3.81% 	按月核对，核对后15 日付款  	否 		
6 	哇棒（北京）移动技术有限公司 	小米应用商店推广 	CPD 	30,238 下载 	3.92 元/下载 	11.85 	2.60% 	按月核对并于隔月付款 	否 		
6 	哇棒（北京）移动技术有限公司 	小米应用商店推广 	CPD 	30,238 下载 	3.92 元/下载 	11.85 	2.60% 	按月核对并于隔月付款 	否 		
6 	哇棒（北京）移动技术有限公司 	华为应用商店推广 	CPD 	13,785 下载 	3.98 元/下载 	5.49 	2.60% 	按月核对并于隔月付款 	否 		
6 	哇棒（北京）移动技术有限公司 	OPPO 应用商店推广 	CPD 	14,291 下载 	4.02 元/下载 	5.76 	2.60% 	按月核对并于隔月付款 	否 		
7 	成功易（北京）信息技术有限公司 	Bing 搜索引擎推广 	CPC 	237,459 点击 	0.28 元/点击 	6.58 	0.74% 	按月核对并付款 	否 		
8 	广州优蜜移动科技股份有限公司 	积分墙广告 	CPA 	27,795 激活 	2.00 元/激活 	5.60 	0.63% 	按月核对并于隔月付款 	否 		
9 	北京易掌云峰科技有限公司 	广告推广平台推广 	CPA 	12,500 激活 	3.77 元/激活 	4.72 	0.53% 	按月核对并付款 	否 		
10 	上海拓畅信息技术有限公司 	广告推广平台推广 	CPA 	7,995 激活 	4.72 元/激活 	3.77 	0.42% 	按月核对并付款 	否 		
10 	上海拓畅信息技术有限公司 	广告推广平台推广 	CPA 	7,995 激活 	4.72 元/激活 	3.77 	0.42% 	按月核对并付款 	否 		
合计 	合计 	 	 	 	 	878.21 	98.80% 	 	 		
											
序号 	供应商名称 	购买内容 	计费方式 	购买数量 	购买单价 	购买金额 （万元） 	占效果类广告比例 	结算方式 及周期 	是否存在 关联关系 		
1 	上海聚胜万合广告有限公司 	腾讯广点通 	CPC 	3,574,755 点击 	0.58 元/点击 	207.34 	21.06% 	按月核对，一个月内付款 	否 		
1 	上海聚胜万合广告有限公司 	百度手机助手 	CPD 	25,485 下载 	3.75 元/下载 	9.56 	21.06% 	按月核对，一个月内付款 	否 		
1 	上海聚胜万合广告有限公司 	百度手机助手 	CPD 	25,485 下载 	3.75 元/下载 	9.56 	21.06% 	按月核对，一个月内付款 	否 		
											
序号 	供应商名称 	购买内容 	购买内容 	计费方式 	购买数量 	购买单价 	购买金额 （万元） 	购买金额 （万元） 	占效果类广告比例 	结算方式 及周期 	是否存在 关联关系 
搜狗搜索引擎推广 	搜狗搜索引擎推广 	CPC 	48,482 点击 	0.41 元/点击 	1.99 	1.99 					
搜狗搜索引擎推广 	搜狗搜索引擎推广 	CPC 	48,482 点击 	0.41 元/点击 	1.99 	1.99 					
百度搜索引擎推广 	百度搜索引擎推广 	CPC 	3,001,905 点击 	0.70 元/点击 	209.25 	209.25 	20.13% 	按月核对并付款 	否 	否 	
积分墙广告 	积分墙广告 	CPA 	784,364 激活 	2.36 元/激活 	185.11 	185.11 	17.81% 	按月核对，收到 发 票 后 15日安排付款 	否 	否 	
积分墙广告 	积分墙广告 	CPA 	784,364 激活 	2.36 元/激活 	185.11 	185.11 	17.81% 	按月核对，收到 发 票 后 15日安排付款 	否 	否 	
积分墙广告 	积分墙广告 	CPA 	461,911 激活 	2.36 元/激活 	108.94 	108.94 	10.48% 	按月核对并付款 	否 	否 	
积分墙广告 	积分墙广告 	CPA 	381,103 激活 	2.12 元/激活 	80.79 	80.79 	7.77% 	按月支付预付款 	否 	否 	
积分墙广告 	积分墙广告 	CPA 	381,103 激活 	2.12 元/激活 	80.79 	80.79 	7.77% 	按月支付预付款 	否 	否 	
谷歌网络广告 	谷歌网络广告 	CPC 	2,943,210 点击 	0.25 元/点击 	74.53 	74.53 	7.17% 	按月核对并付款 	否 	否 	
腾讯广点通 	腾讯广点通 	CPC 	869,404 点击 	0.51 元/点击 	44.34 	44.34 	4.27% 	按月核对并付款 	否 	否 	
360 搜索引擎推广 	360 搜索引擎推广 	CPC 	510,705 点击 	0.77 元/点击 	39.15 	39.15 	3.77% 	按月核对，收到 发 票 后 15日安排付款 	否 	否 	
360 搜索引擎推广 	360 搜索引擎推广 	CPC 	510,705 点击 	0.77 元/点击 	39.15 	39.15 	3.77% 	按月核对，收到 发 票 后 15日安排付款 	否 	否 	
腾讯广点通 	腾讯广点通 	CPC 	511,005 点击 	0.48 元/点击 	24.53 	24.53 	2.36% 	按月核对，收到 发 票 后 15日安排付款 	否 	否 	
百度搜索引擎推广 	百度搜索引擎推广 	CPC 	214,408 点击 	0.66 元/点击 	14.15 	14.15 	1.36% 	按月核对并付款 	否 	否 	
 	 	 	 	 	999.68 	999.68 	96.18% 	 	 	 	
											
2 	百度时代网络技术（北京）有限公司 										
3 	北京顶当互动广告有限公司 										
3 	北京顶当互动广告有限公司 										
4 	点入广告传媒（上海）有限公司 										
5 	上饶市网之域科技发展有限公司 										
5 	上饶市网之域科技发展有限公司 										
6 	石家庄正日商务网络有限公司 										
7 	北京妙光科技有限公司 										
8 	北京全时天地在线网络信息股份有限公司 										
8 	北京全时天地在线网络信息股份有限公司 										
9 	北 广 艺 信 息 技 术（北京）有限公司 										
10 	北京蓝坤互动网络科技有限公司 										
合计 	合计 										
											
序号 	供应商名称 	购买内容 	计费方式 	购买数量 	购买单价 	购买金额 （万元） 	占品牌推广类广告比例 	结算方式 及周期 	是否存在 关联关系 		
1 	北京金亿广苑文化发展有限公司 	值友节活动 	按值友节发生各项费用打包计价 	不适用 	不适用 	601.29 	29.73% 	协 议 签 署 后 预 付50%， 值 友节活 动结束后并收到结案报告后，支付另外50% 	否 		
1 	北京金亿广苑文化发展有限公司 	值友节活动 	按值友节发生各项费用打包计价 	不适用 	不适用 	601.29 	29.73% 	协 议 签 署 后 预 付50%， 值 友节活 动结束后并收到结案报告后，支付另外50% 	否 		
2 	北京伟诚文化传播有限公司 	微信贴片广告 	合作微信公众号广告位价格 	微信公众号和门户网站资源 	5,000-35,000 元（含税）/月 	374.34 	18.51% 	按月核对，收到发票后 15 日安排付款 	否 		
2 	北京伟诚文化传播有限公司 	微信贴片广告 	合作微信公众号广告位价格 	微信公众号和门户网站资源 	5,000-35,000 元（含税）/月 	374.34 	18.51% 	按月核对，收到发票后 15 日安排付款 	否 		
3 	北京富力诚文化传媒有限公司 	火车票广告 	按火车票印制数量计价 	1,000 万张 	0.28 元/张 	283.02 	13.99% 	协议生效收到发票后支付 50%，火车票印制后支付 50% 	否 		
3 	北京富力诚文化传媒有限公司 	火车票广告 	按火车票印制数量计价 	1,000 万张 	0.28 元/张 	283.02 	13.99% 	协议生效收到发票后支付 50%，火车票印制后支付 50% 	否 		
4 	北京国都互联科技有限公司 	集 团 业 务 短 信及推广短信 	按短信发送条数计价 	2,030.61 万条 	0.04 元（含税）/条 	76.63 	3.79% 	按月核对，收到发票后 15 日安排付款 	否 		
4 	北京国都互联科技有限公司 	集 团 业 务 短 信及推广短信 	按短信发送条数计价 	2,030.61 万条 	0.04 元（含税）/条 	76.63 	3.79% 	按月核对，收到发票后 15 日安排付款 	否 		
5 	北京环球航悦文化传媒有限公司 	机 场 杂 志 广 告投放 	按月计价 	2 个月 	32 万元（含税）/月 	62.14 	3.07% 	按月结算并付款 	否 		
6 	环球央广国际广告（北京）有限公司 	广播电台节目 	广播电台 节目打包计价 	打包计价 	中国交通广播FM99.6 1.2 万元（含税）/期，50 期；全国 144家电台联播，45期共 20 万元（含税） 	56.60 	2.80% 	上线前 5 个工作日内付款 50%，尾款自第一期节目上线后确认无误后二十个工作日内结算 	否 		
											
序号 	供应商名称 	购买内容 	计费方式 	购买数量 	购买单价 	购买金额 （万元） 	占品牌推广类广告比例 	结算方式 及周期 	是否存在 关联关系 		
7 	中国银联股份有限公司 	银 联 支 付 成 功页面广告投放 	按天计价 	42 天 	0.94 万元/天 	39.62 	1.96% 	按月结算，次月月底前付款 	否 		
8 	南京广电集团广播传媒有限责任公司 	广播电台节目 	广播电台 节目打包计价 	打包计价 	联办节目 2,700元（含税）/期；每天 8 次播放节目宣传带，3,220 元（含税）/天 	30.82 	1.52% 	联办节目播出前付款，按月结算 	否 		
9 	北京一种生活文化传播有限公司 	视频推广 	视频完成制作和推广打包计价 	1 个 	视频制作费 18万元（含税）、推广费 12 万元（含税） 	29.13 	1.44% 	合同签订后并收到发票后 10 个工作日内支付 30%，视频投 放 完 成 后 支 付70% 	否 		
9 	北京一种生活文化传播有限公司 	视频推广 	视频完成制作和推广打包计价 	1 个 	视频制作费 18万元（含税）、推广费 12 万元（含税） 	29.13 	1.44% 	合同签订后并收到发票后 10 个工作日内支付 30%，视频投 放 完 成 后 支 付70% 	否 		
10 	新旗互动（北京）广告传媒有限公司 	HTML5 广告推广 	HTML5 广告制作和传播打包计价 	1 个 	30 万元（含税） 	28.30 	1.40% 	广告投放完成并收到发票后 15 个工作日付款 	否 		
合计 	合计 	 	 	 	 	1,581.89 	78.21% 	 	 		
											
序号 	供应商名称 	购买内容 	计费方式 	购买数量 	购买单价 	购买金额 （万元） 	占品牌推广类广告比例 	结算方式 及周期 	是否存在 关联关系 		
1 	分众传媒有限公司 	LCD 楼宇广告 	打包计价 	楼宇电视，数码海报，三屏联动 	不适用 	347.17 	28.41% 	合 同 签 订 后 支付 20%， 合同完 成 收 到 监 测报 告 后 支 付80% 	否 		
											
序号 	供应商名称 	购买内容 	计费方式 	购买数量 	购买单价 	购买金额 （万元） 	占品牌推广类广告比例 	结算方式 及周期 	是否存在 关联关系 		
2 	北京瑞傲思陆传媒有限公司 	Bad  Idea 视频宣传短片 	按制作视频集数计价 	13 集视频 	12.77 万元/集 	166.02 	13.58% 	每 周 制 作 完 成后付款 	否 		
2 	北京瑞傲思陆传媒有限公司 	Bad  Idea 视频宣传短片 	按制作视频集数计价 	13 集视频 	12.77 万元/集 	166.02 	13.58% 	每 周 制 作 完 成后付款 	否 		
3 	北京天创汉华文化有限公司 	值友节活动 	按值友节发生各项费用打包计价 	不适用 	不适用 	144.82 	11.85% 	签 署 合 同 一 个工 作 日 内 支 付50% ， 合 同 执行 完 成 后 支 付50% 	否 		
4 	淮安市因特思博网络科技有限公司 	微博和微信红人推广 	按微博和微信红人的粉丝、平均阅读量/互动量等定价 	8 位微信红人，10 位微博红人 	微信红人 55,000-150,000 元（含税）/条；微博红人 4,600-40,000元（含税）/条 	62.02 	5.07% 	项 目 开 始 前 支付 40%， 执行结 束 后 支 付 剩余款项 	否 		
4 	淮安市因特思博网络科技有限公司 	微博和微信红人推广 	按微博和微信红人的粉丝、平均阅读量/互动量等定价 	8 位微信红人，10 位微博红人 	微信红人 55,000-150,000 元（含税）/条；微博红人 4,600-40,000元（含税）/条 	62.02 	5.07% 	项 目 开 始 前 支付 40%， 执行结 束 后 支 付 剩余款项 	否 		
5 	南京广电集团广播传媒有限责任公司 	广播电台节目 	广播电台 节目打包计价 	打包计价 	联办节目 2,700 元（含税）/期；每天 8 次播放节目宣传带，3,220 元（含税）/天 	61.66 	5.04% 	联 办 节 目 播 出前 付 款 ， 按 月结算 	否 		
6 	北京卓知互动科技有限公司 	值友节公关传播服务 	按提供公关服务计费 	不适用 	不适用 	56.75 	4.64% 	合 同 签 署 后 5个 工 作 日 内 支付 40%， 项目执 行 完 毕 后 支付 60% 	否 		
7 	正阳聚成公关顾问（北京）有限公司 	公关服务 	按稿件撰写篇数、方案撰写次数等计价 	不适用 	稿件撰写 2000 元（含税）/篇，文案撰写 500-1000元（含税）/篇，编辑运营 8000 元（含税）/月等 	45.93 	3.76% 	按 月 结 算 ， 收到发票后 7 日内付款 	否 		
											
序号 	供应商名称 	购买内容 	计费方式 	购买数量 	购买单价 	购买金额 （万元） 	占品牌推广类广告比例 	结算方式 及周期 	是否存在 关联关系 		
8 	北京国都互联科技有限公司 	推广短信 	短信发送条数 	11,398,735 条 	0.04 元 （含税）/条 	43.01 	3.52% 	按 月 核 对 ， 收到发票后 15 日安排付款 	否 		
8 	北京国都互联科技有限公司 	推广短信 	短信发送条数 	11,398,735 条 	0.04 元 （含税）/条 	43.01 	3.52% 	按 月 核 对 ， 收到发票后 15 日安排付款 	否 		
9 	其实九思文化传播（北京）有限公司 	值友节宣传短片 	按制作视频集数计价 	宣传短片 1 支 	34.24 万元 	34.24 	2.80% 	确 认 拍 摄 脚本 ， 收 到 发 票后 7 日付款 	否 		
10 	北京百度网讯科技有限公司 	百度贴吧海淘吧和日淘吧权限 	按月计价 	8 个月 	3.77 万元/月 	30.19 	2.47% 	按月付款 	否 		
合计 	合计 	 	 	 	 	991.81 	81.15% 	 	 		
											
序号 	供应商名称 	购买内容 	计费方式 	购买数量 	购买单价 	购买金额 （万元） 	占品牌推广类广告比例 	结算方式 及周期 	是否存在 关联关系 		
1 	北京欢喜广告有限公司 	hao123 展示广告 	按天计价 	61 天 	141.51 万/月 	287.14 	50.84% 	按月结算并付款 	否 		
1 	北京欢喜广告有限公司 	hao123 展示广告 	按天计价 	61 天 	141.51 万/月 	287.14 	50.84% 	按月结算并付款 	否 		
2 	北京海天网联公关顾问有限公司 	什么值得买五周年战略发布会 	打包计价 	不适用 	不适用 	52.83 	9.35% 	合同签订后预付50%，服务结束后 四 周 内 支 付50% 	否 		
3 	北京众嘉禾励科技有限公司 	值友活动礼品和金币兑换奖品 	打包计价 	不适用 	不适用 	42.67 	7.55% 	合同签订 5 个工作 日 内 支 付50%，货物验收合格五个工作日内支付 50% 	是 		
4 	日照汇友文化传媒有限公司 	宣传视频制作 	按集计价 	12 集 	3.24 万元/集 	38.83 	6.87% 	合同签订收到发票后支付 50%，	否 		
											
序号 	供应商名称 	购买内容 	计费方式 	购买数量 	购买单价 	购买金额 （万元） 	占品牌推广类广告比例 	结算方式 及周期 	是否存在 关联关系 		
第 4 集播出后支付 50% 											
按月结算并付款 	否 	否 									
按月结算并付款 	否 	否 									
签订合同 5 个工作日支付 60%，验收合格后支付40% 	否 	否 									
合同签订 5 个工作 日 内 支 付50%，货物验收合格五个工作日内支付 50% 	否 	否 									
合同签订 5 个工作 日 内 支 付50%，货物验收合格五个工作日内支付 50% 	否 	否 									
收到发票后 5 日内支付 	否 	否 									
收到发票后 5 日内支付 	否 	否 									
收到发票后 1 日内支付 	否 	否 									
收到发票后 1 日内支付 	否 	否 									
 	 	 									
 	 	 									
											
5 	青岛商至信网络科技有限公司 	什么值得买百度贴吧运营及推广 	按运营推广服务打包计价 	不适用 	不适用 	19.42 	3.44% 				
6 	北京百度网讯科技有限公司 	百度贴吧海淘吧和日淘吧权限 	按月计价 	4 个月 	3.77 万元/月 	15.09 	2.67% 				
7 	北京两把刷子影视文化传媒有限公司 	宣传视频制作 	按视频制作费用计价 	宣传视频 1 支 	9.20 万元/支 	9.20 	1.63% 				
8 	北京瑞华精英科贸有限公司 	值友活动礼品 	按礼品个数计价 	1,500 个定制小米移动电源 	59.80 元/个 	8.97 	1.59% 				
8 	北京瑞华精英科贸有限公司 	值友活动礼品 	按礼品个数计价 	1,500 个定制小米移动电源 	59.80 元/个 	8.97 	1.59% 				
9 	北京中体互动文化发展有限公司 	线下值友活动 	打包计价 	不适用 	不适用 	5.66 	1.00% 				
9 	北京中体互动文化发展有限公司 	线下值友活动 	打包计价 	不适用 	不适用 	5.66 	1.00% 				
10 	北京亮角落广告传媒有限公司 	微信公众号文章 	按微博和微信红人的粉丝、平均阅读量/互动量等定价 	头条文章 1 篇 	4.53 万元/篇 	4.53 	0.80% 				
10 	北京亮角落广告传媒有限公司 	微信公众号文章 	按微博和微信红人的粉丝、平均阅读量/互动量等定价 	头条文章 1 篇 	4.53 万元/篇 	4.53 	0.80% 				
合计 	合计 	 	 	 	 	484.34 	85.75% 				
合计 	合计 	 	 	 	 	484.34 	85.75% 				
											
优惠信息来源 	2017 年度 	2017 年度 	2016 年度 	2016 年度 	2015 年度 	2015 年度 					
优惠信息来源 	数量 	占比 	数量 	占比 	数量 	占比 					
用户贡献 	89.09 	76.84% 	42.27 	72.75% 	21.77 	70.59% 					
编辑贡献 	7.93 	6.84% 	6.13 	10.55% 	7.69 	24.93% 					
商家贡献 	15.65 	13.50% 	9.70 	16.70% 	1.38 	4.48% 					
机器贡献 	3.27 	2.82% 	- 	- 	- 	- 					
合计 	115.94 	100.00% 	58.10 	100.00% 	30.84 	100.00% 					
											
优惠信息 来源 	2017 年度 	2017 年度 	2016 年度 	2016 年度 	2015 年度（注） 	2015 年度（注） 					
优惠信息 来源 	金额 	占比 	金额 	占比 	金额 	占比 					
用户贡献 	7,640.79 	61.68% 	6,004.94 	68.26% 	N/A 	N/A 					
编辑贡献 	3,501.60 	28.26% 	2,181.44 	24.80% 	N/A 	N/A 					
商家贡献 	1,168.81 	9.43% 	610.65 	6.94% 	N/A 	N/A 					
机器贡献 	77.74 	0.63% 	- 	- 	- 	- 					
合计 	12,388.94 	100.00% 	8,797.04 	100.00% 	5,739.44 	100.00% 					
											
优惠信息来源 	2017 年度 	2017 年度 	2016 年度 	2016 年度 	2015 年度 	2015 年度 					
优惠信息来源 	金额 	占比 	金额 	占比 	金额 	占比 					
用户贡献 	212.90 	71.22% 	65.76 	42.82% 	43.23 	31.74% 					
编辑贡献 	85.88 	28.73% 	87.81 	57.18% 	92.96 	68.26% 					
商家贡献 	- 	- 	- 	- 	- 	- 					
机器贡献 	0.14 	0.05% 	- 	- 	- 	- 					
合计 	298.92 	100.00% 	153.57 	100.00% 	136.19 	100.00% 					
											
优惠信息采纳情况 	可比网站 	可比网站 	可比网站 	可比网站 	发行人 						
优惠信息采纳情况 	惠惠网 	识货 	慢慢买 	中间值 	发行人 						
有效爆料 	5-10 元 	5 元 	0.1-2 元 	5 元 	1-2 元 						
原创文章 	- 	10 元 	- 	10 元 	5-10 元 						
精华爆料 （首页发布） 	5 元 	- 	2 元 	3.5 元 	3 元 						
兑换内容 	优惠券、购物卡、实物礼品 	优惠券、实物礼品 	优惠券、购物卡、实物礼品 	- 	优惠券、购物卡、实物礼品 						
											
序号 	文件名称 	发布机构 									
1 	计算机软件保护条例 	国务院 									
2 	中华人民共和国计算机信息网络国际联网管理暂行规定 	国务院 									
3 	中华人民共和国电信条例 	国务院 									
序号 	文件名称 	发布机构 									
4 	互联网信息服务管理办法 	国务院 									
5 	软件产品管理办法 	工业和信息化部 									
6 	互联网文化管理暂行规定 	文化部 									
7 	信息网络传播权保护条例 	国务院 									
8 	计算机软件著作权登记办法 	国家版权局 									
9 	互联网广告管理暂行办法 	国家工商总局 									
											
期间 	月活跃用户 	移动端激活量 									
2015 年度 	1,237.47 	979.68 									
期间 	月活跃用户 	移动端激活量 									
2016 年度 	1,862.17 	1,580.03 									
2017 年度 	2,401.99 	2,244.48 									
											
项目 	2017 年度 	2016 年度 	2015 年度 								
直接流量 	13,786.89 	10,397.18 	6,568.80 								
自然搜索流量 	8,958.95 	6,605.15 	3,659.72 								
付费搜索流量 	400.07 	612.14 	274.66 								
引荐流量 	1,529.18 	1,122.45 	1,196.58 								
广告展示流量 	364.04 	238.96 	198.38 								
其他流量 	1,117.22 	453.67 	999.76 								
项目 	2017 年度 	2016 年度 	2015 年度 								
合计 	26,156.36 	19,429.55 	12,897.90 								
											
项目 	2017 年度 	2016 年度 	2015 年度 								
免费激活 	301.32 	355.13 	396.77 								
付费激活 	363.13 	245.22 	253.45 								
合计 	664.45 	600.35 	650.22 								
											
渠道 	渠道 	2017 年度 	2016 年度 	2015 年度 							
PC 端及WAP 端 	付费搜索 	282.08 	441.57 	269.30 							
PC 端及WAP 端 	引荐流量 	576.76 	166.56 	321.65 							
PC 端及WAP 端 	广告展示 	- 	33.86 	74.53 							
移动客户端 	移动客户端 	1,536.09  	330.07 	660.61 							
合计 	合计 	2,394.93  	972.06 	1,326.09 							
											
期间 	服务提供商 	搜索引擎 	计费模式 	点击量 	单价 	结算方式及周期 	总金额 				
2017 年度 	百度时代网络技术（北京）有限公司 	百度 	CPC 	3,207,785 	0.58 	按月核对并付款 	184.56 				
2017 年度 	北京全时天地在线网络信息股份有限公司 	360 搜索 	CPC 	1,357,074 	0.68 	按月核对，收到发票后 15 日安排付款 	92.09 				
2017 年度 	上海聚胜万合广告有限公司 	搜狗 	CPC 	94,000 	0.58 	按月核对，一个月内付款 	5.43 				
2017 年度 	合计 	合计 	合计 	合计 	合计 	合计 	282.08 				
2016 年度 	百度时代网络技术（北京）有限公司 	百度 	CPC 	6,678,736 	0.54 	按月核对并付款 	358.73 				
2016 年度 	北京全时天地在线网络信息股份有限公司 	360 搜索 	CPC 	697,880 	0.59 	按月核对，收到发票后 15 日安排付款 	41.05 				
2016 年度 	上海聚胜万合广告有限公司 	搜狗 	CPC 	818,771 	0.43 	按月核对，一个月内付款 	35.21 				
2016 年度 	成功易（北京）信息技术有限公司 	bing 搜索 	CPC 	237,459 	0.28 	按月核对并付款 	6.58 				
2016 年度 	合计 	合计 	合计 	合计 	合计 	合计 	441.57 				
2015 年度 	百度时代网络技术（北京）有限公司 	百度 	CPC 	3,001,905 	0.70 	按月核对并付款 	209.25 				
2015 年度 	北京蓝坤互动网络科技有限公司 	百度 	CPC 	214,408 	0.66 	按月核对并付款 	14.15 				
2015 年度 	北京全时天地在线网络信息股份有限公司 	360 搜索 	CPC 	510,705 	0.77 	按月核对，收到发票后 15 日安排付款 	39.15 				
2015 年度 	上海聚胜万合广告有限公	搜狗 	CPC 	48,482 	0.41 	按月核对，一个	1.99 				
											
期间 	服务提供商 	搜索引擎 	搜索引擎 	计费模式 	点击量 	单价 	结算方式及周期 	总金额 			
司 	月内付款 										
成功易（北京）信息技术有限公司 	bing 搜索 	bing 搜索 	按月核对并付款 	4.76 							
合计 	合计 	合计 	合计 	合计 	合计 	合计 	269.30 				
											
89,210 	0.53 										
											
期间 	服务提供商 	内容 	计费模式 	点击量/购买量 	单价 	结算方式及周期 	总金额 				
2017 年度 	北京伟诚文化传播有限公司 	微信公众号贴片广告、微信公众号菜单栏广告 	按天计价 	微信公众号和门户网站资源 	5,000-35,000 元（含税）/月 	按月核对，收到发票后 15 日安排付款 	374.34 				
2017 年度 	上海久邮文化传播有限公司 	联通沃商店广告推广 	按新增注册用户数计价 	134,038 	6.60 元/注册 	每两周结算并付款 	88.52 				
2017 年度 	中国银联股份有限公司 	银联支付成功页面广告投放 	按天计价 	42 天 	0.94 万元/天 	按月结算，次月月底前付款 	39.62 				
2017 年度 	北京全时天地在线网络信息股份有限公司 	360 导航广告 	CPC 	556,236 	0.83/点击 	按月核对，收到发票后 15 日安排付款 	45.98 				
2017 年度 	新旗互动（北京）广告传媒有限公司 	HTML5 广告推广 	HTML5 广告制作和传播打包计价 	1 个 	30 万元（含税） 	广告投放完成并收到发票后 15 个工作日付款 	28.30 				
2017 年度 	合计 	合计 	合计 	合计 	合计 	合计 	合计 	576.76 			
2016 年度 	淮安市因特思博网络科技有限公司 	微博、微信公众号推广 	按微博和微信红人的粉丝、平均阅读量/互动量等定价 	不适用 	微信红人 55,000-150,000 元（含税）/条；微博红人4,600-40,000 元（含税）/条 	项目开始前支付40%，执行结束后支付剩余款项 	62.02 				
											
期间 	服务提供商 	服务提供商 	内容 	计费模式 	点击量/购买量 	单价 	结算方式及周期 	总金额 	总金额 		
北京全时天地在线网络信息股份有限公司 	北京全时天地在线网络信息股份有限公司 	360 导航广告 	CPC 	518,699 	1.13 元 	按月核对，收到发票后 15 日安排付款 	58.61 	58.61 			
正阳聚成公关顾问（北京）有限公司 	正阳聚成公关顾问（北京）有限公司 	网站、微博、微信公众号推广等 	按稿件撰写篇数、方案撰写次数等计价 	不适用 	稿件撰写 2,000 元（含税）/篇，文案撰写 500-1,000 元（含税）/篇，编辑运营 8,000 元（含税）/月等 	按月结算，收到发票后 7 日内付款 	45.93 	45.93 			
合计 	合计 	合计 	合计 	合计 	合计 	合计 	合计 	166.56 	166.56 		
北京欢喜广告有限公司 	北京欢喜广告有限公司 	hao123 导航广告 	按天计价 	61 天 	141.51 万/月 	按月结算并付款 	287.14 	287.14 			
青岛商至信网络科技有限公司 	青岛商至信网络科技有限公司 	什么值得买百度贴吧运营及推广 	按运营推广服务打包计价 	不适用 	不适用 	按月结算并付款 	19.42 	19.42 			
北京百度网讯科技有限公司 	北京百度网讯科技有限公司 	百度贴吧海淘吧和日淘吧权限 	按月计价 	4 个月 	3.77 万元/月 	按月结算并付款 	15.09 	15.09 			
合计 	合计 	合计 	合计 	合计 	合计 	合计 	合计 	321.65 	321.65 		
											
期间 	服务提供商 	内容 	计费模式 	点击量/天 	单价（元） 	结算方式及周期 	总金额 				
2017 年度 	- 	- 	- 	- 	- 	- 	- 				
2016 年度 	上海安璞信息技术有限公司 	谷歌展示广告 	CPC 	3,010,869 	0.11 	按月核对，核对后 15 日付款 	33.86 				
											
期间 	服务提供商 	服务提供商 	内容 	计费模式 	点击量/天 	单价（元） 	结算方式及周期 	总金额 			
合计 	合计 	合计 	合计 	合计 	合计 	合计 	33.86 				
石家庄正日商务网络有限公司 	石家庄正日商务网络有限公司 	谷歌展示广告 	CPC 	2,943,210 	0.25 	按月核对并付款 	74.53 				
合计 	合计 	合计 	合计 	合计 	合计 	合计 	74.53 				
											
期间 	服务提供商 	内容 	计费模式 	下载量/激活量/点击量 	单价（元） 	结算方式及周期 	总金额 				
2017 年度 	北京顶当互动广告有	积分墙广告 	CPA 	1,658,605 	2.36 	按月核对，收	413.43 				
											
期间 	服务提供商 	服务提供商 	内容 	计费模式 	下载量/激活量/点击量 	下载量/激活量/点击量 	单价（元） 	结算方式及周期 	总金额 		
限公司 	限公司 	InMobi 广告推广平台推广 	CPC 	1,571,428 	1,571,428 	0.14 	到发票后 15日安排付款  	 			
北京中科互通信息技术有限公司 	北京中科互通信息技术有限公司 	广告推广平台推广 	CPC 	7,370,425 	7,370,425 	0.46 	按月核对，收到发票后 15日安排付款 	339.04 			
上海拓畅信息技术有限公司 	上海拓畅信息技术有限公司 	畅思/matomy 广告推广平台推广 	CPA 	117,033 	117,033 	12.26 	按月核对，收到发票后 15日安排付款 	336.54 			
上海拓畅信息技术有限公司 	上海拓畅信息技术有限公司 	Mobsink/X-mob广告推广平台推广 	CPM 	292,269 	292,269 	6.60 	按月核对，收到发票后 15日安排付款 	336.54 			
万年县信团网络科技有限公司 	万年县信团网络科技有限公司 	积分墙广告 	CPA 	816,801 	816,801 	2.38 	按月支付预付款 	194.17 			
上海聚胜万合广告有限公司 	上海聚胜万合广告有限公司 	小米应用商店推广 	CPD 	341,843 	341,843 	5.19 	按月核对，一个月内付款 	177.44 			
上饶市网之域科技发展有限公司 	上饶市网之域科技发展有限公司 	积分墙广告 	CPA 	341,286 	341,286 	2.21 	按月支付预付款 	75.47 			
合计 	合计 	合计 	合计 	合计 	合计 	合计 	合计 	1,536.09 			
上海聚胜万合广告有限公司 	上海聚胜万合广告有限公司 	腾讯广点通 	CPC 	1,412,407 	1,412,407 	0.68 	按月核对，一个月内付款 	96.04 			
上海聚胜万合广告有限公司 	上海聚胜万合广告有限公司 	百度百通 	CPC 	1,105,756 	1,105,756 	0.45 	按月核对，一个月内付款 	49.76 			
上海聚胜万合广告有限公司 	上海聚胜万合广告有限公司 	360 聚效 	CPC 	156,631 	156,631 	0.89 	按月核对，一个月内付款 	13.94 			
上海聚胜万合广告有限公司 	上海聚胜万合广告有限公司 	今日头条 	CPC 	51,014 	51,014 	0.37 	按月核对，一个月内付款 	1.89 			
北京顶当互动广告有限公司 	北京顶当互动广告有限公司 	积分墙广告 	CPA 	512,585 	512,585 	2.36 	按月核对，收到发票后 15日安排付款 	120.97 			
北京顶当互动广告有限公司 	北京顶当互动广告有限公司 	InMobi 广告推广	CPC 	719,846 	719,846 	0.21 	按月核对，收	15.11 			
											
期间 	服务提供商 	服务提供商 	内容 	计费模式 	下载量/激活量/点击量 	下载量/激活量/点击量 	单价（元） 	结算方式及周期 	总金额 		
平台推广 	到发票后 15日安排付款 										
小米应用商店 	CPD 	30,238 	30,238 	3.92 	按月核对并于隔月付款 	11.85 					
华为应用商店 	CPD 	13,785 	13,785 	3.98 	按月核对并于隔月付款 	5.49 					
OPPO 应用商店 	CPD 	14,291 	14,291 	4.02 	按月核对并于隔月付款 	5.75 					
小米应用商店 	CPD 	23,888 	23,888 	3.88 	按月核对，一个月内付款 	9.27 					
合计 	合计 	合计 	合计 	合计 	合计 	合计 	合计 	330.07 			
上海聚胜万合广告有限公司 	上海聚胜万合广告有限公司 	腾讯广点通 	CPC 	3,574,755 	3,574,755 	0.58 	按月核对，一个月内付款 	207.34 			
北京妙光科技有限公司 	北京妙光科技有限公司 	腾讯广点通 	CPC 	869,404 	869,404 	0.51 	按月核对，一个月内付款 	44.34 			
北广艺信息技术（北京）有限公司 	北广艺信息技术（北京）有限公司 	腾讯广点通 	CPC 	511,005 	511,005 	0.48 	按月核对，一个月内付款 	24.53 			
北京顶当互动广告有限公司 	北京顶当互动广告有限公司 	积分墙广告 	CPA 	784,364 	784,364 	2.36 	按月核对，收到发票后 15日安排付款 	185.11 			
点入广告传媒（上海）有限公司 	点入广告传媒（上海）有限公司 	积分墙广告 	CPA 	461,911 	461,911 	2.36 	按月核对并付款 	108.94 			
上饶市网之域科技发展有限公司 	上饶市网之域科技发展有限公司 	积分墙广告 	CPA 	381,103 	381,103 	2.12 	按月支付预付款 	80.79 			
上海聚胜万合广告有限公司 	上海聚胜万合广告有限公司 	百度手机助手 	CPD 	25,485 	25,485 	3.75 	按月核对，一个月内付款 	9.56 			
合计 	合计 	合计 	合计 	合计 	合计 	合计 	合计 	660.61 			
											
哇棒移动传媒股份有限公司 											
上海聚胜万合广告有限公司 											
											
期间 	服务提供商 	内容 	计费模式 	单价 	结算方式及周期 	总金额 					
2017 年度 	北京金亿广苑文化发展有限公司 	值友节活动 	按值友节发生各项费用打包计价 	不适用 	协议签署后预付50%，值友节活动结束后并收到结案报告后，支付另外 50% 	601.29 					
2017 年度 	北京富力诚文化传媒有限公司 	火车票广告 	按火车票数量计价 	0.28 元/张 	协议生效收到发票后支付 50%，火车票印制后支付 50% 	283.02 					
2017 年度 	北京轻奢生活科技发展有限	微信公众号推	按微信公众号	1.73 元 	按月核对，收到	160.99 					
											
期间 	服务提供商 	服务提供商 	内容 	计费模式 	单价 	单价 	结算方式及周期 	总金额 			
责任公司 	责任公司 	广 	新增粉丝数计价 	发票后 15 日安排付款 							
北京环球航悦文化传媒有限公司 	北京环球航悦文化传媒有限公司 	机场杂志广告投放 	按月计价 	32 万元（含税）/月 	32 万元（含税）/月 	按月结算并付款 	62.14 				
环球央广国际广告（北京）有限公司 	环球央广国际广告（北京）有限公司 	广播电台节目 	广播电台节目打包计价 	中国交通广播 FM99.61.2 万元（含税）/期，共 50 期；全国 144家电台联播，45 期共 20 万元（含税） 	中国交通广播 FM99.61.2 万元（含税）/期，共 50 期；全国 144家电台联播，45 期共 20 万元（含税） 	上线前 5 个工作日内付款 50%，尾款自第一期节目上线后确认无误后二十个工作日内结算 	56.60 				
南京广电集团广播传媒有限责任公司 	南京广电集团广播传媒有限责任公司 	广播电台节目 	广播电台节目打包计价 	联办节目 2,700 元（含税）/期；每天 8 次播放节目宣传带，3,220元（含税）/天 	联办节目 2,700 元（含税）/期；每天 8 次播放节目宣传带，3,220元（含税）/天 	联办节目播出前付款，按月结算 	30.82 				
北京一种生活文化传播有限公司 	北京一种生活文化传播有限公司 	视频推广 	视频完成制作和推广打包计价 	视频制作费 18 万元（含税）、推广费 12 万元（含税） 	视频制作费 18 万元（含税）、推广费 12 万元（含税） 	合同签订后并收到发票后 10 个工作日内支付30%，视频投放完成后支付 70% 	29.13 				
时光流影科技股份有限公司 	时光流影科技股份有限公司 	机场杂志广告投放 	按期完成编校、印刷统一计价 	13 万（含税）/月 	13 万（含税）/月 	协议签署后预付50%，值友节活动结束后并收到结案报告后，支付另外 50% 	24.53 				
合计 	合计 	合计 	合计 	合计 	合计 	合计 	1,248.51 				
北京天创汉华文化有限公司 	北京天创汉华文化有限公司 	值友节 	固定价格 	包括节目准备、活动过程中产生的费用确定价格，共 144.82 万元 	包括节目准备、活动过程中产生的费用确定价格，共 144.82 万元 	签署合同一个工作日内支付50%，合同执行完成后支付 50% 	144.82 				
											
期间 	服务提供商 	服务提供商 	内容 	计费模式 	单价 	单价 	结算方式及周期 	总金额 			
北京卓知互动科技有限公司 	北京卓知互动科技有限公司 	值友节公关传播服务 	按提供公关服务计费 	不适用 	不适用 	合同签署后 5 个工作日内支付40%，项目执行完毕后支付 60% 	56.75 				
分众传媒有限公司 	分众传媒有限公司 	框架广告 	打包计价 	不适用 	不适用 	合同签署后 5 个工作日内支付20%，项目执行完毕后支付 80% 	347.17 				
南京广电集团广播传媒有限责任公司 	南京广电集团广播传媒有限责任公司 	线下音频节目 	广播电台节目打包计价 	联办节目 2,700 元（含税）/期；每天 8 次播放节目宣传带，3,220元（含税）/ 	联办节目 2,700 元（含税）/期；每天 8 次播放节目宣传带，3,220元（含税）/ 	联办节目播出前付款，按月结算 	61.66 				
北京瑞傲思陆传媒有限公司 	北京瑞傲思陆传媒有限公司 	线上视频制作 	按制作视频集数计价 	13 期节目，每期视频制作费 12.77万元 	13 期节目，每期视频制作费 12.77万元 	每周制作完成后付款 	166.02 				
合计 	合计 	合计 	合计 	合计 	合计 	合计 	776.42 				
北京海天网联公关顾问有限公司 	北京海天网联公关顾问有限公司 	什么值得买五周年战略发布会 	打包计价 	包括准备、活动过程中产生的费用确定价格，共 52.83 万元 	包括准备、活动过程中产生的费用确定价格，共 52.83 万元 	合同签订后预付50%，服务结束后四周内支付50% 	52.83 				
北京众嘉禾励科技有限公司 	北京众嘉禾励科技有限公司 	值友活动礼品和金币兑换奖品 	打包计价 	不适用 	不适用 	合同签订 5 个工作日内支付50%，货物验收合格五个工作日内支付 50% 	42.67 				
合计 	合计 	合计 	合计 	合计 	合计 	合计 	95.50 				
											
 	2017 年度 	2016 年度 	2015 年度 								
墨迹科技 	2.20-3.30 	2.50-3.00 	2.50-3.21 								
发行人 	2.12-2.36 	2.36 	2.12-2.36 								
											
 	 	2017 年度 	2016 年度 								
小米应用商店推广 	墨迹科技 	- 	- 								
小米应用商店推广 	发行人 	5.19 	3.88-3.92 								
华为应用商店推广 	墨迹科技 	1.06-2.46 	1.74-1.85 								
华为应用商店推广 	发行人 	- 	3.98 								
oppo 应用商店推广 	墨迹科技 	1.26 	1.52-2.60 								
oppo 应用商店推广 	发行人 	- 	4.02 								
											
序号 	客户名称 	客户名称 	销售金额 	销售金额 	销售金额 	销售金额 	业务 	占比 			
2017 年度 	2017 年度 	2017 年度 	2017 年度 	2017 年度 	2017 年度 	2017 年度 	2017 年度 	2017 年度 	2017 年度 		
1 	阿 里 巴 巴集团 	杭州阿里妈妈软件服务有限公司 浙江天猫技术有限公司 魅力惠（上海）贸易有限公司 阿里健康大药房医药连锁有限公司 	9,474.13 	9,474.13 	电商导购佣金收入：6,022.40 广告展示收入：3,450.99 互联网效果营销平台服务收入：0.75 	电商导购佣金收入：6,022.40 广告展示收入：3,450.99 互联网效果营销平台服务收入：0.75 	电商导购、广告展示、互联网效果营销平台服务 	25.81% 			
2 	蓝标集团 	霍尔果斯博众文化传媒有限公司 多盟睿达科技（中国）有限公司 上海蓝色光标品牌顾问有限公司 北京蓝色光标公关顾问有限公司 北京蓝色光标品牌管理顾问股份有限公司 上海蓝色光标公关服务有限公司 	6,205.96 	6,205.96 	广告展示收入：6,205.96 	广告展示收入：6,205.96 	代理戴森、努比亚、玛莎拉蒂、好奇等品牌及京东的广告投放 	16.91% 			
3 	京东集团 	重庆京东海嘉电子商务有限公司 天津东方启明科技发展有限公司 纽海电子商务（上海）有限公司 	3,683.16 	3,683.16 	电商导购佣金收入：141.77 互联网效果营销平台服务收入：3,541.39 	电商导购佣金收入：141.77 互联网效果营销平台服务收入：3,541.39 	电商导购、互联网效果营销平台服务 	10.04% 			
4 	亚 马 逊 集团 	亚马逊（中国）投资有限公司 Amazon Japan K.K. Amazon Services LLC Amazon Europe Core S.A.R.L. 	2,033.09 	2,033.09 	电商导购佣金收入：1,512.43 广告展示收入：520.66 	电商导购佣金收入：1,512.43 广告展示收入：520.66 	电商导购、广告展示 	5.54% 			
5 	阳狮集团 	上海李奥贝纳广告有限公司 盛世长城国际广告有限公司 	1,380.58 	1,380.58 	广告展示收入：1,380.58 	广告展示收入：1,380.58 	广告展示 	3.76% 			
合计 	合计 	合计 	合计 	22,776.92 	22,776.92 	 	 	 	62.06% 		
											
序号 	客户名称 	客户名称 	销售金额 	销售金额 	销售金额 	销售金额 	业务 	占比 			
2016 年度 	2016 年度 	2016 年度 	2016 年度 	2016 年度 	2016 年度 	2016 年度 	2016 年度 	2016 年度 	2016 年度 		
1 	阿 里 巴 巴集团 	杭州阿里妈妈软件服务有限公司 浙江天猫技术有限公司 	5,530.07 	5,530.07 	电商导购佣金收入：5,036.35 广告展示收入：493.72 	电商导购佣金收入：5,036.35 广告展示收入：493.72 	电商导购、广告展示 	27.49% 			
2 	亚 马 逊 集团 	Amazon Services LLC Amazon Europe Core S.A.R.L.  Amazon Japan K.K. 亚马逊（中国）投资有限公司 	2,051.40 	2,051.40 	电商导购佣金收入：1,603.09 广告展示收入：448.31 	电商导购佣金收入：1,603.09 广告展示收入：448.31 	电商导购、广告展示 	10.20% 			
3 	北京派瑞威行广告有限公司 	北京派瑞威行广告有限公司 	1,506.37 	1,506.37 	广告展示收入：1,506.37 	广告展示收入：1,506.37 	代理京东、当当、达令网的广告投放 	7.49% 			
4 	蓝标集团 	北京蓝色光标电子商务股份有限公司 北京蓝色光标公关顾问有限公司 上海蓝色光标品牌顾问有限公司 蓝色光标（天津）市场营销有限公司 多盟睿达科技（中国）有限公司 上海竞道广告有限公司 北京智扬唯美科技咨询有限公司 上海智扬唯美文化传播有限公司 	1,152.48 	1,152.48 	广告展示收入：1,152.48 	广告展示收入：1,152.48 	代理戴森、博世、戴尔、索尼、联想、宝洁等 30多个品牌的广告投放 	5.73% 			
5 	京东集团 	重庆京东海嘉电子商务有限公司 纽海电子商务（上海）有限公司 上海智奥一号店信息技术有限公司 天津东方启明科技发展有限公司 	1,083.94 	1,083.94 	电商导购佣金收入：1,073.17 互联网效果营销平台服务收入：10.77 	电商导购佣金收入：1,073.17 互联网效果营销平台服务收入：10.77 	电商导购、互联网效果营销平台 	5.39% 			
合计 	合计 	合计 	合计 	11,324.25  	11,324.25  	 	 	 	56.30% 		
2015 年度 	2015 年度 	2015 年度 	2015 年度 	2015 年度 	2015 年度 	2015 年度 	2015 年度 	2015 年度 	2015 年度 		
1 	阿 里 巴 巴集团 	杭州阿里妈妈软件服务有限公司 上海亿竞广告传媒有限公司 	2,154.36 	2,154.36 	电商导购佣金收入：2,082.94 广告展示收入：71.42 	电商导购佣金收入：2,082.94 广告展示收入：71.42 	电商导购、广告展示 	22.14% 			
											
序号 	客户名称 	销售金额 	业务 	占比 							
											
支付宝（中国）网络技术有限公司 											
Amazon Services LLC Amazon Europe Core S.A.R.L.  Amazon Japan K.K. 亚马逊（中国）投资有限公司 	2,022.62 	电商导购佣金收入：1,754.27 广告展示收入：268.35 	电商导购佣金收入：1,754.27 广告展示收入：268.35 	电商导购、广告展示 	20.79% 						
重庆京东海嘉电子商务有限公司 上海易迅电商商务发展有限公司 	685.37 	电商导购佣金收入：685.37 	电商导购佣金收入：685.37 	电商导购 	7.04% 						
Google Asia Pacific Pte Ltd 	Google Asia Pacific Pte Ltd 	567.05 	广告展示收入：567.05 	广告展示收入：567.05 	广告展示 	5.83% 					
Commission Junction Inc. 	Commission Junction Inc. 	409.46 	电商导购佣金收入：409.46 	电商导购佣金收入：409.46 	电商导购 	4.21% 					
5,838.87 	 	 	 	60.01% 							
											
2 	亚 马 逊 集团 										
3 	京东集团 										
4 											
5 											
合计 	合计 	合计 									
											
年度 	序号 	序号 	客户名称 	销售金额 （万元） 	占电商导购佣金收入比例 	占电商导购佣金收入比例 	毛利率 	毛利率 	导购金额 （万元） 	收取佣金比例 	收取佣金比例 
2017 年度 	1 	1 	杭州阿里妈妈软件服务有限公司 	6,020.06 	67.41% 	67.41% 	79.00% 	79.00% 	197,517.77 	3.23% 	3.23% 
2017 年度 	1 	1 	杭州阿里妈妈软件服务有限公司 	6,020.06 	67.41% 	67.41% 	79.00% 	79.00% 	197,517.77 	3.23% 	3.23% 
2017 年度 	2 	2 	亚马逊（中国）投资有限公司 	1,157.91 	12.97% 	12.97% 	87.88% 	87.88% 	44,287.02 	2.77% 	2.77% 
2017 年度 	3 	3 	Commission Junction LLC 	342.74 	3.84% 	3.84% 	87.92% 	87.92% 	5,205.13 	6.98% 	6.98% 
2017 年度 	4 	4 	Amazon Japan K.K 	203.75 	2.28% 	2.28% 	87.92% 	87.92% 	5,526.12 	3.91% 	3.91% 
2017 年度 	4 	4 	Amazon Japan K.K 	203.75 	2.28% 	2.28% 	87.92% 	87.92% 	5,526.12 	3.91% 	3.91% 
2017 年度 	5 	5 	Amazon Services LLC 	145.52 	1.63% 	1.63% 	87.92% 	87.92% 	6,569.40 	2.35% 	2.35% 
2017 年度 	5 	5 	Amazon Services LLC 	145.52 	1.63% 	1.63% 	87.92% 	87.92% 	6,569.40 	2.35% 	2.35% 
2017 年度 	6 	6 	重庆京东海嘉电子商务有限公司 	140.28 	1.57% 	1.57% 	87.92% 	87.92% 	10,013.18 	1.49% 	1.49% 
2017 年度 	6 	6 	重庆京东海嘉电子商务有限公司 	140.28 	1.57% 	1.57% 	87.92% 	87.92% 	10,013.18 	1.49% 	1.49% 
2017 年度 	7 	7 	Rakuten Marketing LLC 	134.42 	1.51% 	1.51% 	87.92% 	87.92% 	2,593.52 	5.49% 	5.49% 
2017 年度 	8 	8 	Digital Window Limited 	133.21 	1.49% 	1.49% 	87.92% 	87.92% 	2,259.88 	6.25% 	6.25% 
2017 年度 	8 	8 	Digital Window Limited 	133.21 	1.49% 	1.49% 	87.92% 	87.92% 	2,259.88 	6.25% 	6.25% 
2017 年度 	9 	9 	eBay Inc. 	109.87 	1.23% 	1.23% 	87.92% 	87.92% 	1,657.27 	7.03% 	7.03% 
2017 年度 	10 	10 	Linkshare Japan K.K 	100.73 	1.13% 	1.13% 	87.92% 	87.92% 	1,145.48 	9.32% 	9.32% 
2017 年度 	合计 	合计 	合计 	8,488.49 	95.05% 	95.05% 	 	 	276,774.77 	 	 
2016 年度 	1 	1 	杭州阿里妈妈软件服务有限公司 	5,036.30 	51.50% 	51.50% 	76.26% 	76.26% 	154,021.91 	3.47% 	3.47% 
2016 年度 	2 	2 	重庆京东海嘉电子商务有限公司 	1,035.23 	10.59% 	10.59% 	85.72% 	85.72% 	72,024.51 	1.44% 	1.44% 
2016 年度 	2 	2 	重庆京东海嘉电子商务有限公司 	1,035.23 	10.59% 	10.59% 	85.72% 	85.72% 	72,024.51 	1.44% 	1.44% 
2016 年度 	3 	3 	亚马逊（中国）投资有限公司 	747.43 	7.64% 	7.64% 	85.72% 	85.72% 	31,031.42 	2.55% 	2.55% 
2016 年度 	3 	3 	亚马逊（中国）投资有限公司 	747.43 	7.64% 	7.64% 	85.72% 	85.72% 	31,031.42 	2.55% 	2.55% 
2016 年度 	4 	4 	Commission Junction LLC 	470.06 	4.81% 	4.81% 	85.72% 	85.72% 	6,583.28 	7.57% 	7.57% 
2016 年度 	5 	5 	Amazon Services LLC 	416.33 	4.26% 	4.26% 	85.72% 	85.72% 	17,875.23 	2.47% 	2.47% 
2016 年度 	5 	5 	Amazon Services LLC 	416.33 	4.26% 	4.26% 	85.72% 	85.72% 	17,875.23 	2.47% 	2.47% 
2016 年度 	6 	6 	Amazon Japan K.K 	312.27 	3.19% 	3.19% 	85.72% 	85.72% 	8,182.13 	4.05% 	4.05% 
2016 年度 	6 	6 	Amazon Japan K.K 	312.27 	3.19% 	3.19% 	85.72% 	85.72% 	8,182.13 	4.05% 	4.05% 
2016 年度 	7 	7 	亿玛创新网络（天津）有限公司 	219.79 	2.25% 	2.25% 	85.72% 	85.72% 	7,615.55 	3.06% 	3.06% 
2016 年度 	7 	7 	亿玛创新网络（天津）有限公司 	219.79 	2.25% 	2.25% 	85.72% 	85.72% 	7,615.55 	3.06% 	3.06% 
2016 年度 	8 	8 	eBay Inc. 	209.90 	2.15% 	2.15% 	85.72% 	85.72% 	2,702.84 	8.23% 	8.23% 
2016 年度 	9 	9 	Digital Window Limited 	137.42 	1.41% 	1.41% 	85.72% 	85.72% 	2,357.37 	6.18% 	6.18% 
2016 年度 	10 	10 	Amazon Europe Core S.A.R.L 	127.07 	1.30% 	1.30% 	85.72% 	85.72% 	5,771.54 	2.33% 	2.33% 
2016 年度 	10 	10 	Amazon Europe Core S.A.R.L 	127.07 	1.30% 	1.30% 	85.72% 	85.72% 	5,771.54 	2.33% 	2.33% 
2016 年度 	合计 	合计 	合计 	8,711.79 	89.09% 	89.09% 	 	 	308,165.78 	 	 
2015 年度 	1 	1 	杭州阿里妈妈软件服务有限公司 	2,076.92 	34.03% 	34.03% 	79.31% 	79.31% 	53,828.23 	4.09% 	4.09% 
2015 年度 	2 	2 	Amazon Services LLC 	888.70 	14.56% 	14.56% 	88.93% 	88.93% 	37,529.54 	2.51% 	2.51% 
年度 	序号 	序号 	客户名称 	销售金额 （万元） 	占电商导购佣金收入比例 	占电商导购佣金收入比例 	毛利率 	毛利率 	导购金额 （万元） 	收取佣金比例 	收取佣金比例 
3 	3 	重庆京东海嘉电子商务有限公司 	599.79 	9.83% 	9.83% 	88.93% 	88.93% 	40,898.75 	1.55% 	1.55% 	
4 	4 	Commission Junction LLC 	409.46 	6.71% 	6.71% 	88.93% 	88.93% 	5,753.81 	7.54% 	7.54% 	
5 	5 	亚马逊（中国）投资有限公司 	368.38 	6.04% 	6.04% 	88.93% 	88.93% 	16,275.06 	2.40% 	2.40% 	
6 	6 	Amazon Japan K.K 	258.08 	4.23% 	4.23% 	88.93% 	88.93% 	7,971.67 	3.43% 	3.43% 	
7 	7 	Amazon Europe Core S.A.R.L 	239.11 	3.92% 	3.92% 	88.93% 	88.93% 	5,228.77 	4.85% 	4.85% 	
8 	8 	亿玛创新网络（天津）有限公司 	157.47 	2.58% 	2.58% 	88.93% 	88.93% 	5,628.25 	2.97% 	2.97% 	
8 	8 	亿玛创新网络（天津）有限公司 	157.47 	2.58% 	2.58% 	88.93% 	88.93% 	5,628.25 	2.97% 	2.97% 	
9 	9 	eBay Inc. 	148.06 	2.43% 	2.43% 	88.93% 	88.93% 	2,632.01 	5.96% 	5.96% 	
10 	10 	Viglink Inc 	117.95 	1.93% 	1.93% 	88.93% 	88.93% 	2,272.25 	5.50% 	5.50% 	
合计 	合计 	合计 	5,263.93 	86.24% 	86.24% 	 	 	178,018.34 	 	 	
											
商品类别 	2017 年度 	2016 年度 	2015 年度 	佣金比例 							
电脑数码 	33.74% 	31.80% 	28.62% 	1% 							
家用电器 	23.46% 	23.13% 	23.52% 	1%-2% 							
食品保健 	11.93% 	12.98% 	12.50% 	1.5%-3.5% 							
食品保健 	11.93% 	12.98% 	12.50% 	1.5%-3.5% 							
家居家装 	7.02% 	4.72% 	4.36% 	2% 							
个护化妆 	2.98% 	5.62% 	6.71% 	2% 							
日用百货 	3.75% 	4.17% 	5.26% 	1.5%-2% 							
其他 	17.12% 	17.58% 	19.03% 	1%-8% 							
其他 	17.12% 	17.58% 	19.03% 	1%-8% 							
											
公司名称 	2016 年度 	2015 年度 									
淘粉吧 	49.09% 	57.21% 									
淘粉吧（调整后） 	79.22% 	87.87% 									
发行人（电商导购业务） 	80.85% 	85.65% 									
											
主要合同条款 	甲方：杭州阿里妈妈软件服务有限公司 乙方：发行人 	甲方：杭州阿里妈妈软件服务有限公司 乙方：发行人 									
乙方推广方式 	乙方登录阿里妈妈服务系统，自行获取推广代码，将推广代码嵌入乙方推广资源后，推广信息会通过系统自动匹配并展现在乙方的推广资源里，阿里妈妈服务系统提供收入、推广效果数据统计结算和报表查询等服务 	乙方登录阿里妈妈服务系统，自行获取推广代码，将推广代码嵌入乙方推广资源后，推广信息会通过系统自动匹配并展现在乙方的推广资源里，阿里妈妈服务系统提供收入、推广效果数据统计结算和报表查询等服务 									
推广权限 	阿里妈妈会依据推广渠道的类型、流量质量等众多因素确定是否与乙方合作、乙方可使用的阿里妈妈服务范围。乙方推广权限以阿里妈妈服务系统开通或实际推广时可使用的为准 	阿里妈妈会依据推广渠道的类型、流量质量等众多因素确定是否与乙方合作、乙方可使用的阿里妈妈服务范围。乙方推广权限以阿里妈妈服务系统开通或实际推广时可使用的为准 									
定价方式 	（1）通过乙方推广引导的有效展现、点击、成交，及其他阿里妈妈认可的效果数据将被记录下来，作为阿里妈妈与乙方结算的依据。效果数据以阿里妈妈服务系统统计的为准； （2）佣金比率以阿里妈妈设定的相应类目商品的佣金比率为准 	（1）通过乙方推广引导的有效展现、点击、成交，及其他阿里妈妈认可的效果数据将被记录下来，作为阿里妈妈与乙方结算的依据。效果数据以阿里妈妈服务系统统计的为准； （2）佣金比率以阿里妈妈设定的相应类目商品的佣金比率为准 									
服务费的结算 	乙方可随时在阿里妈妈服务系统查询预估收入，预估收入并非最终实际收入，实际收入以阿里妈妈提供的最终结算数据为准。通常情况下，阿	乙方可随时在阿里妈妈服务系统查询预估收入，预估收入并非最终实际收入，实际收入以阿里妈妈提供的最终结算数据为准。通常情况下，阿									
主要合同条款 	甲方：杭州阿里妈妈软件服务有限公司 乙方：发行人 	甲方：杭州阿里妈妈软件服务有限公司 乙方：发行人 									
里妈妈于每月 20 日支付上个自然月的佣金 	里妈妈于每月 20 日支付上个自然月的佣金 										
主要合同条款 	甲方：重庆京东海嘉电子商务有限公司 乙方：发行人 	甲方：重庆京东海嘉电子商务有限公司 乙方：发行人 									
合作内容 	乙方使用京东 CPS 营销平台进行京东商品的推广，甲方就京东商品的销售按照相应的服务费比例向乙方支付服务费 	乙方使用京东 CPS 营销平台进行京东商品的推广，甲方就京东商品的销售按照相应的服务费比例向乙方支付服务费 									
乙方推广方式 	乙方有权在本平台自主选择京东商品进行推广并在其推广媒介中投放京东推广链接。乙方应按照甲方要求并以甲方认可的方式在网络推广媒介上投放京东推广链接，该链接应置放于经双方确认的网络推广媒介的显著位置并须随时更新 	乙方有权在本平台自主选择京东商品进行推广并在其推广媒介中投放京东推广链接。乙方应按照甲方要求并以甲方认可的方式在网络推广媒介上投放京东推广链接，该链接应置放于经双方确认的网络推广媒介的显著位置并须随时更新 									
推广成功依据 	用户通过点击乙方投放的京东推广链接访问至京东平台，购买京东商品，确认收货并支付费用，且于无理由退换货期间没有产生退货 	用户通过点击乙方投放的京东推广链接访问至京东平台，购买京东商品，确认收货并支付费用，且于无理由退换货期间没有产生退货 									
定价方式 	（1）甲方同意按照 CPS 合作模式产生的有效交易额计算并向乙方支付服务费； （2）服务费金额按照甲方统计的有效购买行为及有效交易发生的京东商品的净销售额（即用户实际支付的销售金额）计算（单笔服务费=单笔京东商品净销售额*服务费比例） （3）服务费比例以京东联盟网站公布的《自建联盟类目佣金比例政策》为准 	（1）甲方同意按照 CPS 合作模式产生的有效交易额计算并向乙方支付服务费； （2）服务费金额按照甲方统计的有效购买行为及有效交易发生的京东商品的净销售额（即用户实际支付的销售金额）计算（单笔服务费=单笔京东商品净销售额*服务费比例） （3）服务费比例以京东联盟网站公布的《自建联盟类目佣金比例政策》为准 									
定价方式 	（1）甲方同意按照 CPS 合作模式产生的有效交易额计算并向乙方支付服务费； （2）服务费金额按照甲方统计的有效购买行为及有效交易发生的京东商品的净销售额（即用户实际支付的销售金额）计算（单笔服务费=单笔京东商品净销售额*服务费比例） （3）服务费比例以京东联盟网站公布的《自建联盟类目佣金比例政策》为准 	（1）甲方同意按照 CPS 合作模式产生的有效交易额计算并向乙方支付服务费； （2）服务费金额按照甲方统计的有效购买行为及有效交易发生的京东商品的净销售额（即用户实际支付的销售金额）计算（单笔服务费=单笔京东商品净销售额*服务费比例） （3）服务费比例以京东联盟网站公布的《自建联盟类目佣金比例政策》为准 									
服务费的结算 	（1）除甲方另有规定外，每日计算给出 26 天前乙方的应得服务费，每月 1-5 日为乙方申请结算日，申请结算乙方账户中的全部服务费； （2）乙方应向甲方提供增值税专用发票，甲方审核通过乙方申请，并收到乙方提供的正规合格发票后，30 个工作日内按照双方约定的支付方式向乙方支付服务费 	（1）除甲方另有规定外，每日计算给出 26 天前乙方的应得服务费，每月 1-5 日为乙方申请结算日，申请结算乙方账户中的全部服务费； （2）乙方应向甲方提供增值税专用发票，甲方审核通过乙方申请，并收到乙方提供的正规合格发票后，30 个工作日内按照双方约定的支付方式向乙方支付服务费 									
											
主要合同条款 	甲方：亚马逊（中国）投资有限公司 乙方：发行人 										
合作内容 	亚马逊网站联盟计划允许乙方在网站或 App 中放置亚马逊中国网站链接或亚马逊网站联盟计划服务费明细表上列明的其他网站链接上给亚马逊商品做广告，从而获得服务费 										
乙方推广方式 	乙方可以在网站设置特定链接，“特定链接”指乙方根据本协议在网站上设置的与亚马逊网站的链接，该链接应正确使用甲方提供的特定“跟踪”链接格式。特定链接允许准确的追踪、报告和服务费的计费 										
有效购买行为 	是指客户通过乙方网站的特定链接访问亚马逊网站并足额付款的行为 										
有效购买行为 	是指客户通过乙方网站的特定链接访问亚马逊网站并足额付款的行为 										
定价方式 	《亚马逊网站联盟计划服务费明细表》规定的不同类别商品的服务费费率 										
定价方式 	《亚马逊网站联盟计划服务费明细表》规定的不同类别商品的服务费费率 										
服务费的结算 	甲方将按月就已交货或完成传送或下载的有效购买行为向乙方支付服务费，服务费将在相关公历月月底后的 60 天内以汇款方式付款，前提是乙方在付款月的 16 日前向甲方提供合格的税务发票，否则付款将顺延至次月月底前 										
											
客户名称 	成立时间 	注册资本 	股权结构 	实际控制人 	建立合作背景 	是否存在 关联关系 					
杭州阿里妈妈软件服务有限公司 	2014 年 8 月 25 日 	200 万元 人民币 	杭州阿里妈妈网络技术有限公司 100% 	马云 	2015 年开始合作 	否 					
重庆京东海嘉电子商务有限公司 	2014 年 6 月 18 日 	5,000 万元 人民币 	北京京东世纪贸易有限公司 100% 	刘强东 	2014 年开始合作 	否 					
重庆京东海嘉电子商务有限公司 	2014 年 6 月 18 日 	5,000 万元 人民币 	北京京东世纪贸易有限公司 100% 	刘强东 	2014 年开始合作 	否 					
亚马逊（中国）投资有限公司 	2012 年 7 月 23 日 	535,219.20万港元 	AMAZON(HONG KONG)COMPANY LIMITED  亚 马 逊 （ 香港）有限公司 100% 	母公司为美国上市公司亚马逊 	2013 年开始合作 	否 					
Amazon Services LLC 	未披露 	未披露 	未披露 	母公司为美国上市公司亚马逊 	2013 年开始合作 	否 					
Amazon Japan K.K 	未披露 	未披露 	未披露 	母公司为美国上市公司亚马逊 	2013 年开始合作 	否 					
Amazon Europe Core S.A.R.L 	未披露 	未披露 	未披露 	母公司为美国上市公司亚马逊 	2014 年开始合作 	否 					
Commission Junction LLC 	1998 年 	未披露 	未披露 	母公司为CONVERSANT, INC.（CNVR.O）,2014年底纳斯达克退市 	2011 年开始合作 	否 					
亿玛创新网络（天津）有限公司 	2012 年 5 月 29 日 	630.60 万元 人民币 	北京亿玛在线科技股份有限公司 100% 	柯细兴 	2011 年开始合作 	否 					
eBay Inc. 	1995 年 9 月 4 日 	358 万美元 	Pierre M. Omidar 6.47%, The Vanguard Group 6.16%, Blackrock Inc 5.57% 	eBay Inc. 为美国上市公司（EBAY.O） 	2014 年开始合作 	否 					
Rakuten Marketing LLC 	1997 年 	未披露 	未披露 	母公司 Rakuten Inc为日本上市公司 	2011 年开始合作 	否 					
Linkshare Japan K.K 	未披露 	未披露 	未披露 	母公司 Rakuten Inc为日本上市公司 	2011 年开始合作 	否 					
Digital Window Limited 	未披露 	未披露 	未披露 	未披露 	2015 年开始合作 	否 					
Digital Window Limited 	未披露 	未披露 	未披露 	未披露 	2015 年开始合作 	否 					
											
客户名称 	成立时间 	注册资本 	股权结构 	实际控制人 	建立合作背景 	是否存在 关联关系 					
Viglink Inc 	2010 年 	未披露 	未披露 	Oliver Roup 	2012 年开始合作 	否 					
											
序号 	客户名称 	客户名称 	销售收入 	占广告展示收入比例 	毛利率 						
1 	蓝标集团 	霍尔果斯博众文化传媒有限公司 多盟睿达科技（中国）有限公司 上海蓝色光标品牌顾问有限公司 北京蓝色光标公关顾问有限公司 北京蓝色光标品牌管理顾问股份有限公司 上海蓝色光标公关服务有限公司 	6,205.96 	27.19% 	87.80% 						
2 	阿里巴巴集团 	浙江天猫技术有限公司 魅力惠（上海）贸易有限公司 阿里健康大药房医药连锁有限公司 	3,450.99 	15.12% 	87.78% 						
3 	阳狮集团 	上海李奥贝纳广告有限公司 盛世长城国际广告有限公司 	1,380.58 	6.05% 	83.25% 						
4 	网易 	HQG,Limited 杭州网易再顾科技有限公司 网易无尾熊（杭州）科技有限公司 杭州网易严选贸易有限公司 	847.08 	3.71% 	87.89% 						
5 	国美在线 	国美在线电子商务有限公司 北京国美在线电子商务有限公司 	700.28 	3.07% 	87.91% 						
6 	恒美广告 	北京恒美广告有限公司 	552.54 	2.42% 	86.24% 						
7 	亚马逊集团 	亚马逊（中国）投资有限公司 	520.66 	2.28% 	87.66% 						
8 	北京华述网络科技有限公司 	北京华述网络科技有限公司 	520.44  	2.28% 	87.92% 						
9 	上海宾谷网络科技有限公司 	上海宾谷网络科技有限公司 	385.38  	1.69% 	87.90% 						
10 	上海络程网络技术有限公司 	上海络程网络技术有限公司 	363.88  	1.59% 	87.90% 						
合计 	合计 	合计 	14,927.79  	65.40% 	 						
											
序号 	客户名称 	销售收入 	占广告展示收入比例 	毛利率 							
1 	北京派瑞威行广告有限公司 	1,506.37 	14.89% 	85.72% 							
											
序号 	客户名称 	客户名称 	销售收入 	占广告展示收入比例 	毛利率 						
2 	蓝标集团 	北京蓝色光标电子商务股份有限公司 北京蓝色光标公关顾问有限公司 上海蓝色光标品牌顾问有限公司 蓝色光标（天津）市场营销有限公司 多盟睿达科技（中国）有限公司 上海竞道广告有限公司 北京智扬唯美科技咨询有限公司 上海智扬唯美文化传播有限公司 	1,152.48 	11.39% 	84.69% 						
3 	阿里巴巴集团 	浙江天猫技术有限公司 	493.72 	4.88% 	85.72% 						
4 	Google Asia Pacific Pte Ltd 	Google Asia Pacific Pte Ltd 	467.44 	4.62% 	85.72% 						
5 	亚马逊集团 	亚马逊（中国）投资有限公司 	448.31 	4.43% 	85.29% 						
6 	正雅国际（香港）有限公司 	正雅国际（香港）有限公司 	448.11 	4.43% 	85.54% 						
7 	阳狮集团 	上海李奥贝纳广告有限公司 	358.11 	3.54% 	85.72% 						
8 	恒美广告 	北京恒美广告有限公司 	290.45 	2.87% 	85.72% 						
9 	网易 	HQG,Limited 杭州优买科技有限公司 杭州网易再顾科技有限公司 	286.04 	2.83% 	84.25% 						
10 	上海斐赛克斯通信设备有限公司 	上海斐赛克斯通信设备有限公司 	235.94 	2.33% 	85.72% 						
合计 	合计 	合计 	5,686.97 	56.21% 	 						
											
序号 	客户名称 	客户名称 	销售收入 	占广告展示收入比例 	毛利率 						
1 	Google Asia Pacific Pte Ltd 	Google Asia Pacific Pte Ltd 	567.05 	15.64% 	88.93% 						
2 	亚 马 逊 集团 	亚马逊（中国）投资有限公司 	268.35 	7.40% 	88.93% 						
3 	华扬联众数字技术股份有限公司 	华扬联众数字技术股份有限公司 	236.28 	6.52% 	88.93% 						
4 	正雅国际（香港）有限公司 	正雅国际（香港）有限公司 	214.53 	5.92% 	88.93% 						
5 	上海聚胜万合广告有限公司 	上海聚胜万合广告有限公司 	197.83 	5.46% 	88.93% 						
6 	蓝标集团 	北京蓝色光标公关顾问有限公司 上海蓝色光标品牌顾问有限公司 多盟睿达科技（中国）有限公司 上海竞道广告有限公司 上海弈动广告有限公司 	171.40 	4.73% 	88.93% 						
7 	牵趣进出口有限公司 	牵趣进出口有限公司 	167.64 	4.62% 	88.93% 						
8 	北京澄怀观道网络科技有限公司 	北京澄怀观道网络科技有限公司 	133.96 	3.69% 	88.93% 						
9 	上海顺为广告传播有限公司 	上海顺为广告传播有限公司 	122.64 	3.38% 	88.93% 						
10 	恒美广告 	北京恒美广告有限公司 广州恒美广告有限公司 	113.10 	3.12% 	88.93% 						
											
序号 	客户名称 	销售收入 	占广告展示收入比例 	毛利率 							
合计 	合计 	2,192.78 	60.47% 	 							
											
序号 	客户名称 	客户名称 	注册地址 	注册资本 	经营范围 	实际控制人 	规模 	主要业务及销售情况 	与发行人业务建立及发展历史 	发行人在其采购体系中所处地位 	
1 	蓝标集团 	霍尔果斯博众文化传媒有限公司 	新疆伊犁州霍尔果斯市北京路以西、珠海路以南合作中心配套区查验业务楼 8 楼 8-19-17 号 	1000 万元人民币  	广播电视节目制作、经营、发行；广告创意、策划、设计、制作及代理、发布等 	母公司为蓝色光标（300058），实际控制人为赵文权 	蓝色光标 2016年度营业收入123 亿元 	提供品牌传播、产品推广、危机管理、活动管理、数字媒体营销、企业社会责任等一体化的链条式服务 	2014 年开始合作 	主要供应商之一 	
1 	蓝标集团 	多盟睿达科技（中国）有限公司 	无锡新区菱湖大道111 号无锡软件园飞鱼座 C 栋 4 楼 	2000 万美元 	设计、制作、代理、发布国内外广告等 	母公司为蓝色光标（300058），实际控制人为赵文权 	蓝色光标 2016年度营业收入123 亿元 	提供品牌传播、产品推广、危机管理、活动管理、数字媒体营销、企业社会责任等一体化的链条式服务 	2014 年开始合作 	主要供应商之一 	
1 	蓝标集团 	上海蓝色光标品牌顾问有限公司 	上海市嘉定工业区叶城路 925 号 B 区 4 幢J2410 室 	51923 万元人民币 	设计、制作、代理各类广告等 	母公司为蓝色光标（300058），实际控制人为赵文权 	蓝色光标 2016年度营业收入123 亿元 	提供品牌传播、产品推广、危机管理、活动管理、数字媒体营销、企业社会责任等一体化的链条式服务 	2014 年开始合作 	主要供应商之一 	
1 	蓝标集团 	北京蓝色光标公关顾问有限公司 	北京市朝阳区酒仙桥北路 9 号（厂区）10幢二层 A1-01 	2000 万元人民币 	设计、制作、代理、发布广告等 	母公司为蓝色光标（300058），实际控制人为赵文权 	蓝色光标 2016年度营业收入123 亿元 	提供品牌传播、产品推广、危机管理、活动管理、数字媒体营销、企业社会责任等一体化的链条式服务 	2014 年开始合作 	主要供应商之一 	
1 	蓝标集团 	北京蓝色光标电子商务股份有限公司 	北京市朝阳区酒仙桥路 10 号 58 幢 C 座二层 15 室 	12466.3462 万元人民币 	网上贸易代理；网上商务咨询；销售家用电器、电子产品等  	母公司为蓝色光标（300058），实际控制人为赵文权 	蓝色光标 2016年度营业收入123 亿元 	提供品牌传播、产品推广、危机管理、活动管理、数字媒体营销、企业社会责任等一体化的链条式服务 	2014 年开始合作 	主要供应商之一 	
1 	蓝标集团 	蓝色光标（天津）市场营销有限公司 	滨海新区中新生态城中成大道以西、中滨大道以南生态建设公	1000 万元人民币 	企业营销策划；设计、代理、发布各类广告等 	母公司为蓝色光标（300058），实际控制人为赵文权 	蓝色光标 2016年度营业收入123 亿元 	提供品牌传播、产品推广、危机管理、活动管理、数字媒体营销、企业社会责任等一体化的链条式服务 	2014 年开始合作 	主要供应商之一 	
											
序号 	客户名称 	注册地址 	注册资本 	经营范围 	实际控制人 	规模 	主要业务及销售情况 	与发行人业务建立及发展历史 	发行人在其采购体系中所处地位 		
寓 9 号 3 层 340 房间 											
中国（上海）自由贸易试验区日樱南路 15号二幢楼五层 A30 室 	4000 万美元 	设计、制作、代理、发布各类广告业务等 									
北京市朝阳区酒仙桥北路 9 号（厂区）10幢一层 B7-01 	1000 万元人民币  	技术推广服务；企业策划；经济贸易咨询；会议服务；设计、制作、代理、发布广告等 									
上海市嘉定工业区叶城路 925 号 B 区 4 幢J131 室 	1000 万元人民币 	设计、制作、代理、发布各类广告，商务咨询等 									
上海市徐汇区中山西路 2020 号 501A30 室 	2600 万元人民币 	设计、制作、代理、发布各类广告业务等 									
北京市朝阳区酒仙桥北路 9 号（厂区）10幢二层 A5-01 	218,208.80 万元人民币 	设计、制作、代理、发布广告等 									
上海市嘉定区嘉戬公路 328 号 7 幢 610 室 	57000 万人民币 	企业形象策划，设计、制作、代理各类广告等 									
浙江省杭州市余杭区五常街道文一西路969 号 3 幢 5 层 507室 	4900 万美元 	提供计算机技术咨询、服务、电子商务平台支持等 	马云 	阿里巴巴 2016财年营业收入1582 亿	业务覆盖零售和批发贸易及云计算等 	2016 年开始合作 	主要供应商之一 				
上海市黄浦区徐家汇	5000 万	服装及其饰物、皮具、	马云 	阿里巴巴 2016财年营业收入1582 亿	业务覆盖零售和批发贸易及云计算等 	2016 年开始合作 	主要供应商之一 				
											
上海竞道广告有限公司 											
北京智扬唯美科技咨询有限公司 											
上海智扬唯美文化传播有限公司 											
上海弈动广告有限公司 											
北京蓝色光标品牌管理顾问股份有限公司 											
上海蓝色光标公关服务有限公司 											
浙江天猫技术有限公司 											
魅力惠（上											
											
2 	阿里巴巴集团 										
											
序号 	客户名称 	注册地址 	注册资本 	经营范围 	实际控制人 	规模 	主要业务及销售情况 	与发行人业务建立及发展历史 	发行人在其采购体系中所处地位 		
路 610 号 C 栋 19 层 	美元 	手表、金银饰品等批发、网上零售、进出口等 	元 								
广州高新技术产业开发区科学城科学大道243 号 A5 栋 501 房 	12000 万元人民币 	仓储代理服务;商品信息咨询服务;贸易咨询服务等 	元 								
上海市嘉定工业区宝钱公路 3885 号 8 幢305 室 	8333.3333 万元人民币 	网上销售日用百货、电子产品、数码产品、家居用品、劳防用品、工艺品等销售 	未披露 	未披露 	在线商城，网上销售日用百货、电子产品等 	2016 年开始合作 	主要供应商之一 				
北京市海淀区北四环西路 68 号 15 层1519D 室 	1000 万元人民币 	销售日用品、汽车、汽车摩托车零配件、黄金制品、电子产品等 	未披露 	未披露 	在线商城，网上销售日用百货、电子产品等 	2016 年开始合作 	主要供应商之一 				
北京市朝阳区广顺南大街 8 号院 1 号楼 6层 602 单元部分,7 层F01 内 02-08 单元 	30 万元美元 	代理承办国内外广告业务等 	未披露 	未披露 	代理承办广告等 	2015 年开始合作 	主要供应商之一 				
广州市天河区珠江西路 8 号 12 层 02、03单元 	327.63 万元人民币 	广告业等 	未披露 	未披露 	代理承办广告等 	2015 年开始合作 	主要供应商之一 				
北京市朝阳区东大桥路 8 号院 3 号楼 11 层1108 	500 万元人民币 	设计、制作、代理、发布广告等 	赵锦超  	2016 财年营业收入约1 亿元 	代理、发布广告等 	2016 年开始合作 	主要供应商之一 				
											
海）贸易有限公司 											
阿里健康大药房医药连锁有限公司 											
国美在线电子商务有限公司 											
北京国美在线电子商务有限公司 											
北京恒美广告有限公司 											
广州恒美广告有限公司 											
											
3 	国美在线 										
4 	恒美广告 										
5 	北京华述网络科技有限公司 	北京华述网络科技有限公司 									
											
序号 	客户名称 	客户名称 	注册地址 	注册资本 	经营范围 	实际控制人 	规模 	主要业务及销售情况 	与发行人业务建立及发展历史 	发行人在其采购体系中所处地位 	
6 	亚马逊集团 	亚马逊（中国）投资有限公司 	北京市朝阳区东四环中路 56 号楼 5 层 501内 06-09 单元 	535,219.20 万港元 	批发预包装食品、乳制品等；从事图书、报纸、期刊、电子出版物批发业务等 	亚马逊公司为美国上市公司 	亚马逊公司2017 年度营业收入1,779亿美元 	经营电子商务、网上零售商 	2013 年开始合作 	主要供应商之一 	
7 	网易 	杭州优买科技有限公司 	杭州经济技术开发区白杨街道 17 号大街161 号 6 幢 	600 万美元 	电子商务、计算机软件的技术开发、技术服务等 	网易公司为美国上市公司，实际控制人为丁磊 	网易公司 2017年度营业收入541 亿元 	跨境海淘电商平台 	2015 年开始合作 	主要供应商之一 	
7 	网易 	HQG,Limited 	香港 	未披露 	该公司是属于网易旗下的海外淘公司，为“网易考拉海购”网站供货实体，从事跨境电商服务 	网易公司为美国上市公司，实际控制人为丁磊 	网易公司 2017年度营业收入541 亿元 	跨境海淘电商平台 	2015 年开始合作 	主要供应商之一 	
7 	网易 	杭州网易再顾科技有限公司 	杭州市滨江区长河街道网商路 599 号 4 幢411 室 	10 万美元 	电子商务平台技术、计算机软件；生产：计算机软件；销售自产产品等 	网易公司为美国上市公司，实际控制人为丁磊 	网易公司 2017年度营业收入541 亿元 	跨境海淘电商平台 	2015 年开始合作 	主要供应商之一 	
7 	网易 	杭州网易严选贸易有限公司 	浙江省杭州市滨江区长河街道网商路 599号 4 幢 410 室 	150 万美元 	设计、制作、代理、发布：国内广告等 	网易公司为美国上市公司，实际控制人为丁磊 	网易公司 2017年度营业收入541 亿元 	跨境海淘电商平台 	2015 年开始合作 	主要供应商之一 	
7 	网易 	网易无尾熊	浙江省杭州市滨江区长河街道网商路 599	10324.00万美元 	设计、制作、代理、发布：国内外广告（除网	网易公司为美国上市公司，实际控制人为丁磊 	网易公司 2017年度营业收入541 亿元 	跨境海淘电商平台 	2015 年开始合作 	主要供应商之一 	
											
序号 	客户名称 	客户名称 	注册地址 	注册资本 	经营范围 	实际控制人 	规模 	主要业务及销售情况 	与发行人业务建立及发展历史 	发行人在其采购体系中所处地位 	
（杭州）科技有限公司 	号 4 幢 409 室 	络广告发布）等 									
上海斐赛克斯通信设备有限公司 	上海斐赛克斯通信设备有限公司 	上海市松江区石湖荡镇松蒸公路 2100 弄 2号 2 幢 	1000 万元人民币 	移动通信设备及无线电话机、电子计算机硬件、软件系统、电子产品的研发、生产、销售等 	顾国平 	未披露 	移动通信设备及无线电话机、电子计算机硬件、软件系统、电子产品的研发、生产、销售等 	2016 年开始合作 	主要供应商之一 		
北京派瑞威行广告有限公司 	北京派瑞威行广告有限公司 	北京市海淀区中关村大街 18 号 11 层1126-120 	1000 万元 	设计、制作、代理、发布广告等 	母公司为科达股份（600986），实际控制人为刘双珉 	科达股份 2016年营业收入 70亿元 	代理、发布广告等 	2016 年开始合作 	主要供应商之一 		
Google Asia Pacific Pte Ltd 	Google Asia Pacific Pte Ltd 	新加坡 	未披露 	跨国科技企业 	母公司谷歌为美国上市公司 	谷歌2017 年营业收入7,243亿元 	业务包括互联网搜索、云计算、广告技术等 	2013 年开始合作 	 		
											
8 											
9 											
10 											
											
序号 	客户名称 	客户名称 	注册地址 	注册资本 	经营范围 	实际控制人 	规模 	主要业务及销售情况 	与发行人业务建立及发展历史 	发行人在其采购体系中所处地位 	
11 	正雅国际（香港）有限公司 	正雅国际（香港）有限公司 	香港 	未披露 	跨境电商 	未披露 	未披露 	帮助国外优质零售商通过跨境电商的形式进入中国 	2015 年开始合作 	主要供应商之一 	
12 	阳狮集团 	上海李奥贝纳广告有限公司 	上海市虹口区沽源路110 弄 15 号 306 室－1 	21 万美元 	设计、制作、代理国内外各类广告并提供相关策划和咨询服务等 	母公司阳狮集团为法国上市公司 	阳狮集团 2016年营业收入711 亿元 	代理、发布广告等 	2016 年开始合作 	主要供应商之一 	
12 	阳狮集团 	盛世长城国际广告有限公司 	北京市朝阳区光华路5 号院 2 号楼 6 层 701内 01 	40 万美元 	设计、制作、发布、代理国内外各类广告等 	母公司阳狮集团为法国上市公司 	阳狮集团 2016年营业收入711 亿元 	代理、发布广告等 	2016 年开始合作 	主要供应商之一 	
13 	华扬联众数字技术股份有限公司 	华扬联众数字技术股份有限公司 	北京市海淀区上地东路 5 号院 3 号楼 4 层419 室 	16000 万元 	设计、制作、代理、发布广告等 	上市公司，实际控制人为苏同 	2016 年度营业收入 66亿元 	向客户提供互联网广告整体解决方案 	2015 年开始合作 	主要供应商之一 	
14 	上海聚胜万合广告有限公司 	上海聚胜万合广告有限公司 	中国（上海）自由贸易试验区张江路 91 号6 幢 115 室 	10000 万元 	广告设计、制作、代理、发布等 	母公司为利欧股份（002131），实际控制人为王相荣 	利欧股份 2016年营业收入 73亿元 	代理、发布广告等 	2015 年开始合作 	主要供应商之一 	
15 	牵趣进出口有限公司 	牵趣进出口有限公司 	香港 	未披露 	跨境电商平台 	顺丰控股（002352）的联营公	未披露 	跨境电商，销售母婴、数码等产品 	2015 年开始合作 	主要供应商之一 	
											
序号 	客户名称 	注册地址 	注册资本 	经营范围 	实际控制人 	规模 	主要业务及销售情况 	与发行人业务建立及发展历史 	发行人在其采购体系中所处地位 		
司上海牵趣网络科技有限公司的子公司 											
母公司为华闻传媒（000793） 	华闻传媒 2016年营业收入 46亿元 	代理、发布广告等 	2015 年开始合作 	一般供应商 							
母公司为麦达数字（002137），实际控制人为陈亚妹、乔昕 	麦达数字 2016年营业收入 8亿元 	代理、发布广告等 	2015 年开始合作 	主要供应商之一 							
季瑜 	未披露 	代理、发布广告等 	2017 年开始合作 	一般供应商 							
未披露 	未披露 	代理、发布广告等 	2017 年开始合作 	一般供应商 							
											
16 	北京澄怀观道网络科技有限公司 	北京市朝阳区建国路93 号院 4 号楼 15 层1805 号 	100 万元人民币 	设计、制作、代理、发布广告等 							
17 	上海顺为广告传播有限公司 	上海市崇明县城桥镇秀山路 8 号 3 幢一层K 区 2027 室（崇明工业园区） 	500 万元人民币 	设计、制作、代理、发布各类广告等 							
18 	上海宾谷网络科技有限公司 	上海市宝山区上大路668 号 217G 室 	100 万元人民币 	设计、制作、代理、发布各类广告等 							
19 	上海络程网络技术有限公司 	上海市奉贤区新四平公路 468 弄 21 幢 2 层08 室 	1000 万元人民币 	设计、制作、代理、发布各类广告等 							
											
序号 	供应商名称 	采购金额 	占比 	主要采购内容 	所属科目 	定价依据及采购单价 					
1 	霍尔果斯博众文化传媒有限公司 	1,339.11 	11.98% 	广告代理费 	销售费用 	商务谈判；综合返点比例 22.75% 					
2 	上海优刻得信息科技有限公司 	822.26 	7.35% 	IDC 和云服务 	主营业务成本、管理费用 	商务谈判，根据所采购资源配置及数量获得一定折扣 					
3 	北京北创盛大网络技术有限公司 	701.52 	6.27% 	硬件设备 	主营业务成本、固定资产 	商务谈判，服务器配置（CPU、内存、硬盘、网卡等）不同价格有所不同，服务器单价在 4.56 万元-5.80 万元之间；内存条单价 0.12 万；硬盘单价 0.23 万元 					
4 	北京金亿广苑文化发展有限公司 	601.29 	5.38% 	业务推广活动 	销售费用 	商务谈判，包括 2 日值友节活动的场地租赁、活动报备、现场设施搭建、物料设计、制作和购买、道具租赁、安全保障、活动传播、第三方合作人员管理等服务 					
5 	北京京东世纪信息技术有限公司 	573.64 	5.13% 	采购礼品卡、办公用品等 	主营业务成本、管理费用、销售费用 	市场价格 					
6 	杭州阿里妈妈软件服务有限公司 	537.32 	4.81% 	技术服务 	主营业务成本 	商务谈判；约公司收取电商导购佣金收入的 10% 					
7 	北京顶当互动广告有限公司 	413.43 	3.70% 	广告宣传服务 	销售费用 	激活单价商务谈判；点击单价实时竞价 					
8 	杭州趣马文化创意有限公司 	405.66 	3.63% 	域名 	无形资产 	根据评估报告商务谈判；405.66 万元 					
9 	北京伟诚文化传播有限公司 	374.34 	3.35% 	广告宣传服务 	销售费用 	商务谈判 					
10 	北京中科互通信息技术有限公司 	339.04 	3.03% 	广告宣传服务 	销售费用 	商务谈判 					
合计 	合计 	6,107.62 	54.63% 	 	 	 					
											
序号 	供应商名称 	采购金额 	占比 	主要采购内容 	所属科目 	定价依据及采购单价 					
1 	上海优刻得信息科技有限公司 	512.84 	10.59% 	IDC 和云服务 	主 营 业 务 成本、管理费用 	商务谈判，根据所采购资源配置及数量获得一定折扣 					
2 	杭州阿里妈妈软件服务有限公司 	476.57 	9.84% 	技术服务 	主营业务成本 	商务谈判；约公司收取电商导购佣金收入的 10% 					
3 	百度时代网络技术（北京）有限公司 	358.73 	7.41% 	广告宣传服务 	销售费用 	实时竞价 					
4 	分众传媒有限公司 	347.17 	7.17% 	广告宣传服务 	销售费用 	商务谈判 					
5 	北京派瑞威行广告有限公司 	346.53 	7.16% 	广告代理费 	销售费用 	商务谈判；综合返点比例 23% 					
6 	上海聚胜万合广告有限公司 	213.65 	4.41% 	广告宣传服务 	销售费用 	实时竞价采购 206.11 万元；小米应用市场抽奖活动奖品费 7.54 万元，商务谈判 					
7 	北京瑞傲思陆传媒有限公司 	190.47 	3.93% 	视频制作、宣传 	主 营 业 务 成本、销售费用 	商务谈判 					
8 	多盟睿达科技（中国）有限公司 	179.15 	3.70% 	广告代理费 	销售费用 	商务谈判；综合返点比例 16.83% 					
9 	北京灵狮广告有限公司 	170.82 	3.53% 	品牌策划、咨询等 	销售费用 	商务谈判 					
10 	北京天创汉华文化有限公司 	144.82 	2.99% 	业务推广活动 	销售费用 	商务谈判，包括 1 日值友节活动场地租赁、现场基础设施的搭建、租赁、会议服务等 					
合计 	合计 	2,940.77 	60.73% 	 	 	 					
											
序号 	供应商名称 	采购金额 	占比 	主要采购内容 	所属科目 	定价依据及采购单价 					
1 	北京欢喜广告有限公司 	287.14 	10.67% 	广告宣传服务 	销售费用 	商务谈判 					
2 	上海聚胜万合广告有限公司 	218.88 	8.14% 	广告宣传服务 	销售费用 	实时竞价 					
3 	百度时代网络技术（北京）有限公司 	209.25 	7.78% 	广告宣传服务 	销售费用 	实时竞价 					
4 	杭州阿里妈妈软件服务有限公司 	200.34 	7.45% 	技术服务 	主营业务成本 	商务谈判；约公司收取电商导购佣金收入的 10% 					
5 	北京顶当互动广告有限公司 	185.11 	6.88% 	广告宣传服务 	销售费用 	商务谈判 					
6 	点入广告传媒（上海）有限公司 	108.94 	4.05% 	广告宣传服务 	销售费用 	商务谈判 					
7 	北京世纪京美家具设计有限公司 	97.09 	3.61% 	办公室家具等 	固定资产 	商务谈判 					
8 	安永（中国）企业咨询有限公司 	95.69 	3.56% 	中介服务费 	管理费用 	商务谈判 					
9 	上海优刻得信息科技有限公司 	91.51 	3.40% 	IDC 和云服务 	主 营 业 务 成本、管理费用 	商务谈判，根据所采购资源配置及数量获得一定折扣 					
10 	上饶市网之域科技发展有限公司 	80.79 	3.00% 	广告宣传服务 	销售费用 	商务谈判 					
合计 	合计 	1,574.73 	58.53% 	 	 	 					
											
固定资产 	资产原值 	资产净值 	成新率 								
运输工具 	94.97 	61.14 	64.38% 								
办公及电子设备 	1,501.78 	862.91 	57.46% 								
其他 	48.48 	17.28 	35.64% 								
合计 	1,645.24 	941.33 	57.22% 								
											
序号 	出租方 	地址 	面积（m2） 	租赁期限 	权属证书 						
1 	北京华美蓝天物业服务有限公司 	北京市丰台区洋桥 12号院高层公寓楼裙楼 3层至 19 层 	5,695 	自 2015 年 10 月 1 日至 2023 年 9 月 30 日 	出租方未提供 						
2 	北京华美蓝天物业服务有限公司 	北京市丰台区洋桥 12号院天路星苑高层公寓楼裙楼 2 层 	440.4 	自 2017 年 7 月 1 日至 2023 年 9 月 30 日 	出租方未提供 						
3 	上海嘉应投资咨询有限公司 	上海市浦东新区商城路 800 号 1603 室 	293.37 	自 2016 年 3 月 1 日至 2018 年 3 月 31 日 	沪房地市字 2001第 004766号 						
序号 	出租方 	地址 	面积（m2） 	租赁期限 	权属证书 						
4 	青岛新凯达置业有限公司 	青岛市市北区龙城路33 号 401 户 	1,297.84 	自 2016 年 4 月 1 日至 2019 年 7 月 7 日 	鲁（ 2016 ）青岛市不动产权第0119316号房地产登记明细及准予登记房屋明细表 						
5 	胶州经济技术开发区管理委员会 	山东省青岛市胶州市经济开发区长江路 1号创业大厦 5 楼 511室 	260 	自 2016 年 7 月 18 日至 2019 年 7 月 17 日 	出租方未提供 						
6 	杨卫华、杨玉婷 	北京市朝阳区南湖西园 208 号楼 16 层1902 室 	141.75 	自 2017 年 5 月 20 日至 2018 年 5 月 20 日 	X 京房权证朝私字第 562702号，X 京房朝私共字第054290 号（共同共有） 						
7 	上海胜康斯米克房产投资有限公司 	上海市浦东新区商城路 800 号斯米克大厦2001A、2007B、2008 单元 	380 	自 2018 年 1 月 1 日至 2020 年 1 月 31 日 	沪房地市字（ 1998 ）第 004666号 						
8 	杭州天好科技有限公司 	浙江省杭州市滨江区南环路 3820 号卓信大厦 3 层 308 号房间 	35 	2018 年 2 月 22 日至2018 年 5 月 21 日 	杭房权证高新字第09105057号 						
											
序号 	注册人 	商标 	注册号 	类别 	取得时间 	取得方式 	他项 权利 				
1 	本公司 	 	10720001 	35 	2015 年 4 月 7 日 	原始取得 	无 				
2 	本公司 	 	14548033 	35 	2015 年 9 月 7 日 	原始取得 	无 				
3 	本公司 	 	14548034 	45 	2015 年 6 月 28 日 	原始取得 	无 				
3 	本公司 	 	14548034 	45 	2015 年 6 月 28 日 	原始取得 	无 				
4 	本公司 	 	14548035 	36 	2015 年 6 月 28 日 	原始取得 	无 				
5 	本公司 	 	14548036 	41 	2015 年 6 月 28 日 	原始取得 	无 				
6 	本公司 	 	14548038 	16 	2015 年 6 月 28 日 	原始取得 	无 				
7 	本公司 	 	14548039 	9 	2015 年 6 月 28 日 	原始取得 	无 				
7 	本公司 	 	14548039 	9 	2015 年 6 月 28 日 	原始取得 	无 				
8 	本公司 	 	10720036 	38 	2013 年 6 月 7 日 	原始取得 	无 				
9 	本公司 	 	10720088 	42 	2013 年 6 月 7 日 	原始取得 	无 				
											
序号 	注册人 	商标文字或图样 	注册证号 	核定类别 	取得时间 	取得方式 	他项权利 				
1 	本公司 	 	017113101 	9 	2017 年 8月 16 日 	原始取得 	无 				
2 	本公司 	 	017113101 	35 	2017 年 8月 16 日 	原始取得 	无 				
3 	本公司 	 	017113101 	42 	2017 年 8月 16 日 	原始取得 	无 				
											
序号 	登记号 	著作权名称 	证书取得日期 	取得方式 							
1 	2015SR288093 	什么值得买全站搜索系统（简称什么值得买搜索）V2.0 	2015 年 12 月 29 日 	原始取得 							
2 	2015SR286720 	什么值得买网站软件（简称什么值得买）V7.0 	2015 年 12 月 28 日 	原始取得 							
3 	2015SR284771 	什么值得买数据挖掘系统（ 简 称 数 据 挖 掘 系 统 ）V1.0 	2015 年 12 月 28 日 	原始取得 							
4 	2015SR284733 	什么值得买数据仓库系统（简称什么值得买数据仓库）V1.0 	2015 年 12 月 28 日 	原始取得 							
5 	2015SR284731 	什么值得买 WP 客户端软件 （ 简 称 什 么 值 得 买 ）V2.5 	2015 年 12 月 28 日 	原始取得 							
6 	2015SR284683 	什么值得买 Andriod 客户端软件（简称什么值得买Andriod）V6.0 	2015 年 12 月 28 日 	原始取得 							
7 	2015SR284462 	什么值得买 iPhone 客户端软件（简称什么值得买iPhone）V6.0 	2015 年 12 月 28 日 	原始取得 							
7 	2015SR284462 	什么值得买 iPhone 客户端软件（简称什么值得买iPhone）V6.0 	2015 年 12 月 28 日 	原始取得 							
8 	2014SR133670 	什 么 值 得 买 网 站 软 件V5.0 	2016 年 6 月 22 日 	原始取得 							
9 	2014SR098377 	什么值得买 Andriod 客户端软件（简称什么值得买Andriod）V4.9 	2016 年 6 月 22 日 	原始取得 							
9 	2014SR098377 	什么值得买 Andriod 客户端软件（简称什么值得买Andriod）V4.9 	2016 年 6 月 22 日 	原始取得 							
序号 	登记号 	著作权名称 	证书取得日期 	取得方式 							
10 	2014SR098355 	什么值得买 iPad 客户端软 件 （ 简 称 什 么 值 得 买iPad）V2.0 	2016 年 6 月 22 日 	原始取得 							
											
序号 	登记号 	登记日期 	作品名称 	作品 类别 	取得 方式 						
1 	国作登字-2016-L-00250595 	2016 年 1 月 22 日 	什么值得买Andriod 客 户 端样式设计 	其他 	原始取得 						
2 	国作登字-2016-L-00250594 	2016 年 1 月 22 日 	什么值得买 iPhone客户端样式设计 	其他 	原始取得 						
2 	国作登字-2016-L-00250594 	2016 年 1 月 22 日 	什么值得买 iPhone客户端样式设计 	其他 	原始取得 						
3 	国作登字-2017-F-00322711 	2017 年 5 月 27 日 	什么值得买网站 	其他 	原始取得 						
4 	国作登字-2017-F-00348765 	2017 年 1 月 6 日 	什么值得买标识 	美术 	原始取得 						
5 	国作登字-2017-F-00348764 	2017 年 1 月 6 日 	值标识 	美术 	原始取得 						
5 	国作登字-2017-F-00348764 	2017 年 1 月 6 日 	值标识 	美术 	原始取得 						
6 	国作登字-2017-L-00491555 	2017 年 8 月 1 日 	什么值得买APP8.0（iOS 版）UI 设计 	其他 	原始取得 						
7 	国作登字-2017-L-00491655 	2017 年 8 月 1 日 	什么值得买APP8.0 （ Android版）UI 设计 	其他 	原始取得 						
7 	国作登字-2017-L-00491655 	2017 年 8 月 1 日 	什么值得买APP8.0 （ Android版）UI 设计 	其他 	原始取得 						
8 	国作登字-2017-L-00491656 	2017 年 8 月 1 日 	什么值得买官网 UI设计 	其他 	原始取得 						
											
序号 	域名 	注册日期 	到期日期 	取得方式 							
1 	smzdm.com 	2010 年 6 月 30 日 	2020 年 6 月 30 日 	继受取得 							
2 	smzdm.org 	2011 年 7 月 31 日 	2020 年 7 月 31 日 	继受取得 							
3 	smzdm.net 	2011 年 7 月 31 日 	2020 年 7 月 21 日 	继受取得 							
4 	smzdm.cn 	2011 年 7 月 31 日 	2021 年 7 月 31 日 	继受取得 							
5 	smzdm.com.cn 	2011 年 7 月 31 日 	2021 年 7 月 31 日 	继受取得 							
6 	smzdmimg.com 	2013 年 1 月 18 日 	2022 年 1 月 18 日 	继受取得 							
7 	zdmimg.com 	2013 年 1 月 18 日 	2022 年 1 月 18 日 	继受取得 							
序号 	域名 	注册日期 	到期日期 	取得方式 							
8 	beiwo.com 	2005 年 9 月 26 日 	2021 年 9 月 26 日 	继受取得 							
9 	linkstars.com 	2003 年 9 月 8 日 	2021 年 9 月 8 日 	继受取得 							
10 	ec.com 	1997 年 8 月 7 日 	2021 年 8 月 6 日 	继受取得 							
11 	zhangdama.com 	2012 年 5 月 2 日 	2018 年 5 月 2 日 	继受取得 							
12 	zhi.cn 	2014 年 1 月 22 日 	2019 年 1 月 22 日 	继受取得 							
13 	zhi.net.cn 	2012 年 10 月 23 日 	2018 年 10 月 23 日 	继受取得 							
14 	zhi.fm 	2012 年 10 月 16 日 	2018 年 10 月 16 日 	继受取得 							
15 	zhide.com 	2003 年 8 月 20 日 	2018 年 8 月 20 日 	继受取得 							
16 	zhidemai.cc 	2012 年 11 月 22 日 	2018 年 11 月 22 日 	继受取得 							
17 	zhidemai.co 	2012 年 11 月 22 日 	2018 年 11 月 22 日 	继受取得 							
18 	zhidemai.com 	2009 年 10 月 23 日 	2018 年 10 月 23 日 	继受取得 							
19 	zhidemai.me 	2012 年 11 月 22 日 	2018 年 11 月 22 日 	继受取得 							
											
序号 	技术名称 	技术用途 	技术来源 								
1 	消费导购信息大数据处理平台 	对于用户和客户在平台所有直接、间接产生的海量信息进行数据的挖掘、分析处理。 	引 进 消 化 吸收再创新 								
2 	基于 Pentaho 的数据分析系统 	1、BI 分析报表系统；2、根据业务需求，对生产中各方面数据进行转化、清洗、统计和分析；3、通过可视化技术展现多维度的业务数据相关性。 	引 进 消 化 吸收再创新 								
3 	基于机器学习的人工智能推荐系统 	1、根据用户画像提供个性化的推荐信息；2、根据特定文章提供推荐文章和商品信息；3、根据特定商品提供相似产品推荐和文章信息。 	原始创新 								
4 	基于规则匹配的导购信息决策系统 	对于全网任意消费导购信息给出量化的价值分数据，以供用户和运营人员做为决策依据。 	原始创新 								
5 	基于 CAT 的运维监控平台 	1、对基础运维平台进行监控及报警；2、对业务应用进行监控及预警；3、辅助研发进行性能优化。 	引 进 消 化 吸收再创新 								
6 	面向全平台服务的可伸缩式网络混合云平台 	提供网站、APP、API 等多终端服务的应用运行环境。 	引 进 消 化 吸收再创新 								
序号 	技术名称 	技术用途 	技术来源 								
7 	基于关注系统的个性化信息流平台 	根据用户对标签、用户、文章、商品等主动关注行为，提供个性化的信息流展示。 	原始创新 								
8 	大规模消费导购信息实时推送系统 	快速推送消费导购信息到相关用户设备。 	原始创新 								
9 	分布式运营管理平台 	为运营人员提供一个全平台的运营管理服务，可进行信息审核、发布、维护和用户管理等功能。 	原始创新 								
10 	全渠道链接智能转换平台 	根据运营管理平台设置，自动化处理各电商链接信息，并进行跟踪和统计。 	原始创新 								
11 	消费导购垂直搜索系统 	提供消费导购类信息的搜索功能，可对信息进行自动化分词、打标签等处理，提供用户精准的搜索体验。 	引 进 消 化 吸收再创新 								
12 	基于搜索引擎的全球商品信息大数据系统 	1 、 提 供 全 球 主 流 电 商 商 品 存 储 、 搜 索 2、以商品维度提供参数对比、价格对比、历史价格趋势等服务。 	引 进 消 化 吸收再创新 								
											
项目 	2017 年度 	2016 年度 	2015 年度 								
研发费用合计 	5,275.69 	3,222.77 	1,528.57 								
其中：工资及福利 	4,771.13 	2,982.51 	1,193.34 								
IT 资源 	393.27 	117.64 	159.10 								
营业收入 	36,700.43 	20,116.00 	9,729.89 								
研发费用占营业收入比例 	14.38% 	16.02% 	15.71% 								
											
