染料类别 	简介 								
分散染料 	分散染料属于非离子型染料，染液中呈现分散状态，颗粒很细，溶解度很低，主要用于涤纶纤维及其各类纺织品的染色和印花。 								
活性染料 	活性染料分子结构中含有活性基因，在适当条件下，能够与纤维发生化学反应，形成共价键结合，主要用于棉为主的纤维素纤维及其各类纺织品的染色和印花。 								
酸性染料 	含有硫酸基等水溶性基因，可在酸性、弱酸性或中性介质中直接上染蛋白质纤维，湿处理牢度相对较差，主要应用于羊毛、蚕丝、尼龙纤维及其各种纺织品的染色和印花，也可用于皮革、纸张、墨水、化妆品等的着色。 								
直接染料 	直接染料不需依赖其他药剂就可直接染着于棉、麻、丝、毛等各种纤维，染色方法简单，色谱齐全，成本低廉，但耐洗和耐晒牢度较差，广泛应用于针织、丝绸、棉纺、线带、皮革、毛麻、造纸等行业，也可用于粘胶纤维的染色。 								
阳离子染料 	该类染料因其在水中溶解后带阳离子，故称阳离子染料。阳离子染料色泽鲜艳，色谱齐全，染色牢度较高，但不易匀染，主要用于腈纶纤维。 								
还原染料 	该类染料不溶于水，强碱溶液中借助还原剂还原溶解进行染色，染后氧化重新转变为不溶性的染料而牢固地固着在纤维上。由于其碱性较强，一般不适宜于羊毛、蚕丝等蛋白质纤维的染色。还原染料颜色鲜艳，色牢度好，但价格较高，色谱不全，不易均匀染色。还原染料主要用于棉布和印花染色。 								
硫化染料 	该类染料大部分不溶于水和有机溶剂，但能溶解在硫化碱溶液中，但因其染液碱性太强，不适宜于染蛋白质纤维。硫化染料色谱较齐，价格低廉，色牢度好，但色光不鲜艳，但可在溶解后直接染着纤维。 								
									
年份 	2011 年 	2012 年 	2013 年 	2014 年 	2015 年 	2016 年 	2017 年 		
工 业 总 产值（亿元） 	429.3 	441 	477.7 	571.8 	584.8 	598.5 	621 		
产 品 销 售	417.2 	426 	461.8 	538.5 	527.1 	531.8 	591 		
收 入 （ 亿元） 									
染 料 产 量（万吨） 	77.2 	83.3 	89.5 	91.7 	92.2 	92.8 	99 		
									
序号 	纺织助剂的分类 	纺织助剂的特点及应用 							
1 	前处理剂 	去除坯布各种杂质、浆料、油剂等，提高织物的白度、吸湿性和尺寸稳定性，满足后续印染加工的要求。通常包括退浆、精炼、漂白、丝光等助剂。 							
2 	染色及印花助剂 	印染是指染料或涂料与纤维发生物理或化学结合，使前处理后的织物具有色泽均匀，良好的染色牢度的颜色和花纹的加工过程。该加工过程使用的纺织助剂统称染色及印花助剂。一般包括匀染剂、固色剂、粘合剂、增稠剂、糊料、交联剂等。 							
3 	后整理剂 	是指织物经练漂、染色和印花等工艺处理以后，为改善和提高织物品质的加工过程，后整理过程赋予纺织品某种特殊实用功能，提高织物附加值，提升织物服用性能的功能整理助剂。它包括防水防油、阻燃、抗菌防霉驱螨、防紫外线、抗皱防缩、增深增艳、负离子等助剂进行的整理。 							
4 	其他助剂 	改良加工工艺条件与提高效率，节能降耗减排及环保等特殊辅助性产品。包括织物增光剂、pH 稳定剂、螯合分散剂、涤棉一浴免还原清洗剂等。 							
									
企业名称 	简要情况 								
亨斯曼 （HUNTSMAN） 	该公司为美国的化工著名企业。其从瑞士汽巴精化公司收购了染料和纺织助剂部门，该部门是全球主要纺织染整解决方案主要提供者之一。该公司主要产品系列有分散染料、活性染料、酸性染料、毛用染料及各类前处理，染色印花及后整理助剂等。 								
昂高（Archroma） 	该公司为美国私人投资公司 SK Capital Partners 旗下的纺织特种化学品公司。该公司主要产品系列有分散染料、活性染料、酸性染料、硫化染料及各类前处理，染色印花，后整理助剂及乳剂产品等。 								
德司达（DyStar） 	该公司由拜耳、赫斯特和巴斯夫的纺织染料部门在 1995 年和 1999年两次合并而成。2012 年底浙江龙盛成为控股股东。该公司在经营上和浙江龙盛相对独立，主要产品系列有分散染料、活性染料、酸性染料、还原染料、纺织助剂等。 								
浙江龙盛 	该公司于 2003 年在上海证券交易所上市。该公司已发展为包括染料，中间体，房地产，钢铁等板块的综合性公司。2017 年总资产 463.53亿元，营业总收入 151.01 亿元。该公司在化工主要产品上有分散染料、活性染料、酸性染料、阳离子染料、中间体等，拥有“龙盛”，“科华素”等品牌。 								
闰土股份 	该公司于 2010 年在深圳证券交易所上市。该公司 2017 年总资产 89.79亿元，营业总收入 60.57 亿元，净利润 9.43 亿元。该公司主要产品为分散染料、活性染料、中间体、保险粉等。 								
德美化工 	该公司于 2006 年在深圳证券交易所上市。该公司 2017 年总资产 30.11亿元。营业总收入 24.56 亿元，净利润 4,052.86 万元。该公司主要产品为纺织助剂及其他化工原料等。 								
安诺其 	该公司于 2010 年在深圳证券交易所上市。该公司 2017 年总资产 17.79亿元，营业总收入 13.33 亿元，净利润 8,363.59 万元。该公司主要从事新型纺织染料的研发、生产、销售及提供相关技术服务，其商业模式和业态与本公司最接近。 								
亚邦股份 	该公司于 2014 年在上海证券交易所上市。该公司 2017 年总资产 44.96亿元，营业总收入 24.36 亿元，净利润 5.03 亿元。公司主要从事纺织染料及染料中间体的研发、生产、销售和服务。 								
吉华集团 	该公司于 2017 年在上海证券交易所上市。该公司 2017 年总资产 47.81亿元，营业总收入 24.56 亿元，净利润 4.34 亿元。该公司从事染料、中间体及其他化工产品的研发、生产和销售。 								
日华 	即日华化学株式会社（NICCA），在纺织、洗涤、化妆品、造纸等领域提供相应产品和技术支持服务。是日本最大的纺织助剂供应商之一，在浙江建有浙江日华，主打中国市场。 								
									
经营模式 	释义 								
染料或纺织助剂产品自有品牌制造商 	企业拥有自己的品牌，自主研发相关产品和技术，产品集中在量大的产品，生产规模大，部分配套产品通过外购或委托生产，通过自主品牌销售、贴牌或两者相结合的模式销售。采用此种经营模式的企业如浙江龙盛、闰土股份、吉华集团、德美化工等。 								
染助一体化及染整应用解决方案提供商 	企业具有丰富的染整应用技术，拥有较大规模的满足各种要求的配方数据库，能与客户以及最下游的服装面料企业保持密切沟通，不断研发满足新的市场需求的产品，品种齐全，兼顾染料和纺织助剂的协同发展，注重满足中高端纺织品需求，营销网络以直销为主，为终端客户提供全面的技术服务和支持。采用此种经营模式的企业如亨斯曼、昂高等传统国际大公司，国内公司包括本公司及以染料为主的安诺其等。 								
少数品种的染料或纺织助剂产品制造商 	企业生产品种较少，不能较大程度覆盖印染加工过程，新产品自主研发能力较弱，生产的产品绝大多数为常规产品，通过直销和经销贴牌相结合的模式销售，终端市场相对占比小，销售区域较小。多数国内的中小型染料、纺织助剂企业采用此种经营模式。 								
									
序号 	公司 	荣誉、奖项 	授予日期 	颁发机构 	机构性质 				
1 	发行人 	国家重点新产品 	2012 年 5 月 	中华人民共和国科学技术部、中华人民共和国环境保护部、中华人民共和国商务部、中华人民共和国国家质量监督检验检疫总局 	政府机构 				
2 	发行人 	高新技术企业 	2017 年 10 月 	上海市科学技术委员会、上海市财政局、上海市国家税务局、上海市地方税务局 	政府机构 				
3 	发行人 	上海市市级企业技术中心 	2015 年 12 月 	上海市经济和信息化委员会 	政府机构 				
4 	发行人 	上海市著名商标-雅格素 	2017 年 1 月 	上海市工商行政管理局 	政府机构 				
5 	发行人 	2015 上海民营服务业企业 50 强 	2015 年 9 月 	上海市企业联合会、上海市企业家协会 	社会团体 				
6 	发行人 	2016 上海民营服务业企业 50 强 	2016 年 8 月 	上海市企业联合会、上海市企业家协会 	社会团体 				
7 	发行人 	2016 上海服务业企业 100 强 	2016 年 8 月 	上海市企业联合会、上海市企业家协会、上海市经济团体联合会 	社会团体 				
8 	发行人 	2017 上海民营服务业企业 100 强 	2017 年 8 月 	上海市企业联合会、上海市企业家协会 	社会团体 				
9 	雅运助剂 	高新技术企业 	2017 年 10 月 	上海市科学技术委员会、上海市财政局、上海市国家税务局、上海市地方税务局 	政府机构 				
10 	雅运助剂 	嘉定区发明创造专利奖 	2014 年 8 月 	上海市嘉定区人民政府 	政府机构 				
11 	雅运助剂 	2014 年度嘉定区先进制造业科技创新奖 	2015 年 2 月 	上海市嘉定区人民政府 	政府机构 				
12 	雅运助剂 	上海市著名商标-匀可灵 	2015 年 1 月 	上海市工商行政管理局 	政府机构 				
13 	雅运助剂 	上海名牌-匀可灵 	2015 年 12 月 	上海市名牌推荐委员会 	政府机构 				
14 	雅运助剂 	上海名牌-西太克斯 	2017 年 12 月 	上海市名牌推荐委员会 	政府机构 				
15 	科法曼 	江苏省民营科技企业 	2016 年 11 月 	江苏省民营科技企业协会 	社会团体 				
16 	科法曼 	高新技术企业 	2017 年 11 月 	江苏省科学技术厅、江苏省财政厅、江苏省国家税务局、江苏省地方税务局 	政府机构 				
									
染料类别 	公司主要产品系列 	用途 							
棉用活性染料 	雅格素 BF 系列 	适用于匹染、筒子纱染色、绞纱染色及卷染等多种浸染工艺及连续轧染染色；对浴比、染色温度、盐、碱及染色时间等条件的敏感性较小，具有优良的染色重现性；适用于纤维素纤维及其混纺织物的染色 							
棉用活性染料 	雅格素 EL 系列 	高日晒中温型活性染料；具有优异的日晒牢度，可满足高的汗耐光牢度要求；适用于纤维素纤维及其混纺织物的染色 							
棉用活性染料 	雅格素 TC 系列 	中温型高配伍活性染料；具有良好的各项牢度；适用于纤维素纤维及其混纺织物的染色 							
棉用活性染料 	雅格素高温型 	具有优异的扩散性和匀染性，主要用于纤维素纤维浸染工艺，适用于各种浸染设备 							
棉用活性染料 	雅格素 EX 系列 	中温型双活性基活性染料，具有良好的匀染性和染色重现性，可以大大减轻污水处理，提高对环境的保护；适用于纤维素纤维及其混纺织物的染色 							
棉用活性染料 	雅格素冷轧堆 	冷轧堆用活性染料；具有较高的溶解性，化料容易，							
									
可以高浓度使用；适用于纤维素及其混纺织物的染色 									
高温中性固色活性染料，无需碱剂；适用于涤棉一浴法染色，可缩短染色时间和节约能源，提高经济效益；适用于纤维素纤维、尼龙/棉、腈纶/棉、羊毛/棉、丝/棉等混纺织物的染色 									
防拔染印花染底用活性染料；拔白性能良好；适用于纤维素纤维及其混纺织物的印花 									
高日晒、高汗光系列；适用于浸染、冷染、轧染等染色工艺 									
中温低碱系列；染深性好、水洗牢度高；适用于纤维素及混纺织物染色 									
适用于纤维素纤维及其混纺织物的染色、印花 									
适宜染极浅至浅色；对涤纶条花具有出色的覆盖型和移染性；适用于锦纶、锦纶超细纤维、锦/棉、锦/氨等纺织物的染色 									
运用于浅色至中色的新结构智能型酸性染料；极其优异的配伍性，受 pH 值影响小；适用于锦纶、锦纶超细纤维、锦/棉、锦/氨等混纺织物的染色 									
适合锦纶中深色，羊毛浅至中色染色；适用于锦纶、锦纶超细纤维、锦/棉、锦/氨等混纺织物的染色；适用于羊毛及其混纺织物的染色 									
色谱齐全，很高的提升力，适合染深至特深色；适用于锦纶、锦纶超细纤维、锦/棉、锦/氨等混纺织物的染色；适用于羊毛及其混纺的染色 									
可以运用在浅色至中色的新结构染料；高水洗高日晒酸性染料；适用于锦纶、锦纶超细纤维、锦/棉、锦/氨等混纺织物的染色 									
智能型 1:2 金属络合染料；运用在中色至深色；适用于锦纶、锦纶超细纤维、锦/棉、锦/氨等混纺织物的染色 									
不含金属的高牢度鲜艳色染料；适用于锦纶、锦/氨、锦/棉等混纺织物的染色 									
良好的各项牢度；适用于锦纶，适用于锦纶超细合成革的染色 									
色谱齐全，颜色鲜艳；适用于锦/氨印花 									
极高的各项湿牢度和日晒牢度，适合“机可洗”要求；适用于羊毛、丝光羊毛、羊绒及其混纺的染色 									
高碱汗渍牢度；省水减排，缩短时间，提高染色效率；适用于羊毛、丝光羊毛、羊绒及其混纺的染色 									
优异的各项牢度，适合“机可洗”的牢度要求；适用于羊毛、丝光羊毛、羊绒及其混纺的中深色染色 									
适合散毛、毛条最经济性要求；颜色鲜艳，色谱齐全；适用于羊毛、丝光羊毛、羊绒及其混纺的颜色 									
									
雅格素 N/NF 系列 									
雅格素 DP 系列 									
雅格素 HF 系列 									
雅格素 NC/TL 系列 									
雅格素 P/PRD 系列 									
雅格赛特 E/EM 系列 									
雅格赛特 EZ 系列 									
雅格赛特 N 系列 									
雅格赛特 M 系列 									
雅格赛特 E-HF 系列 									
雅格赛特 NHK 系列 									
雅格赛特 N-GW 系列 									
雅格赛特 FS 系列 									
雅格赛特 PN 系列 									
尤纳素系列 									
尤纳素 IC 系列 									
尤纳素 CQ 系列 									
尤纳素 W 系列 									
									
涤纶用分散染料 	雅特隆 AQE 系列 	适合作低温染色，具有广泛的 pH 适应范围，对棉沾色少，重现性佳；适用于涤纶及混纺织物浅色快速可靠的染色 							
涤纶用分散染料 	雅特隆 SL 系列 	极佳的日晒牢度，能满足汽车内饰面料等高日晒牢度的要求；适用于汽车面料，高质量室内装饰布，高日晒牢度超细纤维服装的染色 							
涤纶用分散染料 	雅特隆 SWD 系列 	具有优良的提升性；均匀的超细度染料分子，适用于各种织物。尤其是涤纶超细纤维织物，如麂皮革 							
涤纶用分散染料 	雅特隆 SW/SW-W 系列 	较高水洗牢度的分散染料；特别适合用于一线品牌运动服装，顶级专业户外服装，军工特种行业用途等极高水洗牢度要求服装的需要 							
涤纶用分散染料 	雅特隆 S 系列 	适用于高温热熔法染色，也适用于高温高压法染色；适用于涤纶织带、涤/棉混纺织物以及各类纯涤织物的染色及印花 							
									
纺织助剂类别 	产品系列名称 	用途 							
前处理助剂 	雅洁瑞系列 	适用于前处理过程中的渗透、精炼，以及去除油污 							
前处理助剂 	欧诺兰系列 	应用于棉及其混纺织物的连续前处理，以及漂氧的生物净洗，去除氧漂后残留于纺织品的双氧水等物质；改善起毛起球现象 							
前处理助剂 	雅适滑系列 	适用于多种纺纱加工工艺，对羊毛纤维具有软化功能，从而提高可纺性 							
前处理助剂 	雅可赛 LT 系列 	适用于散纤维、毛条、绞纱及织物的染色 							
染色及印花助剂 	雅可匀系列 	用于活性染料染色的匀染剂，降低高直接性染料的出染率，使染料均匀上染 							
染色及印花助剂 	欧诺兰 RP/OXR 系列 	用于催化分解水解染料及未固色染料，分解的产物溶解度高 							
染色及印花助剂 	雅可赛系列 	用于染色时对染色过程的控制和染料牢度的提升 							
染色及印花助剂 	匀可灵系列 	用于羊毛染色加强渗透，匀染，提高得色率的产品 							
染色及印花助剂 	雅可固系列 	用于活性染料染色剂印花织物的固色，以及提高染色织物的耐皂洗牢度、汗渍牢度和耐水渍牢度 							
染色及印花助剂 	Seatex 系列 	印花过程中的各种糊料，用于提高渗透性、得色性、匀染性 							
染色及印花助剂 	雅可印系列 	提升涂料印花的干摩擦牢度、水洗及湿摩擦牢度 							
后整理剂 	雅可舒系列 	适用于浸渍、浸轧及喷洒等工艺，可提高纤维弹性及织物的外观回复性 							
后整理剂 	雅可风系列 	通过后整理赋予织物各种功能，提高产品附加值。主要有阻燃、防水防油和抗紫外等产品 							
后整理剂 	海之威系列 	用于纤维素纤维及其混纺的吸湿排汗整理和抗静电功能 							
									
雅洁瑞 AOP 系列 	减少聚酰胺纤维在预定型、后定型以及压膜过程中产生的黄变 								
雅洁辉系列 	用于对各种纤维的加白处理 								
									
项 目 	2017 年度 	2017 年度 	2016 年度 	2016 年度 	2015 年度 	2015 年度 			
项 目 	金额 	占比 	金额 	占比 	金额 	占比 			
直销 	60,481.05   	68.46% 	56,694.64   	67.53% 	53,158.04   	68.64% 			
经销（除进出口商） 	19,261.93   	21.80% 	17,726.40   	21.11% 	17,779.68   	22.96% 			
进出口商 	8,604.38   	9.74% 	9,537.58   	11.36% 	6,509.63   	8.41% 			
总计 	88,347.36   	100.00% 	83,958.62   	100.00% 	77,447.35   	100.00% 			
									
项 目 	2017 年度 	2016 年度 	2015 年度 						
退换货金额 	45.81 	74.18 	81.83 						
国内经销收入 	  19,261.93   	  17,726.40   	  17,779.68   						
退换货率 	0.24% 	0.42% 	0.46% 						
									
项 目 	2017 年度 	2016 年度 	2015 年度 						
当年存在业务的经销商数量 	278 	272 	248 						
当年新增数量 	47 	67 	61 						
当年撤销数量 	46 	41 	30 						
									
项目 	2017 年 	2016 年 	2015 年 						
销售收入 	19,261.93 	17,726.40 	17,779.68 						
期末应收账款 	2,904.96 	4,268.80 	3,875.21 						
									
产品 	项目 	2017 年度 	2016 年度 	2015 年度 					
染料 	产能（吨） 	6,000 	6,000 	6,000 					
染料 	产量（吨） 	6,018.81 	5,468.44 	4,685.43 					
染料 	产能利用率 	100.31% 	91.14% 	78.09% 					
纺织助剂 	产能（吨） 	12,600 	12,600 	12,600 					
纺织助剂 	产量（吨） 	13,921.68 	12,582.37 	11,575.51 					
纺织助剂 	产能利用率 	110.49% 	99.86% 	91.87% 					
									
产品 	2017 年度 	2016 年度 	2015 年度 						
染料产量（吨） 	  16,563.08   	16,062.07 	13,754.41 						
染料销量（吨） 	  15,904.70   	15,926.63 	12,984.14 						
产销率 	96.02% 	99.16% 	94.40% 						
纺织助剂产量（吨） 	  18,161.69   	16,938.02 	14,143.85 						
纺织助剂销量（吨） 	  18,088.90   	16,772.64 	13,777.11 						
产销率 	99.60% 	99.02% 	97.41% 						
									
项目 	2017 年度 	2017 年度 	2016 年度 	2016 年度 	2015 年度 	2015 年度 			
项目 	金额 	占比 	金额 	占比 	金额 	占比 			
棉用活性染料 	35,678.11 	40.38% 	36,085.51 	42.98% 	34,305.19 	44.29% 			
羊毛及尼龙用染料 	21,300.71 	24.11% 	18,835.68 	22.43% 	17,273.54 	22.30% 			
涤纶用分散染料 	4,680.73 	5.30% 	4,435.20 	5.28% 	3,837.22 	4.95% 			
染料小计 	61,659.55   	69.79% 	59,356.38 	70.70% 	55,415.95 	71.55% 			
纺织助剂 	24,723.50 	27.98% 	22,255.05 	26.51% 	18,452.25 	23.83% 			
主营业务其他 	1,964.31 	2.22% 	2,347.18 	2.80% 	3,579.15 	4.62% 			
合计 	88,347.36 	100.00% 	83,958.62 	100.00% 	77,447.35 	100.00% 			
									
销售区域 	2017 年 	2017 年 	2016 年度 	2016 年度 	2015 年度 	2015 年度 			
销售区域 	金额 	比例 	金额 	比例 	金额 	比例 			
华东地区 	66,627.41 	75.42% 	65,303.28 	77.78% 	62,192.49 	80.30% 			
华南地区 	6,151.31 	6.96% 	5,765.59 	6.87% 	5,710.98 	7.37% 			
华北地区 	2,667.69 	3.02% 	2,271.80 	2.71% 	2,146.17 	2.77% 			
国内其他地区 	1,659.56 	1.88% 	1,058.34 	1.26% 	879.67 	1.14% 			
海外 	11,241.40 	12.72% 	9,559.61 	11.39% 	6,518.03   	8.42% 			
合计 	88,347.36 	100.00% 	83,958.62 	100.00% 	77,447.35 	100.00% 			
									
出口商 	2017 年度 	2017 年度 	2016 年度 	2016 年度 	2015 年度 	2015 年度 			
出口商 	销售金额 	占营业收入比例 	销售金额 	占营业收入比例 	销售金额 	占营业收入比例 			
上海协通 	4,666.19 	5.28% 	4,168.09 	4.96% 	3,236.69 	4.18% 			
上海威根 	3,422.40 	3.87% 	4,841.24 	5.77% 	2,739.91 	3.54% 			
苏州恒发 	515.79 	0.58% 	528.25 	0.63% 	533.03 	0.69% 			
合计 	8,604.38 	9.74% 	9,537.58 	11.36% 	6,509.63 	8.41% 			
									
销售模式 	2017 年度 	2017 年度 	2016 年度 	2016 年度 	2015 年度 	2015 年度 			
销售模式 	销售金额 	占比 	销售金额 	占比 	销售金额 	占比 			
直销 	60,481.05   	68.46% 	56,694.64   	67.53% 	53,158.04   	68.64% 			
经销 	27,866.31   	31.54% 	27,263.98   	32.47% 	24,289.31   	31.36% 			
合计 	88,347.36   	100.00% 	83,958.62 	100.00% 	77,447.35 	100.00% 			
									
序号 	客户名称 	客户类型 	主要产品 	销售模式 	销售金额 	占主营业务收入的比例 			
2017 年度 	2017 年度 	2017 年度 	2017 年度 	2017 年度 	2017 年度 	2017 年度 			
1 	上海协通（集团）有限公司 	进出口商 	涤纶用分散染料、棉用活性染料、纺织助剂等 	经销 	4,666.19 	5.28% 			
2 	上海威根工贸有限公司 	进出口商 	纺织助剂等 	经销 	3,422.40 	3.87% 			
3 	吴江中印数码印花有限公司 	印染企业 	羊毛及尼龙用染料等 	直销 	2,100.41 	2.38% 			
4 	题桥公司之合并企业 	印染企业 	棉用活性染料、纺织助剂等 	直销 	1,812.92 	2.05% 			
5 	长濑欧积公司之合并企业 	贸易商 	棉用活性染料等 	直销 	1,797.38 	2.03% 			
6 	中国中纺集团公司之合并企业 	印染企业 	棉用活性染料、纺织助剂等 	直销 	1,786.27 	2.02% 			
7 	三元控股集团之合并企业 	印染企业 	棉用活性染料、羊毛及尼龙用染料、纺织助剂等 	直销 	1,650.76 	1.87% 			
8 	青岛欧歌纺织材料有限公司 	经销商 	涤纶用分散染料、棉用活性染料、羊毛及尼龙用染料等 	经销 	1,566.05 	1.77% 			
9 	张家港津美/鑫诚之合并企业 	经销商 	棉用活性染料、羊毛及尼龙用染料等 	经销 	1,454.14 	1.65% 			
10 	上海鲁萨国际贸易有限公司 	贸易商 	化工基础原料 	直销 	939.67 	1.06% 			
合计 	合计 	- 	- 	- 	21,196.18 	23.99% 			
2016 年度 	2016 年度 	2016 年度 	2016 年度 	2016 年度 	2016 年度 	2016 年度 			
1 	上海威根工贸有限公司 	进出口商 	纺织助剂等 	经销 	4,841.24 	5.77% 			
2 	上海协通（集团）有限公司 	进出口商 	涤纶用分散染料、棉用活性染料、纺织助剂等 	经销 	4,168.09 	4.96% 			
3 	吴江中印数码印花有限公司 	印染企业 	羊毛及尼龙用染料等 	直销 	2,176.57 	2.59% 			
4 	题桥公司之合并企业 	印染企业 	棉用活性染料、纺织助剂等 	直销 	1,853.49 	2.21% 			
5 	中国中纺集团公司之合并企业 	印染企业 	棉用活性染料、纺织助剂等 	直销 	1,848.94 	2.20% 			
6 	三元控股集团之合并企业 	印染企业 	棉用活性染料、羊毛及尼龙用染料、纺织助剂等 	直销 	1,769.72 	2.11% 			
7 	青岛欧歌纺织材料有限公司 	经销商 	涤纶用分散染料、棉用活性染料、羊毛及尼龙用染料等 	经销 	1,443.16 	1.72% 			
8 	冠宏股份有限公司 	印染企业 	涤纶用分散染料、棉用活性染料、羊毛及尼龙用染料等 	直销 	1,350.76 	1.61% 			
9 	长濑欧积公司之合并企业 	贸易商 	棉用活性染料、羊毛及尼龙用染料等 	直销 	1,209.76 	1.44% 			
10 	张家港津美/鑫诚之合并企业 	经销商 	棉用活性染料、羊毛及尼龙用染料等 	经销 	1,141.88 	1.36% 			
合计 	合计 	- 	- 	- 	21,803.61 	25.97% 			
2015 年 	2015 年 	2015 年 	2015 年 	2015 年 	2015 年 	2015 年 			
1 	上海协通（集团）有限公司 	进出口商 	涤纶用分散染料、棉用活性染料、纺织助剂等 	经销 	3,236.69 	4.18% 			
2 	上海威根工贸有限公司 	进出口商 	纺织助剂等 	经销 	2,739.91 	3.54% 			
3 	题桥公司之合并企业 	印染企业 	棉用活性染料、纺织助剂等 	直销 	2,015.26 	2.60% 			
4 	三元控股集团之合并企业 	印染企业 	棉用活性染料、羊毛及尼龙用染料、纺织助剂等 	直销 	1,761.57 	2.27% 			
5 	中国中纺集团公司之合并企业 	印染企业 	棉用活性染料、纺织助剂等 	直销 	1,755.45 	2.27% 			
6 	上海鲁萨国际贸易有限公司 	贸易商 	化工基础原料 	直销 	1,677.68 	2.17% 			
7 	吴江中印数码印花有限公司 	印染企业 	羊毛及尼龙用染料等 	直销 	1,496.06 	1.93% 			
8 	青岛瑞吉隆化工有限公司 	经销商 	棉用活性染料、羊毛及尼龙用染料、纺织助剂 	经销 	1,420.77 	1.83% 			
9 	青岛欧歌纺织材料有限公司 	经销商 	涤纶用分散染料、棉用活性染料、羊毛及尼龙用染料等 	经销 	1,128.03 	1.46% 			
10 	冠宏股份有限公司 	印染企业 	涤纶用分散染料、棉用活性染料、羊毛及尼龙用染料等 	直销 	900.77 	1.16% 			
合计 	合计 	- 	- 	- 	18,132.20 	23.41% 			
									
公司名称 	上海协通（集团）有限公司 	上海协通（集团）有限公司 							
企业类型 	有限责任公司（自然人投资或控股） 	有限责任公司（自然人投资或控股） 							
法定代表人 	唐庆余 	唐庆余 							
注册资本 	10,255.21 万人民币 	10,255.21 万人民币 							
成立日期 	1992 年 12 月 10 日 	1992 年 12 月 10 日 							
住所 	嘉定区曹安路 4671 号 	嘉定区曹安路 4671 号 							
股权结构 	股东名称 	股权比例 							
股权结构 	上海宗汇投资管理有限公司 	34.23% 							
股权结构 	上海协通投资管理有限公司 	32.02% 							
股权结构 	唐庆余 	28.92% 							
股权结构 	万燕 	3.16% 							
股权结构 	唐烨 	1.68% 							
股权结构 	合计 	100.00% 							
经营范围 	电子产品，建筑装潢材料，照相业务，自营和代理各类商品及技术的进出口业务，但国家限定公司或禁止进出口的商品及技术除外（不另附进出口商品目录），预包装食品（不含熟食卤味、冷冻冷藏）、五金交电、文具用品、建筑设备、工程机械、仪器仪表、机电设备、电子元器件、针纺织品、金属材料、玩具、服装、建材、化工产品（除危险化学品、监控化学品、烟花爆竹、民用爆炸物品、易制毒化学品）、一类医疗器械、二类医疗器械的销售。 【依法须经批准的项目，经相关部门批准后方可开展经营活动】 	电子产品，建筑装潢材料，照相业务，自营和代理各类商品及技术的进出口业务，但国家限定公司或禁止进出口的商品及技术除外（不另附进出口商品目录），预包装食品（不含熟食卤味、冷冻冷藏）、五金交电、文具用品、建筑设备、工程机械、仪器仪表、机电设备、电子元器件、针纺织品、金属材料、玩具、服装、建材、化工产品（除危险化学品、监控化学品、烟花爆竹、民用爆炸物品、易制毒化学品）、一类医疗器械、二类医疗器械的销售。 【依法须经批准的项目，经相关部门批准后方可开展经营活动】 							
公司名称 	上海威根工贸有限公司 	上海威根工贸有限公司 							
企业类型 	有限责任公司(自然人投资或控股) 	有限责任公司(自然人投资或控股) 							
法定代表人 	蒋纵云 	蒋纵云 							
注册资本 	180.00 万人民币 	180.00 万人民币 							
成立日期 	1998 年 05 月 14 日 	1998 年 05 月 14 日 							
住所 	上海市宝山区沪太路 9088 号 3 号楼 A-324 	上海市宝山区沪太路 9088 号 3 号楼 A-324 							
股权结构 	股东名称 	股权比例 							
股权结构 	蒋纵云 	85.00% 							
股权结构 	罗绮菱 	15.00% 							
股权结构 	合计 	100.00% 							
经营范围 	金属材料及制品、机电产品、建筑装潢材料、电子产品、五金交电、化工产品（除危险化学品、监控化学品、烟花爆竹、民用爆炸物品、易制毒化学品）、木材制品、针纺织品、日用百货、工艺美术品、办公用品、沙发、矿产品（除专项规定）、服装鞋帽、教学仪器批兼零、代购代销；经济信息咨询服务；金属制品加工(限分支机构经营);从事货物及技术的进出口业务。 【依法须经批准的项目,经相关部门批准后方可开展经营活动】 	金属材料及制品、机电产品、建筑装潢材料、电子产品、五金交电、化工产品（除危险化学品、监控化学品、烟花爆竹、民用爆炸物品、易制毒化学品）、木材制品、针纺织品、日用百货、工艺美术品、办公用品、沙发、矿产品（除专项规定）、服装鞋帽、教学仪器批兼零、代购代销；经济信息咨询服务；金属制品加工(限分支机构经营);从事货物及技术的进出口业务。 【依法须经批准的项目,经相关部门批准后方可开展经营活动】 							
									
公司名称 	吴江中印数码印花有限公司 	吴江中印数码印花有限公司 							
企业类型 	有限责任公司(台港澳法人独资) 	有限责任公司(台港澳法人独资) 							
法定代表人 	朱骏锋 	朱骏锋 							
注册资本 	1,200.00 万美元 	1,200.00 万美元 							
成立日期 	2005 年 12 月 13 日 	2005 年 12 月 13 日 							
住所 	江苏省吴江市盛泽镇龙桥村 	江苏省吴江市盛泽镇龙桥村 							
股权结构 	股东名称 	股权比例 							
股权结构 	国立国际控股集团有限公司 	100.00% 							
股权结构 	合计 	100.00% 							
经营范围 	高档织物面料的后整理加工（各类数码印花）；销售自产产品（产品外销不涉及出口许可证），从事纺织原料、纺织品的批发及进出口业务（不涉及国营贸易管理商品，涉及配额、许可证管理商品的，按国家有关规定办理申请）。（依法须经批准的项目，经相关部门批准后方可开展经营活动） 	高档织物面料的后整理加工（各类数码印花）；销售自产产品（产品外销不涉及出口许可证），从事纺织原料、纺织品的批发及进出口业务（不涉及国营贸易管理商品，涉及配额、许可证管理商品的，按国家有关规定办理申请）。（依法须经批准的项目，经相关部门批准后方可开展经营活动） 							
企业类型 	有限责任公司(外国法人独资) 	有限责任公司(外国法人独资) 							
法定代表人 	今枝干和 	今枝干和 							
注册资本 	25.00 万美元 	25.00 万美元 							
成立日期 	2003 年 08 月 14 日 	2003 年 08 月 14 日 							
住所 	上海市徐汇区虹漕路 421 号 67 号厂房 10 楼 1012 室 	上海市徐汇区虹漕路 421 号 67 号厂房 10 楼 1012 室 							
股权结构 	股东名称 	股权比例 							
股权结构 	オ一·ジ一長瀬カラ一ケミカル株式会社 	100.00% 							
股权结构 	合计 	100.00% 							
经营范围 	生产纺织和化纤抽丝用助剂，油剂，染化料，销售自产产品；上述产品的同类商品的批发、佣金代理（拍卖除外）、进出口，并提供相关技术咨询及配套业务。【依法须经批准的项目，经相关部门批准后方可开展经营活动】 	生产纺织和化纤抽丝用助剂，油剂，染化料，销售自产产品；上述产品的同类商品的批发、佣金代理（拍卖除外）、进出口，并提供相关技术咨询及配套业务。【依法须经批准的项目，经相关部门批准后方可开展经营活动】 							
									
公司名称 	长濑欧积织染化学（上海）有限公司 								
									
公司名称 	长濑欧积有色化学（上海）有限公司 	长濑欧积有色化学（上海）有限公司 							
企业类型 	有限责任公司(外国法人独资) 	有限责任公司(外国法人独资) 							
法定代表人 	今枝干和 	今枝干和 							
注册资本 	6,000.00 万日元 	6,000.00 万日元 							
成立日期 	2002 年 07 月 15 日 	2002 年 07 月 15 日 							
住所 	上海市徐汇区钦州北路 1066 号 75 号楼 6 楼 	上海市徐汇区钦州北路 1066 号 75 号楼 6 楼 							
股权结构 	股东名称 	股权比例 							
股权结构 	オ一·ジ一長瀬カラ一ケミカル株式会社 	100.00% 							
股权结构 	合计 	100.00% 							
经营范围 	开发织物前整理和后整理加工技术、纤维染色技术、纤维及其制品加工技术，染料、颜料、助剂、合成树脂等化学品的应用技术，自有技术转让，提供相关技术咨询服务，简单加工（除危险化学品生产），委托加工；上述同类产品（涉及危险化学品经营的详见危险化学品经营许可证）以及纤维相关机械设备及零部件的批发、佣金代理（拍卖除外），进出口，提供相关的配套服务。（不涉及国营贸易管理商品，涉及配额、许可证管理商品的，按国家有关规定办理申请）【依法须经批准的项目，经相关部门批准后方可开展经营活动】 	开发织物前整理和后整理加工技术、纤维染色技术、纤维及其制品加工技术，染料、颜料、助剂、合成树脂等化学品的应用技术，自有技术转让，提供相关技术咨询服务，简单加工（除危险化学品生产），委托加工；上述同类产品（涉及危险化学品经营的详见危险化学品经营许可证）以及纤维相关机械设备及零部件的批发、佣金代理（拍卖除外），进出口，提供相关的配套服务。（不涉及国营贸易管理商品，涉及配额、许可证管理商品的，按国家有关规定办理申请）【依法须经批准的项目，经相关部门批准后方可开展经营活动】 							
									
公司名称 	上海题桥纺织染纱有限公司 								
企业类型 	有限责任公司(自然人投资或控股) 								
法定代表人 	潘玉明 								
注册资本 	16,000.00 万人民币 								
									
成立日期 	1997 年 07 月 14 日 	1997 年 07 月 14 日 							
住所 	上海市闵行区立跃路 519 号 	上海市闵行区立跃路 519 号 							
股权结构 	股东名称 	股权比例 							
股权结构 	潘玉明 	89.00% 							
股权结构 	许翠鸿 	11.00% 							
股权结构 	合计 	100.00% 							
经营范围 	出口：本企业自产的服装，纺织品，从事货物及技术的进出口业务；进口：本企业生产及科研所需的原辅材料，机械设备，仪器，仪表及零配件，自有厂房的租赁，服装、百货的销售，五金工具的研发及销售，道路货物运输（普通货运，危险品除外）。【依法须经批准的项目，经相关部门批准后方可开展经营活动】 	出口：本企业自产的服装，纺织品，从事货物及技术的进出口业务；进口：本企业生产及科研所需的原辅材料，机械设备，仪器，仪表及零配件，自有厂房的租赁，服装、百货的销售，五金工具的研发及销售，道路货物运输（普通货运，危险品除外）。【依法须经批准的项目，经相关部门批准后方可开展经营活动】 							
									
公司名称 	江苏题桥纺织制衣有限公司 	江苏题桥纺织制衣有限公司 							
企业类型 	有限责任公司(自然人独资) 	有限责任公司(自然人独资) 							
法定代表人 	潘玉明 	潘玉明 							
注册资本 	6,500.00 万人民币 	6,500.00 万人民币 							
成立日期 	2003 年 01 月 06 日 	2003 年 01 月 06 日 							
住所 	响水县响水镇城东居委会（204 国道东侧） 	响水县响水镇城东居委会（204 国道东侧） 							
股权结构 	股东名称 	股权比例 							
股权结构 	潘玉明 	100% 							
股权结构 	合计 	100.00% 							
经营范围 	服装制造；制线；织布；印染；纺织原料（棉花除外）销售；自营和代理各类商品及技术的进出口业务（国家限定企业经营或禁止进出口的商品和技术除外）【以上范围依法须经批准的项目，经相关部门批准后方可开展经营活动。】。 	服装制造；制线；织布；印染；纺织原料（棉花除外）销售；自营和代理各类商品及技术的进出口业务（国家限定企业经营或禁止进出口的商品和技术除外）【以上范围依法须经批准的项目，经相关部门批准后方可开展经营活动。】。 							
									
公司名称 	上海题桥纺织染整有限公司 	上海题桥纺织染整有限公司 							
企业类型 	有限责任公司（自然人投资或控股的法人独资） 	有限责任公司（自然人投资或控股的法人独资） 							
法定代表人 	许翠鸿 	许翠鸿 							
注册资本 	8,000.00 万人民币 	8,000.00 万人民币 							
成立日期 	2001 年 06 月 01 日 	2001 年 06 月 01 日 							
住所 	浦东新区周浦镇里仁村 6 组 	浦东新区周浦镇里仁村 6 组 							
股权结构 	股东名称 	股权比例 							
股权结构 	上海题桥纺织染纱有限公司 	100.00% 							
股权结构 	合计 	100.00% 							
									
经营范围 	服装，纺织制品及染整，纺织制品辅料，机械设备及零配，经营本企业自产产品的出口业务和本企业所需的机械设备、零配件、原辅材料的进口业务（但国家限定公司经营或禁止进出口的商品及技术除外），本企业包括本企业控股的成员企业，自有房屋租赁（除金融租赁），纺织品、百货的销售。 【依法须经批准的项目，经相关部门批准后方可开展经营活动】 								
									
公司名称 	杭州新生印染有限公司 	杭州新生印染有限公司 							
企业类型 	有限责任公司(自然人投资或控股) 	有限责任公司(自然人投资或控股) 							
法定代表人 	李斌 	李斌 							
注册资本 	2,324.85 万人民币 	2,324.85 万人民币 							
成立日期 	1996 年 03 月 25 日 	1996 年 03 月 25 日 							
住所 	萧山区党湾镇永红路 2 号 	萧山区党湾镇永红路 2 号 							
股权结构 	股东名称 	股权比例 							
股权结构 	三元控股集团有限公司 	51.00% 							
股权结构 	潘海江 	33.47% 							
股权结构 	李国信等 5 人 	15.53% 							
股权结构 	合计 	100.00% 							
经营范围 	丝绸，仿真丝绸的印花，染整加工；生产、销售：服装；经销：纺织品；企业自产产品的出口和自用产品的进口业务。 	丝绸，仿真丝绸的印花，染整加工；生产、销售：服装；经销：纺织品；企业自产产品的出口和自用产品的进口业务。 							
									
公司名称 	浙江三元纺织有限公司 	浙江三元纺织有限公司 							
企业类型 	有限责任公司(自然人投资或控股) 	有限责任公司(自然人投资或控股) 							
法定代表人 	李益民 	李益民 							
注册资本 	12,000.00 万人民币 	12,000.00 万人民币 							
成立日期 	2002 年 06 月 17 日 	2002 年 06 月 17 日 							
住所 	萧山区党湾镇永乐村 	萧山区党湾镇永乐村 							
股权结构 	股东名称 	股权比例 							
股权结构 	三元控股集团有限公司 	51.00% 							
股权结构 	李益民 	35.00% 							
股权结构 	李成荣 	6.00% 							
股权结构 	徐水荣等 4 人 	8.00% 							
股权结构 	合计 	100.00% 							
									
经营范围 	筒子纱染色、后整理，纺织品织造，经销：纺织品和纺织原料（国家专项审批的除外），自产产品的出口及自用产品的进口业务（法律禁止的除外，法律法规限制的项目取得许可方可经营）。 								
									
公司名称 	杭州华仑印染有限公司 	杭州华仑印染有限公司 							
企业类型 	有限责任公司(自然人投资或控股) 	有限责任公司(自然人投资或控股) 							
法定代表人 	倪大甫 	倪大甫 							
注册资本 	5,000.00 万人民币 	5,000.00 万人民币 							
成立日期 	2002 年 03 月 18 日 	2002 年 03 月 18 日 							
住所 	萧山区党湾镇梅东村 	萧山区党湾镇梅东村 							
股权结构 	股东名称 	股权比例 							
股权结构 	三元控股集团有限公司 	51.00% 							
股权结构 	倪大甫 	33.50% 							
股权结构 	朱文标 	6.00% 							
股权结构 	周建明等 6 人 	9.50% 							
股权结构 	合计 	100.00% 							
经营范围 	纺织品印染（凭许可证经营）；生产、销售：纺织品；自产产品的出口业务及自用产品的进口业务。 	纺织品印染（凭许可证经营）；生产、销售：纺织品；自产产品的出口业务及自用产品的进口业务。 							
									
公司名称 	杭州集美印染有限公司 	杭州集美印染有限公司 							
企业类型 	有限责任公司(自然人投资或控股) 	有限责任公司(自然人投资或控股) 							
法定代表人 	潘仁昌 	潘仁昌 							
注册资本 	10,000.00 万人民币 	10,000.00 万人民币 							
成立日期 	2004 年 06 月 17 日 	2004 年 06 月 17 日 							
住所 	萧山区党湾镇梅东村 	萧山区党湾镇梅东村 							
股权结构 	股东名称 	股权比例 							
股权结构 	三元控股集团有限公司 	80.00% 							
股权结构 	李斌 	10.37% 							
股权结构 	潘仁昌 	5.47% 							
股权结构 	戚来法等 5 人 	4.16% 							
股权结构 	合计 	100.00% 							
经营范围 	纺织品印染；印染污水生化处理；销售：纺织品、服装、服饰；货物、技术进出口（法律禁止的除外，法律法规限制的项目取得许可方可经营）。 	纺织品印染；印染污水生化处理；销售：纺织品、服装、服饰；货物、技术进出口（法律禁止的除外，法律法规限制的项目取得许可方可经营）。 							
法定代表人 	王云军 	王云军 							
注册资本 	5,000.00 万人民币 	5,000.00 万人民币 							
成立日期 	2005 年 02 月 04 日 	2005 年 02 月 04 日 							
住所 	萧山区党湾镇镇中路 151 号 	萧山区党湾镇镇中路 151 号 							
股权结构 	股东名称 	股权比例 							
股权结构 	三元控股集团有限公司 	51.00% 							
股权结构 	王云军 	33.00% 							
股权结构 	韩高军等 8 人 	16.00% 							
股权结构 	合计 	100.00% 							
经营范围 	纺织品印染；生产、销售：纺织品；自产产品的出口及自用产品的进口业务（法律禁止的除外，法律法规限制的项目取得许可方可经营）。 	纺织品印染；生产、销售：纺织品；自产产品的出口及自用产品的进口业务（法律禁止的除外，法律法规限制的项目取得许可方可经营）。 							
									
公司名称 	杭州集锦印染有限公司 								
企业类型 	有限责任公司(自然人投资或控股) 								
									
公司名称 	杭州天瑞印染有限公司 	杭州天瑞印染有限公司 							
企业类型 	有限责任公司(自然人投资或控股) 	有限责任公司(自然人投资或控股) 							
法定代表人 	李成火 	李成火 							
注册资本 	5,000.00 万人民币 	5,000.00 万人民币 							
成立日期 	2002 年 03 月 18 日 	2002 年 03 月 18 日 							
住所 	萧山区党湾镇镇中村（民新） 	萧山区党湾镇镇中村（民新） 							
股权结构 	股东名称 	股权比例 							
股权结构 	三元控股集团有限公司 	51.00% 							
股权结构 	李成火 	49.00% 							
股权结构 	合计 	100.00% 							
经营范围 	纺织品印染（凭许可证经营）；生产、销售：纺织品；销售：服装，服饰；自产产品的出口业务和自用产品的进口业务。 	纺织品印染（凭许可证经营）；生产、销售：纺织品；销售：服装，服饰；自产产品的出口业务和自用产品的进口业务。 							
									
公司名称 	杭州天宇印染有限公司 	杭州天宇印染有限公司 							
企业类型 	有限责任公司(自然人投资或控股) 	有限责任公司(自然人投资或控股) 							
法定代表人 	李斌 	李斌 							
注册资本 	2,660.00 万人民币 	2,660.00 万人民币 							
成立日期 	2002 年 03 月 07 日 	2002 年 03 月 07 日 							
住所 	萧山区党湾镇梅东村 	萧山区党湾镇梅东村 							
股权结构  	股东名称 	股权比例 							
股权结构  	三元控股集团有限公司 	51.00% 							
股权结构  	孙彩香 	26.65% 							
股权结构  	孙张水 	11.42% 							
股权结构  	倪宝惠等 8 人 	10.93% 							
股权结构  	合计 	100.00% 							
									
经营范围 	纺织品印染；纺织品销售；经营本企业自产产品及技术的出口业务；经营本企业生产、科研所需的原辅材料、机械设备、仪器仪表、零配件及技术的进口业务（国家限定公司经营和国家禁止进出口的商品及技术除外）；经营进料加工和“三来一补”业务。 								
									
公司名称 	杭州天成印染有限公司 	杭州天成印染有限公司 							
企业类型 	有限责任公司(自然人投资或控股) 	有限责任公司(自然人投资或控股) 							
法定代表人 	倪增权 	倪增权 							
注册资本 	3,600.00 万人民币 	3,600.00 万人民币 							
成立日期 	1995 年 10 月 19 日 	1995 年 10 月 19 日 							
住所 	浙江省萧山区党湾镇梅东村 	浙江省萧山区党湾镇梅东村 							
股权结构 	股东名称 	股权比例 							
股权结构 	三元控股集团有限公司 	51.00% 							
股权结构 	倪增权 	33.50% 							
股权结构 	方忠信 	5.00% 							
股权结构 	孙月军等 8 人 	10.50% 							
股权结构 	合计 	100.00% 							
经营范围 	加工印染丝绸,仿真丝纺织品；经营本企业自产产品及技术的出口业务和本企业所需的机械设备、零配件、原辅材料及技术的进口业务，但国家限定公司经营和国家禁止进出口的商品及技术除外。 	加工印染丝绸,仿真丝纺织品；经营本企业自产产品及技术的出口业务和本企业所需的机械设备、零配件、原辅材料及技术的进口业务，但国家限定公司经营和国家禁止进出口的商品及技术除外。 							
									
公司名称 	杭州欣元印染有限公司 	杭州欣元印染有限公司 							
企业类型 	有限责任公司(自然人投资或控股) 	有限责任公司(自然人投资或控股) 							
法定代表人 	王锐 	王锐 							
注册资本 	6,000.00 万人民币 	6,000.00 万人民币 							
成立日期 	2002 年 03 月 18 日 	2002 年 03 月 18 日 							
住所 	萧山区党湾镇镇中路 158 号 	萧山区党湾镇镇中路 158 号 							
股权结构 	股东名称 	股权比例 							
股权结构 	三元控股集团有限公司 	- 							
股权结构 	王锐 	- 							
股权结构 	刘在昆 	- 							
股权结构 	沈月明 	- 							
股权结构 	于长海 	- 							
股权结构 	傅文耀等 8 人 	- 							
股权结构 	合计 	100.00% 							
经营范围 	纺织品印染(凭许可证经营)；生产、销售：服装、纺织品；自产产品的出口业务和自用产品的进口业务。 	纺织品印染(凭许可证经营)；生产、销售：服装、纺织品；自产产品的出口业务和自用产品的进口业务。 							
公司名称 	青岛欧歌纺织材料有限公司 	青岛欧歌纺织材料有限公司 							
企业类型 	有限责任公司(自然人投资或控股) 	有限责任公司(自然人投资或控股) 							
法定代表人 	欧阳治 	欧阳治 							
注册资本 	50.00 万人民币 	50.00 万人民币 							
成立日期 	2005 年 03 月 21 日 	2005 年 03 月 21 日 							
住所 	青岛经济技术开发区井岗山路 658 号中建紫锦广场 10 层 1016 室 	青岛经济技术开发区井岗山路 658 号中建紫锦广场 10 层 1016 室 							
股权结构 	股东名称 	股权比例 							
股权结构 	欧阳治 	60.00% 							
股权结构 	高善荣 	40.00% 							
股权结构 	合计 	100.00% 							
经营范围 	纺织材料、针纺织品、化工产品（不含危险品）批发、零售及复配。（依法须经批准的项目，经相关部门批准后方可开展经营活动）。 	纺织材料、针纺织品、化工产品（不含危险品）批发、零售及复配。（依法须经批准的项目，经相关部门批准后方可开展经营活动）。 							
									
公司名称 	江阴福汇纺织有限公司 	江阴福汇纺织有限公司 							
企业类型 	有限责任公司(台港澳法人独资) 	有限责任公司(台港澳法人独资) 							
法定代表人 	赵耀 	赵耀 							
注册资本 	11,000.00 万美元 	11,000.00 万美元 							
成立日期 	2002 年 04 月 19 日 	2002 年 04 月 19 日 							
住所 	江苏省江阴经济开发区 	江苏省江阴经济开发区 							
股权结构 	股东名称 	股权比例 							
股权结构 	海洋染纱厂有限公司 	100% 							
股权结构 	合计 	100.00% 							
经营范围 	从事高档针织面料的织染及后整理加工，针织服装的生产，新型纺织机械的研发及生产；从事与公司自产产品同类的纺织品及服装的批发、零售；从事纺织机械及其零部件的批发、进出口业务（不涉及国营贸易管理商品，涉及配额、许可证管理商品的，按照国家有关规定办理申请）；普通货物运输。（依法须经批准的项目，经相关部门批准后方可开展经营活动） 	从事高档针织面料的织染及后整理加工，针织服装的生产，新型纺织机械的研发及生产；从事与公司自产产品同类的纺织品及服装的批发、零售；从事纺织机械及其零部件的批发、进出口业务（不涉及国营贸易管理商品，涉及配额、许可证管理商品的，按照国家有关规定办理申请）；普通货物运输。（依法须经批准的项目，经相关部门批准后方可开展经营活动） 							
住所 	盐城经济开发区黄山南路 38 号 	盐城经济开发区黄山南路 38 号 							
股权结构 	股东名称 	股权比例 							
股权结构 	丽海印花厂有限公司 	100% 							
股权结构 	合计 	100.00% 							
经营范围 	高档织物面料织染、后整理加工，成衣制造。（依法须经批准的项目，经相关部门批准后方可开展经营活动） 	高档织物面料织染、后整理加工，成衣制造。（依法须经批准的项目，经相关部门批准后方可开展经营活动） 							
									
公司名称 	盐城福汇纺织有限公司 								
企业类型 	有限责任公司(台港澳法人独资) 								
法定代表人 	赵耀 								
注册资本 	6,050.00 万美元 								
成立日期 	2007 年 07 月 03 日 								
									
公司名称 	东莞沙田丽海纺织印染有限公司 	东莞沙田丽海纺织印染有限公司 							
企业类型 	有限责任公司(台港澳与境内合作) 	有限责任公司(台港澳与境内合作) 							
法定代表人 	夏松芳 	夏松芳 							
注册资本 	30,750.00 万港元 	30,750.00 万港元 							
成立日期 	1996 年 12 月 02 日 	1996 年 12 月 02 日 							
住所 	东莞市沙田镇环保工业城 	东莞市沙田镇环保工业城 							
股权结构 	股东名称 	股权比例 							
股权结构 	丽海印花厂有限公司 	85.64% 							
股权结构 	福津有限公司 	14.36% 							
股权结构 	东莞市沙田对外经济开发总公司 	<0.01% 							
股权结构 	合计 	100.00% 							
经营范围 	高档织物面料的织染及后整理加工(含高档色织布、高档染整布、高档染整印花布)和销售服装以及自有物业租赁。(以上项目不涉及外商投资准入特别管理措施)。 	高档织物面料的织染及后整理加工(含高档色织布、高档染整布、高档染整印花布)和销售服装以及自有物业租赁。(以上项目不涉及外商投资准入特别管理措施)。 							
									
公司名称 	张家港津美化工有限公司 	张家港津美化工有限公司 							
企业类型 	有限责任公司(自然人独资) 	有限责任公司(自然人独资) 							
法定代表人 	龚益华 	龚益华 							
注册资本 	50.00 万人民币 	50.00 万人民币 							
成立日期 	2013 年 10 月 15 日 	2013 年 10 月 15 日 							
住所 	张家港市杨舍镇美食街 1 号 	张家港市杨舍镇美食街 1 号 							
股权结构 	股东名称 	股权比例 							
股权结构 	龚益华 	100.00% 							
股权结构 	合计 	100.00% 							
经营范围 	化工原料、纺织原料、玩具、床上用品、劳保用品、服装服饰、鞋帽购销。（依法须经批准的项目，经相关部门批准后方可开展经营活动） 	化工原料、纺织原料、玩具、床上用品、劳保用品、服装服饰、鞋帽购销。（依法须经批准的项目，经相关部门批准后方可开展经营活动） 							
									
公司名称 	张家港市鑫诚贸易有限公司 	张家港市鑫诚贸易有限公司 							
企业类型 	有限责任公司(自然人投资或控股) 	有限责任公司(自然人投资或控股) 							
法定代表人 	王美凤 	王美凤 							
注册资本 	50.00 万人民币 	50.00 万人民币 							
成立日期 	2003 年 10 月 16 日 	2003 年 10 月 16 日 							
住所 	杨舍镇南门新村 7 幢 204 室 	杨舍镇南门新村 7 幢 204 室 							
股权结构 	股东名称 	股权比例 							
股权结构 	王美凤 	50.00% 							
股权结构 	龚益华 	50.00% 							
股权结构 	合计 	100.00% 							
经营范围 	电梯、机械设备、建筑材料、橡塑制品、纺织原料、化工原料（除危险品）、颜料、日用百货、五金电器、钢材、家用电器购销。（依法须经批准的项目，经相关部门批准后方可开展经营活动） 	电梯、机械设备、建筑材料、橡塑制品、纺织原料、化工原料（除危险品）、颜料、日用百货、五金电器、钢材、家用电器购销。（依法须经批准的项目，经相关部门批准后方可开展经营活动） 							
									
公司名称 	上海鲁萨国际贸易有限公司 	上海鲁萨国际贸易有限公司 							
企业类型 	有限责任公司(自然人投资或控股) 	有限责任公司(自然人投资或控股) 							
法定代表人 	赵焕锐 	赵焕锐 							
注册资本 	300.00 万人民币 	300.00 万人民币 							
成立日期 	2002 年 07 月 25 日 	2002 年 07 月 25 日 							
住所 	中国（上海）自由贸易试验区张江镇孙环路 729 号 3 幢 142 室 	中国（上海）自由贸易试验区张江镇孙环路 729 号 3 幢 142 室 							
股权结构 	股东名称 	股权比例 							
股权结构 	金正强 	70.00% 							
股权结构 	赵焕锐 	30.00% 							
股权结构 	合计 	100.00% 							
经营范围 	自营和代理各类商品和技术的进出口，但国家限定公司经营或禁止进出口的商品和技术除外，纺织品、服装、日用百货、金属材料、化工产品（除危险品）、机电产品、建筑材料、仪器仪表的销售。 	自营和代理各类商品和技术的进出口，但国家限定公司经营或禁止进出口的商品和技术除外，纺织品、服装、日用百货、金属材料、化工产品（除危险品）、机电产品、建筑材料、仪器仪表的销售。 							
									
公司名称 	冠宏股份有限公司 	冠宏股份有限公司 							
企业类型 	股份有限公司(台港澳与境内合资、未上市) 	股份有限公司(台港澳与境内合资、未上市) 							
法定代表人 	陈新民 	陈新民 							
注册资本 	10,800.00 万人民币 	10,800.00 万人民币 							
成立日期 	1999 年 06 月 10 日 	1999 年 06 月 10 日 							
住所 	石狮市鸿山伍堡工业区 	石狮市鸿山伍堡工业区 							
股权结构 	股东名称 	股权比例 							
股权结构 	香港冠宏国际集团有限公司 	85.00% 							
股权结构 	鑫方家投资有限公司 	10.00% 							
									
石狮恒基商贸有限公司 	5.00% 								
合计 	100.00% 								
高档织物面料的开发、生产、染整、后整理加工；新型纱线的开发；服装、帽，运动球类、球拍，塑料制品的生产（涉及审批许可项目的，只允许在审批许可的范围内从事生产经营）。 	高档织物面料的开发、生产、染整、后整理加工；新型纱线的开发；服装、帽，运动球类、球拍，塑料制品的生产（涉及审批许可项目的，只允许在审批许可的范围内从事生产经营）。 								
									
公司名称 	青岛瑞吉隆化工有限公司 	青岛瑞吉隆化工有限公司 							
企业类型 	有限责任公司(自然人投资或控股) 	有限责任公司(自然人投资或控股) 							
法定代表人 	张今胜 	张今胜 							
注册资本 	200.00 万人民币 	200.00 万人民币 							
成立日期 	2010 年 06 月 28 日 	2010 年 06 月 28 日 							
住所 	青岛市崂山区海尔路 166 号永业大厦 507 室 	青岛市崂山区海尔路 166 号永业大厦 507 室 							
股权结构 	股东名称 	股权比例 							
股权结构 	张今胜 	80.00% 							
股权结构 	刘伟 	20.00% 							
股权结构 	合计 	100.00% 							
经营范围 	一般经营项目:批发：染料及助剂、浆料、香精、香料、化工产品（不含危险品），化工产品技术服务，货物及技术进出口（法律行政法规禁止类项目不得经营，法律行政法规限制类项目许可后经营）。（以上范围需经许可经营的，须凭许可证经营）。 	一般经营项目:批发：染料及助剂、浆料、香精、香料、化工产品（不含危险品），化工产品技术服务，货物及技术进出口（法律行政法规禁止类项目不得经营，法律行政法规限制类项目许可后经营）。（以上范围需经许可经营的，须凭许可证经营）。 							
									
年度 	收入规模 	客户数量 	销售金额 	占主营业务收入的比例 					
2017 年 	1,000 万以上 	7 	15,913.19 	18.01% 					
2017 年 	500 万-1,000 万 	25 	16,876.94 	19.10% 					
2017 年 	100 万-500 万 	169 	34,677.64 	39.25% 					
2017 年 	100 万以下 	1,374 	20,879.59 	23.63% 					
2017 年 	合计 	1,575 	88,347.36 	100.00% 					
2016 年 	1,000 万以上 	11 	21,348.44   	25.43% 					
2016 年 	500 万-1,000 万 	18 	11,999.92   	14.29% 					
2016 年 	100 万-500 万 	139 	29,693.97   	35.37% 					
2016 年 	100 万以下 	1,455 	20,916.29   	24.91% 					
2016 年 	合计 	1,623 	83,958.62   	100.00% 					
2015 年 	1,000 万以上 	8 	14,601.64   	18.85% 					
2015 年 	500 万-1000 万 	23 	14,721.84   	19.01% 					
2015 年 	100 万-500 万 	146 	29,308.01   	37.84% 					
2015 年 	100 万以下 	1,368 	18,815.86   	24.30% 					
2015 年 	合计 	1,545 	77,447.35   	100.00% 					
									
合作年限 	2017 年度 	2017 年度 	2016 年度 	2016 年度 	2015 年度 	2015 年度 			
合作年限 	销售金额 	占比 	销售金额 	占比 	销售金额 	占比 			
3 年以上 	56,449.99 	83.67% 	47,217.27 	74.90% 	44,075.28 	75.17% 			
2-3 年 	4,914.88 	7.28% 	8,561.96 	13.58% 	3,711.30 	6.33% 			
1-2 年 	3,604.16 	5.34% 	5,499.77 	8.72% 	8,111.17 	13.83% 			
1 年以下 	2,498.74 	3.70% 	1,763.33 	2.80% 	2,733.73 	4.66% 			
合计 	67,467.77 	100.00% 	63,042.33 	100.00% 	58,631.49 	100.00% 			
									
公司名称 	上海协通（集团）有限公司 	上海协通（集团）有限公司 							
企业类型 	有限责任公司（自然人投资或控股） 	有限责任公司（自然人投资或控股） 							
法定代表人 	唐庆余 	唐庆余 							
注册资本 	10,255.21 万人民币 	10,255.21 万人民币 							
成立日期 	1992 年 12 月 10 日 	1992 年 12 月 10 日 							
住所 	嘉定区曹安路 4671 号 	嘉定区曹安路 4671 号 							
股权结构 	股东名称 	股权比例 							
									
上海宗汇投资管理有限公司 	34.23% 								
上海协通投资管理有限公司 	32.02% 								
唐庆余 	28.92% 								
万燕 	3.16% 								
唐烨 	1.68% 								
合计 	100.00% 								
电子产品，建筑装潢材料，照相业务，自营和代理各类商品及技术的进出口业务，但国家限定公司或禁止进出口的商品及技术除外（不另附进出口商品目录），预包装食品（不含熟食卤味、冷冻冷藏）、五金交电、文具用品、建筑设备、工程机械、仪器仪表、机电设备、电子元器件、针纺织品、金属材料、玩具、服装、建材、化工产品（除危险化学品、监控化学品、烟花爆竹、民用爆炸物品、易制毒化学品）、一类医疗器械、二类医疗器械的销售。【依法须经批准的项目，经相关部门批准后方可开展经营活动】 	电子产品，建筑装潢材料，照相业务，自营和代理各类商品及技术的进出口业务，但国家限定公司或禁止进出口的商品及技术除外（不另附进出口商品目录），预包装食品（不含熟食卤味、冷冻冷藏）、五金交电、文具用品、建筑设备、工程机械、仪器仪表、机电设备、电子元器件、针纺织品、金属材料、玩具、服装、建材、化工产品（除危险化学品、监控化学品、烟花爆竹、民用爆炸物品、易制毒化学品）、一类医疗器械、二类医疗器械的销售。【依法须经批准的项目，经相关部门批准后方可开展经营活动】 								
									
公司名称 	上海威根工贸有限公司 	上海威根工贸有限公司 							
企业类型 	有限责任公司(自然人投资或控股) 	有限责任公司(自然人投资或控股) 							
法定代表人 	蒋纵云 	蒋纵云 							
注册资本 	180.00 万人民币 	180.00 万人民币 							
成立日期 	1998 年 05 月 14 日 	1998 年 05 月 14 日 							
住所 	上海市宝山区沪太路 9088 号 3 号楼 A-324 	上海市宝山区沪太路 9088 号 3 号楼 A-324 							
股权结构 	股东名称 	股权比例 							
股权结构 	蒋纵云 	85.00% 							
股权结构 	罗绮菱 	15.00% 							
股权结构 	合计 	100.00% 							
经营范围 	金属材料及制品、机电产品、建筑装潢材料、电子产品、五金交电、化工产品（除危险化学品、监控化学品、烟花爆竹、民用爆炸物品、易制毒化学品）、木材制品、针纺织品、日用百货、工艺美术品、办公用品、沙发、矿产品（除专项规定）、服装鞋帽、教学仪器批兼零、代购代销；经济信息咨询服务；金属制品加工(限分支机构经营);从事货物及技术的进出口业务。  【依法须经批准的项目,经相关部门批准后方可开展经营活动】 	金属材料及制品、机电产品、建筑装潢材料、电子产品、五金交电、化工产品（除危险化学品、监控化学品、烟花爆竹、民用爆炸物品、易制毒化学品）、木材制品、针纺织品、日用百货、工艺美术品、办公用品、沙发、矿产品（除专项规定）、服装鞋帽、教学仪器批兼零、代购代销；经济信息咨询服务；金属制品加工(限分支机构经营);从事货物及技术的进出口业务。  【依法须经批准的项目,经相关部门批准后方可开展经营活动】 							
									
公司名称 	苏州恒发进出口有限责任公司 								
企业类型 	有限责任公司(自然人投资或控股) 								
法定代表人 	陈新元 								
注册资本 	1,000.00 万人民币 								
成立日期 	1988 年 07 月 04 日 								
									
住所 	苏州市西环路 1638 号国际经贸大厦 12 楼 	苏州市西环路 1638 号国际经贸大厦 12 楼 							
股权结构 	股东名称 	股权比例 							
股权结构 	陈新元 	9.85% 							
股权结构 	苏州进出口（集团）有限公司 	9.50% 							
股权结构 	许乃典 	8.50% 							
股权结构 	薛东 	7.40% 							
股权结构 	殷晔 	7.00% 							
股权结构 	倪振宇 	7.00% 							
股权结构 	茅青 	7.00% 							
股权结构 	吕国华 	6.00% 							
股权结构 	屈文敏 	6.00% 							
股权结构 	顾逸等 21 人 	31.75% 							
股权结构 	合计 	100.00% 							
经营范围 	自营和代理各类商品及技术的进出口业务（不另附进出口商品目录）、国家规定的专营进出口商品和国家禁止进出口等特殊商品除外、经营进料加工和三来一补业务、开展对销贸易和转口贸易;农药的自营和代理进出口业务;与公司出口商品有关的国内贸易。（依法须经批准的项目,经相关部门批准后方可开展经营活动）。 	自营和代理各类商品及技术的进出口业务（不另附进出口商品目录）、国家规定的专营进出口商品和国家禁止进出口等特殊商品除外、经营进料加工和三来一补业务、开展对销贸易和转口贸易;农药的自营和代理进出口业务;与公司出口商品有关的国内贸易。（依法须经批准的项目,经相关部门批准后方可开展经营活动）。 							
									
年度 	国家 	销售金额 	占海外销售的比例 						
2017 年 	孟加拉 	3,607.29 	32.09% 						
2017 年 	印度 	1,150.29 	10.23% 						
2017 年 	巴基斯坦 	950.15 	8.45% 						
2017 年 	马来西亚 	922.28 	8.20% 						
									
印度尼西亚 	709.54 	6.31% 							
合计 	7,339.55 	65.29% 							
孟加拉 	  3,339.07   	34.93% 							
印度 	  1,701.24   	17.80% 							
巴基斯坦 	  1,103.61   	11.54% 							
印度尼西亚 	  965.21   	10.10% 							
马来西亚 	  701.38   	7.34% 							
合计 	  7,810.52   	81.70% 							
孟加拉 	  3,052.37   	46.83% 							
印度 	  1,355.51   	20.80% 							
土耳其 	  621.63   	9.54% 							
巴基斯坦 	  497.47   	7.63% 							
菲律宾 	  316.18   	4.85% 							
合计 	  5,843.15   	89.65% 							
									
2016 年 									
2015 年 									
									
年度 	客户名称 	国家 	销售金额 	占海外销售的比例 					
2017 年 	KEYA KNIT COMPOSITE LTD. 	孟加拉 	1,428.02   	12.70% 					
2017 年 	RAMATEX TEXTILES INDUSTRIAL SDN BHD 	马来西亚 	  732.59   	6.52% 					
2017 年 	PT. KOOPA SPECIALTIES 	印度尼西亚 	  461.19   	4.10% 					
2017 年 	SHRIRAM MEHAR POLYMERS PVT LTD. 	印度 	  415.82   	3.70% 					
2017 年 	M. B. DYES CHEMICAL & SILK IND. PVT. LTD. 	巴基斯坦 	  378.38   	3.37% 					
									
合计 	- 	3,416.00   	30.39% 						
KEYA KNIT COMPOSITE LTD. 	孟加拉 	 936.38   	9.80% 						
PT. KOOPA SPECIALTIES 	印度尼西亚 	 766.07   	8.01% 						
M. B. DYES CHEMICAL & SILK IND. PVT. LTD. 	巴基斯坦 	 709.31   	7.42% 						
SHRIRAM MEHAR POLYMERS PVT LTD. 	印度 	 681.11   	7.12% 						
B. R. IMPEX 	印度 	 507.70   	5.31% 						
合计 	- 	3,600.57   	37.66% 						
KEYA KNIT COMPOSITE LTD. 	孟加拉 	 834.49   	12.80% 						
SHRIRAM MEHAR POLYMERS PVT LTD. 	印度 	 605.22   	9.29% 						
R.T.INTERNATIONAL 	孟加拉 	 401.19   	6.16% 						
B. R. IMPEX 	印度 	 329.95   	5.06% 						
SOZAL KIMYA SAN. PAZ.LTD,STI 	土耳其 	 286.05   	4.39% 						
合计 	- 	2,456.90   	37.69% 						
									
2016 年 									
2015 年 									
									
序号 	客户名称 	国家 	销售金额 	占海外销售的比例 					
1 	SHRIRAM MEHAR POLYMERS PVT LTD 	印度 	533.02 	4.74% 					
2 	M. B. DYES CHEMICAL & SILK IND. PVT. LTD. 	巴基斯坦 	383.78 	3.41% 					
3 	B. R. IMPEX 	印度 	285.55 	2.54% 					
4 	PT. KOOPA SPECIALTIES 	印度尼西亚 	251.37 	2.24% 					
5 	KAMAL LIMITED 	巴基斯坦 	163.63 	1.46% 					
合计 	合计 	- 	1,617.34 	14.39% 					
									
主要原材料 	2017 年度 	2017 年度 	2016 年度 	2016 年度 	2015 年度 	2015 年度 			
主要原材料 	金额 	占比 	金额 	占比 	金额 	占比 			
棉用活性染料原粉及成品 	26,599.03 	42.11% 	23,933.24 	39.97% 	25,818.49 	43.12% 			
羊毛及尼龙用染料原粉及成品 	11,745.69 	18.60% 	13,971.80 	23.33% 	13,033.24 	21.77% 			
涤纶用分散染料原粉及成品 	3,799.52 	6.02% 	2,941.20 	4.91% 	2,318.00 	3.87% 			
中间体 	1,940.37 	3.07% 	1,195.88 	2.00% 	2,171.89 	3.63% 			
纺织助剂原料 	16,561.73 	26.22% 	13,209.82 	22.06% 	10,869.78 	18.15% 			
其他 	2,517.81 	3.99% 	4,625.47 	7.72% 	5,664.45 	9.46% 			
合计 	63,164.16 	100.00% 	59,877.41 	100.00% 	59,875.85 	100.00% 			
									
主要能源 	2017 年度 	2017 年度 	2016 年度 	2016 年度 	2015 年度 	2015 年度 			
主要能源 	金额 	占比 	金额 	占比 	金额 	占比 			
电 	321.84 	0.52% 	335.39 	0.58% 	363.66 	0.64% 			
水 	54.18 	0.09% 	48.94 	0.08% 	49.48 	0.09% 			
煤 	- 	- 	59.56 	0.10% 	110.84 	0.19% 			
天然气 	249.69 	0.40% 	64.06 	0.11% 	- 	- 			
合计 	625.71 	1.01% 	507.95 	0.87% 	523.98 	0.92% 			
									
项目 	2017 年度 	2016 年度 	2015 年度 						
棉用活性染料原粉及成品 	24.83   	26.48   	31.19   						
涤纶用分散染料原粉及成品 	38.80   	32.37   	45.13   						
羊毛及尼龙用染料原粉及成品 	36.14   	27.44   	41.88   						
中间体 	25.01   	25.29   	29.20   						
纺织助剂原料 	13.13   	11.40   	11.53   						
									
序号 	供应商名称 	采购内容 	采购金额 	占采购总额的比例 	是否为新进入前十大供应商 	合作年限 			
2017 年 	2017 年 	2017 年 	2017 年 	2017 年 	2017 年 	2017 年 			
1 	浙江亿得化工之合并企业 	棉用活性染料原粉及成品等 	  8,165.73   	12.93% 	否 	12 年 			
2 	泰兴锦云染料有限公司 	棉用活性染料原粉及成品等 	  4,568.77   	7.23% 	否 	13 年 			
3 	嘉兴悦染化工有限公司 	棉用活性染料原粉及成品等 	  4,215.69   	6.67% 	否 	9 年 			
4 	杭州福莱蒽特精细化工有限公司 	涤纶用分散染料原粉及成品 	  2,618.19   	4.15% 	否 	6 年 			
5 	湖北华丽染料工业有限公司 	棉用活性染料原粉绩成品等 	  2,533.83   	4.01% 	否 	16 年 			
6 	上海鲁萨国际贸易有限公司 	羊毛及尼龙用染料原粉及成品等 	  2,237.13   	3.54% 	否 	5 年 			
7 	山东洁晶集团股份有限公司 	纺织助剂原料 	  2,104.47   	3.33% 	否 	6 年 			
8 	浙江吉华集团之合并企业 	棉用活性染料原粉及成品等 	  2,083.98   	3.30% 	否 	15 年 			
									
9 	湖北丽源科技股份有限公司 	棉用活性染料原粉及成品等 	  2,057.88   	3.26% 	是 	8 年 			
10 	杭州下沙恒升化工有限公司 	羊毛及尼龙用染料原粉及成品 	  1,833.72   	2.90% 	否 	16 年 			
合计 	合计 	- 	  32,419.37   	51.33% 	- 	- 			
2016 年度 	2016 年度 	2016 年度 	2016 年度 	2016 年度 	2016 年度 	2016 年度 			
1 	浙江亿得化工之合并企业 	棉用活性染料原粉及成品等 	9,666.56 	16.14% 	否 	11 年 			
2 	泰兴锦云染料有限公司 	棉用活性染料原粉及成品等 	5,041.88 	8.42% 	否 	12 年 			
3 	嘉兴悦染化工有限公司 	棉用活性染料原粉及成品等 	4,560.27 	7.62% 	否 	8 年 			
4 	上海鲁萨国际贸易有限公司 	羊毛及尼龙用染料原粉及成品等 	4,430.98 	7.40% 	否 	4 年 			
5 	台州市前进化工之合并企业 	棉用活性染料原粉及成品 	2,720.21 	4.54% 	否 	15 年 			
6 	宿迁虹光化学工业有限公司 	棉用活性染料原粉及成品等 	2,386.05 	3.98% 	是 	12 年 			
7 	浙江吉华集团之合并企业 	棉用活性染料原粉及成品等 	1,660.13 	2.77% 	是 	14 年 			
8 	杭州下沙恒升化工有限公司 	羊毛及尼龙用染料原粉及成品 	1,538.59 	2.57% 	否 	15 年 			
9 	杭州福莱蒽特精细化工有限公司 	涤纶用分散染料原粉及成品 	1,525.08 	2.55% 	否 	5 年 			
10 	山东洁晶集团股份有限公司 	纺织助剂原料 	1,402.01 	2.34% 	否 	5 年 			
合计 	合计 	- 	34,931.74 	58.34% 	- 	- 			
2015 年度 	2015 年度 	2015 年度 	2015 年度 	2015 年度 	2015 年度 	2015 年度 			
1 	浙江亿得化工之合并企业 	棉用活性染料原粉及成品等 	10,948.16 	18.28% 	否 	10 年 			
2 	嘉兴悦染化工有限公司 	棉用活性染料原粉及成品等 	5,700.70 	9.52% 	否 	7 年 			
3 	泰兴锦云染料有限公司 	棉用活性染料原粉及成品等 	4,638.85 	7.75% 	否 	11 年 			
4 	上海鲁萨国际贸易有限公司 	羊毛及尼龙用染料原粉及成品等 	4,244.64 	7.09% 	否 	3 年 			
5 	台州市前进化工之合并企业 	棉用活性染料原粉及成品 	3,212.58 	5.37% 	否 	14 年 			
6 	杭州下沙恒升化工有限公司 	羊毛及尼龙用染料原粉及成品 	1,762.58 	2.94% 	否 	14 年 			
7 	湖北华丽染料工业有限公司 	棉用活性染料原粉绩成品等 	1,707.86 	2.85% 	否 	14 年 			
8 	吴江桃源染料有限公司 	棉用活性染料原粉及成品等 	1,569.92 	2.62% 	否 	5 年 			
9 	杭州福莱蒽特精细化工有限公司 	涤纶用分散染料原粉及成品 	1,079.28 	1.80% 	否 	4 年 			
10 	山东洁晶集团股份有限公司 	纺织助剂原料 	1,016.59 	1.70% 	是 	4 年 			
合计 	合计 	- 	35,881.17 	59.93% 	- 	- 			
									
年度 	供应商名称 	成立时间 	采购金额 	占采购总额的比例 	占供应商总销售金额的比例（注 1） 				
2017 年 	珂司克国际贸易（上海）有限公司 	2001 年 11 月 27 日 	  933.10   	1.48% 	10%以下 				
2017 年 	江苏弘迈科技发展有限公司（注 2） 	2016 年 4 月 5 日 	  529.14   	0.84% 	10%-30% 				
2017 年 	杭州展翼化工有限公司（注 3） 	2016 年 1 月 5 日 	  469.64   	0.74% 	10%-30% 				
2017 年 	上海染料化工销售有限公司 	1997 年 3 月 19 日 	  402.67   	0.64% 	10%以下 				
2017 年 	合计 	- 	  2,334.55   	3.70% 	- 				
2016 年 	泰兴市隆欣盛化工有限公司 	2015 年 3 月 18 日 	402.97   	0.67% 	10%以下 				
2016 年 	上海佑梓生物科技有限公司（注 4） 	2014 年 10 月 23 	386.36   	0.65% 	10%以下 				
2016 年 	合计 	- 	  789.33   	1.32% 	- 				
2015 年 	山东裕源集团有限公司 	2001 年 6 月 3 日 	405.59   	0.68% 	10%以下 				
2015 年 	合计 	- 	405.59   	0.68% 	- 				
									
项目 	2017 年 	2017 年 	2017 年 	2016 年 	2016 年 	2016 年 	2015 年 	2015 年 	2015 年 
项目 	金额 	占采购总金额比重 	占营业成本比重 	金额 	占采购总金额比重 	占营业成本比重 	金额 	占采购总金额比重 	占营业成本比重 
棉用活性染料原粉及成品 	22,934.06 	36.31% 	36.98% 	21,597.16 	36.07% 	37.21% 	24,023.69 	40.12% 	41.96% 
羊毛及尼龙用染料原粉及成品 	6,167.91 	9.76% 	9.95% 	8,794.12 	14.69% 	15.15% 	7,922.06 	13.23% 	13.84% 
涤纶用分散染料原粉及成品 	3,291.52 	5.21% 	5.31% 	2,940.58 	4.91% 	5.07% 	2,282.69 	3.81% 	3.99% 
纺织助剂原料 	6,951.13 	11.00% 	11.21% 	5,572.11 	9.31% 	9.60% 	4,548.72 	7.60% 	7.95% 
合计 	39,344.63 	62.29% 	63.45% 	38,903.98 	64.97% 	67.03% 	38,777.17 	64.76% 	67.73% 
									
年度 	外包供应商名称 	采购金额 	占外包采购的比例 	占采购总额比 					
2017年 	浙江亿得化工有限公司 	6,469.33 	16.44% 	10.24% 					
2017年 	泰兴锦云染料有限公司 	4,164.80 	10.59% 	6.59% 					
2017年 	嘉兴悦染化工有限公司 	2,807.10 	7.13% 	4.44% 					
2017年 	杭州福莱蒽特精细化工有限公司 	2,618.19 	6.65% 	4.15% 					
2017年 	湖北丽源科技股份有限公司 	1,835.58 	4.67% 	2.91% 					
2017年 	合计 	17,895.00 	45.48% 	28.33% 					
2016年 	浙江亿得化工有限公司 	6,215.80 	15.98% 	10.38% 					
2016年 	嘉兴悦染化工有限公司 	4,449.16 	11.44% 	7.43% 					
2016年 	泰兴锦云染料有限公司 	4,355.62 	11.20% 	7.27% 					
2016年 	江苏盛吉化工有限公司 	3,340.67 	8.59% 	5.58% 					
2016年 	宿迁虹光化学工业有限公司 	2,386.05 	6.13% 	3.98% 					
2016年 	合计 	20,747.29 	53.33% 	34.65% 					
2015年 	浙江亿得化工有限公司 	9,245.38 	23.84% 	15.44% 					
2015年 	嘉兴悦染化工有限公司 	5,120.49 	13.20% 	8.55% 					
2015年 	泰兴锦云染料有限公司 	4,014.97 	10.35% 	6.71% 					
2015年 	台州市前进化工有限公司 	3,034.72 	7.83% 	5.07% 					
2015年 	杭州下沙恒升化工有限公司 	1,680.85 	4.33% 	2.81% 					
2015年 	合计 	23,096.41 	59.56% 	38.57% 					
									
公司名称 	浙江亿得化工有限公司 	浙江亿得化工有限公司 							
企业类型 	有限责任公司(自然人投资或控股) 	有限责任公司(自然人投资或控股) 							
法定代表人 	孟胜锋 	孟胜锋 							
注册资本 	5,000.00 万人民币 	5,000.00 万人民币 							
成立日期 	2001 年 06 月 21 日 	2001 年 06 月 21 日 							
住所 	杭州湾上虞经济技术开发区 	杭州湾上虞经济技术开发区 							
股权结构 	股东名称 	股权比例 							
股权结构 	蒋志平 	80.00% 							
股权结构 	杨厉锋 	10.00% 							
股权结构 	景根法 	10.00% 							
股权结构 	合计 	100.00% 							
经营范围 	丝绸羊毛用活性染料（凭环评意见，不含危险化学品）生产、销售、研发、技术转让、技术咨询服务；其他化工产品（除危险化学品和易制毒品外）销售；进出口贸易（国家法律、法规禁止除外，限制项目取得许可证方可经营）。 	丝绸羊毛用活性染料（凭环评意见，不含危险化学品）生产、销售、研发、技术转让、技术咨询服务；其他化工产品（除危险化学品和易制毒品外）销售；进出口贸易（国家法律、法规禁止除外，限制项目取得许可证方可经营）。 							
									
公司名称 	杭州福莱蒽特精细化工有限公司 	杭州福莱蒽特精细化工有限公司 							
企业类型 	有限责任公司(自然人投资或控股) 	有限责任公司(自然人投资或控股) 							
法定代表人 	李百春 	李百春 							
注册资本 	4,000.00 万人民币 	4,000.00 万人民币 							
成立日期 	1998 年 07 月 24 日 	1998 年 07 月 24 日 							
住所 	萧山区临江工业园区经五路 1919 号 	萧山区临江工业园区经五路 1919 号 							
股权结构 	股东名称 	股权比例 							
股权结构 	李百春 	- 							
股权结构 	宁波梅山保税港区百灵资产管理合伙企业（有限合伙） 	- 							
股权结构 	杭州维雨投资管理合伙企业（有限合伙） 	- 							
股权结构 	李春卫 	- 							
股权结构 	合计 	100.00% 							
									
经营范围 	生产：染料及配套中间体、助剂、硫酸钠；化工产品技术开发、技术转让、技术咨询服务及销售（化学危险品凭许可证经营）；上述产品的原辅材料、机械设备、仪器仪表及零部件、包装制品的销售；本企业自产的各类染料及配套中间体、助剂、硫酸钠的出口及本企业生产、科研所需的原辅材料、机械设备、仪器仪表、零部件的进口（国家限定企业经营或禁止进出口的商品和技术除外）（以公司登记机关核准的经营范围为准（依法须经批准的项目，经相关部门批准后方可开展经营活动） 								
									
公司名称 	泰兴锦云染料有限公司 	泰兴锦云染料有限公司 							
企业类型 	有限责任公司（非自然人投资或控股的法人独资） 	有限责任公司（非自然人投资或控股的法人独资） 							
法定代表人 	赵卫国 	赵卫国 							
注册资本 	955.55 万人民币 	955.55 万人民币 							
成立日期 	2003 年 11 月 05 日 	2003 年 11 月 05 日 							
住所 	江苏省泰兴经济开发区新港路 10 号 	江苏省泰兴经济开发区新港路 10 号 							
股权结构 	股东名称 	股权比例 							
股权结构 	江苏锦鸡实业股份有限公司 	100.00% 							
股权结构 	合计 	100.00% 							
经营范围 	染料（不含危险化学品）的研发、生产、销售。（依法须经批准的项目，经相关部门批准后方可开展经营活动） 	染料（不含危险化学品）的研发、生产、销售。（依法须经批准的项目，经相关部门批准后方可开展经营活动） 							
									
公司名称 	杭州下沙恒升化工有限公司 	杭州下沙恒升化工有限公司 							
企业类型 	有限责任公司(中外合资) 	有限责任公司(中外合资) 							
法定代表人 	周雨颂 	周雨颂 							
注册资本 	681.84 万美元 	681.84 万美元 							
成立日期 	1995 年 12 月 13 日 	1995 年 12 月 13 日 							
住所 	杭州经济技术开发区白杨街道经四支路 169 号 	杭州经济技术开发区白杨街道经四支路 169 号 							
股权结构 	股东名称 	股权比例 							
股权结构 	章筱江 	- 							
股权结构 	周雨颂 	- 							
股权结构 	苏州恒立化工技术咨询有限公司 	- 							
股权结构 	周宇汀 	- 							
股权结构 	周宇婕 	- 							
股权结构 	周宇玮 	- 							
股权结构 	杭州云舒云卷商务信息咨询有限公司 	- 							
股权结构 	合计 	100.00% 							
									
经营范围 	分装：酸性染料商品化产品（除化学危险品及易制毒化学品）；从事染料及化工中间体（以上除化学危险品及易制毒化学品）、食品添加剂、饲料添加剂的批发及进出口业务（以上商品进出口不涉及国营贸易、进出口配额许可证、出口配额招标、出口许可证等专项管理的商品）；染料技术研发、咨询、转让。 								
									
公司名称 	嘉兴悦染化工有限公司 	嘉兴悦染化工有限公司 							
企业类型 	有限责任公司(自然人投资或控股) 	有限责任公司(自然人投资或控股) 							
法定代表人 	颜晓明 	颜晓明 							
注册资本 	50.00 万人民币 	50.00 万人民币 							
成立日期 	2009 年 08 月 06 日 	2009 年 08 月 06 日 							
住所 	嘉兴市南湖区大桥镇步云花园路 43 号办公楼一楼 101 室 	嘉兴市南湖区大桥镇步云花园路 43 号办公楼一楼 101 室 							
股权结构 	股东名称 	股权比例 							
股权结构 	颜晓明 	90.00% 							
股权结构 	陆海波 	10.00% 							
股权结构 	合计 	100.00% 							
经营范围 	化工产品、染料、染料中间体、化工原料（以上范围不含危险化学品及易制毒化学品）、办公用品、日用百货、服装、鞋帽的销售；化工产品研发、技术服务。 	化工产品、染料、染料中间体、化工原料（以上范围不含危险化学品及易制毒化学品）、办公用品、日用百货、服装、鞋帽的销售；化工产品研发、技术服务。 							
									
公司名称 	嘉兴海丹染料化工有限公司 	嘉兴海丹染料化工有限公司 							
企业类型 	有限责任公司(自然人投资或控股) 	有限责任公司(自然人投资或控股) 							
法定代表人 	盛游 	盛游 							
注册资本 	500.00 万人民币 	500.00 万人民币 							
成立日期 	2008 年 11 月 20 日 	2008 年 11 月 20 日 							
住所 	浙江省嘉兴市南湖区大桥镇步云花园路 43 号 	浙江省嘉兴市南湖区大桥镇步云花园路 43 号 							
股权结构 	股东名称 	股权比例 							
股权结构 	盛游 	40.00% 							
股权结构 	屠丽君 	10.00% 							
股权结构 	熊为民 	10.00% 							
股权结构 	浙江海宏化工科技有限公司 	40.00% 							
股权结构 	合计 	100.00% 							
经营范围 	活性藏青 KN-6G、活性红 180、活性橙 5R、海丹菲克斯橙 ED-2R、海丹菲克斯金黄 PT-2R、海丹菲克斯橙 PT-4R、海丹菲克斯黄 CL-2G、海丹菲克斯橙 CL-2R、海丹菲克斯红 PT-2B、活性红 BG、海丹菲克斯红 3BS、海丹菲克斯黄 3RS、拼混活性染料、分散剂的生产销售；化工产品（不含危险品）的销售。 	活性藏青 KN-6G、活性红 180、活性橙 5R、海丹菲克斯橙 ED-2R、海丹菲克斯金黄 PT-2R、海丹菲克斯橙 PT-4R、海丹菲克斯黄 CL-2G、海丹菲克斯橙 CL-2R、海丹菲克斯红 PT-2B、活性红 BG、海丹菲克斯红 3BS、海丹菲克斯黄 3RS、拼混活性染料、分散剂的生产销售；化工产品（不含危险品）的销售。 							
公司名称 	江苏盛吉化工有限公司 	江苏盛吉化工有限公司 							
企业类型 	有限责任公司(自然人投资或控股) 	有限责任公司(自然人投资或控股) 							
法定代表人 	陈志鑫 	陈志鑫 							
注册资本 	15,000.00 万人民币 	15,000.00 万人民币 							
成立日期 	2010 年 06 月 25 日 	2010 年 06 月 25 日 							
住所 	连云港市灌云县临港产业区纬三路 10 号 	连云港市灌云县临港产业区纬三路 10 号 							
股权结构 	股东名称 	股权比例 							
股权结构 	浙江亿得化工有限公司 	99.00% 							
股权结构 	蒋志平 	1.00% 							
股权结构 	合计 	100.00% 							
经营范围 	化工产品生产（染料及染料中间体、硫酸镁、硫酸钠、硫酸铵、二氧化硅）；化工产品销售（危险化学品除外）；自营或代理各类商品和技术的进出口业务，但国家限定企业经营或禁止进出口的商品和技术除外。（依法须经批准的项目，经相关部门批准后方可开展经营活动） 	化工产品生产（染料及染料中间体、硫酸镁、硫酸钠、硫酸铵、二氧化硅）；化工产品销售（危险化学品除外）；自营或代理各类商品和技术的进出口业务，但国家限定企业经营或禁止进出口的商品和技术除外。（依法须经批准的项目，经相关部门批准后方可开展经营活动） 							
									
公司名称 	宿迁虹光化学工业有限公司 	宿迁虹光化学工业有限公司 							
企业类型 	有限责任公司(外国法人独资) 	有限责任公司(外国法人独资) 							
法定代表人 	蔡万发 	蔡万发 							
注册资本 	1,250.00 万美元 	1,250.00 万美元 							
成立日期 	2007 年 09 月 13 日 	2007 年 09 月 13 日 							
住所 	江苏省宿迁生态化工科技产业园工业园区经六路一号 	江苏省宿迁生态化工科技产业园工业园区经六路一号 							
股权结构 	股东名称 	股权比例 							
股权结构 	晖煌环球国际有限公司 	100.00% 							
股权结构 	合计 	100.00% 							
经营范围 	生产、加工纺织染料、皮革染料，销售本公司所生产产品；销售染料；销售染料中间体、助剂（仅限销售下列化学品：2-氨基-1-5 苯双磺酸、1-氨基-8 氢氧基 3-6 萘双磺酸、2-氨基-1-5 萘双磺酸、2-氨基-4-8 萘双磺酸、2-氨基-8-氢氧基 6-萘磺酸、2-氨基-3,6,8 萘三磺酸）。（经营范围中凡涉及国家限制类和禁止类项目除外）（依法须经批准的项目，经相关部门批准后方可开展经营活动） 	生产、加工纺织染料、皮革染料，销售本公司所生产产品；销售染料；销售染料中间体、助剂（仅限销售下列化学品：2-氨基-1-5 苯双磺酸、1-氨基-8 氢氧基 3-6 萘双磺酸、2-氨基-1-5 萘双磺酸、2-氨基-4-8 萘双磺酸、2-氨基-8-氢氧基 6-萘磺酸、2-氨基-3,6,8 萘三磺酸）。（经营范围中凡涉及国家限制类和禁止类项目除外）（依法须经批准的项目，经相关部门批准后方可开展经营活动） 							
成立日期 	2002 年 02 月 28 日 	2002 年 02 月 28 日 							
住所 	台州市椒江区海门岩头 	台州市椒江区海门岩头 							
股权结构 	股东名称 	股权比例 							
股权结构 	浙江海翔药业股份有限公司 	100.00% 							
股权结构 	合计 	100.00% 							
经营范围 	染料、染料中间体、溴盐制造、销售（以上不含前置许可项目及国家禁止、限制、淘汰的项目）；货物及技术进出口（国家法律、法规禁止或限制经营的项目除外）。 	染料、染料中间体、溴盐制造、销售（以上不含前置许可项目及国家禁止、限制、淘汰的项目）；货物及技术进出口（国家法律、法规禁止或限制经营的项目除外）。 							
									
公司名称 	台州市前进化工有限公司 								
企业类型 	有限责任公司(自然人投资或控股) 								
法定代表人 	郑小华 								
注册资本 	30,400.00 万人民币 								
									
公司名称 	湖北丽源科技股份有限公司 	湖北丽源科技股份有限公司 							
企业类型 	其他股份有限公司(非上市) 	其他股份有限公司(非上市) 							
法定代表人 	刘卫斌 	刘卫斌 							
注册资本 	9949.41 万人民币 	9949.41 万人民币 							
成立日期 	2008 年 11 月 17 日 	2008 年 11 月 17 日 							
住所 	湖北省松滋市陈店镇丽源大道一号 	湖北省松滋市陈店镇丽源大道一号 							
股权结构 	股东名称 	股权比例 							
股权结构 	刘卫斌 	- 							
股权结构 	刘子轩 	- 							
股权结构 	武汉子行投资中心（有限合伙） 	- 							
股权结构 	武汉子轩投资中心（有限合伙） 	- 							
股权结构 	合计 	100.00% 							
经营范围 	生产、销售染料、中间体及助剂产品。（危化物品除外，国家有专项审批规定的，未取得相关审批文件不得经营，2011 年 5 月 16 日之前为外商独资企业）#（涉及许可经营项目，应取得相关部门许可后方可经营） 	生产、销售染料、中间体及助剂产品。（危化物品除外，国家有专项审批规定的，未取得相关审批文件不得经营，2011 年 5 月 16 日之前为外商独资企业）#（涉及许可经营项目，应取得相关部门许可后方可经营） 							
									
项目 	2017 年度 	2016 年度 	2015 年度 						
“三废”排放、处理费用 	52.08 	39.83 	11.03 						
环保工程及设施费用 	225.37 	276.68 	22.02 						
其他环保费用 	88.88 	83.54 	94.00 						
合计 	366.33 	400.05 	127.55 						
									
序号 	建设主体 	建设项目 	环评报告 	审批单位 	环评批复 	环评验收 			
1 	发行人 	上海市雅运纺织化工股份有限公司技术中心项目 	由上海市环境保护科技咨询服务中心编制《上海市雅运纺织化工股份有限公司技术中心项目环境影响报告书》 	上海市嘉定区环境保护局 	沪 114 环保许管[2011]1498 号 	沪 114 环保许管[2012]1137 号 			
2 	科法曼 	科法曼化学有限公司年产18600 吨纺织助剂用化学品建设项目 	由苏州高新区苏新环境科研技术中心编制《苏州科法曼化学有限公司年产 18600 吨纺织助剂用化学品环境影响报告书》 	苏州市环境保护局 	苏环建 [2010]40 号 	苏环验[2012]103号 			
3 	美保林 	美保林色彩工业（天津）有限公司 4000 吨/年活性染料项目 	由天津市环境影响评价中心编制《美保林色彩工业(天津)有限公司4000 吨/年活性染料项目环境影响报告书》 	天津市环境保护局 	津环保管函[2003]144 号 	津环保许可验[2006]063 号 			
4 	美保林 	美保林色彩工业（天津）有限公司锅炉煤改燃项目 	由世纪鑫海（天津）环境科技有限公司编制《美保林色彩工业（天津）有限公司锅炉煤改燃项目建设项目环境影响报告表》 	天津市东丽区行政审批局 	津丽审批环[2016]112 号 	津丽审批环验[2017]1 号 			
									
项目 	原值 	累计折旧 	净值 						
房屋及建筑物 	8,674.69 	3,475.59 	5,199.10 						
电子设备 	1,033.93 	838.34 	195.59 						
机器设备 	5,110.76 	3,794.94 	1,315.82 						
运输设备 	1,559.63 	957.74 	601.89 						
通用设备 	2,941.15 	2,566.64 	374.51 						
合计 	19,320.16 	11,633.25 	7,686.90 						
									
设备名称 	数量 	原值 	净值 	成新率 					
卧式不锈钢混合机(12 立方) 	4 	96.41 	78.86 	81.79% 					
燃气热风炉余热回收装置 	1 	92.31 	81.92 	88.75% 					
膜浓缩设备 	1 	43.79 	28.69 	65.50% 					
蒸发式冷凝器二台 VC1-90 	1 	30.77 	29.15 	94.75% 					
23 立方卧式混合机 	1 	26.50 	19.99 	75.46% 					
23 立方不锈钢混合机 	1 	26.50 	20.83 	78.62% 					
厢式自动隔膜压滤机及普通厢式压滤机 	1 	25.64 	15.83 	61.75% 					
膜 	1 	25.01 	16.53 	66.09% 					
卧式螺带混合机 	1 	24.79 	14.98 	60.42% 					
膜浓缩设备 	1 	23.95 	15.69 	65.50% 					
锅炉 	1 	22.36 	19.99 	89.42% 					
干法辊压造粒机组 SG-240D 	1 	20.51 	17.59 	85.75% 					
									
序号 	权利人 	权证号 	坐落位置 	设计/规划用途 	建筑面积（平方米） 				
1 	太仓宝霓 	太房权证浮桥字 第 0600009480 号 	太仓港港口开发区石化区滨洲路 11 号 1 幢 	非居住 	1,867.37 				
2 	太仓宝霓 	太房权证浮桥字 第 0600009481 号 	太仓港港口开发区石化区滨洲路 11 号 2 幢 	非居住 	1,867.37 				
3 	太仓宝霓 	太房权证浮桥字 第 0600009482 号 	太仓港港口开发区石化区滨洲路 11 号 3 幢 	非居住 	1,867.37 				
4 	太仓宝霓 	太房权证浮桥字 第 0600009483 号 	太仓港港口开发区石化区滨洲路 11 号 4 幢 	非居住 	1,867.37 				
5 	科法曼 	太房权证太仓字 第 0100145438 号 	太仓港港口开发区滨海路 16 号 1 幢 	非居住 	976.17 				
6 	科法曼 	太房权证太仓字 第 0100145669 号 	太仓港港口开发区滨海路 16 号 2 幢 	非居住 	1,083.39 				
7 	科法曼 	太房权证浮桥字 第 0600010119 号 	太仓港港口开发区滨海路 16 号 3 幢 	厂房 	74.16 				
8 	科法曼 	太房权证浮桥字 第 0600010120 号 	太仓港港口开发区滨海路 16 号 4 幢 	厂房 	5,162.77 				
9 	科法曼 	太房权证浮桥字 第 0600010121 号 	太仓港港口开发区滨海路 16 号 5 幢 	厂房 	11,593.46 				
10 	科法曼 	太房权证浮桥字 第 0600010122 号 	太仓港港口开发区滨海路 16 号 6 幢 	厂房 	443.86 				
11 	科法曼 	太房权证浮桥字 第 0600010123 号 	太仓港港口开发区滨海路 16 号 7 幢 	厂房 	278.98 				
12 	科法曼 	太房权证浮桥字 第 0600010124 号 	太仓港港口开发区滨海路 16 号 8 幢 	住宅 	13.08 				
13 	美保林 	津字第110030804903 号 	东丽区开发区七经路 9号 	13,312.85平方米为非	13,668.10 				
									
出租方 	承租方 	租赁地址 	土地性质 	是否取得产权证书 	租赁期限 	租赁用途 	租赁面积 （㎡） 	租金 （㎡/日） 	
超科 化学 	雅运股份 	嘉定区江桥镇宝园五路 301号的 1 号楼、2号楼和 3 号楼 	集体土地 	是 	2018 年 1 月 1日至 2018 年5 月 31 日 	办公 	2,392.61 	1.30 元 	
超科 化学 	雅运股份 	嘉定区江桥镇宝园五路 301号的 1 号楼、2号楼和 3 号楼 	集体土地 	是 	2018 年 1 月 1日至 2018 年5 月 31 日 	技术中心 	5,133.60 	1.00 元 	
立晖 实业 	雅运股份 	石狮市石湖路立 晖 创 业 园7#8 层、办公室及 18#106-107店面 	国有出让 	是 	2018 年 1 月 1日至 2018 年12 月 31 日 	办公 	61.10 	0.83 元 	
立晖 实业 	雅运股份 	石狮市石湖路立 晖 创 业 园7#8 层、办公室及 18#106-107店面 	国有出让 	是 	2018 年 1 月 1日至 2018 年12 月 31 日 	仓储 	256.00 	0.50 元 	
太 仓 宇轮 自 行车 有 限公司 	雅运股份 	太仓市浏家港兴港路 6 号 	国有出让 	是 	2017 年 8 月16 日至 2020年 8 月 15 日 	仓储 	2,356.00 	0.74 元 	
德石 建材 	雅运股份 	上海市嘉定区金园六路 388号 	集体土地 	是 	2018 年 4 月 1日至 2022 年3 月 31 日 	办公/技术 中心 	4,994.04 	第 1 年 1.51元、第 2 及3 年 1.65元、第 4 年1.78 元 	
德石 建材 	雅运股份 	上海市嘉定区金园六路 388号 	集体土地 	是 	2018 年 4 月 1日至 2022 年3 月 31 日 	公共场地 	981.96 	第 1 年 1.51元、第 2 及3 年 1.65元、第 4 年1.78 元 	
									
项目 	原值 	累计摊销 	净值 						
商标权 	132.08 	60.87 	71.21 						
土地使用权 	3,624.93 	677.19 	2,947.74 						
软件 	251.71 	182.08 	69.62 						
其他 	45.26 	12.62 	32.64 						
合计 	4,053.97 	932.76 	3,121.21 						
									
权利人 	证书号 	地址 	使用权面积 （平方米） 	使用权终止期限 	用途 				
太仓宝霓 	太国用（2011）第 505010681 号 	太仓港港口开发区石化区滨洲路 11 号 	30,195.60 	2052 年 11 月 18日 	工业 				
科法曼 	太国用（2003）第 05041018 号 	太仓港区滨海路东、朝阳河西、运通公司北 	19,076.00 	2053 年 6 月 29 日 	工业 				
美保林 	津字第110030804903号 	东丽区开发区七经路 9 号 	28,000.80 	2053 年 4 月 28 日 	工业 				
									
序号 	商标权人 	商标注册证号 	商标名称 	商品 类别 	注册有效 期限 	核定使用 商品范围 			
1 	公司 	第 7630512号 	 	第 25 类 	2014 年 3 月 14日至 2024 年 3 月13 日 	服装 			
2 	公司 	第 9404741号 	 	第 16 类 	2012 年 5 月 21日至 2022 年 5 月20 日 	印刷纸（包括胶版纸、新闻纸、书刊用纸、证券纸、凹版纸、凸版纸）；纸；卫生纸；纸巾；制衣型板；绘图复制品；印刷出版物；图画；包装用粘胶纤维纸；文具 			
3 	公司 	第 9404740号 	 	第 35 类 	2012 年 5 月 21日至 2022 年 5 月20 日 	广告；货物展出；为零售目的在通讯媒体上展示商品；样品散发；外购服务（商业辅助）；组织商业或广告交易会；羊毛评估；为广告或销售组织时装展览；进出口代理；替他人采购（替其他企业购买商品或服务） 			
4 	公司 	第 9404739号 	 	第 42 类 	2012 年 5 月 21日至 2022 年 5 月20 日 	技术研究；节能领域的咨询；科研项目研究；质量检测；研究与开发（替他人）；化学服务；材料测试；纺织品测试；包装设计；服装设计 			
5 	公司 	第 1708208号 	 	第 2 类 	2012 年 2 月 7 日至 2022 年 2 月 6日 	染料，媒染剂，颜料，复印机用墨（调色剂），印刷油墨，防腐剂 			
6 	公司 	第 1680857号 	 	第 2 类 	2011 年 12 月 14日至 2021 年 12月 13 日 	染料，媒染剂，颜料，复印机用墨（调色剂），印刷油墨，防腐剂 			
7 	公司 	第 1680880号 	 	第 2 类 	2011 年 12 月 14日至 2021 年 12月 13 日 	染料，媒染剂，颜料，复印机用墨（调色剂），印刷油墨，防腐剂 			
8 	公司 	第 1680881号 	 	第 2 类 	2011 年 12 月 14日至 2021 年 12月 13 日 	染料，媒染剂，颜料，复印机用墨（调色剂），印刷油墨，防腐剂 			
9 	公司 	第 1680882号 	 	第 2 类 	2011 年 12 月 14日至 2021 年 12月 13 日 	染料，媒染剂，颜料，复印机用墨（调色剂），印刷油墨，防腐剂 			
10 	公司 	第 7517650号 	 	第 2 类 	2011 年 1 月 7 日至 2021 年 1 月 6日 	皮革染色剂；染料苯胺染料；颜料；油漆 			
11 	公司 	第 1500580号 	 	第 24 类 	2011 年 1 月 7 日至 2021 年 1 月 6日 	布，织物，麻布 			
12 	公司 	第 1488281号 	 	第 2 类 	2010 年 12 月 14日至 2020 年 12月 13 日 	染料，媒染剂，颜料，复印机用墨，印刷油墨，防腐剂 			
13 	公司 	第 1488282号 	 	第 2 类 	2010 年 12 月 14日至 2020 年 12月 13 日 	染料，媒染剂，颜料，复印机用墨，印刷油墨，防腐剂 			
14 	公司 	第 1488283号 	 	第 2 类 	2010 年 12 月 14日至 2020 年 12月 13 日 	染料，媒染剂，颜料，复印机用墨，印刷油墨，防腐剂 			
15 	公司 	第 1488284号 	 	第 2 类 	2010 年 12 月 14日至 2020 年 12月 13 日 	染料，媒染剂，颜料，复印机用墨，印刷油墨，防腐剂 			
16 	公司 	第 7630515号 	 	第 1 类 	2010 年 11 月 21日至 2020 年 11月 20 日 	染料助剂；纺织品防水化学品；增白剂；固色剂；工业用酶制剂；工业用酶；柔软剂；化学试剂（非医用或兽医用） 			
17 	公司 	第 7630514号 	 	第 2 类 	2010 年 11 月 21日至 2020 年 11月 20 日 	媒染剂；颜料；复印机用墨（调色剂）；印刷油墨 			
18 	公司 	第 7630513号 	 	第 24 类 	2010 年 11 月 21日至 2020 年 11月 20 日 	非编制纺织品；布；织物；麻布 			
19 	公司 	第 6535348号 	 	第 1 类 	2010 年 3 月 28日至 2020 年 3 月27 日 	纺织品浸渍化学品；印染用渗透剂；纺织工业用润湿剂；纺织工业用漂洗剂 			
20 	公司 	第 6535349号 	 	第 1 类 	2010 年 3 月 28日至 2020 年 3 月27 日 	增白剂 			
21 	公司 	第 6535350号 	 	第 1 类 	2010 年 3 月 28日至 2020 年 3 月27 日 	固色剂；染料助剂 			
22 	公司 	第 6535351号 	 	第 1 类 	2010 年 3 月 28日至 2020 年 3 月27 日 	印染用净洗剂；染料助剂 			
23 	公司 	第 6535352号 	 	第 1 类 	2010 年 3 月 28日至 2020 年 3 月27 日 	印染用整理剂；防皱剂；纺织品防水化学品 			
24 	公司 	第 6535353号 	 	第 1 类 	2010 年 3 月 28日至 2020 年 3 月27 日 	纺织品浸渍化学品；印染用渗透剂；纺织工业用润湿剂；纺织工业用漂洗剂 			
25 	公司 	第 6535354号 	 	第 1 类 	2010 年 3 月 28日至 2020 年 3 月27 日 	增白剂 			
26 	公司 	第 6535355号 	 	第 1 类 	2010 年 3 月 28日至 2020 年 3 月27 日 	印染用净洗剂；染料助剂 			
27 	公司 	第 6535356号 	 	第 1 类 	2010 年 3 月 28日至 2020 年 3 月27 日 	印染用整理剂；防皱剂；纺织品防水化学品 			
28 	雅运助剂 	第 3181667号 	 	第 2 类 	2013 年 9 月 21日至 2023 年 9 月20 日 	染料；媒染剂；颜料；复印机用墨（调色剂）；印刷油墨；防腐剂 			
29 	雅运助剂 	第 3181669号 	 	第 2 类 	2013 年 9 月 21日至 2023 年 9 月20 日 	染料；媒染剂；颜料；复印机用墨（调色剂）；印刷油墨；防腐剂 			
30 	雅运助剂 	第 3033004号 	 	第 1 类 	2013 年 3 月 28日至 2023 年 3 月27 日 	印染用海藻酸钠；染料助剂 			
31 	雅运助剂 	第 1680166号 	 	第 1 类 	2011 年 12 月 14日至 2021 年 12月 13 日 	纺织品浸渍化学品，染料助剂，纺织品上光化学品，印染用整理剂 			
32 	雅运助剂 	第 1616075号 	 	第 1 类 	2011 年 8 月 14日至 2021 年 8 月13 日 	纺织品浸渍化学品，染料助剂，纺织品上光化学品，印染用整理剂 			
33 	雅运助剂 	第 1496093号 	 	第 1 类 	2010 年 12 月 28日至 2020 年 12月 27 日 	纺织品浸渍化学品，染料助剂，纺织品上光化学品，印染用整理剂 			
34 	雅运助剂 	第 1496094号 	 	第 1 类 	2010 年 12 月 28日至 2020 年 12月 27 日 	纺织品浸渍化学品；染料助剂；纺织品上光化学品；印染用整理剂 			
35 	雅运助剂 	第 6715442号 	 	第 1 类 	2010 年 5 月 14日至 2020 年 5 月13 日 	纺纱抗静电剂 			
36 	雅运助剂 	第 6715443号 	 	第 1 类 	2010 年 5 月 14日至 2020 年 5 月13 日 	纺纱纤维润滑剂 			
37 	雅运助剂 	第 6715444号 	 	第 1 类 	2010 年 5 月 14日至 2020 年 5 月13 日 	染料助剂 			
38 	雅运助剂 	第 4446778号 	 	第 1 类 	2008 年 4 月 7 日至 2018 年 4 月 6日 	纤维素；工业用化学品；化学防腐剂；工业用面粉；工业用土豆粉；纸用化学增强剂；染料助剂；固色剂；印染用海藻酸钠；印染用整理剂 			
39 	华德化工 	第 16768646号 	 	第 2 类 	2016 年 6 月 14日至 2026 年 6 月13 日 	媒染剂；染料；颜料；食用色素；印刷油墨；复印机用墨（调色剂）；涂料（油漆）；漆；防腐蚀剂；天然树脂（原料） 			
40 	科法曼 	第 22066480号 	 	第 2 类 	2018 年 1 月 14日至 2028 年 1 月13 日 	染料；染色剂；着色剂；颜料；防腐蚀剂；媒染剂；印刷油墨；复印机用墨（调色剂） 			
41 	科法曼 	第 22066479号 	 	第 2 类 	2018 年 1 月 14日至 2028 年 1 月13 日 	染料；染色剂；着色剂；颜料；防腐蚀剂；媒染剂；印刷油墨；复印机用墨（调色剂） 			
42 	科法曼 	第 22066475号 	 	第 2 类 	2018 年 1 月 14日至 2028 年 1 月13 日 	染料；染色剂；着色剂；颜料；防腐蚀剂；媒染剂；印刷油墨；复印机用墨（调色剂） 			
43 	科法曼 	第 22066473号 	 	第 2 类 	2018 年 1 月 14日至 2028 年 1 月13 日 	颜料；防腐蚀剂；媒染剂；着色剂；印刷油墨；复印机用墨（调色剂）；染料；染色剂 			
44 	科法曼 	第 22066478号 	 	第 2 类 	2018 年 1 月 14日至 2028 年 1 月13 日 	染料；染色剂；着色剂；颜料；防腐蚀剂；媒染剂；印刷油墨；复印机用墨（调色剂） 			
45 	科法曼 	第 22066477号 	 	第 2 类 	2018 年 1 月 14日至 2028 年 1 月13 日 	染料；染色剂；着色剂；颜料；防腐蚀剂；媒染剂；印刷油墨；复印机用墨（调色剂） 			
46 	科法曼 	第 22066476号 	 	第 2 类 	2018 年 1 月 14日至 2028 年 1 月13 日 	染料；染色剂；着色剂；颜料；防腐蚀剂；媒染剂；印刷油墨；复印机用墨（调色剂） 			
47 	科法曼 	第 22066474号 	 	第 2 类 	2018 年 1 月 14日至 2028 年 1 月13 日 	颜料；防腐蚀剂；媒染剂；印刷油墨；复印机用墨（调色剂）；染料；染色剂；着色剂 			
									
序号 	专利权人 	专利名称 	专利号 	专利 类型 	申请日 				
1 	公司 	黄色活性染料组合物及其在纤维上的染色应用和方法 	ZL201610888562.3 	发明 	2016 年 10 月12 日 				
2 	公司 	水溶性染料组合物及其染色应用 	ZL201510982746.1 	发明 	2015 年 12 月24 日 				
3 	公司 	一种偶氮基 1：2 金属络合染料组合物及其染色应用 	ZL201410409169.2 	发明 	2014 年 8 月19 日 				
4 	公司 	藏青色酸性染料组合物及其染色应用 	ZL201410014088.2 	发明 	2014 年 1 月13 日 				
5 	公司 	预测纺织品染色配方的方法 	ZL201310641594.X 	发明 	2013 年 12 月3 日 				
6 	公司 	红色活性染料组合物及其在纤维上的染色应用 	ZL201310582491.0 	发明 	2013 年 11 月19 日 				
7 	公司 	蓝色活性染料组合物及其在纤维上的染色应用 	ZL201310535960.3 	发明 	2013 年 11 月1 日 				
8 	公司 	黄色酸性染料组合物及其染色应用 	ZL201310221877.9 	发明 	2013 年 6 月 5日 				
9 	公司 	一浴一步法染色的染料组合物及其染色方法 	ZL201310024089.0 	发明 	2013 年 1 月22 日 				
10 	公司 	蒽醌型蓝色染料组合物及其在纤维上的染色应用 	ZL201210279276.9 	发明 	2012 年 8 月 7日 				
11 	公司 	红色活性染料化合物及其合成方法和染色应用 	ZL201210240507.5 	发明 	2012 年 7 月12 日 				
12 	公司 	红色 1:2 铬络合酸性染料组合物及其合成与染色应用 	ZL201210080932.2 	发明 	2012 年 3 月23 日 				
13 	公司 	蒽醌型蓝色酸性染料组合物及其在纤维上的染色应用 	ZL201210017595.2 	发明 	2012 年 1 月19 日 				
14 	公司 	蒽醌型蓝色酸性染料组合物及其在纤维上的染色应用 	ZL201210017731.8 	发明 	2012 年 1 月19 日 				
15 	公司 	蒽醌型蓝色酸性染料化合物的合成及其染色应用 	ZL201210017583.X 	发明 	2012 年 1 月19 日 				
16 	公司 	蓝色染料组合物及其在纤维上的染色应用 	ZL201110309648.3 	发明 	2011 年 10 月13 日 				
17 	公司 	三原色活性染料组合物及其在纤维上的染色应用 	ZL201110264344.X 	发明 	2011 年 9 月 7日 				
18 	公司 	三原色活性染料组合物及其在纤维上的染色应用 	ZL201110264289.4 	发明 	2011 年 9 月 7日 				
19 	公司 	三原色活性染料组合物及其在纤维上的染色应用 	ZL201110264330.8 	发明 	2011 年 9 月 7日 				
20 	公司 	黄色偶氮基金属络合染料组合物及其制备方法和应用 	ZL201110137919.1 	发明 	2011 年 5 月25 日 				
21 	公司 	红色活性染料组合物及其在纤维上的染色应用 	ZL201110105159.6 	发明 	2011 年 4 月26 日 				
22 	公司 	藏青色活性染料组合物及其在纤维上的染色应用 	ZL201110007199.7 	发明 	2011 年 1 月14 日 				
23 	公司 	藏青色活性染料组合物及其在纤维上的染色应用 	ZL201010571175.X 	发明 	2010 年 12 月3 日 				
24 	公司 	黄色活性染料组合物及其在纤维上的染色应用 	ZL201010524268.7 	发明 	2010 年 10 月28 日 				
25 	公司 	黄色活性染料化合物及其应用 	ZL201010524279.5 	发明 	2010 年 10 月28 日 				
26 	公司 	藏青色活性染料组合物及其在纤维上的染色应用 	ZL201010212149.8 	发明 	2010 年 6 月25 日 				
27 	公司 	藏青色活性染料组合物及其在纤维上的染色应用 	ZL201010212146.4 	发明 	2010 年 6 月25 日 				
28 	公司 	黄色活性染料组合物及其在纤维上的染色应用 	ZL201010136853.X 	发明 	2010 年 3 月31 日 				
29 	公司 	深蓝色活性染料组合物及其在纤维上的染色应用 	ZL200910247502.3 	发明 	2009 年 12 月30 日 				
30 	公司 	藏青色活性染料组合物及其在纤维上的染色应用 	ZL200910247504.2 	发明 	2009 年 12 月30 日 				
31 	公司 	蓝色活性染料组合物及其在纤维材料上的染色应用 	ZL200910247503.8 	发明 	2009 年 12 月30 日 				
32 	公司 	季铵型阳离子绿色活性染料及其染色应用 	ZL200910198821.X 	发明 	2009 年 11 月16 日 				
33 	公司 	季铵型阳离子棕色活性染料化合物及其染色应用 	ZL200910049868.X 	发明 	2009 年 4 月23 日 				
34 	公司 	红色活性染料组合物及其应用 	ZL200810040411.8 	发明 	2008 年 7 月 9日 				
35 	公司 	藏青色活性染料组合物及其染色应用 	ZL200810039663.9 	发明 	2008 年 6 月26 日 				
36 	公司 	黄色活性染料组合物及其应用 	ZL200810038458.0 	发明 	2008 年 6 月 3日 				
37 	公司 	黄色活性染料组合物及其应用 	ZL200810036973.5 	发明 	2008 年 5 月 5日 				
38 	公司 	红色活性染料组合物及其应用 	ZL200810033463.2 	发明 	2008 年 2 月 2日 				
39 	公司 	黄色活性染料组合物及其应用 	ZL200710173602.7 	发明 	2007 年 12 月28 日 				
40 	公司 	红色活性染料组合物及其应用 	ZL200710172438.8 	发明 	2007 年 12 月18 日 				
41 	公司 	棉用藏青色活性染料组合物及其染色应用 	ZL200710172310.1 	发明 	2007 年 12 月14 日 				
42 	公司 	黄色活性染料组合物及其应用 	ZL200710170660.4 	发明 	2007 年 11 月22 日 				
43 	公司 	低盐染色用的藏青色活性染料组合物及其染色应用 	ZL200710047370.0 	发明 	2007 年 10 月24 日 				
44 	公司 	藏青色活性染料组合物及其在纤维材料上的染色应用 	ZL200710044870.9 	发明 	2007 年 8 月15 日 				
45 	公司 	红色活性染料组合物及其应用 	ZL200710041831.3 	发明 	2007 年 6 月11 日 				
46 	公司 	红色活性染料组合物及其纤维材料上的染色应用 	ZL200710041830.9 	发明 	2007 年 6 月11 日 				
47 	公司 	黄色活性染料组合物及其应用 	ZL200710040429.3 	发明 	2007 年 5 月 8日 				
48 	公司 	黄色活性染料组合物及其应用 	ZL200610028717.2 	发明 	2006 年 7 月 7日 				
49 	公司 	黄色活性染料组合物及其应用 	ZL200610026574.1 	发明 	2006 年 5 月16 日 				
50 	雅运助剂 	一种醋酯纤维/聚酯纤维混纺织物的染整加工方法 	ZL201510958571.0 	发明 	2015 年 12 月18 日 				
51 	雅运助剂 	改性水性聚氨酯及其制备方法和作为湿摩擦牢度提升剂的应用 	ZL201510958573.X 	发明 	2015 年 12 月18 日 				
52 	雅运助剂 	防水整理剂及其制备方法 	ZL201310374152.3 	发明 	2013 年 8 月23 日 				
53 	雅运助剂 	一种有机硅聚合物及其合成方法 	ZL201410802726.7 	发明 	2014 年 12 月18 日 				
54 	雅运助剂 	一种复合印花糊料及其制备方法 	ZL201410766230.9 	发明 	2014 年 12 月11 日 				
55 	雅运助剂 	活性染料染色亲水固色剂的制备方法 	ZL201410654462.5 	发明 	2014 年 11 月17 日 				
56 	雅运助剂 	二羟甲基二羟基乙烯脲的改进制备方法 	ZL201310692507.3 	发明 	2013 年 12 月17 日 				
57 	雅运助剂 	氧化聚乙烯蜡微乳液组合物及其制备方法 	ZL201210536545.5 	发明 	2012 年 12 月12 日 				
58 	雅运助剂 	环保型涂料印花粘合剂及其制备方法 	ZL201210260111.7 	发明 	2012 年 7 月25 日 				
59 	雅运助剂 	水溶性良好的二磺酸荧光增白剂及其制备方法 	ZL201110445292.6 	发明 	2011 年 11 月27 日 				
60 	雅运助剂 	阻燃剂 N-羟甲基二烷基膦酸（甲基）丙酰胺的改进制备方法 	ZL201110377748.X 	发明 	2011 年 11 月24 日 				
61 	雅运助剂 	高反应性棉织物耐久阻燃剂组合物 	ZL201110377764.9 	发明 	2011 年 11 月24 日 				
62 	雅运助剂 	一种环保型织物阻燃剂及其制备方法和应用 	ZL201010273498.0 	发明 	2010 年 9 月 7日 				
63 	雅运助剂 	纺织品超拒水整理的方法 	ZL201010180559.9 	发明 	2010 年 5 月20 日 				
64 	雅运助剂 	烷基磷酸酯抗静电剂组合物 	ZL200910247338.6 	发明 	2009 年 12 月29 日 				
65 	雅运助剂 	氧化聚乙烯蜡微乳液组合物 	ZL200910054426.4 	发明 	2009 年 7 月 6日 				
66 	雅运助剂 	活性染料用无醛固色剂及其制备方法和应用 	ZL200810040134.0 	发明 	2008 年 7 月 3日 				
67 	雅运助剂 	液体荧光增白剂混合物制剂 	ZL200710042321.8 	发明 	2007 年 6 月21 日 				
68 	雅运助剂 	N-烷基邻苯二甲酰亚胺混合溶剂的制备方法 	ZL200510026284.2 	发明 	2005 年 5 月30 日 				
69 	科法曼 	蓝色染料组合物及其在纤维上的染色应用 	ZL201210271646.4 	发明 	2012 年 8 月 1日 				
70 	科法曼 	蓝色活性染料组合物及其在纤维上的染色应用 	ZL201010222853.1 	发明 	2010 年 7 月 8日 				
71 	科法曼 	藏青色活性染料组合物及其在纤维上的染色应用 	ZL201010222852.7 	发明 	2010 年 7 月 8日 				
72 	科法曼 	一种卧式混合机 	ZL201621170522.7 	实用新型 	2016 年 11 月2 日 				
73 	科法曼 	一种卧式混合机 	ZL201621170523.1 	实用新型 	2016 年 11 月2 日 				
74 	科法曼 	一种环保型粉料加料装置及其卧式混合机 	ZL201621170525.0 	实用新型 	2016 年 11 月2 日 				
75 	科法曼 	一种防堆积筛分布料器 	ZL201621170743.4 	实用新型 	2016 年 11 月2 日 				
76 	科法曼 	一种粉尘回收装置 	ZL201621173735.5 	实用新型 	2016 年 11 月2 日 				
77 	科法曼 	一种布袋除尘器的清灰装置 	ZL201621173753.3 	实用新型 	2016 年 11 月2 日 				
78 	科法曼 	一种高速真空进料装置 	ZL201621170752.3 	实用新型 	2016 年 11 月2 日 				
79 	科法曼 	黄色活性染料化合物及其合成和染色应用 	ZL201210421192.4 	发明 	2012 年 10 月29 日 				
80 	科法曼 	活性染料组合物及其在织物上的染色应用 	ZL201210421202.4 	发明 	2012 年 10 月29 日 				
81 	科法曼 	蓝色活性染料组合物及其在纤维上的染色应用 	ZL201210271626.7 	发明 	2012 年 8 月 1日 				
									
序号 	权利人 	软件名称 	登记号 	取得方式 	首发日期 				
1 	发行人 	雅运纺织染料计算机在线配色软件 V1.0 	2013SR061760 	原始取得 	2012 年 10 月 1 日 				
									
序号 	证书类型 	公司 	颁发部门 	有效期截止日 					
1 	高新技术企业证书 	发行人 	上海市科学技术委员会、上海市财政局、上海市国家税务局、上海市地方税务局 	2020 年 10 月 23 日 					
2 	高新技术企业证书 	雅运助剂 	上海市科学技术委员会、上海市财政局、上海市国家税务局、上海市地方税务局 	2020 年 10 月 23 日 					
3 	高新技术企业证书 	科法曼 	江苏省科学技术厅、江苏省财政厅、江苏省国家税务局、江苏省地方税务局 	2020 年 11月 17 日 					
4 	海关报关单位注册登记证书 	发行人 	上海海关 	长期 					
5 	海关报关单位注册登记证书 	雅运 助剂 	嘉定海关 	长期 					
6 	海关报关单位注册登记证书 	雅运进出口 	嘉定海关 	长期 					
7 	海关报关单位注册登记证书 	美保林 	天津海关 	长期 					
8 	排水许可证 	发行人 	上海市嘉定区水务局 	2021 年 10 月 30 日 					
9 	江苏省排放污染物许可证（注 1） 	科法曼 	太仓市环境保护局 	2017 年 12 月 31 日 					
11 	ISO9001:2008 质量管理体系认证 	发行人 	Intertek Certification Limited 	2018 年 5 月 19 日 					
12 	ISO9001:2015 质量管理体系认证 	雅运助剂 	Intertek Certification Limited 	2019 年 12 月 18 日 					
13 	ISO9001:2015 质量管理体系认证 	美保林 	SGS United Kingdom Ltd 	2020 年 12 月 25 日 					
14 	ISO9001:2015 质量管理体系认证 	科法曼 	上海环科环境认证有限公司 	2019 年 8 月 28 日 					
15 	ISO14001:2015 环境管理体系认证 	科法曼 	上海环科环境认证有限公司 	2019 年 9 月 28 日 					
16 	GB/T 28001-2011/OHSAS 18001:2007 职业安全管理体系认证证书 	科法曼 	上海环科环境认证有限公司 	2019 年 9 月 28 日 					
									
序号 	主要产品 	应用技术 	技术所处的阶段 						
1 	雅格素 HF 系列 	雅格素 HF 系列是一组高配伍性的含氟活性染料，产品特点：染色固色率高、适应性广泛，适应浸染、冷轧堆染色、连续染色等多种染色工艺；活性染料中达到较高的日晒牢度和耐汗光牢度，无光致变色性能 	批量生产 						
2 	雅格素 EN 系列 	雅格素 EN 系列是一组具有优秀匀染性和配伍性的活性染料，具有高固色率、高提升性、杰出的净洗性能、定型色变极小等特点，在浸染生产中有极佳的化验室到大货，大货到大货的重现性；特别针对棉织物敏感色系染色使用雅格素 EN 可以有效提高一次染成率。 	批量生产 						
3 	雅格素 XN 系列 	雅格素 XN 系列是一组高温型活性染料，优异的扩散性和移染性适用于各种浸染工艺。整套产品组合具有优异的色牢度，染色后的织物满足液氨丝光和潮铰链等特殊后整理工艺对原样色变和色牢度的要求，是高档色织衬衫面料生产企业的主要选择。 	批量生产 						
4 	雅格素 TL 系列 	雅格素 TL 系列是一组多活性基团、高反应性的活性染料，采用低盐低碱中温染色、低温快速水洗工艺。特别在深色系织物染色中固色率比普通染料高出 20-30%的有效固色率，电解质用量降低 40%，碱剂用量降低 60%；帮助印染工厂节约水电汽能耗、降低染色残液的 COD 值、降低生产成本、提高生产效率等方面具有综合性的优势。 	批量生产 						
5 	雅格素 CRF 系列 	雅格素 CRF 系列是一组高匀染性、易清洗的活性染料；是为冷轧堆染色、小浴比浸染等节能环保新设备、新工艺量身定制的高配伍性、高溶解度染料产品，在纤维素类织物上具有最佳的应用工艺稳定性和印染成品重现性。在天丝、莫代尔等高档纤维素类织物和全棉宽幅高密织物上，具有极佳的匀染性和染透性，提高了织物成品的色光饱满度和鲜亮度。 	批量生产 						
6 	雅格素 NF 系列 	雅格素 NF 系列是一组烟酸型活性染料，中性高温条件下稳定染色的特征，实现了涤棉、锦棉混纺织物的一浴法染色。涤棉、锦棉等混纺织物传统染色工艺都是两浴两步法染色，染色过程时间长、水电汽能耗高、污水排放量大、生产效率低；改用雅格素 NF 系列	批量生产 						
									
一浴法染色，可节约染色时间 30%，节省水电汽能耗约 20%，污水排放减少约 20%，有效提高印染企业生产效率和综合效益。 									
雅格欣 R 系列是一组为达到锦粘、涤锦粘织物高牢度性能而量身定制的复合型染料；品牌服装为达到极高的水洗沾色牢度和耐汗渍牢度，选用含金属络合染料染色，并进行染色后的固色处理才能达到牢度标准，但由于使用含金属络合染料和固色处理，环保测试不能符合 OEKO-TEX  100 的环保标准。使用雅格欣 R 系列环保染料，不仅能达到品牌服装对织物牢度的苛刻要求，还能符合环保标准的最新要求。 	批量生产 								
高匀染，高稳定性，使用简单、染浅至中色、适用于锦纶、锦纶超细纤维、锦/氨、锦/棉等混纺织物的染色。 	批量生产 								
染浅至中色新结构智能型酸性染料、适用于锦纶、锦纶超细纤维、锦/氨、锦/棉等混纺织物的染色。 	批量生产 								
单磺酸和双磺酸基半缩绒型酸性染料、适用于锦纶、锦纶超细纤维、羊毛、锦/氨、锦/棉等混纺织物的染色。色谱齐全，使用各项性能均衡，满足锦纶染色大部分客户常规需求。 	批量生产 								
1:2 金属络合中性染料、适用于锦纶、锦纶超细纤维、羊毛、锦/氨、锦/棉等混纺织物的染色。产品色谱广泛，尤其在产品自身环保指标控制方面处于国内领先地位，与国外染料巨头相当 	批量生产 								
染浅至中色新结构酸性染料、适用于锦纶、锦纶超细纤维、锦/氨、锦/棉等混纺织物的染色。该类型产品牢度性能极其优异，满足国际一线服装品牌等苛刻牢度要求 	批量生产 								
智能型 1:2 金属络合、适用于锦纶、锦纶超细纤维、锦/氨、锦/棉等混纺织物的染色。极其优异的匀染性能，特有的多纤维均衡性能，满足目前趋势为多纤维化的面料的染色要求。 	批量生产 								
鲜艳色、适用于锦纶、锦/氨、锦/棉等混纺织物的染色。在给予锦纶织物鲜艳颜色的同时，提供了传统染料所不能达到的牢度水准。并采用新结构，避免染料生产合成中带入对环境可能造成的重金属。是符合服装环保趋势的新型产品。该类型产品目前代表酸性染料生产研发技术的较高水准，目前只有极少数	批量生产 								
国际染料大公司有类似产品。 									
高提升力、特适用于锦纶超细合成革。锦纶超细合成革是目前合成革领域最前沿的产品，也是未来合成革行业发展的方向。 	批量生产 								
作为尼龙印花专用酸性染料，色谱齐全，适应各种要求的印花要求。 	批量生产 								
毛用活性染料，适合“机可洗”牢度要求，替代国外染料巨头同类型产品，过去该类型产品主要由 HUNTSMAN 垄断，价格较昂贵，。该系列产品在性能和品质控制上能打破这种被动局面，提升国内羊毛行业国际竞争能力。 	批量生产 								
高碱汗渍牢度，中浅色免碱洗，深色免皂洗。新型毛用活性染料，在国内羊毛染色行业有不断新的要求，雅运公司持续不断研发推出满足羊毛行业短流程，省时，省水，节能减排的新产品类型—尤纳素  IC 系列 	批量生产 								
适合“机可洗”要求，满足羊毛中至深颜色色的染色需求。色谱齐全，性价比高，给一些中高端要求的客户提供了跟多的经济型选择。 	批量生产 								
牢度高，色谱齐全。对于经济型的要求提供选项，适合散毛、毛条经济要求。 	批量生产 								
雅特隆 SW 系列高牢度分散染料具备以下特点：（1）热迁移牢度好，染料不容易从纤维内部迁移出来；（2）迁移到纤维表面的染料不再沾污面料；（3）染色浮色少且易清洗；（4）对氨纶沾色易清洗干净，对涤纶的亲和性较高，各项色牢度优秀。 	批量生产 								
采用先进的酯化工艺，根据需求有针对性提高产品性能，生产环保，安全，不产生废水。产品符合 OTEX-100 标准，。具有渗透、乳化、分散、螯合等多效性。促进印染节能、节水、降耗。本技术产品符合国家重点支持的高新技术领域。 	批量生产 								
采用高压乳化技术，结合助乳化剂，制备液粒径小于 100nm，粒径可控，分布均匀，离心稳定性、耐酸碱稳定性好氧化聚乙烯蜡的纳米乳液，对设备要求较低，无危险化学反应。所用原料和产品对环境无害。产品符合OTEX-100 标准。本技术产品符合国家重点支持的高新技术领域。 	批量生产 								
本技术特点为：①采用不同温度分阶段聚合；②在不同聚合阶段采用不同引发剂引发；③将低温交联单体和高温交联单体联合使用。	批量生产 								
本技术产品符合国家重点支持的高新技术领域。 									
溶胶-凝胶技术与自组装技术相结合，设计出一种完全水性的、环保、低成本、高效率、易工业化的纺织品超拒水整理技术。本技术产品符合国家重点支持的高新技术领域。 	批量生产 								
利用纳米催化剂的量子尺寸效应和体积效应，使纳米复合催化剂具有特异催化活性，增加缩合反应的定向性，提高羟甲基化反应有效性。本技术产品符合国家重点支持的高新技术领域。 	批量生产 								
一种既不影响织物本身亲水性和手感又能达到良好固色效果的活性染料亲水固色剂的制备技术。本技术产品符合国家重点支持的高新技术领域。 	批量生产 								
独创性将生物技术和超分子材料与糊料有机结合，把特种淀粉酶和超分子材料定优胶引入复合糊料配方。产品脱糊容易，且节省工艺，改善手感。本技术产品符合国家重点支持的高新技术领域。 	批量生产 								
本技术特点在于：设计金属离子络合物双氧水漂白催化剂，使棉织物能在低碱条件下漂白；漂白后残液呈中性，排液后可直接除氧染色，缩短工艺流程；在很短时间内可完成棉的漂白，大大节省时间。本技术产品符合国家重点支持的高新技术领域。 	批量生产 								
本技术特点在于引入新型单体—端氨基封端侧链改性氨基聚硅氧烷或端氨基封端侧链改性长链烷基聚硅氧烷，从而得到一种具有新结构的主链与侧链共改性嵌段硅油。本技术产品符合国家重点支持的高新技术领域。 	批量生产 								
本技术从分子结构上对 PU 预聚体创新改性。一方面，引入长碳链丙烯酸酯单体，改善分子内部的疏水-亲水平衡；另一方面，引入含氟单体，利用含氟单体的独特性能，改善分子膜的抗黏性。产品在织物表面成膜的连续性、致密性和耐磨性明显提高。本技术产品符合国家重点支持的高新技术领域。 	批量生产 								
									
7 	雅格欣 R 系列 								
8 	雅格赛特 E/EM系列 								
9 	雅格赛特 EZ 系列 								
10 	雅格赛特 N 系列 								
11 	雅格赛特 M 系列 								
12 	雅 格 赛 特 E-HF系列 								
13 	雅 格 赛 特 NHK系列 								
14 	雅格赛特 N-GW系列 								
15 	雅格赛特 FS 系列 								
16 	雅格赛特 PN 系列 								
17 	尤纳素系列 								
18 	尤纳素 IC 系列 								
19 	尤纳素 CQ 系列 								
20 	尤纳素 W 系列 								
21 	雅特隆 SW 系列 								
22 	雅洁瑞系列 								
23 	雅可舒系列 								
24 	雅可印系列 								
25 	雅可风防水剂系列 								
26 	雅可风阻燃剂系列 								
27 	雅可固系列 								
28 	印花糊料系列 								
29 	雅可赛系列 								
30 	雅可舒系列 								
31 	雅可风功能整理剂系列 								
									
序号 	项目名称 	进展情况 	拟达到的目标 						
1 	涤纶超细纤维专用染料的研发及产业化研究 	完成产品设计与研发，目前正在公司内部对产品进行小试,黑色品种已经完成大试生产，并投入市场 	期望能够发挥本产品的高性能特点，在涤纶超细纤维染色领域做到领先，占有一席之地。 						
2 	高牢度酸性鲜艳色染料研发及产业化研究 	确定产品应用价值，准备验收 	形成一套独特的高牢度鲜艳色酸性染料，能够兼顾应用性能及环保指标，对产品色系进行补充，带动系列产品扩大销售。 						
3 	尼龙散纤用染料的研发及产业化研究 	产品已经投入市场 	针对尼龙散纤染色细分市场开发的针对性系列染料产品，满足细分市场的需求，不含重金属。期望能够充分占领这一细分市场。 						
4 	鲜艳色（黄色）毛用活性染料的研发及产业化 	产品已经投入市场 	羊毛染色专用的高性能活性染料，在改进已有黄色活性染料的基础上，使得产品在使用时更加适合羊毛、羊绒使用，为公司毛用活性染料的进一步发展提供支持。 						
5 	鲜艳色（红色）毛用活性染料的研发及产业化 	产品已经投入市场 	羊毛染色专用的高性能活性染料，在改进已有红色活性染料的基础上，使得产品在使用时更加适合羊毛、羊绒使用，为公司毛用活性染料的进一步发展提供支持。 						
6 	鲜艳色（蓝色）毛用活性染料的研发及产业化 	产品已经投入市场 	羊毛染色专用的高性能活性染料，在改进已有蓝色活性染料的基础上，使得产品在使用时更加适合羊						
									
毛、羊绒使用，为公司毛用活性染料的进一步发展提供支持。 									
为成衣特殊风格染色开发的专用染料，能够极有针对性的解决这一细分小市场的问题，力争在这一领域获得客户的绝对信任。 									
为羊毛染色开发的节能环保工艺及产品设计，是适应时代发展需要的新一代毛用活性染料，是走在印染进步前沿的产品，期望在未来几年能够大量发展。 									
通过对基础合成反应的充分理解，优化合成路线，制定最优间歇式反应路线，实现高效生产的技术。技术水平达到国内领先水平。 									
为非纺织类尼龙超细合成革领域开发的染色专用染料，力争能够更好的满足客户的需求，提高性能，扩大此细分市场占有率。 									
全面对已有的毛用活性染料产品进行升级换代，提高产品应用性能，淘汰不环保产品，使得产品性价比得以提升，更具有竞争优势。 									
为锦棉锦粘混纺织物量身定做的专用染料，使得混纺一浴法染色得以实现，力争全面占领这一细分市场。 									
为锦棉锦粘混纺织物印花量身定做的专用染料，混纺同浆印花得以实现，力争全面占领这一细分市场。 									
开发适合毛锦同浴染色的产品及配套工艺，对这一细分市场的染色方式提出革命性改进，做到这一细分领域的标杆。 									
针对尼龙花边这一高附加值的细分市场开发适合的染料产品，提升这一细分市场的占有率。 									
开发适合天丝毛同浴染色的产品及配套工艺，解决这一细分市场当前难以解决的难题，做到这一细分领域的标杆。 									
为解决客户染色跳灯问题开发的染料产品，依托此产品扩大公司对客户影响力，带动各类特色产品的增长。 									
									
7 	成衣洗褪风格专用染料的研发及产业化研究 	产品已经投入市场 							
8 	低温染羊毛工艺的开发及产业化 	完成工艺设计，目前正在客户中试点推广 							
9 	二氟嘧啶类染料合成优化技术 	产品已经投入市场 							
10 	非纺织品尼龙超细合成革酸性染料的研发及产业化研究 	部分产品已经投入市场 							
11 	绿色环保型毛用活性染料取代酸性媒介的研发及产业化研究 	已经完成部分产品的小试，黑色品种已经投入市场 							
12 	节能减排锦棉混纺织物一浴染色专用染料的研发及产业化研究 	产品已经投入市场 							
13 	锦棉混纺织物印花专用染料的研发及产业化研究 	完成产品设计与研发，目前正在公司内部对产品进行小试 							
14 	毛锦混纺织物同浴法染色技术的开发和应用 	确定产品应用价值，准备验收 							
15 	尼龙花边织物专用染料的研发及产业化研究 	完成产品设计与研发，目前正在公司内部对产品进行小试 							
16 	天丝毛混纺织物专用染料的研发及产业化研究 	完成产品设计与研发，目前正在公司内部对产品进行小试 							
17 	优异色恒性类染料的研发及产业化研究 	产品已投入市场 							
									
18 	高水洗、高日晒分散染料的研发及产业化研究 	产品已投入市场 	为高品质要求的涤纶染色提供合适的染料产品，在高品质涤纶染色市场中扩大市场占有率。 						
19 	高取代度高粘度 CMS的制备及应用研究 	产品已投入市场 	在活性染料印花中部分或全部取代海藻酸钠，产品性价比高于海藻酸钠。 						
20 	特种聚醚改性聚硅氧烷系列柔软剂的制备 	产品已投入市场 	自乳化功能，易溶于水；浸轧工艺不产生粘辊；整理后的织物亲水性良好。 						
21 	棉织物低碱漂白剂开发 	部分产品投入市场 	漂白后棉织物的白度、毛效达到传统氧漂工艺效果；漂白后漂浴 pH 小于 8.0；漂白工艺时间少于传统工艺。 						
22 	冷堆短流程前处理工艺助剂开发 	部分产品投入市场 	节能省时。织物的白度、毛效、退浆效果及布面效果达到与常规连续前处理工艺的水平。 						
23 	T/C 织物低温后漂工艺 	部分产品投入市场 	一浴两步法代替传统的氧漂和涤纶染色两浴工艺，同时省去还原清洗步骤。大大减少了工艺流程，省水、省电、省时。 						
24 	耐久性涤纶吸湿排汗整理剂 	产品已投入市场 	合成出具有优异手感，耐家庭洗涤超过 10 次的涤纶吸湿排汗整理剂。按照《GB/T 8269  纺织品试验用家庭洗涤和干燥程序》洗涤 10 次后，吸湿快干性能仍达到GB/T21655.1-2008 要求。 						
25 	低温皂洗剂的开发 	部分产品投入市场 	60-65℃完成活性染色皂洗，牢度达到皂洗剂 RP 酶 85℃皂洗的效果 						
26 	稀土在印染中的应用开发 	部分产品投入市场 	数码印花/活性印花增深 10-20%。 						
27 	化纤 C6 防水剂的合成 	产品已投入市场 	产品初始防水效果好，加工持续性优秀，离心稳定性和耐剪切稳定性良好。能与跨国公司同类产品媲美。 						
28 	活性印花尿素替代助剂的开发 	部分产品投入市场 	部分或全部替代尿素，项目系统产品用于活性印花达到使用尿素的综合效果 						
29 	仿活性印花粘合剂的制备 	完成中试，客户试样阶段 	印花织物手感柔软，牢度良好，替代部分活性印花，减少印染废水排放。 						
30 	湿摩牢度提升剂稳定应用的关键因素研究 	部分产品投入市场 	研究导致湿摩牢度提升剂不稳定的关键性因素，并针对性的改进，使之在不影响湿摩牢度提升剂效果的						
									
前提下，提高湿摩擦牢度提升剂的稳定性。 									
开发一款不影响织物原有手感、耐洗性好、防水性好的无氟防水剂 									
以新型结构表面活性剂替代磷酸酯类表面活性剂，制备无磷、高耐碱的精练剂、期望达到传统的耐碱精练剂相当甚至更优的前处理效果。 									
为解决高弹尼龙袜子的染色匀染性和色牢度问题而开发的产品，在高品质尼龙袜子市场中扩大市场占有率。 									
开发适合高品质天丝纤维染色的专用染料，解决天丝匀染性和染色风格问题，从而扩大天丝产品的应用范围。 									
开发羊毛匹染专用的染料系列，解决羊毛匹染染色染色均匀性和染透性问题，并改善后整理变色，在这一细分市场提高市场占有率。 									
开发适合尼龙箱包和户外帐篷专用的染料品种和染色工艺，针对此类纺织品的服用特性，改善匀染性，提高染色牢度，并改进后整理变色。 									
									
31 	涤纶无氟防水剂开发 	完成产品结构设计，目前产品中试阶段 							
32 	新型表面活性剂及应用开发 	部分产品投入市场 							
33 	高匀染高渗透尼龙袜子染色专用染料的研发 	完成项目前期准备，目前正在优选染料与染色工艺 							
34 	天丝织物染色专用染料的研发及产业化研究 	完成项目前期准备，目前正在优选染料与染色工艺 							
35 	羊毛匹染专用染料的研发及产业化研究. 	完成项目前期准备，目前正在优选染料与染色工艺 							
36 	尼龙箱包和帐篷专用酸性染料的研发 	完成项目前期调研，目前正在优选和设计染料和染色工艺 							
									
项目 	2017 年 	2016 年 	2015 年 						
研发费用投入（万元） 	3,511.42 	3,829.20 	2,994.83 						
营业收入（万元） 	88,347.36 	83,958.62 	77,447.35 						
研发费用投入占营业收入的比例 	3.97% 	4.56% 	3.87% 						
									
序号 	职能团队名称 	职责 							
1 	研究开发团队 	负责公司科技（新产品、新工艺的开发、科学技术研究和技术标准化等）工作，使公司形成具有知识产权的技术和主导产品，为公司产品的更新换代、品牌创造和拓展提供技术支持。 							
2 	标准化管理团队 	负责产品质量标准化管理。 							
3 	应用服务团队 	为客户量身定制各类个性化应用技术支持。 							
4 	知识技术管理团队 	负责保存维护企业各类技术资料等。 							
5 	专家组 	聘请国内外各类专家作为技术顾问，支持各类技术创新工作的开展。 							
									
