序号 	服务环节 	服务内容 							
1 	客需采集 	通过客户培训、数据采集、市场调研等环节对客户需求进行采集。 							
2 	品牌定位 	深挖产品概念，确定客户品牌调性。 							
3 	店铺定位 	通过不同维度，对客户店铺进行定位。 							
4 	视觉输出 	通过页面框架及页面主图设计，为店铺打造视觉效果。 							
									
序号 	母服务环节 	子服务环节 	服务内容 						
1 	产品线梳理 	品类结构 	分析品类关系，提炼关联性，突出卖点，动线设计，客户生命周期，从而得出用户消费习惯，对消费决策影响的因素进行分析。 						
1 	产品线梳理 	价格体系 	对竞品进行分析，客户全年的销售策略，与品牌全网分销体系进行利益平衡。 						
1 	产品线梳理 	促销机制 	与品牌全年活动计划匹配，制定促销方案、方案类型及目标，其中包括：提高存客复购、新客获取、爆款打造、提升客单及提高转化率，从而提升品牌形象、提升客户开箱体验。 						
1 	产品线梳理 	赠品策略 	赠品选择原则与促销机制匹配。促销与赠品按照折扣折让率进行成本控制。折扣折让率一般按照主推产品标价的 15%/年，区间为 10%-25%。具体参数选择依据为“品牌影响力”和“促销力度”。 						
1 	产品线梳理 	新品开发 	通过行业大数据分析、目标市场或国外对标市场的市场调研制定新品开发方案，而后制定“新品上市计						
序号 	母服务环节 	子服务环节 	服务内容 						
划”和“营销方案”。 	划”和“营销方案”。 								
根据既定目标人群，从品牌历史、调性、形象及传递给消费者的品牌形象等维度对目标品牌进行深度分析。 	根据既定目标人群，从品牌历史、调性、形象及传递给消费者的品牌形象等维度对目标品牌进行深度分析。 								
对国内主流电商平台上主要或最新推出的的店铺形象设计工具的使用方法进行研究，如：天猫平台的“试妆台”、“AR1”、“短视频”等工具。 	对国内主流电商平台上主要或最新推出的的店铺形象设计工具的使用方法进行研究，如：天猫平台的“试妆台”、“AR1”、“短视频”等工具。 								
店铺形象设计方案包括：店铺定位（通过对店铺进行人格化形象设定后布置一系列与该风格相匹配的语言图文宣传元素）、页面结构、货品陈列、动线设计。 	店铺形象设计方案包括：店铺定位（通过对店铺进行人格化形象设定后布置一系列与该风格相匹配的语言图文宣传元素）、页面结构、货品陈列、动线设计。 								
该环节包括图片、视频、字体、音频。报告期内公司素材获取方式主要包括自主制作、外购为辅及品牌方提供。 	该环节包括图片、视频、字体、音频。报告期内公司素材获取方式主要包括自主制作、外购为辅及品牌方提供。 								
DEMO2制作、页面设计、灰度测试、BUG3修复 	DEMO2制作、页面设计、灰度测试、BUG3修复 								
测试、推导品牌流量规则，包括：客需与商品的匹配关系，影响因素。据此调整投放政策以验证前述假定，从而推导平台规则。 	测试、推导品牌流量规则，包括：客需与商品的匹配关系，影响因素。据此调整投放政策以验证前述假定，从而推导平台规则。 								
拆分平台所有流量定位，分析不同流量入口与客需间的关联性，形成品牌销售策略，包括：选品、定价及赠品等。 	拆分平台所有流量定位，分析不同流量入口与客需间的关联性，形成品牌销售策略，包括：选品、定价及赠品等。 								
根据上述平台流量规则及流量入口分析，制定销售预算，包括：分入口的流量投放计划、流量购买的费用计划、投放效果计划。（CPC4、CPM5、平均获客成本、投资回报率） 	根据上述平台流量规则及流量入口分析，制定销售预算，包括：分入口的流量投放计划、流量购买的费用计划、投放效果计划。（CPC4、CPM5、平均获客成本、投资回报率） 								
包括曝光量（品牌、产品、资讯等）；店铺访问量及访问转化率（店铺访问量/曝光量）、店铺行为（包括收藏、加购、浏览、联系客服等），旨在提升店铺运营效率指标。 	包括曝光量（品牌、产品、资讯等）；店铺访问量及访问转化率（店铺访问量/曝光量）、店铺行为（包括收藏、加购、浏览、联系客服等），旨在提升店铺运营效率指标。 								
总结核心指标 ROI、费用比（预算费用/全店销售额），基于上述两核心指标的拆解与复盘。 	总结核心指标 ROI、费用比（预算费用/全店销售额），基于上述两核心指标的拆解与复盘。 								
将粉丝或用户资源货币化，并存入“数据银行”。通过客户终身价值模型（CLV6）分析目标用户完整消费生命周期中对目标品牌的消费进行预测。 	将粉丝或用户资源货币化，并存入“数据银行”。通过客户终身价值模型（CLV6）分析目标用户完整消费生命周期中对目标品牌的消费进行预测。 								
粉丝运营工具包括：“客户运营平台”、CRM、“消息	粉丝运营工具包括：“客户运营平台”、CRM、“消息								
序号 	母服务环节 	子服务环节 	服务内容 						
究 	盒子”、“手淘群”、“微淘”、“粉丝趴”。 	盒子”、“手淘群”、“微淘”、“粉丝趴”。 							
用户消费决策链拆解及数据监控 	消费决策链包括：关注、兴趣、购买、忠诚、分享。 	消费决策链包括：关注、兴趣、购买、忠诚、分享。 							
消费者“资产”增值 	消费者“资产”价值会实时动态地呈现在“数据银行”。 	消费者“资产”价值会实时动态地呈现在“数据银行”。 							
线上线下会员渠道打通 	会员资源包括：会员数据、会员权益、会员等级。 	会员资源包括：会员数据、会员权益、会员等级。 							
									
2 	店铺形象升级 	品牌定位分析 							
2 	店铺形象升级 	店铺形象设计工具风格研究 							
2 	店铺形象升级 	店铺形象设计方案制定 							
2 	店铺形象升级 	店铺形象设计素材准备 							
2 	店铺形象升级 	新店形象上线 							
3 	店铺流量管理 	平台流量规则分析 							
3 	店铺流量管理 	平台流量入口消费者行为分析 							
3 	店铺流量管理 	目标平台的品牌流量获取方案制定 							
3 	店铺流量管理 	全链路消费触点优化 							
3 	店铺流量管理 	投放方案总结 							
4 	品牌粉丝运营 	消费者“资产”管理 							
4 	品牌粉丝运营 	粉丝运营工具研							
									
环节 	服务环节 	服务内容 							
1 	客需采集 	根据客户活动目标、预算等指标，深度挖掘客户需求，制定方案。 							
2 	传播概念形成 	传播概念形成环节中的“媒体渠道搭建”包括媒体渠道选择及投放时间计划，该环节因客户资源不稳定性及平台政策不确定性而导致耗时存在不确定性。 							
3 	创意材料制作 	整合营销环节大体需耗时 3 个月，“创意物料制作”耗时与“传播概念形成”耗时基本一致。 							
4 	上线发布 	方案上线发布后，活动效果关键的衡量指标包括活动期间产品销量、品牌曝光率等。 							
									
序号 	母服务环节 	子服务环节 	服务内容 						
1 	数据采集 	业务系统搭建 	公司现已搭建的业务系统包括店铺系统（旺店）、数据采集系统（情报通）、CRM、客服管理平台、OMS8 						
1 	数据采集 	业务数据生成 	数据库搭建后，数据将在阿里云部署 						
1 	数据采集 	数据存储 	数据存储在阿里云 						
2 	数据处理 	数据清洗 	此环节为公司所采用的业务系统自带功能 						
2 	数据处理 	数据归类 	此环节为公司所采用的业务系统自带功能 						
2 	数据处理 	数据关联 	此环节为公司所采用的业务系统自带功能 						
3 	数据呈现 	管理思路整理 	覆盖现有完整业务流。 						
3 	数据呈现 	可视化报表制作 	公司现有业务对数据的需求主要聚焦在基于数据分析和客需分析基础上所形成的决策依据。 						
3 	数据呈现 	报表数据分析 	公司现有业务对数据的需求主要聚焦在基于数据分析和客需分析基础上所形成的决策依据。 						
4 	业务分析 	异常数据分析 	公司通过预设关键指标正常值进行分析，指标类型包括：品类、增长品牌集中度、品牌排名变化、竞品销量及品类结构、竞品流量结构。数据类型分为市场数据、品牌数据、竞品数据、店铺数据及管理数据。 						
4 	业务分析 	业务策略调整 	公司对异常数据分析并进行处理后，对现有业务策略进行调整。 						
4 	业务分析 	业务效果追踪 	公司基于调整后策略，对整个业务效果进行追踪。 						
5 	业务建议 	库存管理建议 	该环节是系统基于数据分析的结果，自动化或半自动化地为公司提供建议。该环节的实现所需依托的算法及数据模型目前公司处于开发阶段中。 						
5 	业务建议 	经营管理建议 	该环节是系统基于数据分析的结果，自动化或半自动化地为公司提供建议。该环节的实现所需依托的算法及数据模型目前公司处于开发阶段中。 						
5 	业务建议 	新兴市场机会 	该环节是系统基于数据分析的结果，自动化或半自动化地为公司提供建议。该环节的实现所需依托的算法及数据模型目前公司处于开发阶段中。 						
									
序号 	环节名称 	环节名称 	环节内容 						
1 	采购流程 	采购流程 	品牌商发货 						
1 	采购流程 	采购流程 	若羽臣接货 						
1 	采购流程 	采购流程 	货代公司接货 						
1 	采购流程 	采购流程 	商品入库 						
1 	采购流程 	采购流程 	质检上架 						
2 	发货流程 	B2B 销售 	平台抓单 						
2 	发货流程 	B2B 销售 	订单审核 						
2 	发货流程 	B2B 销售 	船货单 						
2 	发货流程 	B2B 销售 	拣货打包，出库 						
2 	发货流程 	B2B 销售 	快递配送 						
2 	发货流程 	B2C 销售 	平台采购下单 						
2 	发货流程 	B2C 销售 	订单审核 						
2 	发货流程 	B2C 销售 	配货单 						
2 	发货流程 	B2C 销售 	出库 						
2 	发货流程 	B2C 销售 	物流配送 						
2 	发货流程 	B2C 销售 	平台收货 						
3 	退货流程 	退货流程 	退货审核 						
3 	退货流程 	退货流程 	退货发货 						
3 	退货流程 	退货流程 	公司收货 						
3 	退货流程 	退货流程 	分级处理 						
4 	盘点流程 	盘点流程 	盘点需求 						
4 	盘点流程 	盘点流程 	仓库整理货品 						
4 	盘点流程 	盘点流程 	三方静态取量 						
4 	盘点流程 	盘点流程 	形成盘点结果 						
4 	盘点流程 	盘点流程 	差异处理 						
4 	盘点流程 	盘点流程 	调整工作 						
5 	调拨流程 	调拨流程 	各仓库有深度 						
									
序号 	环节名称 	环节内容 							
调拨需求 									
第三方仓发货 									
物流配送 									
接收仓 									
									
序号 	品类 	品牌名称 	品牌标志 	国家 	主要产品类型 				
1   	母婴 	美赞臣/ Mead Johnson 	 	美国 	婴幼儿奶粉 				
2   	母婴 	蓝臻/ Enfinitas 	 	美国 	婴幼儿奶粉 				
序号 	品类 	品牌名称 	品牌标志 	国家 	主要产品类型 				
3   	母婴 	康贝/ Combi 	 	日本 	童车、婴幼儿湿巾 				
4   	母婴、美妆及个护 	强生/ Johnson & Johnson 	 	美国 	婴幼儿护肤品、 漱口水、化妆品、 卫生棉条 				
5   	母婴 	合生元/ Biostime 	 	中国 	婴幼儿奶粉、 婴幼儿保健品 				
6   	母婴 	哈罗闪/ Sanosan 	 	德国 	婴幼儿护肤品 				
7   	母婴 	飞利浦新安怡/ Philips Avent 	 	英国 	吸奶器、奶瓶奶嘴 				
8   	母婴 	布朗博士好流畅/ Dr. Brown's natural flow 	 	美国 	奶瓶奶嘴 				
9   	母婴 	维蕾德/ Weleda 	 	德国 	婴幼儿护肤品 				
10   	母婴 	丽贝乐/ Libero 	 	瑞典 	婴幼儿纸尿裤 				
11   	母婴 	ergobaby 	 	美国 	婴幼儿背带 				
12   	美妆及个护 	美迪惠尔/ MEDIHEAL 	 	韩国 	面膜 				
13   	美妆及个护 	洁婷 	 	中国 	卫生巾 				
14   	美妆及个护 	飞/ Free 	 	中国 	卫生巾 				
序号 	品类 	品牌名称 	品牌标志 	国家 	主要产品类型 				
15   	美妆及个护 	肌美精/ Kracie 	 	日本 	面膜 				
16   	美妆及个护 	凌仕/ LYNX 	 	法国 	男士护肤品、 男士沐浴露 				
17   	美妆及个护 	炫诗/ TRESemmé 	 	美国 	美发产品 				
18   	食品 	绅士/ Planters 	 	美国 	坚果 				
19   	保健品 	Swisse 	 	澳大利亚 	营养补充剂 				
20   	保健品 	善存/ Centrum 	 	美国 	营养补充剂 				
21   	保健品 	钙尔奇/ Caltrate 	 	美国 	营养补充剂 				
22   	其他 	膳魔师/ THERMOS 	 	德国 	保温杯 				
23   	其他 	铁达时/ Solvil et Titus 	 	瑞士 	钟表 				
24   	其他 	时间廊/ CITY CHAIN 	 	香港 	钟表 				
									
经营模式 	收入类型 	2017 年度 	2017 年度 	2016 年度 	2016 年度 	2015 年度 	2015 年度 		
经营模式 	收入类型 	收入 	占比 	收入 	占比 	收入 	占比 		
线上代运营模式 	线上代运营收入 	40,061.11 	59.47% 	25,200.87 	66.64% 	10,755.19 	57.64% 		
其中：零售结算 	其中：零售收入 	32,821.52 	48.72% 	20,644.65 	54.59% 	8,034.64 	43.06% 		
服务费结算 	运营服务收入 	7,239.60 	10.75% 	4,556.21 	12.05% 	2,720.54 	14.58% 		
渠道分销模式 	分销收入 	24,009.55 	35.64% 	11,915.79 	31.51% 	7,902.79 	42.36% 		
品牌策划模式 	策划服务收入 	3,293.00 	4.89% 	702.34 	1.86% 	- 	- 		
- 	营业收入合计 	67,363.66 	100.00% 	37,818.99 	100.00% 	18,657.97 	100.00% 		
									
区域 	2017 年度 	2017 年度 	2017 年度 	2016 年度 	2016 年度 	2016 年度 	2015 年度 	2015 年度 	2015 年度 
区域 	含税订单金额 	占比 	排名 	含税订单金额 	占比 	排名 	含税订单金额 	占比 	排名 
华东 	17,542.32 	38.30% 	1 	11,734.09 	36.15% 	1 	5,205.64 	36.63% 	1 
华南 	8,948.12 	19.53% 	2 	5,800.09 	17.87% 	2 	2,025.59 	14.25% 	3 
华北 	5,984.03 	13.06% 	3 	4,241.07 	13.07% 	3 	2,039.24 	14.35% 	2 
华中 	5,135.50 	11.21% 	4 	4,227.30 	13.02% 	4 	1,756.14 	12.36% 	4 
西南 	3,774.40 	8.24% 	5 	2,993.02 	9.22% 	5 	1,388.69 	9.77% 	5 
东北 	2,623.40 	5.73% 	6 	1,913.09 	5.89% 	6 	1,022.21 	7.19% 	6 
西北 	1,791.49 	3.91% 	7 	1,547.53 	4.77% 	7 	774.01 	5.45% 	7 
海外 	7.05 	0.02% 	8 	0.09 	0.00% 	8 	0.02 	0.00% 	8 
合计 	45,806.32 	100.00% 	 	32,456.29 	100.00% 	 	14,211.54 	100.00% 	 
									
省份 	2017 年度 	2017 年度 	2017 年度 	2016 年度 	2016 年度 	2016 年度 	2015 年度 	2015 年度 	2015 年度 
省份 	含税订单金额 	占比 	排名 	含税订单金额 	占比 	排名 	含税订单金额 	占比 	排名 
广东 	7,696.60 	16.80% 	1 	4,849.45 	14.94% 	1 	1,593.78 	11.21% 	1 
上海 	3,988.62 	8.71% 	2 	2,308.34 	7.11% 	3 	709.81 	4.99% 	6 
江苏 	3,638.86 	7.94% 	3 	2,502.63 	7.71% 	2 	1,223.01 	8.61% 	2 
浙江 	3,437.05 	7.50% 	4 	2,230.94 	6.87% 	4 	1,135.01 	7.99% 	3 
北京 	2,897.63 	6.33% 	5 	1,863.33 	5.74% 	5 	725.37 	5.10% 	5 
山东 	2,252.28 	4.92% 	6 	1,624.97 	5.01% 	7 	762.03 	5.36% 	4 
福建 	1,842.69 	4.02% 	7 	1,182.22 	3.64% 	11 	574.16 	4.04% 	10 
湖北 	1,842.35 	4.02% 	8 	1,371.33 	4.23% 	8 	643.90 	4.53% 	7 
四川 	1,686.57 	3.68% 	9 	1,266.75 	3.90% 	9 	603.13 	4.24% 	9 
河南 	1,680.14 	3.67% 	10 	1,633.26 	5.03% 	6 	631.96 	4.45% 	8 
湖南 	1,613.02 	3.52% 	11 	1,222.71 	3.77% 	10 	480.29 	3.38% 	13 
合计 	32,575.81 	71.12% 	 	22,055.93 	67.96% 	 	9,082.43 	63.91% 	 
									
仓库 名称 	所在 地区 	主要存货 品牌 	2017 年度 	2017 年度 	2016 年度 	2016 年度 	2015 年度 	2015 年度 	
仓库 名称 	所在 地区 	主要存货 品牌 	发货订单金额 	占比 	发货订单金额 	占比 	发货订单金额 	占比 	
萝岗仓 	广东广州 	大多数 合作品牌 	19,522.45 	42.62% 	21,986.23 	67.74% 	12,624.00 	88.83% 	
顺丰仓 	广东广州 	美赞臣 	13,463.90 	29.39% 	5,466.14 	16.84% 	- 	- 	
南通仓 	江苏南通 	哈罗闪、 康贝 	5,332.70 	11.64% 	4,940.01 	15.22% 	1,587.54 	11.17% 	
花都仓 	广东广州 	绅士 	3,760.58 	8.21% 	- 	- 	- 	- 	
吴江仓 	江苏吴江 	丽贝乐、炫诗、凌仕等 	3,115.08 	6.80% 	- 	- 	- 	- 	
其他 	其他 	- 	611.61 	1.34% 	63.92 	0.20% 	- 	- 	
合计 	合计 	 	45,806.32 	100.00% 	32,456.29 	100.00% 	14,211.54 	100.00% 	
									
年度消费金额 	客户数量（个） 	客户数量（个） 	客户数量（个） 	客户数量占比 	客户数量占比 	客户数量占比 			
年度消费金额 	2017 年 	2016 年 	2015 年 	2017 年 	2016 年 	2015 年 			
3 万元以上 	18 	53 	15 	0.001% 	0.003% 	0.001% 			
1-3 万元 	113 	695 	17 	0.005% 	0.039% 	0.001% 			
0.5-1 万元 	1,729 	715 	13 	0.070% 	0.040% 	0.001% 			
0.2-0.5 万元 	20,585 	8,992 	188 	0.828% 	0.507% 	0.015% 			
0.2 万元以下 	2,463,331 	1,762,743 	1,257,965 	99.097% 	99.410% 	99.981% 			
合计 	2,485,776 	1,773,198 	1,258,198 	100.000% 	100.000% 	100.000% 			
									
年度消费金额 	购买次数（单） 	购买次数（单） 	购买次数（单） 	次均消费额（元） 	次均消费额（元） 	次均消费额（元） 			
年度消费金额 	2017 年 	2016 年 	2015 年 	2017 年 	2016 年 	2015 年 			
3 万元以上 	60 	381 	207 	40,569.53 	11,466.67 	12,197.98 			
1-3 万元 	1,138 	2,416 	129 	1,328.95 	3,792.71 	2,440.21 			
0.5-1 万元 	8,916 	3,833 	23 	1,202.72 	1,249.26 	3,732.91 			
0.2-0.5 万元 	60,520 	21,793 	1,299 	965.02 	1,138.14 	373.44 			
0.2 万元以下 	3,046,531 	2,124,704 	1,567,419 	126.37 	132.46 	88.49 			
合计 	3,117,165 	2,153,127 	1,569,077 	146.95 	150.74 	90.58 			
									
年度消费金额 	平均购买时间间隔（天） 	平均购买时间间隔（天） 	平均购买时间间隔（天） 						
年度消费金额 	2017 年 	2016 年 	2015 年 						
3 万元以上 	10.54 	10.47 	17.83 						
1-3 万元 	17.26 	5.94 	13.87 						
0.5-1 万元 	23.79 	5.88 	19.90 						
0.2-0.5 万元 	27.47 	9.53 	26.63 						
0.2 万元以下 	23.57 	22.27 	37.16 						
									
项目 	零售结算 	服务费结算 							
店铺设立主体 	公司 	品牌方 							
货物所有权人 	公司 	品牌方 							
营销费用承担主体 	公司（有特殊约定的除外） 	品牌方（有特殊约定的除外） 							
公司盈利来源 	货物的购销差价 	店铺运营服务费 							
主要资金流 	 	 							
									
时间 	颁布部门 	法规名称 	主要内容 						
2007 年 	商务部 	《 关 于 网上 交 易的 指 导 意见 （ 暂行）》（商务部公告 2007 年第 19号） 	从网上交易及其参与方、网上交易的基本规则、各参与方的规范行为、网上交易促进等方面提出指导意见，以维护网上交易参与方的合法权益，促进网上交易健康有序发展。 						
2009 年 	商务部商业改革司 	《 电 子 商务 模 式规范》（SB/T 10518-2009 ）和《 网 络 交易 服 务规范》（SB/T 10519-2009） 	《电子商务模式规范》规定了电子商务模式的基本要求以及 B2C、B2B、C2C 等主要模式在经营管理主体、交易内容、在线支付、网址报备等方面的具体要求；《网络交易服务规范》规定了电子商务 B2B、B2C 和 C2C 各模式中网络交易方、网络交易平台提供商、网络支付平台提供商和网络交易辅助服务提供商的行为服务规范。 						
2011 年 	商务部 	《 关 于 规范 网 络购 物 促 销行 为 的通知》（商商贸发[2011]3 号） 	为规范网络购物促销行为，营造良好消费环境，促进网络购物持续健康发展，要求各级商务主管部门引导企业依法促销、保证促销商品质量、保护消费者合法权益、严厉查处不实宣传、加强知识产权保护、引导科学合理消费、建立长效机制等。 						
2011 年 	商务部 	《 第 三 方电 子 商务 交 易 平台 服 务规范》（商务部公告 2011 年第 18号） 	对第三方交易平台经营者和第三方交易平台站内经营者予以明确定义，从第三方交易平台的设立与基本行为规范、平台经营者对站内经营者的管理与引导、平台经营者对消费者的合理保护、平台经营者与相关服务提供者的协调等方面对第三方电子商务交易平台服务进行规范。 						
2014 年 	全国人大常委会 	《 消 费 者权 益 保护法》（2014 修正版） 	首次对电子商务行业进行了规范，进一步保护消费者权益。 						
时间 	颁布部门 	法规名称 	主要内容 						
2014 年 	国家工商行政管理总局 	《 网 络 交易 管 理办法》（国家工商行 政 管 理总 局 令第 60 号令） 	规定网络商品经营者和有关服务经营者的义务、网络商品交易及有关服务的监督管理及法律责任，旨在规范网络商品交易及有关服务，保护消费者和经营者的合法权益，促进网络经济持续健康发展。 						
2017 年 	全国人大常委会 	《 反 不 正当 竞 争法》（2017 年修正版） 	对互联网领域的不正当竞争行为进行规制，规定“经营者不得对其商品的性能、功能、质量、销售状况、用户评价、曾获荣誉等作虚假或者引人误解的商业宣传，欺骗、误导消费者。经营者不得通过组织虚假交易等方式，帮助其他经营者进行虚假或者引人误解的商业宣传”，并对违反上述规定对其商品作虚假或者引人误解的商业宣传，或者通过组织虚假交易等方式帮助其他经营者进行虚假或者引人误解的商业宣传的，由监督检查部门责令停止违法行为，处 20 万元以上 100万元以下的罚款;情节严重的，处 100 万元以上200 万元以下的罚款，可以吊销营业执照。 						
									
时间 	颁布部门 	政策名称 	与行业相关内容 						
2005 年 	国务院办公厅 	《关于加快电子商务发展的若干意见》（国办发[2005]2 号） 	国务院办公厅首次提出加快电子商务发展，要求各级政府机关充分认识电子商务对国民经济和社会发展的重要作用；加快电子商务发展的指导思想和基本原则；完善政策法规环境，规范电子商务发展；加快信用、认证、标准、支付和现代物流建设，形成有利于电子商务发展的支撑体系；发挥企业的主体作用，大力推进电子商务应用；提升电子商务技术和服务水平，推动相关产业发展；加强宣传教育工作，提高企业和公民的电子商务应用意识；加强交流合作，参与国际竞争。 						
2007 年 	商务部 	《关于促进电子商务规范发展的意 见 》 （ 商 改[2007]490 号） 	提出充分认识促进电子商务规范发展的重要意义；规范电子商务信息传播行为，优化网络交易环境；规范电子商务交易行为，促进网络市场和谐有序；规范电子支付行为，保障资金流动安全；规范电子商务商品配送行为，健全物流支撑体系。 						
2009 年 	商务部 	《关于加快流通领域电子商务发展的意见》（商商贸发[2009]540号） 	为进一步加快流通领域电子商务发展，提出推动传统流通企业开拓网上市场、促进商品批发环节应用推广网上交易、加快发展面向消费者的专业网络购物企业、推动实体市场交易与网上市场交易有机结合、完善流通领域电子商务发展扶持政策等一系列指导意见。 						
2010 年 	商务部 	《关于促进网络购物健康发展的	向各级商务主管部门明确培育网络市场主体、拓宽网络购物领域、鼓励线上线下互动、重视农村						
时间 	颁布部门 	政策名称 	与行业相关内容 						
指导意见》（商商贸发[2010]239号） 	网络购物市场、完善配套服务体系、保护消费者合法权益、规范网络市场秩序等七大工作任务，并明确提出完善面向电子商务应用企业的配套服务体系，鼓励服务提供商进一步增强专业化服务能力，优化服务模式，完善服务手段，拓展服务范围，降低服务成本，促进相关领域深化电子商务应用。 	网络购物市场、完善配套服务体系、保护消费者合法权益、规范网络市场秩序等七大工作任务，并明确提出完善面向电子商务应用企业的配套服务体系，鼓励服务提供商进一步增强专业化服务能力，优化服务模式，完善服务手段，拓展服务范围，降低服务成本，促进相关领域深化电子商务应用。 							
《商务部“十二五”电子商务发展指导意见》（商电发[2011]375号） 	提出“十二五”期间发展我国电子商务的工作任务， 明确 提出“ 重点鼓励发展电 子商务服 务业”，培育一批具有行业影响力，提供电子商务咨询、资讯、法律、信息技术、人力资源等专业服务的电子商务服务企业；到 2015 年，电子商务服务业实现规模化、规范化发展，成为我国现代商贸流通体系建设的重要组成部分。 	提出“十二五”期间发展我国电子商务的工作任务， 明确 提出“ 重点鼓励发展电 子商务服 务业”，培育一批具有行业影响力，提供电子商务咨询、资讯、法律、信息技术、人力资源等专业服务的电子商务服务企业；到 2015 年，电子商务服务业实现规模化、规范化发展，成为我国现代商贸流通体系建设的重要组成部分。 							
《电子商务“十二五”发展规划》 	确定电子商务“十二五”发展目标：电子商务交易额翻两番，突破 18 万亿元，其中网络零售交易额突破 3 万亿元，占社会消费品零售总额的比例超过 9%；移动电子商务交易额和用户数达到全球领先水平；电子商务的服务水平显著提升，涌现出一批具有国际影响力的电子商务企业和服务品牌。针对电子商务服务，提出“着力提高电子商务服务的规范性，促进电子商务服务企业切实履行法定义务和责任，完善交易主体身份认定机制，提高电子商务信息发布、信用服务、网上交易、电子支付、物流配送、售后服务、纠纷处理等服务的规范水平。” 	确定电子商务“十二五”发展目标：电子商务交易额翻两番，突破 18 万亿元，其中网络零售交易额突破 3 万亿元，占社会消费品零售总额的比例超过 9%；移动电子商务交易额和用户数达到全球领先水平；电子商务的服务水平显著提升，涌现出一批具有国际影响力的电子商务企业和服务品牌。针对电子商务服务，提出“着力提高电子商务服务的规范性，促进电子商务服务企业切实履行法定义务和责任，完善交易主体身份认定机制，提高电子商务信息发布、信用服务、网上交易、电子支付、物流配送、售后服务、纠纷处理等服务的规范水平。” 							
《关于促进电子商务应用的实施意见》（商电函[2013]911 号） 	针对电子商务服务，提出到 2015 年的工作目标，即电子商务基础法规和标准体系进一步完善，应用促进的政策环境基本形成，协同、高效的电子商务管理与服务体制基本建立；电子商务支撑服务环境满足电子商务快速发展需求，电子商务服务业实现规模化、产业化、规范化发展。 	针对电子商务服务，提出到 2015 年的工作目标，即电子商务基础法规和标准体系进一步完善，应用促进的政策环境基本形成，协同、高效的电子商务管理与服务体制基本建立；电子商务支撑服务环境满足电子商务快速发展需求，电子商务服务业实现规模化、产业化、规范化发展。 							
《国务院关于大力发展电子商务加快培育经济新动力的意见》（国发[2015]24 号） 	确定电子商务市场规范发展目标：到 2020  年，统一开放、竞争有序、诚信守法、安全可靠的电子商务大市场基本建成；电子商务与其他产业深度融合，成为促进创业、稳定就业、改善民生服务的重要平台，对工业化、信息化、城镇化、农业现代化同步发展起到关键性作用。 	确定电子商务市场规范发展目标：到 2020  年，统一开放、竞争有序、诚信守法、安全可靠的电子商务大市场基本建成；电子商务与其他产业深度融合，成为促进创业、稳定就业、改善民生服务的重要平台，对工业化、信息化、城镇化、农业现代化同步发展起到关键性作用。 							
《国务院关于积极推进“互联网+”行动的指导意见》（国发[2015]40号） 	在电子商务领域，国务院结合“互联网+”行动，提出巩固和增强我国电子商务发展领先优势，大力发展农村电商、行业电商和跨境电商，进一步扩大电子商务发展空间；鼓励企业利用电子商务平台的大数据资源，提升企业精准营销能力，激发市场消费需求；鼓励企业利用移动社交、新媒体等新渠道，发展社交电商、“粉丝”经济等网络营销新模式。 	在电子商务领域，国务院结合“互联网+”行动，提出巩固和增强我国电子商务发展领先优势，大力发展农村电商、行业电商和跨境电商，进一步扩大电子商务发展空间；鼓励企业利用电子商务平台的大数据资源，提升企业精准营销能力，激发市场消费需求；鼓励企业利用移动社交、新媒体等新渠道，发展社交电商、“粉丝”经济等网络营销新模式。 							
《电子商务“十三五”发展规划》 	确定电子商务“十三五”发展目标：电子商务全面融入国民经济各领域，发展壮大具有世界影响	确定电子商务“十三五”发展目标：电子商务全面融入国民经济各领域，发展壮大具有世界影响							
时间 	颁布部门 	政策名称 	与行业相关内容 						
办和发展改革委 	力的电子商务产业，推动形成全球协作的国际电子商务大市场；电子商务经济进入规模发展阶段，成为经济增长和新旧动能转换的关键动力；电子商务全面覆盖社会发展各领域，带动教育、医疗、文化、旅游等社会事业创新发展，电子商务成为促进就业、改善民生、惠及城乡的重要平台；预计 2020  年，电子商务交易额同比“十二五”末翻一番，超过 40  万亿元，网络零售额达到 10  万亿元左右，电子商务相关从业者超过5,000  万人。 	力的电子商务产业，推动形成全球协作的国际电子商务大市场；电子商务经济进入规模发展阶段，成为经济增长和新旧动能转换的关键动力；电子商务全面覆盖社会发展各领域，带动教育、医疗、文化、旅游等社会事业创新发展，电子商务成为促进就业、改善民生、惠及城乡的重要平台；预计 2020  年，电子商务交易额同比“十二五”末翻一番，超过 40  万亿元，网络零售额达到 10  万亿元左右，电子商务相关从业者超过5,000  万人。 							
									
2011 年 	商务部 								
2012 年 	工信部 								
2013 年 	商务部 								
2015 年 	国务院 								
2015 年 	国务院 								
2016 年 	商务部、中央网信								
									
2012-2017 年中国网络购物市场交易规模（亿元）  	2012-2017 年中国电商服务市场规模（亿元）  								
									
奖项名称 	颁发时间 	颁奖机构 							
天猫母婴 2017 最佳服务商 	2018 年 3 月 	天猫 							
2017 年下半年“五星级服务商” 	2018 年 1 月 	天猫 							
广东省工业和信息化领域电子商务试点单位 	2017 年 9 月 	广东省经济和信息化委员会 							
2017 年广东省电子商务“百佳优质服务商” 	2017 年 7 月 	广东省电子商务协会 							
2016 年度品牌营销奖（金服奖） 	2017 年 3 月 	阿里妈妈 							
高新技术企业 	2016 年 11 月 	广东省科学技术厅、广东省财政厅、广东省国家税务局、广东省地方税务局 							
2016 年度最具影响力电商企业 	2016 年 9 月 	广东省电子商务商会 							
广州市企业研发机构 	2016 年 3 月 	广州市科技创新委员会 							
广州市科技创新小巨人企业 	2016 年 6 月 	广州市科技创新委员会 							
2015 年度阿里妈妈营销拍档成长之星 	2016 年 3 月 	阿里妈妈 							
奖项名称 	颁发时间 	颁奖机构 							
2015 下半年天猫运营服务类淘拍档母婴行业银牌 	2016 年 3 月 	阿里巴巴集团 							
2015 年度极具价值电商服务机构 	2016 年 3 月 	广东省网商协会 							
广东省电子商务示范企业（2015—2016） 	2015 年 12 月 	广东省商务厅 							
中国电商创新成长奖“最佳电商代运营服务”及“最佳网络营销服务” 	2015 年 9 月 	2015 全球互联网经济大会 							
2015 广东省电商企业 100 强 	2015 年 8 月 	广东省电子商务协会 							
									
流量入口 	流量入口类型 	流量入口释义 							
店铺收藏 	自主访问 	访客通过于收藏夹的店铺收藏进入店铺。 							
宝贝收藏 	自主访问 	访客通过收藏夹的宝贝收藏进入店铺。 							
我的淘宝首页 	自主访问 	访客通过我的淘宝首页点击进入店铺。 							
已买到商品 	自主访问 	访客从已买到的宝贝页面点击后进入店铺。 							
直接访问 	自主访问 	访客通过输入店铺地址或者通过浏览器收藏夹等直接进入店铺。 							
购物车 	自主访问 	访客通过购物车进入店铺。 							
淘宝首页 	淘宝站内其他 	访客通过淘宝首页进入店铺，例如：首页轮播广告及推荐等位置引入的流量。 							
淘宝频道 	淘宝站内其他 	访客通过市场频道专题页面进入店铺。 							
淘宝类目 	淘宝站内其他 	访客通过淘宝类目（list.taobao.com）进入店铺。 							
淘宝其他店铺 	淘宝站内其他 	访客通过除您以外的其他店铺进入您店铺，例如通过友情链接进入店铺。 							
流量入口 	流量入口类型 	流量入口释义 							
淘宝信用评价 	淘宝站内其他 	访客通过淘宝的信用评价页进入店铺。 							
阿里旺旺 	淘宝站内其他 	访客通过点击旺旺聊天窗口进入店铺访问相应宝贝所带来的流量。 							
天猫首页 	淘宝站内其他 	访客通过天猫首页进入店铺。 							
天猫频道 	淘宝站内其他 	访客通过天猫市场频道进入店铺。 							
天猫关注 	淘宝站内其他 	通过天猫关注点击页面内容进入店铺和宝贝详情页。 							
天猫国际 	淘宝站内其他 	访客通过天猫国际的产品进入店铺页面或商品详情页。 							
淘宝搜索 	搜索流量 	访客在淘宝搜索宝贝进入店铺 							
天猫搜索 	搜索流量 	访客通过天猫搜索后进入店铺。 							
手淘有好货 	内容流量 	访客通过手淘客户端的有好货的产品点击进入店铺页面或商品详情页。 							
手淘微淘 	内容流量 	访客通过手淘客户端的微淘店铺产品点击进入店铺页面或商品详情页。 							
手淘淘宝达人 	内容流量 	访客通过手淘客户端的淘宝达人产品点击进入店铺页面或商品详情页。 							
手淘问大家 	内容流量 	访客通过手淘问大家进入点击购买。 							
淘抢购 	活动流量 	访客通过淘抢购及其子页面进入店铺。 							
天猫活动 	活动流量 	访客通过淘宝商城专题活动进入店铺。 							
聚划算 	活动流量 	通过聚划算访问店铺和宝贝的所有流量。 							
手淘淘抢购 	活动流量 	访客通过手淘客户端的淘抢购的产品点击进入店铺页面或商品详情页。 							
品销宝-搜索产品 	付费流量 	在生意参谋中指在所选时间内，访客通过点击品销宝-搜索产品广告进入店铺内页面的访客量以及对当次店内浏览访问过的商品在当天有相应的加购、收藏、下单、支付等行为的数据；在阿里妈妈品销宝的搜索产品后台报表中，展示的数据指在所选时间内通过点击品销宝-搜索广告在效果转化周期内进店的访客量，以及访客产生的加购、收藏、下单、支付等行为数据。备注：广告效果请以品销宝-搜索产品后台数据为准。 							
淘宝客 	付费流量 	访客通过淘宝客推广链接进入店铺。 							
直通车 	付费流量 	访客通过淘宝直通车推广链接进入店铺。 							
钻石展位 	付费流量 	访客通过在钻石展位投放的广告进入店铺。 							
麻吉宝 	付费流量 	访客通过麻吉宝产品点击进入店铺页面或商品详情页。 							
									
流量入口 	流量入口类型 	流量入口释义 							
自主访问 	自主访问 	访客直接进入店铺，或者访客通过我的京东页面和购物车及支付页面进入店铺。 							
直接访问 	自主访问 	访客没有经过其他页面直接打开店铺。 							
我的京东 	自主访问 	访客通过我的京东上各个位置进入到店铺。 							
流量入口 	流量入口类型 	流量入口释义 							
我的京东首页 	自主访问 	访客通过我的京东首页上的位置进入店铺。 							
我的订单 	自主访问 	访客通过我的订单页面进入到店铺，包括待付款、待收货、退换/售后等订单类型。 							
我的钱包 	自主访问 	访客通过我的钱包进入到店铺，包括京豆、优惠券、白条、京东卡/E 卡等。 							
购物车 	自主访问 	访客通过购物车页面，以及相应的支付页面等进入店铺。 							
结算页 	自主访问 	用户通过购买商品的整个结算支付流程中的页面进入店铺。 							
京东搜索 	搜索流量 	访客在京东 app 首页输入关键词进行搜索，通过搜索结果页进入店铺的来源。 							
发现好货 	内容流量 	通过发现好货上的任意位置进入店铺。 							
发现好店 	内容流量 	访客通过发现好店页面进入店铺。 							
精选 	内容流量 	访客通过这个模块进入店铺。 							
社区 	内容流量 	访客通过这个模块的任意页面进入店铺。 							
浏览记录 	京东站内其他 	访客通过我的京东页面上的浏览记录访问店铺。 							
京东会员 	京东站内其他 	访客京东会员页面进入店铺，包括会员权益、任务中心、会员专享等。 							
评价中心 	京东站内其他 	访客通过我的京东首页的待评价点击到达评价中心，通过评价中心的页面进入店铺。 							
消息中心 	京东站内其他 	访客通过京东 app 右上角消息中心里的内容点击进入店铺。 							
分类列表 	京东站内其他 	访客通过分类列表页上的任意点击位进入店铺。 							
我的关注 	京东站内其他 	访客通过这个模块进入店铺。 							
京东综合活动 	活动流量 	访客通过各种活动页面进入店铺。 							
									
经营模式 	收入类型 	2017 年度 	2017 年度 	2016 年度 	2016 年度 	2015 年度 	2015 年度 		
经营模式 	收入类型 	收入 	占比 	收入 	占比 	收入 	占比 		
线上代运营模式 	线上代运营收入 	40,061.11 	59.47% 	25,200.87 	66.64% 	10,755.19 	57.64% 		
其中：零售结算 	其中：零售收入 	32,821.52 	48.72% 	20,644.65 	54.59% 	8,034.64 	43.06% 		
服务费结算 	运营服务收入 	7,239.60 	10.75% 	4,556.21 	12.05% 	2,720.54 	14.58% 		
渠道分销模式 	分销收入 	24,009.55 	35.64% 	11,915.79 	31.51% 	7,902.79 	42.36% 		
品牌策划模式 	策划服务收入 	3,293.00 	4.89% 	702.34 	1.86% 	- 	- 		
- 	营业收入合计 	67,363.66 	100.00% 	37,818.99 	100.00% 	18,657.97 	100.00% 		
									
序号 	客户名称 	收入金额（万元） 	收入金额（万元） 	占当期营业收入比例 					
1 	美赞臣营养品（中国）有限公司 	1,324.86   	1,324.86   	1.97% 					
2 	Swisse China Limited 	696.24   	696.24   	1.03% 					
3 	康贝（上海）有限公司 	683.27   	683.27   	1.01% 					
4 	TCA KOREA CO., LTD 	650.52   	650.52   	0.97% 					
5 	湖北丝宝股份有限公司 	574.96   	574.96   	0.85% 					
合计 	合计 	合计 	3,929.85 	3,929.85 	5.83% 				
									
序号 	客户名称 	收入金额（万元） 	占当期营业收入比例 						
1 	康贝（上海）有限公司 	  633.51   	1.68% 						
序号 	客户名称 	收入金额（万元） 	占当期营业收入比例 						
2 	广州市合生元生物制品有限公司 	  532.16   	1.41% 						
3 	宝光通城（上海）商贸有限公司 	  434.92   	1.15% 						
4 	湖北丝宝股份有限公司 	  370.50   	0.98% 						
5 	美赞臣营养品（中国）有限公司 	  369.42   	0.98% 						
合计 	合计 	2,340.51 	6.19% 						
									
序号 	客户名称 	收入金额（万元） 	占当期营业收入比例 						
1 	广州市合生元生物制品有限公司 	1,292.47 	6.93% 						
2 	湖北比度克生物科技有限公司 	857.34 	4.60% 						
3 	上海谷百电子商务有限公司 	188.44 	1.01% 						
4 	上海家化电子商务有限公司 	101.08 	0.54% 						
5 	北京润美生国际贸易有限公司 	91.18 	0.49% 						
合计 	合计 	2,530.50 	13.56% 						
									
序号 	客户名称 	电商名称 	收入金额 （万元） 	占当期营业 收入比例 					
1 	北京京东世纪贸易有限公司 	京东自营 	12,463.10 	18.50% 					
2 	唯品会（中国）有限公司 	唯品会 	6,641.91 	9.86% 					
3 	天津猫超电子商务有限公司 	天猫超市 	812.60 	1.21% 					
4 	飞起来健康国际发展有限公司 	- 	456.99 	0.68% 					
5 	浙江集商网络科技有限公司 	云集商城 	366.30 	0.54% 					
合计 	合计 	合计 	20,740.90 	30.79% 					
									
序号 	客户名称 	电商名称 	收入金额 （万元） 	占当期营业收入比例 					
1 	北京京东世纪贸易有限公司 	京东自营 	4,709.88 	12.45% 					
2 	唯品会（中国）有限公司 	唯品会 	2,806.04 	7.42% 					
3 	苏州聚美优品信息技术有限公司 	聚美优品 	1,130.37 	2.99% 					
4 	浙江集商网络科技有限公司 	云集商城 	587.28 	1.55% 					
5 	天津猫超电子商务有限公司 	天猫超市 	577.65 	1.53% 					
合计 	合计 	合计 	9,811.22 	25.94% 					
									
序号 	客户名称 	电商名称 	收入金额 （万元） 	占当期营业收入比例 					
1 	苏州聚美优品信息技术有限公司 	聚美优品 	2,529.56 	13.56% 					
2 	北京京东世纪贸易有限公司 	京东自营 	2,413.73 	12.94% 					
3 	唯品会（中国）有限公司 	唯品会 	1,109.32 	5.95% 					
4 	纽海信息技术（上海）有限公司 	1 号店 	314.22 	1.68% 					
5 	蜜芽宝贝（天津）信息技术有限公司 	蜜芽 	248.97 	1.33% 					
合计 	合计 	合计 	6,615.79 	35.46% 					
									
服务模式 	线上代运营模式 	线上代运营模式 	渠道分销模式 						
服务内容 	店铺运营服务 	店铺运营服务 	货物分销，并基于电商客户要求提供配套服务 						
与品牌方的结算方式 	销售商品差价 	服务费结算 	销售商品差价 						
与品牌方的资金方向 	发行人→品牌方 	品牌方→发行人 	发行人→品牌方 						
收入类型 	零售收入 	运营服务收入 	分销收入 						
成本类型 	采购成本 	人力成本 	采购成本 						
品牌方身份 	供应商 	客户 	供应商 						
									
序号 	供应商名称 	采购金额（万元） 	占当期采购总额比例 						
1 	JK INTERNATIONAL CO., LTD. 	13,176.25     	24.23% 						
2 	美赞臣营养品（中国）有限公司 	9,196.72   	16.91% 						
3 	福达（中国）投资有限公司 	4,970.71   	9.14% 						
4 	北京隆盛泰健康科技股份有限公司   	4,922.42   	9.05% 						
5 	维达商贸有限公司 	3,122.87   	5.74% 						
合计 	合计 	35,388.98     	65.07% 						
									
序号 	供应商名称 	采购金额（万元） 	占当期采购总额比例 						
1 	北京隆盛泰健康科技股份有限公司 	  5,477.03   	20.23% 						
2 	美赞臣营养品（中国）有限公司 	  4,662.09   	17.22% 						
3 	JK INTERNATIONAL CO., LTD. 	  2,580.90   	9.53% 						
4 	广东景兴健康护理实业股份有限公司 	  2,311.52   	8.54% 						
5 	北京润美生国际贸易有限公司 	  1,363.92   	5.04% 						
合计 	合计 	16,395.47   	60.55% 						
									
序号 	供应商名称 	采购金额（万元） 	占当期采购总额比例 						
1 	北京隆盛泰健康科技股份有限公司 	5,170.45 	35.75% 						
2 	广东景兴健康护理实业股份有限公司 	2,365.78 	16.36% 						
3 	湖北比度克生物科技有限公司 	2,178.08 	15.06% 						
序号 	供应商名称 	采购金额（万元） 	占当期采购总额比例 						
4 	思亲肤化妆品贸易（上海）有限公司 	  1,175.58   	8.13% 						
5 	北京润美生国际贸易有限公司 	  965.04   	6.67% 						
合计 	合计 	11,854.93 	81.97% 						
									
类别 	原值 	累计折旧 	净值 	减值准备 	净额 	成新率 			
办公设备 	469.41 	316.39   	153.03   	- 	153.03   	52.40% 			
运输设备 	132.52 	84.58   	47.94   	- 	47.94   	46.07% 			
合计 	601.93 	400.97   	200.96   	- 	200.96   	47.52% 			
									
序号 	商标权人 	商标样式 	注册号 	核定使用商品 	有效期 				
1 	若羽臣 	 	17136155 	第 36 类 	2016/08/21-2026/08/20 				
序号 	商标权人 	商标样式 	注册号 	核定使用商品 	有效期 				
2 	若羽臣 	 	17136175 	第 38 类 	2016/08/21-2026/08/20 				
3 	若羽臣 	 	17136107 	第 29 类 	2016/08/21-2026/08/20 				
4 	若羽臣 	 	17135389 	第 10 类 	2016/08/21-2026/08/20 				
5 	若羽臣 	 	17136238 	第 41 类 	2016/10/28-2026/10/27 				
6 	若羽臣 	 	17135561 	第 12 类 	2016/08/21-2026/08/20 				
7 	若羽臣 	 	17135611 	第 16 类 	2016/08/21-2026/08/20 				
8 	若羽臣 	 	17136254 	第 42 类 	2016/08/21-2026/08/20 				
9 	若羽臣 	 	17136281 	第 45 类 	2016/08/21-2026/08/20 				
10 	若羽臣 	 	17135100 	第 5 类 	2016/08/21-2026/08/20 				
11 	若羽臣 	 	17135475 	第 11 类 	2016/08/07-2026/08/06 				
12 	若羽臣 	 	17134981 	第 3 类 	2016/08/21-2026/08/20 				
13 	若羽臣 	 	17135694 	第 18 类 	2016/08/21-2026/08/20 				
14 	若羽臣 	 	17135289 	第 9 类 	2016/10/28-2026/10/27 				
15 	若羽臣 	 	17135195 	第 8 类 	2016/10/28-2026/10/27 				
16 	若羽臣 	 	17135771 	第 20 类 	2016/08/07-2026/08/06 				
17 	若羽臣 	 	17135848 	第 21 类 	2016/08/21-2026/08/20 				
序号 	商标权人 	商标样式 	注册号 	核定使用商品 	有效期 				
18 	若羽臣 	 	17135954 	第 25 类 	2016/08/21-2026/08/20 				
19 	若羽臣 	 	17135903 	第 24 类 	2016/08/21-2026/08/20 				
20 	若羽臣 	 	17136052 	第 28 类 	2016/08/07-2026/08/06 				
21 	若羽臣 	 	17135997 	第 26 类 	2016/10/28-2026/10/27 				
22 	若羽臣 	 	14849216 	第 11 类 	2015/07/21-2025/07/20 				
23 	若羽臣 	 	14847876 	第 9 类 	2015/07/21-2025/07/20 				
24 	若羽臣 	 	14847935 	第 5 类 	2015/07/21-2025/07/20 				
25 	若羽臣 	 	14848443 	第 28 类 	2015/07/21-2025/07/20 				
26 	若羽臣 	 	14848576 	第 45 类 	2015/07/21-2025/07/20 				
27 	若羽臣 	 	14848643 	第 8 类 	2015/07/21-2025/07/20 				
28 	若羽臣 	 	14853832 	第 18 类 	2015/07/21-2025/07/20 				
29 	若羽臣 	 	14847802 	第 3 类 	2015/07/21-2025/07/20 				
30 	若羽臣 	 	14848004 	第 10 类 	2015/07/21-2025/07/20 				
31 	若羽臣 	 	14848075 	第 12 类 	2015/07/21-2025/07/20 				
32 	若羽臣 	 	14848175 	第 20 类 	2015/07/21-2025/07/20 				
33 	若羽臣 	 	14848277 	第 24 类 	2015/07/21-2025/07/20 				
34 	若羽臣 	 	14848225 	第 21 类 	2015/07/21-2025/07/20 				
35 	若羽臣 	 	14848326 	第 25 类 	2015/07/21-2025/07/20 				
36 	若羽臣 	 	14848380 	第 26 类 	2015/07/21-2025/07/20 				
37 	若羽臣 	 	14848478 	第 35 类 	2015/07/21-2025/07/20 				
序号 	商标权人 	商标样式 	注册号 	核定使用商品 	有效期 				
38 	若羽臣 	 	14848518 	第 42 类 	2015/07/21-2025/07/20 				
									
序号 	软件名称 	著作权人 	登记号 	开发完成日 	首次发表日 				
1 	若羽臣仓库内部运营管理系统V1.0 	若羽臣 	2015SR176245 	2014.11.02 	2014.11.02 				
2 	若羽臣促销活动信息采集管理系统 V1.0 	若羽臣 	2015SR176291 	2015.01.02 	2015.01.03 				
3 	若羽臣电商物流管理软件 V1.0 	若羽臣 	2015SR176288 	2015.06.15 	2015.07.01 				
4 	若羽臣电商自动化结算软件V1.0 	若羽臣 	2015SR176359 	2015.07.10 	2015.07.12 				
5 	若羽臣订单管理系统 V1.0 	若羽臣 	2015SR176915 	2014.02.03 	2014.02.06 				
6 	若羽臣品牌商品推广信息管理系统 V1.0 	若羽臣 	2015SR176362 	2015.03.21 	2015.03.28 				
7 	若羽臣商品效期管理软件 V1.0 	若羽臣 	2015SR176720 	2014.01.18 	2014.01.20 				
8 	基于 IOS APP 电子商务平台开发系统 V1.0 	若羽臣 	2016SR073387 	2015.09.08 	2015.09.17 				
9 	基于安卓 APP 电子商务平台开发系统 V1.0 	若羽臣 	2016SR073358 	2015.09.24 	2015.10.08 				
10 	若羽臣CRM客户管理开发系统V1.0 	若羽臣 	2016SR075366 	2015.10.08 	2015.10.15 				
11 	若羽臣电子商务平台开发系统V1.0 	若羽臣 	2016SR088040 	2015.09.17 	2015.10.15 				
12 	若羽臣分销管理开发系统 V1.0 	若羽臣 	2016SR075109 	2015.10.29 	2015.11.10 				
13 	若羽臣客户社交平台开发系统V1.0 	若羽臣 	2016SR072416 	2015.11.18 	2015.12.16 				
14 	若羽臣移动办公集合开发系统V1.0 	若羽臣 	2016SR075333 	2016.01.06 	2016.01.13 				
15 	实时经营数据统计及大数据营销分析系统 V1.0 	若羽臣 	2016SR075116 	2016.02.02 	2016.02.05 				
16 	若羽臣营销活动管理软件 V1.0 	若羽臣 	2017SR660937 	2017.10.04 	2017.10.06 				
17 	若羽臣渠道运营管理软件 V1.0 	若羽臣 	2017SR660505 	2017.10.16 	2017.10.18 				
序号 	软件名称 	著作权人 	登记号 	开发完成日 	首次发表日 				
18 	若羽臣多仓管理软件 V1.0 	若羽臣 	2017SR664709 	2017.10.01 	2017.10.02 				
19 	若羽臣零售业务经营管理软件V1.0 	若羽臣 	2017SR660484 	2017.10.12 	2017.10.14 				
20 	若羽臣业务数据同步软件系统V1.0 	若羽臣 	2017SR659801 	2017.10.08 	2017.10.10 				
21 	蓓茁电商数据管理系统 V1.0 	广州蓓茁 	2016SR217304 	2016.02.11 	未发表 				
22 	蓓茁客户服务软件 V1.0 	广州蓓茁 	2016SR217174 	2016.02.18 	未发表 				
23 	蓓茁内部资源共享软件 V1.0 	广州蓓茁 	2016SR219905 	2016.04.08 	未发表 				
24 	蓓茁仓储管理软件 V1.0 	广州蓓茁 	2016SR217131 	2016.04.14 	未发表 				
25 	蓓茁电商结算管理软件 V1.0 	广州蓓茁 	2016SR219311 	2016.06.09 	未发表 				
26 	蓓茁订单管理软件 V1.0 	广州蓓茁 	2016SR219077 	2016.04.01 	未发表 				
27 	蓓茁业务管理软件 V1.0 	广州蓓茁 	2016SR219291 	2016.06.15 	未发表 				
28 	蓓茁业务数据同步软件系统V1.0 	广州蓓茁 	2017SR660879 	2017.10.14 	2017.10.16 				
29 	蓓茁多仓管理软件 V1.0 	广州蓓茁 	2017SR660888 	2017.10.04 	2017.10.06 				
30 	蓓茁仓内运营管理软件 V2.0 	广州蓓茁 	2017SR659886 	2017.10.08 	2017.10.10 				
									
序号 	域名名称 	主体 	网站备案/许可证号 	到期日 					
1 	www.gzruoyuchen.com 	若羽臣 	粤 ICP 备 14084690 号-1 	2020 年 4 月 6 日 					
2 	www.ruoyuchen.cn 	若羽臣 	粤 ICP 备 14084690 号-2 	2020 年 9 月 5 日 					
3 	www.rycservice.com 	若羽臣 	粤 ICP 备 14084690 号-3 	2020 年 5 月 6 日 					
4 	www.ryccloud.com 	若羽臣 	粤 ICP 备 14084690 号-4 	2019 年 5 月 3 日 					
5 	www.gzruoyuchen.com.cn 	若羽臣 	粤 ICP 备 14084690 号-5 	2018 年 7 月 22 日 					
6 	www.gzdakoo.com 	广州大可 	粤 ICP 备 17151018 号-1 	2022 年 9 月 22 日 					
									
序号 	出租人 	承租人 	租赁地址 	租赁面积（平方米） 	用途 	租赁期限 	房屋产权证书号 		
1 	广州市明和实业有限公司 	若羽臣 	广州市天河区珠江东路 16 号 3201 房全层单元 	2,216.75 	总部办公场所 	2016.7.1- 2019.6.30 	粤（2016）广州市不动产权第00037186 号 		
2 	广州市明和实业有限公司 	若羽臣 	广州市天河区珠江东路 16 号 3301 房之自编 05 单元 	311.18 	总部办公场所 	2017.10.1- 2019.6.30 	粤（2016）广州市不动产权第00037185 号 		
3 	广州市明和实业有限公司 	若羽臣 	广州市天河区珠江东路 16 号 3401 房之自编 0106A 单元 	528.74 	总部办公场所 	2018.2.14- 2019.6.30 	粤（2016）广州市不动产权第00037184 号 		
4 	广州兴昌机电有限公司 	若羽臣 	广州经济技术开发区永和经济区桑田一路1 号广州兴昌机电有限公司厂房 	18,356.79 	仓库 	2016.8.1- 2018.7.31 	粤房地权证穗字第 0550019205号 		
序号 	出租人 	承租人 	租赁地址 	租赁面积（平方米） 	用途 	租赁期限 	房屋产权证书号 		
5 	周伟民 	若羽臣 	广州市黄埔区黄埔东路 1080 自编 1 栋万科黄埔仓 TI 栋 12 楼 03号 	87.71 	客服办公场所  	2018.3.15- 2021.3.14 	出租人未提供 		
6 	杭州富民投资有限公司 	若羽臣 	杭州市西湖区学院路77 号黄龙国际中心 H楼地上 18 层整层（房号为 01、02、03） 	597.98 	杭州分公司办公场所 	2015.5.10- 2018.5.9 	杭房权证西字第15989373 号 		
									
公司名称 	备案登记表编号 	进出口企业代码 							
若羽臣 	01980603 	4401574030356 							
宁波姿雅惠 	01890625 	3302340496188 							
									
公司名称 	海关注册编码 	有效期 	登记机关 						
若羽臣 	4401963CC1 	长期 	黄埔老港海关 						
宁波姿雅惠 	3302962MJ2 	长期 	宁波海关 						
									
公司名称 	备案类别 	备案号码 	颁发时间 	发证机关 					
若羽臣 	自理企业 	4401614222 	2017 年 3 月 15 日 	广东出入境检验检疫局 					
宁波姿雅惠 	自理企业 	3809600297 	2015 年 8 月 27 日 	宁波出入境检验检疫局 					
									
公司名称 	许可书编号 	许可书编号 	许可范围/经营项目 	有效期 					
若羽臣 	JY14401120012474 	JY14401120012474 	预包装食品销售（不含冷藏冷	2017.10.13-2021.6.27 					
公司名称 	许可书编号 	许可书编号 	许可范围/经营项目 	有效期 					
冻食品），特殊食品销售（保健食品、婴幼儿配方乳粉） 									
批发兼零售：预包装食品（含酒精饮料）；乳制品（含婴幼儿配方乳粉） 	2015.8.12-2018.8.11 								
预包装食品销售（不含冷藏冷冻食品） 	2017.7.24-2022.7.23 								
									
广州酷宝儿 	SP4401061511044771 								
广州蓓茁 	JY14401060220262 								
									
公司名称 	许可书编号 	经营范围 	有效期 						
广州酷宝儿 	新出发穗图批字第4401100581 号 	国内版图书、报纸、期刊、电子出版物、音像制品批发零售 	2016.8.24-2021.3.31 						
									
公司名称 	证书名称及编号/ 备案号 	经营方式 	经营范围 	发证/备案部门 	有效期/ 备案日期 				
若羽臣 	医疗器械经营许可证（粤穗食药监械经营许 20180017 号） 	批零兼营 	III 类 6822 医用光学器具、仪器及内窥镜设备（软性角膜接触镜及护理液） 	广州市食品药品监督管理局 	2017.12.25- 2022.12.24 				
若羽臣 	粤穗食药监械经营备20172760 号 	批零兼营 	II 类医疗器械（不含体外诊断试剂） 	广州市食品药品监督管理局 	2017.12.04 				
									
项目 	2017 年度 	2016 年度 	2015 年度 						
研发投入 	2,219.25 	1,386.41 	944.14 						
营业收入 	67,363.66 	37,818.99 	18,657.97 						
所占比例 	3.29% 	3.67% 	5.06% 						
									
奖项名称 	颁发时间 	颁奖机构 							
天猫母婴 2017 最佳服务商 	2018 年 3 月 	天猫 							
2017 年下半年“五星级服务商” 	2018 年 1 月 	天猫 							
广东省工业和信息化领域电子商务试点单位 	2017 年 9 月 	广东省经济和信息化委员会 							
奖项名称 	颁发时间 	颁奖机构 							
2017 年广东省电子商务“百佳优质服务商” 	2017 年 7 月 	广东省电子商务协会 							
2016 年度品牌营销奖（金服奖） 	2017 年 3 月 	阿里妈妈 							
高新技术企业 	2016 年 11 月 	广东省科学技术厅、广东省财政厅、广东省国家税务局、广东省地方税务局 							
2016 年度最具影响力电商企业 	2016 年 9 月 	广东省电子商务商会 							
广州市企业研发机构 	2016 年 3 月 	广州市科技创新委员会 							
广州市科技创新小巨人企业 	2016 年 6 月 	广州市科技创新委员会 							
2015 年度阿里妈妈营销拍档成长之星 	2016 年 3 月 	阿里妈妈 							
2015 下半年天猫运营服务类淘拍档母婴行业银牌 	2016 年 3 月 	阿里巴巴集团 							
2015 年度极具价值电商服务机构 	2016 年 3 月 	广东省网商协会 							
广东省电子商务示范企业（2015—2016） 	2015 年 12 月 	广东省商务厅 							
中国电商创新成长奖“最佳电商代运营服务”及“最佳网络营销服务” 	2015 年 9 月 	2015 全球互联网经济大会 							
2015 广东省电商企业 100 强 	2015 年 8 月 	广东省电子商务协会 							
									
项目 	2017 年度 	2016 年度 	2015 年度 						
									
研发投入 	2,164.14 	1,386.41 	944.14 						
									
合并报表营业收入 	67,363.66 	37,818.99 	18,657.97 						
所占比例 	3.21% 	3.67% 	5.06% 						
所占比例 	3.21% 	3.67% 	5.06% 						
									
项目 	2017 年度 	2016 年度 	2015 年度 						
									
人员人工 	1,466.73 	912.88 	591.31 						
									
直接投入 	265.29 	142.97 	301.11 						
固定资产折旧费用 	21.60 	29.66 	26.65 						
固定资产折旧费用 	21.60 	29.66 	26.65 						
									
无形资产摊销 	15.82 	36.32 	- 						
									
其他费用 	105.11 	264.59 	25.07 						
境内的外部研发投入额 	289.59 	- 	- 						
境内的外部研发投入额 	289.59 	- 	- 						
合计 	2,164.14 	1,386.41 	944.14 						
									
板块名称 	模块介绍 	主要模块 或功能 	具体内容 						
财务管理 	帮助公司财务管理从会计核算型向经营决策型转变，全面满足日常财务核算、资金管理、预算管理、资产管理、财务报告等财务业务的管理。 	总帐管理 	以凭证处理为主线，提供凭证处理、预提摊销、自动转账、期末调汇、结转损益等会计核算功能，还提供科目预算、科目计息、往来核算、现金流量处理等财务管理功能，以及从总账到凭证的数据联查、多维辅助核算和多调整期间功能，同时为满足公司内各成员企业即时确认往来信息的需要，提供内部往来协同功能，保证内部往来信息的及时性和准确性。 						
财务管理 	帮助公司财务管理从会计核算型向经营决策型转变，全面满足日常财务核算、资金管理、预算管理、资产管理、财务报告等财务业务的管理。 	报表管理 	支持财务报表编制人员快速便捷地出具各种管理报表，提供报表编制、查询、审核、打印、联查和分析等业务管理功能，以及灵活、丰富的取数公式和强大的账表联查功能。 						
财务管理 	帮助公司财务管理从会计核算型向经营决策型转变，全面满足日常财务核算、资金管理、预算管理、资产管理、财务报告等财务业务的管理。 	预算管理 	支持财务人员实现全面有效的预算管理，提供面向公司总部和下属子公司的预算管理系统，通过预算编制、预算调整、预算控制、绩效分析来规划经营活动，做到企业和集团经营的事前规划、事中控制和事后分析评估。 						
财务管理 	帮助公司财务管理从会计核算型向经营决策型转变，全面满足日常财务核算、资金管理、预算管理、资产管理、财务报告等财务业务的管理。 	资金管理 	支持财务人员实现公司资金的整体管理与调配，提供全面的资金统一管理系统，以业务为中心、财务为核心，对资金计划及控制、资金结算、融资、存款、利息计算、资金报表、资金分析等进行一体化管理。 						
供应链管理 	将采购活动与销售、物流以及仓储等环节链接起	采购管理 	帮助采购人员提高工作质量和效率，加强采购业务过程监管，提供从采购申请、订单、收货/入库、退货到付款的业务管理功能，支持供应商、价格、批号等采购业务处理。 						
板块名称 	模块介绍 	主要模块 或功能 	具体内容 						
来，协调公司内外资源共同满足消费者需求。 	库存管理 	支持仓储系统顺利运行，提供入/出库业务、仓存调拨、库存调整、虚仓等业务管理功能，支持批次、物料对应、盘点、即时库存校对等业务管理功能。 							
来，协调公司内外资源共同满足消费者需求。 	采购策略 	使用一系列可控制采购流程的采购策略规则强制推行采购策略。 							
来，协调公司内外资源共同满足消费者需求。 	采购报告 	根据供应商供货能力、配货效率以及采购开支费用等指标生成相关事务报告、分析报告。 							
基于客户行为数据，分析客户需求偏好，减少客户流失现象，提升 店 铺 运 营 效果。 	营销自动化 	支持常规型营销自动化执行；支持多任务、个性化营销方案制定；支持阶段性营销目标制定。 							
基于客户行为数据，分析客户需求偏好，减少客户流失现象，提升 店 铺 运 营 效果。 	会员精细管理 	支持基于客服生命周期的客户分层模式；支持逻辑条件自由组合筛选；根据客户交易节点，精准定位目标客户。 							
基于客户行为数据，分析客户需求偏好，减少客户流失现象，提升 店 铺 运 营 效果。 	店铺管理 	支持询单、评价和物流工具整合快速定位店铺服务过程缺陷；支持客户行为接触点分析；支持店铺 DSR 提升方案制定。 							
基于客户行为数据，分析客户需求偏好，减少客户流失现象，提升 店 铺 运 营 效果。 	数据整合 	实现运营平台及服务工具无缝对接；提供店铺数据库支撑；支持自定义数据报表输出；支持数据分析模型制定与业务指导建议。 							
通过管理及跟踪订单的进展和完成情况，提升订单处理效率，优化消费者购物体验，增强公司的市场竞争力。 	订单分类 	支持从库存中心、会员体系以及分销渠道、运营中心等维度进行订单分类。 							
通过管理及跟踪订单的进展和完成情况，提升订单处理效率，优化消费者购物体验，增强公司的市场竞争力。 	配货管理 	根据预设的快递范围以及快递成本匹配快递；根据人工指定的仓库优先级，确定配货模式；根据仓库或者门店的配送覆盖范围决定配货单的适配仓。 							
通过管理及跟踪订单的进展和完成情况，提升订单处理效率，优化消费者购物体验，增强公司的市场竞争力。 	仓储连接 	支持从级别、类别、货位、批次、单件等不同角度显示库存物品情况，便于企业可以及时了解和控制库存业务。 							
通过管理及跟踪订单的进展和完成情况，提升订单处理效率，优化消费者购物体验，增强公司的市场竞争力。 	发票管理 	根据订单要求，自动开具并发送电子发票。 							
通过库存管理、运输管理以及质量管理等功能模式，有效控制并跟踪仓库业务的产品流向和费用成本。 	库存管理 	支持与供应商、供销平台以及分销商的库存信息实时共享；支持库存配额管理，解决分销商活动问题，防止超卖产生；支持区域限售，避免无货下单现象。 							
通过库存管理、运输管理以及质量管理等功能模式，有效控制并跟踪仓库业务的产品流向和费用成本。 	运输管理 	支持自动记录、跟踪、存储产品及承运人的各类信息，包括运单号、运费、配送节点等。 							
通过库存管理、运输管理以及质量管理等功能模式，有效控制并跟踪仓库业务的产品流向和费用成本。 	质量管理 	提供供应商评估、采购检验、工序检验、产品检验、发货检验、退货检验等质量管理功能，帮助质管人员提高质量管理效率，避免出现产品质量事故。 							
利用完善的人力资源管理功能框架，记录、存储和 管 理 员 工 记录、员工招聘和培训等信息。 	考勤管理 	支持人力资源人员实现准确的考勤管理和排班业务，提供适应各类企业的考勤排班、考勤计算、假期管理、加班管理等功能，以及提供准确的考勤数据用于薪酬核算。 							
利用完善的人力资源管理功能框架，记录、存储和 管 理 员 工 记录、员工招聘和培训等信息。 	薪酬管理 	薪酬模版设定，基于考勤和绩效自动核算薪资并电子下发；支持社保增／删／改／查半自动处理。 							
利用完善的人力资源管理功能框架，记录、存储和 管 理 员 工 记录、员工招聘和培训等信息。 	培训管理 	支持人力资源人员实现规范的培训管理，提供培训需求征集、培训规划制定、培训活动管理、培训记录管理和培训总结等业务管理功能。 							
板块名称 	模块介绍 	主要模块 或功能 	具体内容 						
招聘管理 	考勤管理帮助企业人力资源人员实现准确的考勤管理和排班业务，提供适应各类企业的考勤排班、考勤计算、假期管理、加班管理等功能，以及提供准确的考勤数据用于薪酬核算。 								
知识管理 	支持音频／视频／文档等学习材料归档整理；支持知识快速检索和分享；支持个人知识快速整理。 								
即时通信 	开发移动应用终端，支持公司内部社交拓展，开发红包派发和工作心得分享等功能。 								
流程管理 	提供任务管理、审理管理、日程管理等板块支持完全可自定义的企业工作流，嵌套、并行、分支、循环等流程模式，提供严格的权限控制、流程日志和意见一览等功能 								
会议服务 	支持会议时间、地点以及参会人员的半自动安排；支持半自动化会议记录及分享；开发决策表决投票功能。 								
企业门户 	以流程核心为基础，提供个人主页、部门事务和系统主页等模块，同时满足企业员工个人、领导和部门内部的时时沟通的需要。 								
目标管理 	支持决策管理人员进行企业战略实施监控，提供了包括企业愿景、企业目标、企业战略、以及平衡计分卡、战略地图和风险管理、指标因素定义、KPI 指标库、KPI 执行分析表、目标检查等完整的企业绩效管理体系建立和监控功能，推动企业目标实现。此外，还提供分析模型设计器，满足企业个性化的绩效管理需要。 								
项目管理 	支持项目的计划、创建、管理、控制工作，具体包括设备、人员、资金等资源管理等，使公司高级管理人员及项目人员能及时、高效了解项目进度及实施难点、重点，保障项目的顺利进行。 								
运营分析 	支持标准化、图形化的关键绩效指标监控、业务报表分析、覆盖企业经营全过程的即时智能查询、以及日常工作集中处理等功能，帮助管理者快速做出企业经营管理的正确决策。 								
									
客户关系管理 									
订单管理 									
仓储管理 									
人力资源管理 									
									
协同办公 	帮助公司创建电子化的工作环境和知识门户，提供公共信息、行政事务、个人信息和协同办公等事务处理功能。 								
商业智能 	使用灵活和可自定义的分析工具分析影响盈利能力的因素，并提供 相 关 解 决 方案。 								
									
