攻克治疗性输液与非 	攻克治疗性输液与非 	PVC 	包材结 				
							
合技术难关，国内率先开发出非 	合技术难关，国内率先开发出非 	合技术难关，国内率先开发出非 	合技术难关，国内率先开发出非 	合技术难关，国内率先开发出非 			
合技术难关，国内率先开发出非 	合技术难关，国内率先开发出非 	合技术难关，国内率先开发出非 	合技术难关，国内率先开发出非 	合技术难关，国内率先开发出非 			
PVC 							
							
 							
							
开发出国家级新药 	开发出国家级新药 						
奥硝唑胶囊 							
							
 							
							
开发出国家级新 	开发出国家级新 						
药奥硝唑氯化钠 	药奥硝唑氯化钠 						
注射液 							
							
 							
							
二十一世纪初定位 	二十一世纪初定位 						
手术期药品战略 							
							
 							
							
针对手术期治疗对药品安全性要 	针对手术期治疗对药品安全性要 	针对手术期治疗对药品安全性要 	针对手术期治疗对药品安全性要 				
求特点，筹建陕西省第一个现代 	求特点，筹建陕西省第一个现代 	求特点，筹建陕西省第一个现代 	求特点，筹建陕西省第一个现代 				
化非 	化非 	PVC 	软袋输液生产车间 				
							
筹建玻瓶输液车间及 	筹建玻瓶输液车间及 						
生产线 							
							
 							
							
 							
							
自主研发全密闭输液生产技 	自主研发全密闭输液生产技 						
术，产品安全性指标达到国 	术，产品安全性指标达到国 						
际先进水平 							
							
 							
							
玻瓶生产车间完成 	玻瓶生产车间完成 						
GMP 							
							
 							
							
业务收入构成 	2017年 	2017年 	2016年 	2016年 	2015年 	2015年 	
业务收入构成 	金额 	比例 	金额 	比例 	金额 	比例 	
奥硝唑系列制剂 	23,690.63 	75.08% 	15,155.41   	77.12% 	16,143.76 	79.48% 	
其中：玻瓶奥硝唑 	7,677.55 	24.33% 	5,961.29   	30.33% 	6,274.88 	30.89% 	
非PVC软袋奥硝唑 	14,209.67 	45.03% 	7,429.95   	37.81% 	8,166.06 	40.21% 	
奥硝唑胶囊 	1,803.41 	5.72% 	1,764.17   	8.98% 	1,702.82 	8.38% 	
其他输液类药品 	6,087.36 	19.29% 	3,711.61   	18.89% 	3,396.41 	16.72% 	
其中：复方右旋糖酐40 	2,980.21 	9.44% 	1,844.32   	9.39% 	1,720.77 	8.47% 	
其中：复方右旋糖酐40 	2,980.21 	9.44% 	1,844.32   	9.39% 	1,720.77 	8.47% 	
加替沙星注射液 	190.29 	0.60% 	223.33   	1.14% 	274.05 	1.35% 	
加替沙星注射液 	190.29 	0.60% 	223.33   	1.14% 	274.05 	1.35% 	
丙氨酰谷氨酰胺 	2,916.86 	9.24% 	1,643.95   	8.37% 	1,401.59 	6.90% 	
丙氨酰谷氨酰胺 	2,916.86 	9.24% 	1,643.95   	8.37% 	1,401.59 	6.90% 	
中成药制剂 	359.14 	1.14% 	263.12   	1.34% 	426.81 	2.10% 	
中成药制剂 	359.14 	1.14% 	263.12   	1.34% 	426.81 	2.10% 	
其他药品 	1,418.16 	4.49% 	521.50   	2.65% 	343.77 	1.69% 	
其中：乌苯美司片 	786.75 	2.49% 	 209.91   	1.07% 	- 	- 	
合计 	31,555.28 	100.00% 	19,651.63   	100.00% 	20,310.76 	100.00% 	
							
销售区域 	2017年 	2017年 	2016年 	2016年 	2015年 	2015年 	
销售区域 	金额 	比例 	金额 	比例 	金额 	比例 	
华北地区 	4,502.11   	14.27% 	2,037.53 	10.37% 	2,123.92 	10.46% 	
华东地区 	8,094.61   	25.65% 	6,672.52 	33.95% 	7,150.82 	35.21% 	
华东地区 	8,094.61   	25.65% 	6,672.52 	33.95% 	7,150.82 	35.21% 	
华中地区 	4,039.11   	12.80% 	3,183.92 	16.20% 	3,159.58 	15.56% 	
东北地区 	3,360.66   	10.65% 	1,864.92 	9.49% 	1,610.08 	7.93% 	
华南地区 	1,441.44 	4.57% 	1,107.29 	5.63% 	1,226.42 	6.04% 	
华南地区 	1,441.44 	4.57% 	1,107.29 	5.63% 	1,226.42 	6.04% 	
西南地区 	4,524.22     	14.34% 	1,912.84 	9.73% 	2,049.21 	10.09% 	
西北地区 	5,593.13   	17.72% 	2,872.60 	14.62% 	2,990.72 	14.72% 	
合计 	31,555.28   	100.00% 	19,651.63 	100.00% 	20,310.76 	100.00% 	
合计 	31,555.28   	100.00% 	19,651.63 	100.00% 	20,310.76 	100.00% 	
							
部门 	主要监管职能 						
国家食品药品监督管理总局及其各级机构 	起草药品管理相关法律法规并监督实施；注册药品，拟订国家药品标准；制订处方药和非处方药分类管理制度，负责药品再评价和制订国家基本药物目录；拟订药品研究、生产、流通、使用方面的质量管理规范并监督实施；监督生产、经营企业和医疗机构的药品质量。 						
国家食品药品监督管理总局及其各级机构 	起草药品管理相关法律法规并监督实施；注册药品，拟订国家药品标准；制订处方药和非处方药分类管理制度，负责药品再评价和制订国家基本药物目录；拟订药品研究、生产、流通、使用方面的质量管理规范并监督实施；监督生产、经营企业和医疗机构的药品质量。 						
卫计委 	推进医药卫生体制改革，拟订卫生改革与发展战略目标、规划和方针政策，起草药品、医疗器械等相关法律法规及政策；负责建立国家基本药物制度并组织实施，组织制订药品法典和国家基本药物目录；拟订国家基本药物采购、配送、使用的政策措施；负责医疗机构医疗服务的全行业监督管理；制订医药行业发展战略和长远规划。 						
国家发展和改革委员会 	负责对医药行业的发展规划、技改投资项目立项、医药企业的经济运行状况进行宏观规划和管理。 						
国家发展和改革委员会 	负责对医药行业的发展规划、技改投资项目立项、医药企业的经济运行状况进行宏观规划和管理。 						
人保部 	统筹建立覆盖城乡的社会保障体系；拟定医疗保险的规则和政策，参与编制《国家基本医疗保险和工伤保险药品目录》。 						
							
省份 	发文 时间 	法律法规文件名称 	过渡期 	执行时间 	适用范围 	目前执行情况 	
国家 	2016.12.26 	《关于在公立医疗机构 药 品 采 购 中 推 行―两票制‖的实施意见（试行）》国医改办发〔2016〕4 号 	- 	争取到 2018年在全国全面推开 	综合医改试点省（区、市）和公立医院改革试点城市要率先推行―两票制‖，鼓励其他地区执行―两票	- 	
							
制‖ 							
全省 	全省已经执行（除民营专科医院） 						
全市 	全市已经执行 						
全省县级以上（含县级）及城市社区公立医院 	全省已经执行（除民营专科医院） 						
全区试点先行，非试点的三级医院先行，逐步向二级、基层延伸 	全省已经执行 						
2017 年年底前洛阳、焦作、濮阳、鹤壁、漯河、三门峡等 6 个试点城市先行；2018年 6 月底前，其他公立医院全面实行 	6个试点城市已经全面执行，其他地市部分执行，民营医院不执行 						
全市行政区域内政府、事业单位及国有企业举办的各级各类公立医疗机构 	全市已经执行（暂时除民营专科医院） 						
全省 2017 年 1 月1 日起，有不执行―两票制‖的，虚开增值税发票等行为的药品耗材（进口）供货生产企业、配送企业，列入全省医疗保障管理系统―黑名单‖ 	全省已经执行（除民营专科医院） 						
全省 	全省已经执行（除民营专科医院） 						
全省 	目前过渡期，全省公立医院陆续执行。 						
全省 	全省已经执行（除部分民营专科医院） 						
							
山西 	2017.4.28 	《山西省推行公立医疗 机 构 药 品 采 购 ―两票制‖实 施 方 案（试行 ）》 晋 医 改 办发〔2017〕27 号 	2017 年 5 月 1日起启动实施；7 月 31 日前为过渡期 	2017 年 8 月 1日起全面实行 			
天津 	2017.6.23 	天津市公立医疗机构药 品 采 购 推 行 ―两票制‖实施方案（试行） 	2017 年 6 月23 日起，8 月31 日前为过渡期 	2017 年 9 月 1日起全市执行 			
河北 	2017.5.31 	《河北省公立医疗机构 药 品 采 购 推 行 ―两票制‖ 实 施 方 案 ( 试行)》 	2017 年 5 月31 日起实施，11 月 1 日前为过渡期 	2017 年 11 月1 日 			
内蒙 	2017.6.30 	2017/6/30 内蒙古自治区公立医疗机构药品采购―两票制‖实施方案（试行） 	2017 年 7 月 1启动，4 个月过渡期 	2017 年 11 月1 日 			
河南 	2017.9.7 	《河南省公立医疗机构 药 品 采 购 推 行 ―两票制‖实 施 意 见（试行）》 	2017 年年底前 6 个试点城市先行 	2018年 6月前全面实行 			
北京 	2017.10.30 	《北京市公立医疗机构 药 品 采 购 推 行 ―两票制‖ 实 施 方 案 ( 试行)》（京医改办（2017）5 号） 	2017 年 10 月30 日启动实施，过渡期 3个月 	2018 年 2 月 1日 			
福建 	2016.10.28 	《福建省医疗保障管理委员会办公室关于进一步打击骗取医疗保障基金和侵害患者权益行为的通知》 	- 	2009 年起 			
江西 	2017.4.30 	《江西省公立医疗机构药品采购―两票制‖实施方案（试行）》 	- 	―双信封‖品种2017 年 8 月 7日起在全省执行；各设区市联合体议价品种在执行议价结果时全部实施 			
广东 	2018.1.2 	《关于医疗机构药品交易―两票制‖的实施方案（试行）》 	本方案自2017 年 12 月2 日实施，有效期 3 年，过渡期 6 个月 	2018 年 6 月 1日 			
湖南 	2017.4.11 	《关于印发《湖南省公立医疗机构药品采购―两票制‖实施方案（试行）》的通知》湘	2017 年 4 月11 日-9 月 30日 	2017 年 10 月1 日起正式实施 			
							
医改办发〔2017〕1 号 							
关于印发全省公立医疗 机 构 药 品 采 购 ―两票制‖实 施 方 案（试行）的通知 	2017 年 6 月15 日-12 月 31日 	2018 年 1 月 1日起全面实施 	全省 	全省已经执行 			
海南省公立医疗机构药品采购―两票制‖实施细则（试行） 	2017 年 5 月 1日-9 月 30 日 	2017 年 11 月1 日起全面实施 	全省 	全省陆续执行 			
关于印发《江苏省公立医疗机构药品采购推行―两票制‖实施方案（试行）》的通知（苏医改办发〔2017〕12号） 	自采购结果执行之日起同步执行 	2017 年 12 月31 日全面执行 	全省 	目前只执行急抢救、妇儿药品，其余产品暂未开始。 			
关于在全省公立医疗机构药品采购中推行―两票制‖的实施意见 	2017 年 8 月 1日-10 月 31 日 	2017 年 11 月1 日 	全省 	全省已经执行（除民营医院） 			
上海市公立医疗机构药品采购―两票制‖实施方案（试行） 	2017 年 6 月30 日起实施 	2017 年底全部实现 	全市 	全市已经执行 			
《山东省公立医疗机构 药 品 采 购 推 行 ―两票制‖实 施 方 案（试行）》 	2018 年 4 月12 日前 	2017 年 10 月13 日方案生效，2017 年11 月 1 日济南、青岛、东营、潍坊、威海、滨州 6 市启动；12 月31 日起，其他各市启动 	全省 	全省已经执行，不包括民营医院 			
关于印发《安徽省公立医疗机构药品采购推行―两票制‖实施意见》的通知 	- 	2016 年 11 月1 日起执行 	全省 	全省已经执行，不包括民营医院。 			
关于印发黑龙江省公立医疗机构药品采购―两票制‖实施方案（试行）的通知 	2017 年 8 月31 日前过渡期 	2017 年 5 月17 日起施行，2017 年 9 月 1日正式全面实施 	全省 	全省已经执行，包括民营医院。 			
关于印发辽宁省公立医 疗 机 构 药 品 采 购―两票制‖实施细则（试行）的通知 	2017 年 9 月 1日全面实施 	2017 年 6 月 1日起 	全省 	全省已经执行，不包括民营医院。 			
《吉林省公立医疗机构药品采购―两票制‖实施方案》 	2017 年暂定 9月 30 日后全部实行 	2017 年 6 月30 日起正式实施 	全省 	全省已经执行，部分民营医院执行。 			
《关于青海省公立医疗机构药品采购实行―两票制‖的实施意见（试行）》 	- 	2016 年 12 月15 日起 	全省 	全省已经执行。 			
《宁夏回族自治区公立医院推行药品采购―两票制‖的实施方案（试行）》 	2017.6-2017.8 	2017年 8月起宁夏新一轮招标药品、国家和宁夏谈判药品、基础输液和国家定点生产药品实行；2018	全区县级（含）以上人民政府、国有企业（含国有控股企业）等举办的非营利性医疗机构（含村卫生室）必须推行 	全省已经执行 			
							
湖北 	2017.6.15 						
海南 	2017.5.2 						
江苏 	2017.6.29 						
浙江 	2017.6.30 						
上海 	2017.6.30 						
山东 	2017.9.18 						
安徽 	2016.10.9 						
黑龙江 	2017.5.17 						
辽宁 	2017.4.13 						
吉林 	2017.6.22 						
青海 	2016.12.16 						
宁夏 	2017.9.5 						
							
年 1 月起挂网药品实行 							
2017 年 6 月30 日起，2018年底全面执行 	2017 年 6 月 30 日起试点城市先行；10 月 1 日起三级医院推行；二级以上医院、各类专科医院等在新一轮中标结果执行起，2018年底前落实到位 	全省已经执行 					
争取到 2018年全面推开 	公立医院改革试点城市要率先推行，鼓励其他地区执行―两票制‖ 	部分地区执行：克拉玛依，哈密，阿克苏。 					
2017.1.1 	全省城市公立医疗机构 	全省已经执行 					
2017.4.7 起 	全省（除民族贫困边远地区公立医院和其他地区基层医院外） 	2017 年 9月 1 日全省已经执行（除民营专科医院） 					
2016.12.31起、2017.6.1正式执行 	全市 	2017 年 6月全市执行 					
2018 年 10 月1 日起 	全省公立医疗机构全部实施 	省级公立医院及昆明、曲靖、玉溪、红河州、普洱、大理州等 6个试点城市的公立医院已经执行，其余医院还未执行 					
2018 年 4 月 1日起 	6 个试点城市的全部公立医院实施 	省级公立医院及昆明、曲靖、玉溪、红河州、普洱、大理州等 6个试点城市的公立医院已经执行，其余医院还未执行 					
2017 年 10 月1 日起 	省级公立医院及昆明、曲靖、玉溪、红河州、普洱、大理州等 6个试点城市的三级公立医院率先实施 	省级公立医院及昆明、曲靖、玉溪、红河州、普洱、大理州等 6个试点城市的公立医院已经执行，其余医院还未执行 					
最迟不得超过省级新一轮药品集中招标采购目录执行时间 	全省 	小部分医院开始执行，大部分还未执行 					
2018 年 1 月 1日起，全面实施 	全区 	全省已经执行（除民营专科医院） 					
2018.1.1 	全区 	全区已经执行（除民营专科医院） 					
							
甘肃 	2017.4.19 	《甘肃省公立医疗机构药品采购―两票制‖实施方案（试行）》 	4-5 个月 				
新疆 	2017.3.27 	印发关于在公立医疗机构药品采购中推行―两票制‖的实施意见（试行）的通知 	- 				
陕西 	2017.4.24 	2017/4/24《关于在全省公立医疗机构实行药 品 和 医 用 耗 材 ―两票制‖的通知》陕医改办发〔2017〕4 号 	不得超过2017 年 6 月30 日 				
四川 	2017.4.7 	2017/4/7《关于在四川省公立医院药品采购中推行―两票制‖的实施方案（试行）》川卫发〔2017〕55 号 	5 个月 				
重庆 	2017.1.3 	2017/1/3 关于印发重庆市公立医院药品采购―两票制‖实施方案（试行）的通知 	2017 年 5 月30 日 前为过渡期 				
云南 	2017.8.14 	《云南省公立医疗机构药品采购―两票制‖实施方案（试行）》 	- 				
贵州 	2017.5.3 	关于转发国务院医改办等八部委《印发关于在公立医疗机构药品 采 购 中 推 行 ―两票制 ‖的 实 施 意 见 （ 试行）的通知》的通知 	- 				
广西 	2017.5.13 	关于印发广西壮族自治区公立医疗机构药品集中采购―两票制‖实施方案（试行）的通知 	2017 年 9 月 1日起试点城市实施 				
西藏 	2017.10.16 	关于印发《西藏自治区 药 品 集 中 采 购 ―两票制‖实施办法》的通知 	试点先行 				
							
影响内容 	两票制实施前 	两票制实施后 					
客户 	经销商 	配送商 					
销售推广 	经销商负责 	推广服务商负责 					
产品定价 	产品价格较低，由经销商承担推广费用 	产品价格较高，由发行人承担推广费用 					
货款结算 	先款后货 	赊销，信用期6个月 					
销售管理 	经销商管理为主 	配送商管理并统筹销售推广 					
							
影响项目 	2017 年 	增长率 	2016 年 	增长率 	2015 年 		
营业收入 	31,565.20 	60.58% 	19,657.08 	-3.25% 	20,317.51 		
净利润 	6,298.70 	59.69% 	3,944.29 	-16.29% 	4,711.77 		
							
硝基咪唑类药物为治疗厌氧菌感染药物中的主要品种 							
硝基咪唑类药物为治疗厌氧菌感染药物中的主要品种 	公司主打硝基咪唑第三代产品奥硝唑系列制剂，主要剂型为注射剂和固体制剂 						
	公司主打硝基咪唑第三代产品奥硝唑系列制剂，主要剂型为注射剂和固体制剂 						
							
其他主要产品 	所属药物类别 						
复方右旋糖酐 40 	血容量扩充剂 						
丙氨酰谷氨酰胺 	肠外营养液 						
乌苯美司片 	抗肿瘤类 						
乌龙散 	中成药 						
							
纤维组织感染 							
							
蚊虫叮咬、动物咬伤造成皮肤感染 	蚊虫叮咬、动物咬伤造成皮肤感染 						
							
中枢神经系统感染 	脑脓肿 	中耳炎、乳突炎、呼吸系统感染、鼻窦炎扩散以及其他外伤、口腔感染、扁桃体炎等引致。 					
中枢神经系统感染 	脑膜炎 	厌氧菌败血症并发脑膜炎，新生儿厌氧菌败血症和脑膜炎发生率较高，致病菌来自母体产道。 					
口腔与呼吸系统感染 	口 腔 与 上 呼 吸 道感染 	牙髓炎、根尖周或牙龈脓肿。扁桃体炎、扁桃体脓肿、咽峡炎、慢性鼻窦炎中耳炎等也与厌氧菌有关。 					
口腔与呼吸系统感染 	胸腔内感染 	厌氧菌肺和胸膜感染，吸入性肺炎、肺脓肿、脓胸以及支气管胸膜炎等化脓性并发症。 					
腹腔内感染 	肝脓肿 	肝脓肿的细菌学证实大多数为厌氧菌。 					
腹腔内感染 	胆道感染 	结石症患者、老年糖尿病患者等胆囊炎。 					
腹腔内感染 	阑尾炎 	阑尾炎中厌氧菌为致病菌，占 25%~90%。 					
腹腔内感染 	肠道感染 	急性食物中毒性感染及假膜性肠炎。 					
女性生殖器感染 	子宫内膜炎和子宫积脓，子宫肌炎，子宫旁结缔组织炎，盆腔蜂窝织炎和脓肿，盆腔血栓性静脉炎，前庭大腺炎和脓肿，阴道炎，阴道壁脓肿，输卵管炎或脓肿，卵巢脓肿，剖宫产后或子宫切除术后伤口感染等。 	子宫内膜炎和子宫积脓，子宫肌炎，子宫旁结缔组织炎，盆腔蜂窝织炎和脓肿，盆腔血栓性静脉炎，前庭大腺炎和脓肿，阴道炎，阴道壁脓肿，输卵管炎或脓肿，卵巢脓肿，剖宫产后或子宫切除术后伤口感染等。 					
尿路感染 	尿道炎，尿道周围炎，尿道周围蜂窝织炎和脓肿，尿道球腺炎，前列腺炎，迁徙性肾脏感染，肾周脓肿，腹膜后积脓，肾切除伤口感染，肾移植感染，膀胱坏疽，会阴脓肿或坏疽，尿路各部位气性坏疽，睾丸脓肿等。 	尿道炎，尿道周围炎，尿道周围蜂窝织炎和脓肿，尿道球腺炎，前列腺炎，迁徙性肾脏感染，肾周脓肿，腹膜后积脓，肾切除伤口感染，肾移植感染，膀胱坏疽，会阴脓肿或坏疽，尿路各部位气性坏疽，睾丸脓肿等。 					
骨和关节感染 	厌氧菌性骨髓炎分为放线菌性与非放线菌性两种，脓液腐臭或局部积气而一般培养阴性时常提示为厌氧菌所致。 	厌氧菌性骨髓炎分为放线菌性与非放线菌性两种，脓液腐臭或局部积气而一般培养阴性时常提示为厌氧菌所致。 					
败血症和心内膜炎 	败血症 	败血症中由厌氧菌所致的可以高达 10%～15%，新生儿厌氧菌败血症的发病率尤高。 					
败血症和心内膜炎 	心内膜炎 	厌氧菌引起的心内膜炎发生率占心内膜炎的1.5%～10%不等，并有日益增多之势。 					
皮肤和软组织感染 	进 行 性 细 菌 协 同感染性坏疽 	常继发于腹腔内感染，剖腹术后。 					
皮肤和软组织感染 	协 同 性 坏 死 性 蜂窝织炎 	病程进展迅速，常见于会阴部或下肢，多数患者有糖尿病或其他供血不足的疾病，病死率高。 					
皮肤和软组织感染 	慢性窦穴状溃疡 	多数继外科手术，创伤或感染淋巴结引流后发生。 					
皮肤和软组织感染 	坏死性筋膜炎 	系累及并分割深层筋膜面的一种危重感染，可在轻微创伤或手术后发生，但亦可为原发性者。 					
皮肤和软组织感染 	厌 氧 链 球 菌 性 肌炎 	产气性坏死性肌炎，需与产气荚膜梭菌所致之气性坏疽相鉴别。 					
口腔，面颊部感染 	走马疳主要见于口腔，但亦可累及鼻，听道，阴唇，肛门，包皮等处，病变迅速扩散，可累及骨膜和骨质，如不及时治疗可使整个面部毁损而死亡。 	走马疳主要见于口腔，但亦可累及鼻，听道，阴唇，肛门，包皮等处，病变迅速扩散，可累及骨膜和骨质，如不及时治疗可使整个面部毁损而死亡。 					
							
药品名 	甲硝唑 	替硝唑 	奥硝唑 	塞克硝唑 			
发展 	第一代 	第二代 	第三代 	—— 			
疗效 	抗厌氧菌及原虫疗效较好 	对大多数厌氧菌及原虫疗效高于甲硝唑 	单剂量疗效普遍高于甲硝唑和替硝唑 	单剂量治疗阿米巴病及贾第虫病疗效最好，未含厌氧菌治疗功效 			
血浆消除半衰期1 	8.4 小时 	12.7 小时 	14.4 小时 	17 小时 			
							
药品名 	甲硝唑 	替硝唑 	奥硝唑 	塞克硝唑 			
不良反应 	以消化道反应为主，包括恶心、呕吐、食欲不振、腹部绞痛；神经系统症状有头痛、眩晕，偶有感觉异常、肢体麻木、共济失调、多发性神经炎等 	不良反应少而轻微，偶有消化道症状，个别有眩晕感、口腔金属味、皮疹、头痛或白细胞减少 	具有良好的耐受性，可能会出现轻度胃部不适、恶心、口腔异味、头晕及困倦或白细胞减少 	常见不良反应为口腔金属异味。偶见不良反应有消化道紊乱、皮肤过敏反应、深色尿、白细胞减少 			
孕妇适用 	禁用 	禁用 	慎用 	禁用 			
儿童适用 	- 	12 岁以下禁用 	建议 3 岁以下不用 	12 岁以上可以服用 			
							
序号 	省、直辖市 	非限制使用 	限制使用 	特殊使用 			
1 	江苏 	√ 	 	 			
1 	江苏 	√ 	 	 			
2 	安徽 	√ 	 	 			
2 	安徽 	√ 	 	 			
3 	内蒙 	√ 	 	 			
4 	广东 	√ 	 	 			
5 	河南 	√ 	 	 			
6 	湖北 	√ 	 	 			
7 	贵州 	√ 	 	 			
8 	河北 	√ 	 	 			
9 	福建 	√ 	 	 			
10 	广西 	√ 	 	 			
序号 	省、直辖市 	非限制使用 	限制使用 	特殊使用 			
11 	吉林 	√ 	 	 			
11 	吉林 	√ 	 	 			
12 	上海 	√ 	 	 			
12 	上海 	√ 	 	 			
13 	黑龙江 	√ 	 	 			
13 	黑龙江 	√ 	 	 			
14 	陕西 	√ 	 	 			
14 	陕西 	√ 	 	 			
15 	宁夏 	√ 	 	 			
16 	山西 	√ 	 	 			
17 	湖南 	√ 	 	 			
18 	北京 	√ 	 	 			
19 	辽宁 	√ 	 	 			
20 	江西 	√ 	 	 			
21 	四川 	√ 	 	 			
22 	重庆 	√（口服） 	√（注射） 	 			
23 	山东 	 	√ 	 			
23 	山东 	 	√ 	 			
24 	云南 	 	√ 	 			
24 	云南 	 	√ 	 			
25 	海南 	 	√ 	 			
25 	海南 	 	√ 	 			
26 	青海 	 	√ 	 			
26 	青海 	 	√ 	 			
27 	浙江 	 	√ 	 			
28 	新疆 	 	√ 	 			
29 	甘肃 	 	√ 	 			
30 	天津 	 	 	√ 			
							
抗菌药物收入情况 	2017年 	2016年 	2015年 				
抗菌药物收入情况 	金额 	金额 	金额 				
非PVC奥硝唑 	14,209.67 	7,429.95 	8,166.06 				
玻瓶奥硝唑 	7,677.55 	5,961.29 	6,274.88 				
奥硝唑胶囊 	1,803.41 	1,764.17 	1,702.82 				
奥硝唑系列制剂合计 	23,690.63 	15,155.41 	16,143.76 				
							
抗菌药物收入情况 	2017年 	2016年 	2015年 				
抗菌药物收入情况 	数量 	数量 	数量 				
非PVC奥硝唑（万袋） 	1,340.34 	1,271.31 	1,351.41 				
玻瓶奥硝唑（万瓶） 	1,449.11 	1,577.06 	1,745.50 				
奥硝唑胶囊（万粒） 	6,542.18 	6,760.10 	6,583.20 				
							
排名 	生产厂家 	2016 年 	2016 年 	2015 年 	2015 年 	2014 年 	2014 年 
排名 	生产厂家 	销售额 （亿元） 	市场 份额 	销售额 (亿元) 	市场 份额 	销售额 (亿元) 	市场 份额 
1 	四川科伦药业股份有限公司 	15.87 	40.88% 	15.32 	38.75% 	12.94 	35.03% 
2 	西安万隆制药股份有限公司 	8.33 	21.46% 	8.64 	21.84% 	8.52 	23.08% 
3 	南京圣和药业股份有限公司 	5.39 	13.88% 	4.08 	10.30% 	3.26 	8.83% 
4 	西安天一秦昆制药有限责任公司（原陕西金裕制药股份有限公司） 	3.11 	8.00% 	3.38 	8.55% 	3.82 	10.35% 
5 	山西普德药业有限公司 	1.38 	3.55% 	1.57 	3.98% 	1.23 	3.34% 
6 	其他 	4.74 	12.23% 	6.55 	16.58% 	7.17 	19.37% 
合计 	合计 	38.82 	100.00% 	39.54 	100.00% 	36.94 	100.00% 
							
 	 						
							
药品名称 	药品名称 	药品名称 	图示 	图示 	适应症/功能主治 	适应症/功能主治 	
奥硝唑系列制剂 	非 PVC 软袋奥硝唑氯化钠注射液 	 	 	用于治疗由厌氧菌所引起的多种感染性疾病，包括：腹部感染、盆腔感染、口腔感染、外科感染、脑部感染、败血症、菌血症等严重厌氧菌感染等。用于手术前预防感染和手术后厌氧菌感染的治疗。治疗消化系统严重阿米巴虫病，如阿米巴	用于治疗由厌氧菌所引起的多种感染性疾病，包括：腹部感染、盆腔感染、口腔感染、外科感染、脑部感染、败血症、菌血症等严重厌氧菌感染等。用于手术前预防感染和手术后厌氧菌感染的治疗。治疗消化系统严重阿米巴虫病，如阿米巴		
奥硝唑系列制剂 	非 PVC 软袋奥硝唑氯化钠注射液 	 	 	用于治疗由厌氧菌所引起的多种感染性疾病，包括：腹部感染、盆腔感染、口腔感染、外科感染、脑部感染、败血症、菌血症等严重厌氧菌感染等。用于手术前预防感染和手术后厌氧菌感染的治疗。治疗消化系统严重阿米巴虫病，如阿米巴	用于治疗由厌氧菌所引起的多种感染性疾病，包括：腹部感染、盆腔感染、口腔感染、外科感染、脑部感染、败血症、菌血症等严重厌氧菌感染等。用于手术前预防感染和手术后厌氧菌感染的治疗。治疗消化系统严重阿米巴虫病，如阿米巴		
							
药品名称 	图示 	图示 	适应症/功能主治 	适应症/功能主治 			
 	 	痢疾、阿米巴肝脓肿等。 	痢疾、阿米巴肝脓肿等。 				
 	 	痢疾、阿米巴肝脓肿等。 	痢疾、阿米巴肝脓肿等。 				
 	 	主要用于由厌氧菌引发的感染性疾病；男女泌尿生殖道毛滴虫、贾第氏鞭毛虫感染引起的疾病；肠、肝阿米巴虫病，肠、肝变形虫感染引起的疾病；用于预防和治疗各科手术后厌氧菌感染。 	主要用于由厌氧菌引发的感染性疾病；男女泌尿生殖道毛滴虫、贾第氏鞭毛虫感染引起的疾病；肠、肝阿米巴虫病，肠、肝变形虫感染引起的疾病；用于预防和治疗各科手术后厌氧菌感染。 				
 	 	用于急性出血，特别适用于急性大出血的初始治疗；由于外伤、烧（烫）伤和出血等引起的外科低血容量性休克；外科手术期间的血容量减少；体外灌注时减少由于体外循环产生并发症的风险。 	用于急性出血，特别适用于急性大出血的初始治疗；由于外伤、烧（烫）伤和出血等引起的外科低血容量性休克；外科手术期间的血容量减少；体外灌注时减少由于体外循环产生并发症的风险。 				
 	 	适用于需要补充谷氨酰胺患者的肠外营养，包括处于分解代谢和高代谢状况的病人。 	适用于需要补充谷氨酰胺患者的肠外营养，包括处于分解代谢和高代谢状况的病人。 				
 	 	适用于需要补充谷氨酰胺患者的肠外营养，包括处于分解代谢和高代谢状况的病人。 	适用于需要补充谷氨酰胺患者的肠外营养，包括处于分解代谢和高代谢状况的病人。 				
 	 	本品可增强免疫功能，用于抗癌化疗、放疗的辅助治疗，老年性免疫功能缺陷等。可配合化疗、放疗及联合应用于白血病、多发性骨髓瘤、骨髓增生异常综合症及造血干细胞移植后，以及其它实体瘤患者 	本品可增强免疫功能，用于抗癌化疗、放疗的辅助治疗，老年性免疫功能缺陷等。可配合化疗、放疗及联合应用于白血病、多发性骨髓瘤、骨髓增生异常综合症及造血干细胞移植后，以及其它实体瘤患者 				
 	 	能调和营卫，活血祛风，健脾益肾。用于营卫失和，瘀血阻络，脾肾不足所致的白癜风。 	能调和营卫，活血祛风，健脾益肾。用于营卫失和，瘀血阻络，脾肾不足所致的白癜风。 				
							
玻瓶奥硝唑氯化钠注射液 							
奥硝唑胶囊 							
复方右旋糖酐40 注射液 							
丙氨酰谷氨酰胺注射液 							
丙氨酰谷氨酰胺注射液 							
乌苯美司片 							
乌龙散 							
							
其他输液类产品 							
抗肿瘤药物 							
中成药 							
							
销售规模达到以下标准 	2017 年 	2017 年 	2016 年 	2016 年 	2015 年 	2015 年 	
销售规模达到以下标准 	家数 	家数占比 	家数 	家数占比 	家数 	家数占比 	
1000 万元以上 	2 	0.17% 	2 	0.30% 	2 	0.31% 	
100 万元以上 	67 	5.70% 	45 	6.50% 	48 	7.38% 	
10 万元以上 	441 	37.50% 	199 	51.29% 	183 	28.15% 	
1 万元以上 	1027 	87.33% 	506 	73.55% 	484 	74.46% 	
0.1 万元以上 	1172 	99.66% 	678 	98.55% 	641 	98.62% 	
全部经销商 	1176 	100.00% 	688 	100.00% 	650 	100.00% 	
							
地区 	省份 	2017 年 	2017 年 	2016 年 	2016 年 	2015 年 	2015 年 
地区 	省份 	数量 	销售金额 （万元） 	数量 	销售金额 （万元） 	数量 	销售金额 （万元） 
华北地区 	北京 	11 	  201.56   	6 	  33.51   	6 	  49.96   
华北地区 	天津 	9 	  130.07   	7 	  175.94   	5 	  176.59   
							
河北 	108 	  2,077.34   	57 	  1,169.65   	41 	  1,253.49   	
山西 	43 	  629.16   	16 	  297.77   	21 	  344.51   	
内蒙古 	44 	  1,463.98   	24 	  360.65   	23 	  299.37   	
合计 	215 	4,502.11 	110 	  2,037.53   	96 	2,123.92 	
山东 	90 	  2,120.12   	56 	  1,800.03   	71 	  1,614.26   	
江苏 	9 	  1,696.05   	7 	  1,952.12   	6 	  1,773.84   	
安徽 	69 	  2,352.47   	33 	  1,836.85   	38 	  1,585.41   	
浙江 	33 	  428.90   	32 	  379.42   	28 	  360.07   	
福建 	24 	1,200.35 	22 	  470.04   	20 	  1,672.44   	
上海 	18 	296.71 	18 	  234.07   	14 	  144.80   	
合计 	243 	8,094.61 	168 	6,672.52 	177 	7,150.82 	
辽宁 	97 	1,977.03 	80 	  956.20   	84 	  859.27   	
吉林 	30 	  625.45   	19 	  487.84   	24 	  360.29   	
黑龙江 	74 	  758.19   	58 	  420.87   	70 	  390.52   	
合计 	201 	3,360.66 	157 	1,864.92 	178 	1,610.08 	
广东 	6 	  676.84   	11 	  548.59   	9 	  495.79   	
广西 	38 	  484.64   	23 	  187.61   	18 	  210.92   	
海南 	7 	  279.97   	5 	  371.10   	4 	  519.71   	
合计 	51 	1,441.44 	39 	1,107.29 	31 	1,226.42 	
四川 	85 	  1,287.18   	17 	  670.44   	18 	  640.44   	
云南 	28 	  527.16   	8 	  347.25   	4 	  509.13   	
贵州 	16 	  199.74   	17 	  141.76   	20 	  158.99   	
西藏 	- 	  -   	- 	  -   	- 	  -   	
重庆 	61 	  2,510.16   	7 	  753.39   	9 	  740.65   	
合计 	190 	4,524.23 	49 	1,912.84 	51 	2,049.21 	
宁夏 	5 	  84.32   	2 	  20.79   	3 	  30.43   	
新疆 	14 	  436.02   	15 	  685.07   	17 	  714.92   	
青海 	9 	  52.22   	7 	  16.44   	7 	  18.43   	
陕西 	84 	  4,040.17   	59 	  1,717.67   	48 	  1,861.89   	
甘肃 	38 	  980.41   	21 	  432.64   	19 	  365.05   	
合计 	150 	5,593.13 	104 	2,872.60 	94 	2,990.72 	
湖南 	67 	  897.80   	24 	  569.24   	24 	  983.38   	
湖北 	64 	  1,104.71   	37 	  1,246.62   	31 	  960.05   	
河南 	27 	  950.38   	28 	  901.04   	26 	  771.45   	
江西 	26 	  1,086.23   	26 	  467.03   	8 	  444.70   	
合计 	184 	4,039.11 	115 	3,183.92 	89 	3,159.58 	
总计 	1,234 	31,555.28     	742 	19,651.63 	716 	20,310.76 	
							
华东地区 							
东北地区 							
华南地区 							
西南地区 							
西北地区 							
华中地区 							
 							
							
省份 	2015 年 	2016 年相对 2015 年 	2016 年相对 2015 年 	2016 年 	2017 年相对 2016 年 	2017 年相对 2016 年 	2017 年 
省份 	数量 	新增经销 商家数 	流失经销 商家数 	数量 	新增经销 商家数 	流失经销 商家数 	数量 
安徽 	34 	13 	16 	31 	37 	5 	63 
北京 	5 	2 	2 	5 	8 	2 	11 
福建 	16 	10 	6 	20 	10 	8 	22 
甘肃 	19 	5 	4 	20 	25 	7 	38 
广东 	8 	2 	1 	9 	1 	5 	5 
广西 	17 	12 	5 	24 	22 	8 	38 
贵州 	19 	3 	6 	16 	4 	6 	14 
海南 	4 	- 	- 	4 	4 	1 	7 
海南 	4 	- 	- 	4 	4 	1 	7 
河北 	38 	24 	9 	53 	65 	17 	101 
河北 	38 	24 	9 	53 	65 	17 	101 
河南 	26 	8 	7 	27 	13 	12 	28 
河南 	26 	8 	7 	27 	13 	12 	28 
黑龙江 	63 	15 	23 	55 	35 	21 	69 
黑龙江 	63 	15 	23 	55 	35 	21 	69 
湖北 	28 	13 	5 	36 	38 	13 	61 
湖南 	23 	9 	9 	23 	49 	5 	67 
吉林 	20 	6 	8 	18 	12 	4 	26 
江苏 	4 	2 	- 	6 	2 	1 	7 
江西 	7 	19 	2 	24 	15 	15 	24 
辽宁 	69 	23 	21 	71 	47 	24 	94 
内蒙 	22 	4 	4 	22 	28 	7 	43 
宁夏 	3 	1 	3 	1 	3 	- 	4 
青海 	6 	2 	2 	6 	4 	1 	9 
青海 	6 	2 	2 	6 	4 	1 	9 
山东 	69 	14 	28 	55 	48 	16 	87 
山东 	69 	14 	28 	55 	48 	16 	87 
山西 	20 	8 	13 	15 	30 	5 	40 
山西 	20 	8 	13 	15 	30 	5 	40 
陕西 	46 	21 	10 	57 	38 	13 	82 
陕西 	46 	21 	10 	57 	38 	13 	82 
上海 	13 	6 	6 	13 	8 	5 	16 
四川 	16 	6 	6 	16 	77 	9 	84 
天津 	5 	3 	1 	7 	7 	5 	9 
新疆 	15 	3 	7 	11 	8 	7 	12 
云南 	3 	7 	2 	8 	19 	- 	27 
浙江 	24 	9 	5 	28 	11 	12 	27 
重庆 	8 	2 	3 	7 	55 	1 	61 
总计 	650 	252 	214 	688 	723 	235 	1176 
							
2015 年前 50 名经销商存续性 	2015 年前 50 名经销商存续性 	2015 年前 50 名经销商存续性 	2015 年前 50 名经销商存续性 	2015 年前 50 名经销商存续性 	2015 年前 50 名经销商存续性 		
期间 	数量 	存续比例 	销售金额 	当年主营业务收入 	占当年销售额比重 		
2015 年 	50 	100.00% 	15,028.47   	20,310.76   	73.99% 		
2016 年 	42 	84.00% 	12,048.27 	19,651.63   	61.31% 		
2017 年 	36 	72.00% 	9,358.41   	31,555.28   	29.66% 		
2016 年前 50 名经销商存续性 	2016 年前 50 名经销商存续性 	2016 年前 50 名经销商存续性 	2016 年前 50 名经销商存续性 	2016 年前 50 名经销商存续性 	2016 年前 50 名经销商存续性 		
期间 	数量 	存续比例 	销售金额 	当年主营业务收入 	占当年销售额比重 		
2016 年 	50 	100.00% 	14,331.05     	19,651.63     	72.93% 		
2017 年 	46 	92.00% 	11,235.63     	31,555.28     	35.61% 		
							
产品名称 	年份 	产能 	产量 	销量 	产能利用率 	产销率 	
非 PVC 软袋输液 （万袋） 	2017 	1,680 	1,561.84 	1,355.86 	92.97% 	86.81% 	
非 PVC 软袋输液 （万袋） 	2017 	1,680 	1,561.84 	1,355.86 	92.97% 	86.81% 	
非 PVC 软袋输液 （万袋） 	2016 	800 	1,296.99 	1,293.31 	162.12% 	99.72% 	
非 PVC 软袋输液 （万袋） 	2016 	800 	1,296.99 	1,293.31 	162.12% 	99.72% 	
非 PVC 软袋输液 （万袋） 	2015 	800 	1,418.94 	1,378.08 	177.37% 	97.12% 	
非 PVC 软袋输液 （万袋） 	2015 	800 	1,418.94 	1,378.08 	177.37% 	97.12% 	
玻瓶输液 （万瓶） 	2017 	2,160 	2,101.68 	1,797.00 	97.30% 	85.50% 	
玻瓶输液 （万瓶） 	2016 	2,400 	1,881.79 	2,000.35 	78.41% 	106.30% 	
玻瓶输液 （万瓶） 	2015 	2,400 	2,314.85 	2,177.13 	96.45% 	94.05% 	
胶囊/片剂 （万粒/万片） 	2017 	8,000 	8,531.68 	7,416.01 	106.65% 	86.92% 	
胶囊/片剂 （万粒/万片） 	2016 	4,800 	6,828.63 	7,500.92 	142.26% 	109.85% 	
胶囊/片剂 （万粒/万片） 	2015 	4,800 	7,478.85 	7,084.07 	155.81% 	94.72% 	
中药散剂 （万袋） 	2017 	1,500 	305.98 	284.15 	25.50% 	92.86% 	
中药散剂 （万袋） 	2016 	1,050 	175.49 	216.63 	16.71% 	123.44% 	
中药散剂 （万袋） 	2015 	1,050 	328.41 	373.75 	31.28% 	113.80% 	
中药散剂 （万袋） 	2015 	1,050 	328.41 	373.75 	31.28% 	113.80% 	
							
产品名称 	年份 	产量 	销量 	产销率 			
非 PVC 软袋奥硝唑氯化钠注射液（万袋） 	2017 	1,518.87 	1,340.34 	88.25% 			
非 PVC 软袋奥硝唑氯化钠注射液（万袋） 	2016 	1,278.61 	1,271.31 	99.43% 			
非 PVC 软袋奥硝唑氯化钠注射液（万袋） 	2015 	1,385.71 	1,351.41 	97.52% 			
玻瓶奥硝唑氯化钠注射液（万瓶） 	2017 	1,671.30 	1,449.11 	86.71% 			
玻瓶奥硝唑氯化钠注射液（万瓶） 	2016 	1,516.90 	1,577.06 	103.97% 			
玻瓶奥硝唑氯化钠注射液（万瓶） 	2015 	1,845.37 	1,745.50 	94.59% 			
玻瓶奥硝唑氯化钠注射液（万瓶） 	2015 	1,845.37 	1,745.50 	94.59% 			
奥硝唑胶囊（万粒） 	2017 	7,609.39 	6,542.18 	85.98% 			
奥硝唑胶囊（万粒） 	2017 	7,609.39 	6,542.18 	85.98% 			
奥硝唑胶囊（万粒） 	2016 	5,864.83 	6,760.10 	115.27% 			
奥硝唑胶囊（万粒） 	2016 	5,864.83 	6,760.10 	115.27% 			
							
2015 	6,673.71 	6,583.20 	98.64% 				
2017 	231.10 	188.06 	81.37% 				
2017 	231.10 	188.06 	81.37% 				
2016 	209.47 	237.10 	113.19% 				
2016 	209.47 	237.10 	113.19% 				
2015 	230.20 	222.22 	96.53% 				
2015 	230.20 	222.22 	96.53% 				
2017 	28.81 	5.54 	19.21% 				
2017 	28.81 	5.54 	19.21% 				
2016 	- 	- 	- 				
2015 	- 	- 	- 				
2017 	124.13 	86.27 	69.50% 				
2016 	78.35 	117.74 	150.27% 				
2015 	171.28 	144.35 	84.28% 				
2017 	75.15 	73.56 	97.89% 				
2016 	77.07 	68.45 	88.82% 				
2015 	68.00 	65.07 	95.69% 				
2017 	305.98 	284.15 	92.86% 				
2017 	305.98 	284.15 	92.86% 				
2016 	175.49 	216.63 	123.44% 				
2016 	175.49 	216.63 	123.44% 				
2015 	328.41 	373.75 	113.81% 				
2015 	328.41 	373.75 	113.81% 				
							
复方右旋糖酐注射液 （万瓶） 							
非 PVC 软袋复方右旋糖酐注射液（万袋） 							
非 PVC 软袋复方右旋糖酐注射液（万袋） 							
加替沙星注射液 （万瓶） 							
丙氨酰谷氨酰胺注射液 （万瓶） 							
乌龙散（万袋） 							
乌龙散（万袋） 							
							
产品 	2017 年 	2016 年 	2015 年 				
非PVC奥硝唑氯化钠注射液（元/袋） 	10.60 	5.84 	6.04 				
玻瓶奥硝唑氯化钠注射液（元/瓶） 	5.30 	3.78 	3.59 				
奥硝唑胶囊（元/粒） 	0.28 	0.26 	0.26 				
复方右旋糖酐40注射液（元/瓶） 	15.39 	7.78 	7.74 				
加替沙星氯化钠注射液（元/瓶） 	2.21 	1.90 	1.90 				
丙氨酰谷氨酰胺注射液（元/瓶） 	39.65 	24.02 	21.54 				
乌龙散（元/袋） 	1.26 	1.21 	1.14 				
							
时间 	序号 	客户名称 	销售额 	占主营业务收入比例 			
2017年 	1 	安徽华源医药股份有限公司 	1,337.00 	4.24% 			
2017年 	2 	江苏鸿霖医药有限公司 	1,043.34 	3.31% 			
2017年 	3 	山东三泉药业有限公司 	727.64 	2.31% 			
2017年 	4 	陕西医药控股集团派昂医药有限责任公司 	712.45 	2.26% 			
2017年 	5 	陕西华氏医药有限公司 	682.36 	2.16% 			
2017年 	合计 	合计 	4,502.78 	14.27% 			
2016年 	1 	江苏鸿霖医药有限公司 	1,451.06 	7.38% 			
2016年 	2 	安徽华源医药股份有限公司 	1,323.05 	6.73% 			
2016年 	3 	山东三泉药业有限公司 	879.58 	4.48% 			
2016年 	4 	天地民生医药有限公司 	693.86 	3.53% 			
2016年 	5 	重庆朗诺药业有限公司 	565.77 	2.88% 			
2016年 	合计 	合计 	4,913.31 	25.00% 			
2015年 	1 	陕西新百川医药有限公司 	1,361.82 	6.70% 			
2015年 	2 	安徽华源医药股份有限公司 	1,149.65 	5.66% 			
2015年 	3 	湖南博瑞新特药有限公司 	725.43 	3.57% 			
2015年 	4 	山东三泉药业有限公司 	718.20 	3.54% 			
2015年 	5 	陕西博华医药有限公司 	567.52 	2.79% 			
2015年 	合计 	合计 	4,522.63 	22.27% 			
							
时间 	序号 	客户名称 	销售额 （万元） 	占主营业务 收入比例 			
2017年 	1 	瑞康医药股份有限公司 	 1,916.12   	6.07% 			
2017年 	2 	华夏健康产业发展有限公司 	 1,538.47   	4.88% 			
2017年 	3 	九州通医药集团股份有限公司 	 1,092.34   	3.46% 			
2017年 	4 	国药控股股份有限公司 	 930.87   	2.95% 			
2017年 	5 	华润医药集团有限公司 	  899.41   	2.85% 			
2017年 	合计 	合计 	6,377.22 	 20.21% 			
2016年 	1 	江苏鸿霖医药有限公司 	 1,451.06 	7.38% 			
2016年 	2 	华夏健康产业发展有限公司 	 1,362.74 	6.93% 			
2016年 	3 	瑞康医药股份有限公司 	 910.18   	4.63% 			
							
4 	徐海照 	 695.42   	3.54% 				
5 	重庆朗诺药业有限公司 	565.77   	2.88% 				
合计 	合计 	 4,985.16   	25.37% 				
1 	李永森 	1,361.82   	6.70% 				
2 	华夏健康产业发展有限公司 	1,152.03   	5.67% 				
3 	瑞康医药股份有限公司 	767.13   	3.78% 				
4 	湖南博瑞新特药有限公司 	725.43   	3.57% 				
5 	陕西博华医药有限公司 	567.52   	2.79% 				
合计 	合计 	4,573.93   	22.52% 				
							
主要原材料（原料药） 	主要原材料（原料药） 	2017 年度 	2016 年度 	2015 年度 			
奥硝唑原料药 	单价（元/公斤） 	145.30 	145.30 	145.30 			
奥硝唑原料药 	单价（元/公斤） 	145.30 	145.30 	145.30 			
奥硝唑原料药 	采购量（公斤） 	36,975.00 	37,875.00 	31,000.00 			
奥硝唑原料药 	采购量（公斤） 	36,975.00 	37,875.00 	31,000.00 			
奥硝唑原料药 	金额（万元） 	537.24 	550.32 	450.43 			
谷氨酰胺原料药 	单价（元/公斤） 	480.05 	556.54 	598.14 			
谷氨酰胺原料药 	采购量（公斤） 	14,257.12 	20,049.50 	12,556.52 			
谷氨酰胺原料药 	金额（万元） 	684.41 	1,115.83 	751.05 			
中药原料药 	单价（元/公斤） 	87.28 	59.43 	62.92 			
中药原料药 	采购量（公斤） 	24,669.80 	7,691.00 	19,293.98 			
							
主要原材料（原料药） 	2017 年度 	2017 年度 	2016 年度 	2015 年度 	2015 年度 		
215.32 	215.32 	45.71 	121.40 	121.40 			
215.32 	215.32 	45.71 	121.40 	121.40 			
153.85 	153.85 	145.00 	117.35 	117.35 			
153.85 	153.85 	145.00 	117.35 	117.35 			
82,000.00 	82,000.00 	56,691.16 	80,613.86 	80,613.86 			
82,000.00 	82,000.00 	56,691.16 	80,613.86 	80,613.86 			
1,261.54 	1,261.54 	822.04 	945.98 	945.98 			
1,261.54 	1,261.54 	822.04 	945.98 	945.98 			
615.38 	615.38 	615.38 	608.97 	608.97 			
175.00 	175.00 	1,250.00 	800.00 	800.00 			
10.77 	10.77 	76.92 	48.72 	48.72 			
							
金额（万元） 							
单价（元/公斤） 							
单价（元/公斤） 							
采购量（公斤） 							
采购量（公斤） 							
金额（万元） 							
金额（万元） 							
单价（元/公斤） 							
采购量（公斤） 							
金额（万元） 							
							
右旋糖酐原料药 							
加替沙星原料药 							
							
主要原材料（包材） 	主要原材料（包材） 	2017 年 	2016 年 	2015 年 			
瓶子 	单价（元/个） 	0.26 	0.24 	0.24 			
瓶子 	采购量（万个） 	2,044.74 	1,880.13 	2,105.51 			
瓶子 	金额（万元） 	529.61 	451.10 	503.88 			
瓶子 	金额（万元） 	529.61 	451.10 	503.88 			
胶塞 	单价（元/个） 	0.13 	0.20 	0.20 			
胶塞 	采购量（万个） 	2,060.55 	1,926.40 	2,312.00 			
胶塞 	金额（万元） 	271.08 	386.92 	464.30 			
包装盒 	单价（元/个） 	0.15 	0.14 	0.14 			
包装盒 	单价（元/个） 	0.15 	0.14 	0.14 			
包装盒 	采购量（万个） 	2,911.97 	2,739.04 	2,987.30 			
包装盒 	金额（万元） 	436.67 	374.88 	413.72 			
包装箱 	单价（元/个） 	9.12 	8.03 	7.88 			
包装箱 	采购量（万个） 	46.22 	42.80 	45.17 			
包装箱 	采购量（万个） 	46.22 	42.80 	45.17 			
包装箱 	金额（万元） 	421.62 	343.51 	356.03 			
铝塑接口 组合盖 	单价（元/个） 	0.10 	0.10 	0.10 			
铝塑接口 组合盖 	采购量（万个） 	6,059.75 	4,634.50 	5,626.8 			
铝塑接口 组合盖 	金额（万元） 	630.26 	464.92 	585.52 			
铝塑接口 组合盖 	金额（万元） 	630.26 	464.92 	585.52 			
双层膜 	单价（元/m2） 	10.90 	10.81 	10.95 			
双层膜 	采购量（m2） 	482,147.00 	393,512.34 	462,624.73 			
双层膜 	金额（万元） 	525.63 	425.46 	506.54 			
合格证标签 及说明书 	单价（元/张） 	0.02 	0.02 	0.02 			
合格证标签 及说明书 	单价（元/张） 	0.02 	0.02 	0.02 			
合格证标签 及说明书 	采购量（万张） 	7,372.75 	6,182.54 	6,821.13 			
合格证标签 及说明书 	采购量（万张） 	7,372.75 	6,182.54 	6,821.13 			
合格证标签 及说明书 	金额（万元） 	143.15 	94.41 	103.56 			
合格证标签 及说明书 	金额（万元） 	143.15 	94.41 	103.56 			
空心胶囊 	单价（元/粒） 	0.01 	0.01 	0.01 			
空心胶囊 	采购量（万粒） 	8,297.00 	7,629.80 	6,956.20 			
							
主要原材料（包材） 	2017 年 	2017 年 	2016 年 	2015 年 			
97.08 	97.08 	89.50 	84.44 				
							
年份 	项目 	水（立方米） 	电（千瓦时） 	气（立方米） 			
2017年 	消耗量 	198,457.00 	5,687,917.00 	1,324,124.00 			
2017年 	单价（元） 	5.45 	0.70 	2.16 			
2017年 	金额（万元） 	108.24 	399.59 	285.67 			
2016年 	消耗量 	238,339.21 	5,133,454.00 	1,247,844.00 			
2016年 	消耗量 	238,339.21 	5,133,454.00 	1,247,844.00 			
2016年 	单价（元） 	5.35 	0.77 	2.22 			
2016年 	单价（元） 	5.35 	0.77 	2.22 			
2016年 	金额（万元） 	127.61 	395.95 	277.03 			
2016年 	金额（万元） 	127.61 	395.95 	277.03 			
2015年 	消耗量 	194,067.76 	3,151,839.00 	864,170.00 			
2015年 	消耗量 	194,067.76 	3,151,839.00 	864,170.00 			
2015年 	单价（元） 	4.34 	0.72 	2.23 			
2015年 	金额（万元） 	84.15 	228.27 	192.47 			
							
时间 	序号 	供应商名称 	采购金额 	占采购 总额比例 			
2017 年 	1 	上海华茂药业有限公司 	1,261.54 	16.04% 			
2017 年 	2 	雷诺丽特恒讯包装科技（北京）有限公司 	557.67 	7.09% 			
							
3 	广汉市玻璃制瓶有限公司 	529.61 	6.73% 				
4 	希悦尔（中国）有限公司 	525.63 	6.68% 				
5 	西安一印集贤彩印有限责任公司 	432.76 	5.50% 				
合计 	合计 	3,307.21 	42.04% 				
1 	扬州市三药制药有限公司 	977.78 	15.04% 				
2 	上海华茂药业有限公司 	822.04 	12.64% 				
3 	广汉市玻璃制瓶有限公司 	539.55 	8.30% 				
4 	盛州医药包装材料科技（中国）有限公司 	446.33 	6.86% 				
5 	希悦尔（中国）有限公司 	425.46 	6.54% 				
合计 	合计 	3,211.16 	49.38% 				
1 	山东金洋药业有限公司 	945.62 	12.87% 				
2 	广汉市玻璃制瓶有限公司 	602.27   	8.20% 				
3 	希悦尔（中国）有限公司   	499.00   	6.80% 				
4 	大协集团投资有限公司 	464.14 	6.32% 				
5 	西安第一印刷厂 	407.77 	5.55% 				
合计 	合计 	2,918.80 	39.74% 				
							
2016 年 							
2015 年 							
							
时间 	序号 	供应商名称 	采购金额 	占采购 总额比例 			
2017 年 	1 	上海华茂药业有限公司 	1,261.54 	16.04% 			
2017 年 	2 	浙江苏泊尔制药有限公司 	362.88 	4.61% 			
2017 年 	3 	扬州市三药制药有限公司 	355.70 	4.52% 			
2017 年 	4 	陕西兴盛德药业有限责任公司   	215.32 	2.74% 			
2017 年 	5 	华东医药（西安）博华制药有限公司   	174.36 	2.22% 			
2017 年 	合计 	合计 	2,369.80 	30.13% 			
2016 年 	1 	扬州市三药制药有限公司 	977.78   	 15.04% 			
2016 年 	2 	上海华茂药业有限公司（山东金洋药业有限公司全资子公司） 	822.04   	12.64% 			
2016 年 	3 	浙江苏泊尔制药有限公司 	303.31   	4.66% 			
2016 年 	4 	华东医药西安博华制药有限公司 	247.01   	3.80% 			
2016 年 	5 	四川青木制药有限公司 	196.58   	3.02% 			
2016 年 	合计 	合计 	2,546.72   	39.17% 			
2015 年 	1 	山东金洋药业有限公司 	945.62 	12.87% 			
2015 年 	2 	四川青木制药有限公司 	305.98 	4.17% 			
2015 年 	3 	青岛金峰制药有限公司 	304.38 	4.15% 			
							
4 	华东医药西安博华制药有限公司 	261.54 	3.56% 				
5 	浙江苏泊尔制药有限公司 	188.89 	2.57% 				
合计 	合计 	2,006.41 	27.32% 				
							
编号 	关联公司名称 	与发行人关系 	采购额/销售额 	采购额/销售额 	采购额/销售额 		
编号 	关联公司名称 	与发行人关系 	年度 	金额（万元） 	占比 		
1 	华东医药（西安）博华制药有限公司 	供应商 	2017 年 	174.36 	2.22% 		
1 	华东医药（西安）博华制药有限公司 	供应商 	2016 年 	247.01 	3.80% 		
1 	华东医药（西安）博华制药有限公司 	供应商 	2015 年 	261.54 	3.56% 		
1 	陕西博华医药有限公司 	经销商 	2017 年 	26.15 	0.08% 		
1 	陕西博华医药有限公司 	经销商 	2017 年 	26.15 	0.08% 		
1 	陕西博华医药有限公司 	经销商 	2016 年 	287.31 	1.46% 		
1 	陕西博华医药有限公司 	经销商 	2015 年 	567.52 	2.79% 		
1 	陕西博华医药有限公司 	经销商 	2015 年 	567.52 	2.79% 		
1 	关联关系： 根据工商资料显示，2014 年 12 月 19 日前，公司供应商华东医药（西安）博华制药有限公司持有客户陕西博华医药有限公司 15%股权，2014 年 12 月 19 日，华东医药（西安）博华制药有限公司将陕西博华医药有限公司 9%股权转让，2016 年 10月 10 日，华东医药（西安）博华制药有限公司将陕西博华医药有限公司 6%股权转让，不再持有陕西博华医药有限公司股权。 	关联关系： 根据工商资料显示，2014 年 12 月 19 日前，公司供应商华东医药（西安）博华制药有限公司持有客户陕西博华医药有限公司 15%股权，2014 年 12 月 19 日，华东医药（西安）博华制药有限公司将陕西博华医药有限公司 9%股权转让，2016 年 10月 10 日，华东医药（西安）博华制药有限公司将陕西博华医药有限公司 6%股权转让，不再持有陕西博华医药有限公司股权。 	关联关系： 根据工商资料显示，2014 年 12 月 19 日前，公司供应商华东医药（西安）博华制药有限公司持有客户陕西博华医药有限公司 15%股权，2014 年 12 月 19 日，华东医药（西安）博华制药有限公司将陕西博华医药有限公司 9%股权转让，2016 年 10月 10 日，华东医药（西安）博华制药有限公司将陕西博华医药有限公司 6%股权转让，不再持有陕西博华医药有限公司股权。 	关联关系： 根据工商资料显示，2014 年 12 月 19 日前，公司供应商华东医药（西安）博华制药有限公司持有客户陕西博华医药有限公司 15%股权，2014 年 12 月 19 日，华东医药（西安）博华制药有限公司将陕西博华医药有限公司 9%股权转让，2016 年 10月 10 日，华东医药（西安）博华制药有限公司将陕西博华医药有限公司 6%股权转让，不再持有陕西博华医药有限公司股权。 	关联关系： 根据工商资料显示，2014 年 12 月 19 日前，公司供应商华东医药（西安）博华制药有限公司持有客户陕西博华医药有限公司 15%股权，2014 年 12 月 19 日，华东医药（西安）博华制药有限公司将陕西博华医药有限公司 9%股权转让，2016 年 10月 10 日，华东医药（西安）博华制药有限公司将陕西博华医药有限公司 6%股权转让，不再持有陕西博华医药有限公司股权。 		
2 	石药集团圣雪葡萄糖有限责任公司 	供应商 	2017 年 	0.34   	0.00% 		
2 	石药集团圣雪葡萄糖有限责任公司 	供应商 	2016 年 	-   	 -  		
2 	石药集团圣雪葡萄糖有限责任公司 	供应商 	2016 年 	-   	 -  		
2 	石药集团圣雪葡萄糖有限责任公司 	供应商 	2015 年 	0.42   	0.01% 		
2 	卓择有限公司 	经销商 	2017 年 	58.54   	0.19% 		
							
2016 年 	2.11   	0.10% 					
2015 年 	2.42   	0.01% 					
							
关联关系：工商登记资料显示石药集团圣雪葡萄糖有限责任公司实际控制人为卓择有限公司。 	关联关系：工商登记资料显示石药集团圣雪葡萄糖有限责任公司实际控制人为卓择有限公司。 	关联关系：工商登记资料显示石药集团圣雪葡萄糖有限责任公司实际控制人为卓择有限公司。 	关联关系：工商登记资料显示石药集团圣雪葡萄糖有限责任公司实际控制人为卓择有限公司。 	关联关系：工商登记资料显示石药集团圣雪葡萄糖有限责任公司实际控制人为卓择有限公司。 			
国药集团化学试剂陕西有限公司 	供应商 	2017 年 	44.48   	0.57% 			
国药集团化学试剂陕西有限公司 	供应商 	2016 年 	58.52   	0.90% 			
国药集团化学试剂陕西有限公司 	供应商 	2016 年 	58.52   	0.90% 			
国药集团化学试剂陕西有限公司 	供应商 	2015 年 	48.77   	0.66% 			
国药控股股份有限公司 	经销商 	2017 年 	930.87   	2.95% 			
国药控股股份有限公司 	经销商 	2017 年 	930.87   	2.95% 			
国药控股股份有限公司 	经销商 	2016 年 	197.04   	1.00% 			
国药控股股份有限公司 	经销商 	2015 年 	2.99   	0.01% 			
关联关系：工商登记资料显示国药控股股份有限公司持有国药集团化学试剂陕西有限公司 90%股权。 	关联关系：工商登记资料显示国药控股股份有限公司持有国药集团化学试剂陕西有限公司 90%股权。 	关联关系：工商登记资料显示国药控股股份有限公司持有国药集团化学试剂陕西有限公司 90%股权。 	关联关系：工商登记资料显示国药控股股份有限公司持有国药集团化学试剂陕西有限公司 90%股权。 	关联关系：工商登记资料显示国药控股股份有限公司持有国药集团化学试剂陕西有限公司 90%股权。 			
							
项目 	原值 	累计折旧 	账面净值 	成新率 			
房屋建筑物 	25,543.66 	2,639.07 	22,904.59 	89.67% 			
机器设备 	14,031.20 	4,911.76 	9,119.44 	64.99% 			
运输工具 	693.72 	564.07 	129.65 	18.69% 			
办公设备 	770.71 	419.45 	351.26 	45.58% 			
合计 	41,039.29 	8,534.34 	32,504.95 	79.20% 			
							
序号 	产权证号 	坐落 	建筑面积（m2） 	规划 用途 	所有权人 		
1 	西安市房权证高新区字1025098013-8-1 	西安市高新区新型工业园创新路 5 号 	19.66 	门房 	万隆制药 		
2 	西安市房权证高新区字1025098013-8-2 	西安市高新区新型工业园创新路 5 号 	39.75 	门房 	万隆制药 		
序号 	产权证号 	坐落 	建筑面积（m2） 	规划 用途 	所有权人 		
3 	西安市房权证高新区字1025098013-8-3 	西安市高新区新型工业园创新路 5 号 	2,460.32 	厂房 	万隆制药 		
4 	西安市房权证高新区字1025098013-8-4 	西安市高新区新型工业园创新路 5 号 	5,129.61 	厂房 	万隆制药 		
5 	西安市房权证高新区字1025098013-8-5 	西安市高新区新型工业园创新路 5 号 	276.66 	锅炉房 	万隆制药 		
6 	西安市房权证高新区字1025098013-8-6 	西安市高新区新型工业园创新路 5 号 	22.99 	其他 	万隆制药 		
7 	西安市房权证高新区字1025098013-8-7 	西安市高新区新型工业园创新路 5 号 	6,605.82 	厂房 	万隆制药 		
8 	西安市房权证高新区字1025100018-2-3-10101 	西安市高新区锦业一路63 号 3 幢 1 单元 10101 室 	2,693.70 	厂房 	恩慈制药 		
9 	西安市房权证高新区字1025100018-2-2-10101 	西安市高新区锦业一路63 号 2 幢 1 单元 10101 室 	2,555.28 	其他 	恩慈制药 		
10 	西安市房权证高新区字1025100018-2-5-10101 	西安市高新区锦业一路63 号 5 幢 1 单元 10101 室 	480.87 	其他 	恩慈制药 		
							
序号 	房产名称 	层次 	建筑面积（m2） 	所有权人 			
1 	门卫（三处） 	一层 	264.52 	万隆制药 			
2 	办公楼 	二层 	2,341.54 	万隆制药 			
3 	食堂 	二层 	1,090.56 	万隆制药 			
4 	输液车间 	一层 	6,678.80 	万隆制药 			
5 	针剂车间 	二层 	6,469.24 	万隆制药 			
6 	固体制剂车间 	二层 	6,322.38 	万隆制药 			
7 	仓库二 	一层 	4,605.12 	万隆制药 			
8 	仓库一 	一层 	4,742.88 	万隆制药 			
9 	锅炉房 	三层 	1,931.25 	万隆制药 			
10 	动力站 	一层 	1,095.82 	万隆制药 			
11 	固体库 	一层 	342.19 	万隆制药 			
12 	合成车间一 	二层 	2,125.36 	万隆制药 			
13 	原材料成品库 	一层 	767.17 	万隆制药 			
14 	危险品液体库 	一层 	342.19 	万隆制药 			
15 	合成车间二 	二层 	2,125.36 	万隆制药 			
16 	合成车间三 	二层 	2,100.89 	万隆制药 			
17 	提取车间 	二层 	1,847.67 	万隆制药 			
序号 	房产名称 	层次 	建筑面积（m2） 	所有权人 			
18 	包材库 	一层 	767.17 	万隆制药 			
19 	倒班宿舍 	五层 	8,053.55 	万隆制药 			
							
序号 	资产名称 	原值（万元） 	净值（万元） 	成新率 			
1 	玻璃瓶大输液水浴灭菌器 	72.00 	8.73 	12.13% 			
2 	填充机 	54.80 	3.17 	5.78% 			
3 	玻瓶输液生产线(改造) 	46.50 	4.53 	9.74% 			
4 	8T/H 纯化水设备 	36.96 	6.82 	18.45% 			
5 	多效蒸馏水机 	30.26 	7.02 	23.20% 			
6 	铝塑包装机 	31.00 	2.78 	8.97% 			
7 	机械搅拌稀配罐 	25.23 	4.86 	19.26% 			
8 	高效液相色谱仪 	63.52 	33.35 	52.50% 			
9 	空压机 5 台 	71.37 	64.59   	90.50% 			
10 	铝塑泡罩包装机与高速装盒机生产线 	165.81 	150.06   	90.50% 			
11 	纯化水设备 	15.81 	14.31   	90.50% 			
12 	制氮设备 	17.31 	15.67   	90.50% 			
13 	（-20℃）螺杆式制冷机组 	22.82 	20.65   	90.50% 			
14 	胶囊填充机 	81.20 	73.49   	90.50% 			
15 	胶塞清洗机 	29.91 	27.07   	90.50% 			
16 	15000L/h 二及反渗透纯水制备 	128.21 	116.03   	90.50% 			
17 	5000L/h 多效蒸馏水机 	73.50 	66.52   	90.50% 			
18 	1000Kg/h 纯蒸汽发生器 	28.21 	25.53   	90.50% 			
19 	安瓿水浴灭菌器 	23.50 	21.27   	90.50% 			
20 	软袋大输液水浴灭菌器 	123.08 	111.39   	90.50% 			
21 	自动物流输送系统 	239.32 	216.58   	90.50% 			
22 	玻璃瓶大输液水浴灭菌器 	87.18 	78.90   	90.50% 			
23 	安瓿立式超声波清洗机 	30.41 	27.52   	90.50% 			
24 	隧道式灭菌干燥机 	37.26 	33.72   	90.50% 			
25 	安剖灌封机 	37.45 	33.89   	90.50% 			
26 	抗生素瓶立式超声波清洗机 	28.23 	25.55   	90.50% 			
27 	隧道式灭菌干燥机 	43.13 	39.03   	90.50% 			
28 	抗生素瓶灌装加塞机 	98.29 	88.95   	90.50% 			
序号 	资产名称 	原值（万元） 	净值（万元） 	成新率 			
29 	抗生素瓶轧盖机 	22.66 	20.51   	90.50% 			
30 	灌装加塞机 	28.44 	25.74   	90.50% 			
31 	配料系统管道工程 	367.52 	332.61   	90.50% 			
32 	满液式螺杆式水冷机组 	42.48 	38.44   	90.50% 			
33 	铝塑泡罩包装机 	56.41 	51.05   	90.50% 			
34 	离心喷雾干燥机 	92.31 	83.54   	90.50% 			
35 	原辅料称量中心称重配料系统 	54.53 	49.35   	90.50% 			
							
序号 	商标内容 	分类号 	权利人 	注册号 	有效期 		
1 	 	42 	万隆制药 	1715449 	至 2022/2/13 		
2 	 	5 	万隆制药 	3300242 	至 2024/2/6 		
3 	 	5 	万隆制药 	3300241 	至 2024/2/6 		
4 	 	5 	万隆制药 	3028541 	至 2022/12/27 		
5 	 	5 	万隆制药 	3440069 	至 2024/10/13 		
6 	 	5 	万隆制药 	3258346 	至 2024/1/6 		
7 	 	30 	万隆制药 	10335693 	至 2023/3/20 		
8 	 	5 	万隆制药 	3419841 	至 2024/9/27 		
9 	 	5 	万隆制药 	3889493 	至 2026/6/27 		
10 	 	5 	万隆制药 	3945538 	至 2026/8/20 		
11 	 	5 	万隆制药 	1740579 	至 2022/4/6 		
12 	 	5 	万隆制药 	978699 	至 2027/4/13 		
13 	 	5 	万隆制药 	4384913 	至 2028/1/13 		
14 	 	5 	万隆制药 	4292494 	至 2027/11/20 		
15 	 	5 	万隆制药 	4292497 	至 2027/11/20 		
16 	 	5 	万隆制药 	4229541 	至 2027/7/20 		
序号 	商标内容 	分类号 	权利人 	注册号 	有效期 		
17 	 	5 	万隆制药 	4610771 	至 2028/8/27 		
18 	 	5 	万隆制药 	5016836 	至 2019/4/27 		
19 	 	5 	万隆制药 	5176172 	至 2019/6/20 		
20 	 	5 	万隆制药 	4718306 	至 2018/11/13 		
21 	 	5 	万隆制药 	4807639 	至 2019/9/27 		
22 	 	5 	万隆制药 	5629182 	至 2020/6/27 		
23 	 	5 	万隆制药 	5629180 	至 2020/3/6 		
24 	 	5 	万隆制药 	6178382 	至 2020/8/20 		
25 	 	5 	万隆制药 	6648821 	至 2020/5/27 		
26 	 	5 	万隆制药 	9037204 	至 2022/1/20 		
27 	 	5 	万隆制药 	9261494 	至 2022/3/27 		
28 	 	5 	万隆制药 	9256288 	至 2022/3/27 		
29 	 	5 	万隆制药 	9256305 	至 2022/3/27 		
30 	 	5 	万隆制药 	9261553 	至 2022/3/27 		
31 	 	5 	万隆制药 	9256183 	至 2022/3/27 		
32 	 	5 	万隆制药 	9256213 	至 2022/3/27 		
33 	 	5 	万隆制药 	9256057 	至 2022/3/27 		
34 	 	5 	万隆制药 	9256150 	至 2022/3/27 		
35 	 	5 	万隆制药 	9256026 	至 2022/3/27 		
36 	 	5 	万隆制药 	9256040 	至 2022/3/27 		
37 	 	5 	万隆制药 	9249601 	至 2022/3/27 		
38 	 	5 	万隆制药 	9249612 	至 2022/3/27 		
39 	 	5 	万隆制药 	9249577 	至 2022/3/27 		
40 	 	5 	万隆制药 	9249555 	至 2022/3/27 		
41 	 	5 	万隆制药 	9249540 	至 2022/3/27 		
42 	 	5 	万隆制药 	9249523 	至 2022/3/27 		
43 	 	5 	万隆制药 	9249441 	至 2022/3/27 		
44 	 	5 	万隆制药 	9246025 	至 2022/3/27 		
45 	 	5 	万隆制药 	9245778 	至 2022/3/27 		
46 	 	5 	万隆制药 	9245794 	至 2022/3/27 		
序号 	商标内容 	分类号 	权利人 	注册号 	有效期 		
47 	 	5 	万隆制药 	9245566 	至 2022/3/27 		
48 	 	5 	万隆制药 	9243512 	至 2022/3/27 		
49 	 	5 	万隆制药 	9243359 	至 2022/3/27 		
50 	 	5 	万隆制药 	9261503 	至 2022/4/20 		
51 	 	5 	万隆制药 	9243440 	至 2022/5/13 		
52 	 	5 	万隆制药 	9243550 	至 2022/5/13 		
53 	 	5 	万隆制药 	9249477 	至 2022/5/13 		
54 	 	30 	恩慈制药 	717188 	至 2024/11/27 		
55 	 	10 	恩慈制药 	725038 	至 2025/1/13 		
56 	 	5 	恩慈制药 	1122377 	至 2027/10/27 		
57 	 	30 	恩慈制药 	3897899 	至 2025/12/20 		
58 	 	30 	恩慈制药 	3897901 	至 2025/12/20 		
59 	 	30 	恩慈制药 	1768480 	至 2022/5/13 		
60 	 	5 	万隆制药 	9261574 	至 2022/5/20 		
61 	 	5 	万隆制药 	9261566 	至 2022/5/20 		
62 	 	35 	万隆制药 	10335747 	至 2023/2/27 		
63 	 	39 	万隆制药 	10340641 	至 2023/2/27 		
64 	 	39 	万隆制药 	10340793 	至 2023/2/27 		
65 	 	39 	万隆制药 	10340840 	至 2023/2/27 		
66 	 	44 	万隆制药 	10340890 	至 2023/2/27 		
67 	 	10 	万隆制药 	10335387 	至 2023/2/27 		
68 	 	5 	万隆制药 	10335131 	至 2023/2/27 		
69 	 	30 	万隆制药 	10335563 	至 2024/2/27 		
70 	 	5 	万隆制药 	4378586 	至 2023/8/20 		
71 	 	30 	万隆制药 	10335612 	至 2023/5/27 		
72 	 	30 	万隆制药 	10618406 	至 2023/5/20 		
73 	 	5 	万隆制药 	10617884 	至 2023/6/13 		
序号 	商标内容 	分类号 	权利人 	注册号 	有效期 		
74 	 	5 	万隆制药 	10618304 	至 2023/7/6 		
75 	 	5 	万隆制药 	3328582 	至 2024/6/27 		
76 	 	5 	万隆制药 	3517046 	至 2025/2/06 		
77 	 	5 	万隆制药 	14487653 	至 2025/6/13 		
78 	 	5 	万隆制药 	14487450 	至 2025/6/13 		
79 	 	5 	万隆制药 	14487704 	至 2025/6/13 		
80 	 	5 	万隆制药 	10335270 	至 2023/2/27 		
81 	 	10 	万隆制药 	10335478 	至 2023/5/20 		
82 	 	10 	万隆制药 	10335488 	至 2023/5/20 		
83 	 	5 	万隆制药 	16385954 	至 2026/5/6 		
84 	 	35 	万隆制药 	11984559 	至 2024/6/20 		
85 	 	35 	万隆制药 	16385956 	至 2026/7/20 		
							
序号 	专利权名称 	类别 	取得时间 	证书号码 	取得方式 	权利人 	
1 	注射用通脉冻干粉针剂的制备方法 	发明专利 	2008.01.02 	ZL200510042987.4 	自主研发 	万隆制药 	
2 	一种盐酸非索非那定与微晶纤维素组合物及其制备方法 	发明专利 	2011.07.27 	ZL201010192526.6 	自主研发 	万隆制药 	
3 	一种甘油与果糖组合物的制备方法 	发明专利 	2011.09.07 	ZL201010177464.1 	自主研发 	万隆制药 	
4 	一种塞克硝唑与乳糖组合物及其制备方法 	发明专利 	2011.08.31 	ZL201010199713.7 	自主研发 	万隆制药 	
5 	一种右旋糖酐40与乳酸钠林格氏液组合物及制备方法 	发明专利 	2012.08.08 	ZL201010177472.6 	自主研发 	万隆制药 	
序号 	专利权名称 	类别 	取得时间 	证书号码 	取得方式 	权利人 	
6 	一种奥硝唑氯化钠输液袋 	实用新型 	2013.03.06 	ZL201220432018.5 	自主研发 	万隆制药 	
7 	一种复方烟酸缓释片 	发明专利 	2013.03.27 	ZL200910021608.1 	自主研发 	万隆制药 	
8 	一种奥硝唑氯化钠注射液组合物 	发明专利 	2013.06.26 	ZL201210331090.3 	自主研发 	万隆制药 	
9 	N(2)-L-丙氨酰-L-谷氨酰胺的化合物 	发明专利 	2014.03.05 	ZL201210579815.0 	自主研发 	万隆制药 	
10 	一种治疗痴呆病的口服药物 	发明专利 	2010.04.12 	ZL03134527.1 	外购 	万隆制药 	
11 	一种治疗前列腺炎的药物 	发明专利 	2009.09.04 	ZL200410073076.3 	外购 	万隆制药 	
12 	治疗冠心病和脑梗塞的注射剂 	发明专利 	2008.11.21 	ZL200510042746.X 	外购 	万隆制药 	
13 	一种口服混合核苷及其制备工艺 	发明专利 	2014.09.15 	ZL200710018622.7 	外购 	万隆制药 	
14 	一种奥硝唑化合物 	发明专利 	2014.10.15 	ZL201210544063.4 	自主研发 	万隆制药 	
15 	一种头孢地尼及枸橼酸和枸橼酸钠干混悬剂组合物 	发明专利 	2015.01.21 	ZL201310169647.2 	自主研发 	恩慈制药 	
16 	一种盐酸乌苯美司化合物 	发明专利 	2015.08.26 	ZL201310745592.5 	自主研发 	万隆制药 	
17 	一种L-苹果酸化合物 	发明专利 	2015.09.09 	ZL201310746204.5 	自主研发 	万隆制药 	
18 	一种新的盐酸莫西沙星化合物 	发明专利 	2015.09.09 	ZL201310745053.1 	自主研发 	万隆制药 	
							
证书编号 	座落 	地号 	地类 （用途） 	使用权类型 	使用权 面积 	土地使用权人 	
西 高 科 技 国 用（2012）第 36426 号 	高新区新型工业园创新路 	GXIII-(8)-41 	工业 	出让 	20,878M2 	万隆制药 	
杨管国用（2012）第08 号 	西宝高铁以南水运东路以东永安路以北 	G-2011-08 	工业 	出让 	186,379.82M2 	万隆制药 	
杨管国用（2012）第08 号 	西宝高铁以南水运东路以东永安路以北 	G-2011-08 	工业 	出让 	186,379.82M2 	万隆制药 	
西 高 科 技 国 用（2004）第 24189 号 	高新区新区弘盛路东侧 	GXIII-(2)-24 	工业 	出让 	17,416.6M2 	恩慈制药 	
							
证书编号 	生产范围 	发证机关 	有效期限 	所属公司 			
陕 20160108 	西安市高新区新型工业园创新路5 号：大容量注射剂，片剂，散剂，硬胶囊剂（本地址不含中药前处理及提取）***；杨凌农业高新技术产业示范区永安路 2 号：大容量注射剂，硬胶囊剂，颗粒剂，散剂，片剂（含外用），中药前提取及原料药（混合核苷、乌苯美司、依帕司他、盐酸替罗非班、L-苹果酸）*** 	陕西省食品药品监督管理局 	至 2020-12-31 	万隆制药 			
							
注册证号 	品种名称 	发证机关 	有效期限 				
国药包字20140279 	五层共挤输液用袋 	国家食品药品监督管理总局 	至 2019-3-27 				
							
证书编号 	认证范围 	发证机关 	有效期限 				
SN20130044 	片剂、胶囊剂、散剂 	陕西省食品药品监督管理局 	至 2018-11-13 				
CN20130262 	大容量注射剂、大容量注射剂（非 PVC 多层共挤输液袋） 	国家食品药品监督管理总局 	至 2018-9-29 				
SN20160207 	原料药（乌苯美司） 	陕西省食品药品监督管理局 	至 2021-8-30 				
SN20160209 	大容量注射剂（玻璃输液瓶、非 PVC 多层共挤输液袋）、片剂（含外用）、胶囊剂、散剂（含中药前处理） 	陕西省食品药品监督管理局 	至 2021-9-22 				
SN20160214 	原料药（混合核苷） 	陕西省食品药品监督管理局 	至 2021-11-13 				
							
序号 	类别 	药品通用名称（规格） 	批准文号 	批准文号 	剂型 	医保分类 	是否生产 
1 	硝基咪唑类 	奥硝唑氯化钠注射液(100ml:0.5g 与氯化钠 0.9g) 	国药准字H20040325 	国药准字H20040325 	非 PVC 软袋注射剂 	乙类 	是 
1 	硝基咪唑类 	奥硝唑氯化钠注射液(100ml:0.5g 与氯化钠 0.9g) 	国药准字H20040325 	国药准字H20040325 	非 PVC 软袋注射剂 	乙类 	是 
1 	硝基咪唑类 	奥硝唑氯化钠注射液(100ml:0.5g 与氯化钠 0.9g) 	国药准字H20040325 	国药准字H20040325 	玻瓶 	乙类 	是 
2 	硝基咪唑类 	奥硝唑氯化钠注射液 (100ml:0.25g 与氯化钠 0.9g) 	国药准字H20041578 	国药准字H20041578 	非 PVC 软袋注射剂 	乙类 	是 
2 	硝基咪唑类 	奥硝唑氯化钠注射液 (100ml:0.25g 与氯化钠 0.9g) 	国药准字H20041578 	国药准字H20041578 	玻瓶注射剂 	乙类 	是 
3 	硝基咪唑类 	奥硝唑胶囊(0.1g) 	国药准字H20031256 	国药准字H20031256 	胶囊剂 	- 	是 
3 	硝基咪唑类 	奥硝唑胶囊(0.1g) 	国药准字H20031256 	国药准字H20031256 	胶囊剂 	- 	是 
4 	硝基咪唑类 	奥硝唑胶囊（0.25g） 	国药准字H20031257 	国药准字H20031257 	胶囊剂 	- 	是 
5 	硝基咪唑类 	奥硝唑阴道泡腾片（0.5g） 	国药准字H20120013 	国药准字H20120013 	片剂 	- 	是 
6 	血容量扩充 	复方右旋糖酐 40 注射液(250ml:25g) 	国药准字H20060418 	国药准字H20060418 	玻瓶注射剂 	- 	是 
6 	血容量扩充 	复方右旋糖酐 40 注射液(250ml:25g) 	国药准字H20060418 	国药准字H20060418 	玻瓶注射剂 	- 	是 
6 	血容量扩充 	复方右旋糖酐 40 注射液(250ml:25g) 	国药准字H20060418 	国药准字H20060418 	非 PVC 软袋注射剂 	- 	是 
6 	血容量扩充 	复方右旋糖酐 40 注射液(250ml:25g) 	国药准字H20060418 	国药准字H20060418 	非 PVC 软袋注射剂 	- 	是 
7 	营养液类 	丙氨酰谷氨酰胺注射液(100ml:20g) 	国药准字H20045975 	国药准字H20045975 	玻瓶注射剂 	乙类 	是 
8 	营养液类 	丙氨酰谷氨酰胺注射液(50ml:10g) 	国药准字H20143029 	国药准字H20143029 	玻瓶注射剂 	乙类 	是 
9 	营养液类 	加替沙星氯化钠注射液(100ml:加替沙星 0.2g 与氯化钠 0.9g) 	国药准字H20050846 	国药准字H20050846 	非 PVC 软袋注射剂 	- 	是 
9 	营养液类 	加替沙星氯化钠注射液(100ml:加替沙星 0.2g 与氯化钠 0.9g) 	国药准字H20050846 	国药准字H20050846 	非 PVC 软袋注射剂 	- 	是 
9 	营养液类 	加替沙星氯化钠注射液(100ml:加替沙星 0.2g 与氯化钠 0.9g) 	国药准字H20050846 	国药准字H20050846 	玻瓶注射剂 	- 	是 
10 	营养液类 	加替沙星片(0.1g) 	国药准字H20050845 	国药准字H20050845 	片剂 	- 	是 
11 	营养液类 	加替沙星片(0.2g) 	国药准字H20059302 	国药准字H20059302 	片剂 	- 	是 
11 	营养液类 	加替沙星片(0.2g) 	国药准字H20059302 	国药准字H20059302 	片剂 	- 	是 
12 	营养液类 	盐酸克林霉素胶囊（0.15g） 	国药准字H61020209 	国药准字H61020209 	胶囊剂 	甲类 	否 
13 	营养液类 	磺啶冰黄片 	国药准字H61022727 	国药准字H61022727 	片剂 	- 	否 
14 	营养液类 	盐酸小檗碱片(0.1g) 	国药准字H20058389 	国药准字H20058389 	片剂 	- 	否 
14 	营养液类 	盐酸小檗碱片(0.1g) 	国药准字H20058389 	国药准字H20058389 	片剂 	- 	否 
15 	营养液类 	复方磺胺甲噁唑片(0.4g) 	国药准字H20058387 	国药准字H20058387 	片剂 	甲类 	否 
16 	营养液类 	诺氟沙星胶囊(0.1g) 	国药准字H20058388 	国药准字H20058388 	胶囊剂 	甲类 	否 
16 	营养液类 	诺氟沙星胶囊(0.1g) 	国药准字H20058388 	国药准字H20058388 	胶囊剂 	甲类 	否 
17 	营养液类 	冠脉康片（0.4g） 	国药准字Z20063434 	国药准字Z20063434 	片剂 	- 	否 
18 	中成药 	乌龙散(4g) 	国药准字B20020429 	国药准字B20020429 	散剂（口服） 	- 	是 
18 	中成药 	乌龙散(4g) 	国药准字B20020429 	国药准字B20020429 	散剂（口服） 	- 	是 
19 	中成药 	一清颗粒（7.5g） 	国药准字Z20093009 	国药准字Z20093009 	颗粒剂 	乙类 	否 
20 	中成药 	妇月康胶囊（0.6g） 	国药准字Z20063972 	国药准字Z20063972 	胶囊剂 	- 	否 
序号 	类别 	药品通用名称（规格） 	批准文号 	批准文号 	剂型 	医保分类 	是否生产 
21 	骨刺消痛胶囊（0.3g） 	国药准字Z20063435 	国药准字Z20063435 	胶囊剂 	- 	否 	
21 	骨刺消痛胶囊（0.3g） 	国药准字Z20063435 	国药准字Z20063435 	胶囊剂 	- 	否 	
22 	枣仁安神颗粒（5g） 	国药准字Z20063863 	国药准字Z20063863 	颗粒剂 	乙类 	否 	
23 	基础输液类 	葡萄糖注射液 250ml:12.5g 	国药准字H61023292 	国药准字H61023292 	非 PVC 软袋注射剂/玻瓶注射剂 	甲类 	否 
23 	基础输液类 	葡萄糖注射液 250ml:12.5g 	国药准字H61023292 	国药准字H61023292 	非 PVC 软袋注射剂/玻瓶注射剂 	甲类 	否 
24 	基础输液类 	葡萄糖注射液 500ml:25g 	国药准字H61023254 	国药准字H61023254 	非 PVC 软袋注射剂/玻瓶注射剂 	甲类 	否 
25 	基础输液类 	葡萄糖注射液 250ml:25g 	国药准字H61023291 	国药准字H61023291 	非 PVC 软袋注射剂/玻瓶注射剂 	甲类 	否 
26 	基础输液类 	葡萄糖注射液 500ml:50g 	国药准字H61023243 	国药准字H61023243 	非 PVC 软袋注射剂/玻瓶注射剂 	甲类 	否 
27 	基础输液类 	葡萄糖氯化钠注射液 250ml:葡萄糖 12.5g 与氯化钠 2.25g 	国药准字H61023242 	国药准字H61023242 	非 PVC 软袋注射剂/玻瓶注射剂 	甲类 	否 
28 	基础输液类 	葡萄糖氯化钠注射液 500ml:葡萄糖 25g 与氯化钠 4.5g 	国药准字H61023241 	国药准字H61023241 	非 PVC 软袋注射剂/玻瓶注射剂 	甲类 	否 
28 	基础输液类 	葡萄糖氯化钠注射液 500ml:葡萄糖 25g 与氯化钠 4.5g 	国药准字H61023241 	国药准字H61023241 	非 PVC 软袋注射剂/玻瓶注射剂 	甲类 	否 
29 	基础输液类 	氯化钠注射液 250ml:2.25g 	国药准字H61023240 	国药准字H61023240 	非 PVC 软袋注射剂/玻瓶注射剂 	甲类 	否 
30 	基础输液类 	氯化钠注射液 500ml:4.5g 	国药准字H61023239 	国药准字H61023239 	非 PVC 软袋注射剂/玻瓶注射剂 	甲类 	否 
31 	基础输液类 	氯化钠注射液 100ml:0.9g 	国药准字H20103452 	国药准字H20103452 	非 PVC 软袋注射剂 	甲类 	否 
31 	基础输液类 	氯化钠注射液 100ml:0.9g 	国药准字H20103452 	国药准字H20103452 	非 PVC 软袋注射剂 	甲类 	否 
32 	其他 	盐酸非索非那定片 60mg 	国药准字H20080710 	国药准字H20080710 	片剂 	- 	是 
33 	其他 	消渴灵胶囊（每粒装 0.35g） 	国药准字Z10970111 	国药准字Z10970111 	胶囊剂 	- 	否 
34 	核苷酸类 	混合核苷片 20mg 	国药准字H20057365 	国药准字H20057365 	片剂 	- 	是 
35 	核苷酸类 	混合核苷 	国药准字H20057364 	国药准字H20057364 	原料药 	- 	是 
36 	解热镇痛类 	牛磺酸颗粒（0.4g） 	国药准字H61020715 	国药准字H61020715 	颗粒剂 	- 	否 
36 	解热镇痛类 	牛磺酸颗粒（0.4g） 	国药准字H61020715 	国药准字H61020715 	颗粒剂 	- 	否 
37 	抗肿瘤类 	乌苯美司片（30mg） 	国药准字H20140117 	国药准字H20140117 	片剂 	乙类 	是 
38 	抗肿瘤类 	乌苯美司(原料药) 	国药准字H20163417 	国药准字H20163417 	原料药 	- 	是 
38 	抗肿瘤类 	乌苯美司(原料药) 	国药准字H20163417 	国药准字H20163417 	原料药 	- 	是 
39 	中成药 	固精麦斯哈片（0.2g） 	国药准字Z20063985 	国药准字Z20063985 	片剂 	- 	否 
							
主要产品 	技术名称 	具体说明 	技术水平 	技术水平 	所处阶段 	所处阶段 	
非 PVC 软袋输液产品（奥硝唑氯化钠注射液、加替沙星氯化钠注射液） 	奥 硝 唑 氯 化钠 注 射 液 制备技术 	硝基咪唑类第三代药物，手术期抗厌氧菌首选用药，国家四类新药，国产首家开发上市 	国内领先 	国内领先 	批量生产 	批量生产 	
非 PVC 软袋输液产品（奥硝唑氯化钠注射液、加替沙星氯化钠注射液） 	加 替 沙 星 氯化 钠 注 射 液制备技术 	喹诺酮类抗感染药物，国内首批开发上市，国家一类新药 	国内领先 	国内领先 	批量生产 	批量生产 	
非 PVC 软袋输液产品（奥硝唑氯化钠注射液、加替沙星氯化钠注射液） 	全 密 闭 输 液生产技术 	依靠自身的张力将药液压迫滴出，无需形成空气回路，避免药液接触空气发生二次污染，产品不溶性微粒等安全性指标达到中国 SFDA 注册、美国药典（美国 GMP 要求）和欧盟标准 	国内领先 	国内领先 	批量生产 	批量生产 	
非 PVC 软袋输液产品（奥硝唑氯化钠注射液、加替沙星氯化钠注射液） 	单 管 双 阀 包装技术 	避免加药和输液两个过程交叉污染，在部分省市地区作为单独招标品种 	国内领先 	国内领先 	批量生产 	批量生产 	
非 PVC 软袋输液产品（奥硝唑氯化钠注射液、加替沙星氯化钠注射液） 	单 管 双 阀 包装技术 	避免加药和输液两个过程交叉污染，在部分省市地区作为单独招标品种 	国内领先 	国内领先 	批量生产 	批量生产 	
非 PVC 软袋输液产品（奥硝唑氯化钠注射液、加替沙星氯化钠注射液） 	无 菌 双 层 包装生产技术 	在内膜之外加上外包膜，抽真空后采用高温高压水浴式灭菌，使内袋始终保持无菌状态，杜绝贮存过程中污染的可能性，在部分省市地区作为单独招标品种 	国内领先 	国内领先 	批量生产 	批量生产 	
非 PVC 软袋输液产品（奥硝唑氯化钠注射液、加替沙星氯化钠注射液） 	高 温 灭 菌 技术 	运用 PID 温控技术、独特的螺旋式喷水方式，通过温度时间与 F0 值双重监控确保灭菌达到无菌效果 	国内领先 	国内领先 	批量生产 	批量生产 	
非 PVC 软袋输液产品（奥硝唑氯化钠注射液、加替沙星氯化钠注射液） 	防 侧 漏 输 液袋 体 三 次 焊接技术 	开发出袋体三次焊接技术，保证输液产品不易发生漏液，产品质量获得用户充分认可 	国内领先 	国内领先 	批量生产 	批量生产 	
玻瓶输液产品（奥硝 唑 氯 化 钠 注 射液、复方右旋糖酐40 注射液、丙氨酰谷氨酰胺注射液） 	复 方 右 旋 糖酐 40 注射液制备技术 	国家三类新药，国内首批开发上市，相关发明专利申请受理 	国内领先 	国内领先 	批量生产 	批量生产 	
玻瓶输液产品（奥硝 唑 氯 化 钠 注 射液、复方右旋糖酐40 注射液、丙氨酰谷氨酰胺注射液） 	复 方 右 旋 糖酐 40 注射液制备技术 	国家三类新药，国内首批开发上市，相关发明专利申请受理 	国内领先 	国内领先 	批量生产 	批量生产 	
玻瓶输液产品（奥硝 唑 氯 化 钠 注 射液、复方右旋糖酐40 注射液、丙氨酰谷氨酰胺注射液） 	玻 瓶 二 次 清洗技术 	粗洗和精洗分开，保障药品生产的净化隔离 	国内领先 	国内领先 	批量生产 	批量生产 	
固体制剂产品（奥硝唑胶囊、塞克硝唑片、乌龙散、消渴灵胶囊） 	奥 硝 唑 胶 囊制备技术 	国家四类新药，厌氧菌感染、口腔感染和妇科感染优选用药 	国内领先 	国内领先 	批量生产 	批量生产 	
固体制剂产品（奥硝唑胶囊、塞克硝唑片、乌龙散、消渴灵胶囊） 	奥 硝 唑 胶 囊制备技术 	国家四类新药，厌氧菌感染、口腔感染和妇科感染优选用药 	国内领先 	国内领先 	批量生产 	批量生产 	
固体制剂产品（奥硝唑胶囊、塞克硝唑片、乌龙散、消渴灵胶囊） 	塞 克 硝 唑 片制备技术 	硝基咪唑类新一代药物，国家四类新药，已获得发明专利 	国内领先 	国内领先 	批量生产 	批量生产 	
固体制剂产品（奥硝唑胶囊、塞克硝唑片、乌龙散、消渴灵胶囊） 	加 替 沙 星 片制备技术 	国内首批开发上市，国家一类新药 	国内领先 	国内领先 	批量生产 	批量生产 	
固体制剂产品（奥硝唑胶囊、塞克硝唑片、乌龙散、消渴灵胶囊） 	中 成 药 乌 龙散制备技术 	专科治疗白癜风全国独家中成药验方 	国内领先 	国内领先 	批量生产 	批量生产 	
固体制剂产品（奥硝唑胶囊、塞克硝唑片、乌龙散、消渴灵胶囊） 	中 成 药 乌 龙散制备技术 	专科治疗白癜风全国独家中成药验方 	国内领先 	国内领先 	批量生产 	批量生产 	
主要产品 	技术名称 	具体说明 	技术水平 	技术水平 	所处阶段 	所处阶段 	
微 粉 化 制 备技术 	通过控制混旋速率、齿合比、悬浮比等参数，使药材达到细胞级微粉碎，提高药效 	国内领先 	国内领先 	批量生产 	批量生产 		
微 粉 化 制 备技术 	通过控制混旋速率、齿合比、悬浮比等参数，使药材达到细胞级微粉碎，提高药效 	国内领先 	国内领先 	批量生产 	批量生产 		
双 层 压 片 技术 	利用双层压片技术将主药制备成双层片，使其由内而外释放药物，在短时间内达到有效血药浓度，延长释药时间 	国内领先 	国内领先 	批量生产 	批量生产 		
双 层 压 片 技术 	利用双层压片技术将主药制备成双层片，使其由内而外释放药物，在短时间内达到有效血药浓度，延长释药时间 	国内领先 	国内领先 	批量生产 	批量生产 		
多 效 循 环 浓缩技术 	通过控制温度和保持负压等技术，降低溶液的沸点，防止或减少热敏性物质的分解；增大传热温度差，提高蒸发效率 	国内领先 	国内领先 	批量生产 	批量生产 		
							
传统输液生产方式 	传统输液生产方式 	全密闭输液生产技术 	全密闭输液生产技术 	全密闭输液生产技术 			
项目 	洁净区 	项目 	洁净区 				
洗瓶 	D 级/C 级 	印字 	C 级背景下的 A 级 				
洗瓶 	D 级/C 级 	制袋 	C 级背景下的 A 级 				
洗塞 	C 级 	接口热合 	C 级背景下的 A 级 				
洗塞 	C 级 	接口热合 	C 级背景下的 A 级 				
灌装 	C 级背景下的 A 级 	灌装 	C 级背景下的 A 级 				
灌装 	C 级背景下的 A 级 	灌装 	C 级背景下的 A 级 				
							
上塞 	C 级背景下的 A 级 	盖热合 	C 级背景下的 A 级 				
轧盖 	D级 	盖热合 	C 级背景下的 A 级 				
轧盖 	D级 	盖热合 	C 级背景下的 A 级 				
							
项目 	美国药典/美国GMP标准 	欧盟标准 	中国药典 	本公司 质检结果 			
灭菌前微生物限度 	10个/100ml 	10个/100ml 	10个/100ml 	1-2个/100ml 			
A级空气尘埃粒子标准 	0.5μm    ≤3520个 5μm    ≤20个 	0.5μm    ≤3520个 5μm    ≤20个 	0.5μm    ≤3520个 5μm    ≤20个 	0.5μm    ≤750至1200个 5μm    0个 			
不溶性微粒* 	≥10μm    ≤25 个 ≥25μm    ≤3 个 	≥10μm    ≤25 个 ≥25μm    ≤3 个 	≥10μm    ≤25 个 ≥25μm    ≤3个 	≥10μm    1.0 个 ≥25μm    0个 			
可见异物 	未列入 	未列入 	取20瓶供试品，均不得检出可见异物 	符合中国药典 			
							
序号 	专利权名称 	类别 	取得时间 	证书号码 	取得方式 	权利人 	
1 	一种奥硝唑氯化钠输液袋 	实用新型 	2013.03.06 	ZL2012204320185 	自主研发 	万隆制药 	
1 	一种奥硝唑氯化钠输液袋 	实用新型 	2013.03.06 	ZL2012204320185 	自主研发 	万隆制药 	
2 	一种奥硝唑氯化钠注射液组合物 	发明专利 	2013.06.26 	ZL201210331090.3 	自主研发 	万隆制药 	
3 	一种奥硝唑化合物 	发明专利 	2014.10.15 	ZL2012105440634 	自主研发 	万隆制药 	
3 	一种奥硝唑化合物 	发明专利 	2014.10.15 	ZL2012105440634 	自主研发 	万隆制药 	
							
序号 	项目名称 	药品类别 	适应症 	进展情况 			
1 	一种调节体液平衡的电解质药物 	化药 3 类 	调节术后人体酸碱平衡 	已取得申报生产的受理通知书 			
1 	一种调节体液平衡的电解质药物 	化药 3 类 	调节术后人体酸碱平衡 	已取得申报生产的受理通知书 			
2 	一种术前诊断显影剂药物 	化药 6+6 类 	血管造影、脑和腹部 CT 扫描以及尿道造影等 	药学研究 			
3 	一种抗病毒的药物 	化药 6 类 	乙肝病毒治疗 	已取得临床批件 			
3 	一种抗病毒的药物 	化药 6 类 	乙肝病毒治疗 	已取得临床批件 			
4 	一种头孢类制剂药物 	化药 3+3 类 	适用于对头孢敏感的感染治疗 	原料和制剂已取得临床批件，正在进行临床研究 			
5 	一种糖尿病用药 	化药 6+6 类 	糖尿病治疗 	原料和制剂已申报生产，原料已取得 DMF 登记号，制剂已获得临床批件，正在进行一致性研究 			
6 	一种心脑血管用药 	化药 6+6 类 	心脑血管用药 	原料和制剂已申报生产，原料CDE 已公示，制剂正在技术审评 			
6 	一种心脑血管用药 	化药 6+6 类 	心脑血管用药 	原料和制剂已申报生产，原料CDE 已公示，制剂正在技术审评 			
7 	一种核磁造影剂原料药和制剂 	化药 6+6 类 	头颅、脊髓和身体其他部位造影 	正在开展药学研究 			
7 	一种核磁造影剂原料药和制剂 	化药 6+6 类 	头颅、脊髓和身体其他部位造影 	正在开展药学研究 			
8 	第四代硝基咪唑原料药及制剂技术开发 	化药 3+1.6 类 	厌氧菌感染治疗 	已完成药学研究及药效学研究 			
8 	第四代硝基咪唑原料药及制剂技术开发 	化药 3+1.6 类 	厌氧菌感染治疗 	已完成药学研究及药效学研究 			
9 	塞来昔布胶囊 	化药 6 类 	缓解骨关节炎和成人类风湿性关节炎的症状 	已获得临床批件 			
9 	塞来昔布胶囊 	化药 6 类 	缓解骨关节炎和成人类风湿性关节炎的症状 	已获得临床批件 			
10 	碳酸氢钠林格注射液（500ml 软袋） 	化药 3 类 	本品可作为水、电解质的补充源和碱化剂。补充循环血容量及缺失的组织液、调节细胞外液，纠正代谢性酸中毒 	已完成研究，申报生产，正在CDE 进行技术审评 			
11 	复方醋酸钠葡萄糖电解质注射液（500ml 软袋）Physio®35 injection 	化药 3 类 	本品主要维持和补充患者体内水分和电解质，补充患者体内热量。适用口服不能摄取水分和电解质或者摄取不足者 	已完成研究，申报生产，正在CDE 进行技术审评 			
12 	阿仑膦酸钠氯化钠注射液（100ml 软袋） 	化药 3 类 	临床用于治疗骨质疏松症 	已完成研究，申报生产，并已完成技术审评 			
13 	一种高尿酸血症及痛风治疗药物 	化药 3+3 类 	高尿酸血症及痛风 	已获得临床批件 			
14 	富马酸沃诺拉赞原料药及片剂 	化药 3+3 类 	质子泵抑制剂 	正在开展药学研究 			
15 	托格列净合成技术 	化药 3 类 	糖尿病用药 	已完成小试，正在开展中试研			
15 	托格列净合成技术 	化药 3 类 	糖尿病用药 	已完成小试，正在开展中试研			
序号 	项目名称 	药品类别 	适应症 	进展情况 			
究 							
究 							
已取得申报生产受理通知书 							
已取得申报生产受理通知书 							
正在药审中心技术审评 							
正在开展药学研究 							
正在开展药学研究 							
正在开展药学研究 							
正在进行药学研究 							
正在进行药学研究 							
							
16 	苹果酸葡萄糖电解质注射液 	化药 3 类 	调节术后人体酸碱平衡 				
17 	丙氨酰谷氨酰胺注射液（软袋） 	补充申请 	肠外营养药 				
18 	右旋糖酐 40、70 生产技术 	化药 6 类 	血容量扩充剂 				
19 	盐酸莫西沙星原料及制剂 	化药 4+4 类 	新一代喹诺酮类抗菌药物 				
19 	盐酸莫西沙星原料及制剂 	化药 4+4 类 	新一代喹诺酮类抗菌药物 				
20 	奥硝唑注射液（小容量注射剂） 	化药 4 类 	用于治疗敏感厌氧菌所引起的多种感染性疾病 				
20 	奥硝唑注射液（小容量注射剂） 	化药 4 类 	用于治疗敏感厌氧菌所引起的多种感染性疾病 				
							
时间 	研发投入 	主营业务收入 	比例 				
2017 年 	2,118.06 	31,555.28 	6.71% 				
2016 年 	1,765.13 	19,651.63 	8.98% 				
2015 年 	1,220.44 	20,310.76 	6.01% 				
							
序号 	项目名称 	药品类别 	适应症 	研发成果 			
1 	一种调节体液平衡的电解质药物 	化药 3 类 	调节术后人体酸碱平衡 	临床批件号：2016L03804   			
1 	一种调节体液平衡的电解质药物 	化药 3 类 	调节术后人体酸碱平衡 	临床批件号：2016L03804   			
2 	苹果酸葡萄糖电解质注射液 	化药 3 类 	调节术后人体酸碱平衡 	临床批件号：2016L03805 			
3 	一种抗病毒的药物 	化药 6 类 	乙肝病毒治疗 	临床批件号：2015L04346 			
4 	一种糖尿病用药 	化药 6+6类 	糖尿病治疗 	临床批件号：2016L08517 			
4 	一种糖尿病用药 	化药 6+6类 	糖尿病治疗 	临床批件号：2016L08517 			
5 	塞来昔布胶囊 	化药 6 类 	缓解骨关节炎和成人类风湿性关节炎的症状 	临床批件号：2016L08620 			
6 	一种高尿酸血症及痛风治疗药物 	化药 3+3类 	高尿酸血症及痛风 	临 床 批 件 号 ：2017L00987\88\89 			
7 	乌苯美司原料药 	化药 6 类 	增强免疫功能，用于抗癌化疗、放疗的辅助治疗，老年性免疫功能缺陷等 	国药准字 H20163417 			
7 	乌苯美司原料药 	化药 6 类 	增强免疫功能，用于抗癌化疗、放疗的辅助治疗，老年性免疫功能缺陷等 	国药准字 H20163417 			
8 	复方右旋糖酐 40注射液（软袋） 	化药 6 类 	血容量扩充剂 	国药准字 2016B00736 			
9 	一种糖尿病用药 	化药 6+6类 	糖尿病治疗 	DMF 登记号：Y20170000638 			
9 	一种糖尿病用药 	化药 6+6类 	糖尿病治疗 	DMF 登记号：Y20170000638 			
10 	一种心脑血管用药 	化药 6+6类 	心脑血管用药 	DMF 登记号：Y20170000788 			
							
序号 	项目名称 	合作单位 	委托研发内容 	目前进展 			
1 	一种糖尿病用药 	南京逐陆医药科技有限公司 	临床前部分药学研究 	原料和制剂已申报生产，原料已取得 DMF 登记号，制剂已获得 临 床 批 件 （ 批 件 号 ：2016L08517），正在进行一致性研 究 ； 原 料 受 理 号 ：CYHS1300485 ，受理时间：2014.3.26 			
2 	一种抗病毒药物 	北京博爱旺康医药科技有限公司 	临床前部分药学研究 	已 获 得 临 床 批 件 （ 批 件 号2015L04346） 			
3 	一种心脑血管用药 	上海医药工业研究所 	临床前部分药学研究 	原料和制剂已申报生产，原料CDE 已公示，制剂正在技术审评；受理号：原料CYHS1301640 ，制剂CYHS1301804 ，受理日期：2014.7.23 			
4 	第四代硝基咪唑原料药及制剂技术开发 	西安华耀医药化工研究所 	临床前部分药学研究 	已完成药学研究及药效学研究 			
5 	塞来昔布胶囊(0.2g) 	北京博爱旺康医药科技有限公司 	临床前部分药学研究 	已获得临床批件（批件号：2016L08620） 			
6 	一种高尿酸血症及痛风 	上海中拓医药科技有限公司 	临床前部分药学研究 	已获得临床批件（原料批件号：2017L00947 、片剂批件号：2017L00987） 			
7 	钆双胺工艺转让费 	合肥宝添科贸有限公司 	原料药合成工艺研究 	已完成了技术资料及小试工艺的交接工作，待具备中试条件后，进行中试工艺交接。 			
8 	碘普罗胺工艺技术 	山东宸极生物技术有限公司 	原料药合成工艺研究 	已完成全部技术资料交接及小试工艺交接，待具备条件后进行中试工艺交接。 			
9 	托格列净合成技术 	南京尊弘生物科技有限公司 	原料药合成工艺研究 	已完成小试，正在开展中试研究 			
							
序号 	部门名称 	主要职责 					
1 	项目管理部 	负责公司新药研究品种的项目总体管理协调工作 					
2 	原料药工艺研究部 	负责公司原料药工艺技术研究及产业化放大 					
3 	制剂工艺研究部 	负责公司制剂工艺技术研究及产业化放大，直到取得生产批文 					
4 	质量研究部 	负责公司新药研发品种的质量研究工作，直到取得生产批文 					
5 	临床研究部 	负责技术中心新药立项调研、临床、药理毒理研究等工作 					
6 	注册综合部 	新药法规、注册申报、技术中心设备技术、维护、固定资产管理等综合事务 					
							
