时间 	经营范围变更 	变更后经营范围 								
2000.3 	公司设立 	证券的代理买卖；代理还本付息，分红派息：证券代保管、鉴证：代理登记开户。 								
2003.8 	证券的自营买卖；证券的承销和上市推荐；证券投资咨询和财务顾问业务；资产管理；发起设立证券投资基金和基金管理公司；中国证监会批准的其他业务。 	证券的代理买卖；代理还本付息和分红派息；证券代保管、鉴证；代理登记开户；证券的自营买卖；证券的承销和上市推荐；证券投资咨询和财务顾问业务；资产管理；发起设立证券投资基金和基金管理公司；中国证监会批准的其他业务。 								
2009.1 	按照《证券公司业务种类表述方式对照表》进行规范调整 	证券经纪；证券投资咨询；与证券交易、证券投资活动有关的财务顾问业务。 								
2010.1 	增加证券投资基金销售业务和证券承销业务资格 	证券经纪；证券投资咨询；与证券交易、证券投资活动有关的财务顾问；证券承销业务；证券投资基金销售业务。 								
2011.5 	增加证券资产管理业务和证券自营业务资格 	证券经纪；证券投资咨询；与证券交易、证券投资活动有关的财务顾问；证券承销业务；证券投资基金代销业务；证券资产管理、证券自营（上述范围中国家有专项规定的项目经审批后或凭许可证在核定的预期内经营）。 								
2012.7 	增加融资融券业务和证券保荐业务资格 	证券经纪；证券投资咨询；与证券交易、证券投资活动有关的财务顾问；证券投资基金代销；证券承销与保荐；证券自营；证券资产管理；融资融券。 								
2013.4 	增加代销金融产品业务资格 	证券经纪；证券投资咨询；与证券交易、证券投资活动有关的财务顾问；证券投资基金代销；证券承销与保荐；证券自营；证券资产管理；融资融券；代销金融产品。 								
2013.5 	增加为期货公司提供中间介绍业务资格 	证券经纪；证券投资咨询；与证券交易、证券投资活动有关的财务顾问；证券投资基金代销；证券承销与保荐；证券自营；证券资产管理；融资融券；代销金融产品；为期货公司提供中间介绍业务。 								
										
监管项目 	主要法律法规和政策 									
法律及行政法规 	《公司法》、《证券法》、《证券投资基金法》、《证券公司监督管理条例》、《证券公司风险处置条例》、《期货交易管理条例》 									
市场准入和业务许可 	《证券法》、《证券公司监督管理条例》、《外资参股证券公司设立规则》、《证券公司设立子公司试行规定》、《证券、期货投资咨询管理暂行办法》、《证券公司参与股指期货、国债期货交易指引》、《关于证券公司申请首次公开发行股票并上市监管意见书有关问题的规定》、《关于加强上市证券公司监管的规定》等 									
证券公司业务监管 	《证券法》、《证券公司监督管理条例》、《证券公司业务范围审批暂行规定》、《证券公司创新业务（产品）专业评价工作指引》、《证券交易委托代理业务指引》、《证券发行与承销管理办法》、《证券公司债券管理暂行办法》、《证券发行上市保荐业务管理办法》、《证券公司证券自营业务指引》、《证券公司私募投资基金子公司管理规范》、《关于证券公司证券自营业务投资范围及有关事项的规定》、《证券公司客户资产管理业务管理办法》、《证券公司集合资产管理业务实施细则》、《证券公司定向资产管理业务实施细则》、《证券公司融资融券业务管理办法》、《证券公司参与股指期货、国债期货交易指引》、《证券公司次级债管理规定》、《证券公司资产证券化业务管理规定》、《首次公开发行股票并在创业板上市管理办法》、《首次公开发行股票承销业务规范》、《公司债券发行与交易管理办法》、《证券公司开立客户账户规范》、《证券公司代销金融产品管理规定》、《证券公司为期货公司提供中间介绍业务试行办法》等 									
证券公司日常管理 	《证券法》、《证券公司监督管理条例》、《关于加强上市证券公司监管的规定》、《证券公司信息隔离墙制度指引》、《证券公司治理准则》、《关于证券公司综合治理工作方案的通知》、《证券公司分类监管规定》、《证券公司内部控制指引》、《证券公司融资融券业务试点内部控制指引》、《证券经纪人管理暂行规定》、《证券公司变更持有 5%以下股权股东报备工作指引》、《证券公司分支机构监管规定》、《关于规范金融机构同业业务的通知》、《关于进一步推进证券经营机构创新发展的意见》 									
证券公司风险防范  	《证券公司风险控制指标管理办法》、《关于调整证券公司净资本计算标准的规定》、《关于证券公司风险资本准备计算标准的规定》、《关于加强上市证券公司监管的规定》、《证券公司和证券投资基金管理公司合规管理办法》、《证券公司风险处置条例》、《关于进一步加强投资者教育、强化市场监管有关工作的通知》、《关于证券公司依法合规经营，进一步									
										
加强投资者教育有关工作的通知》、《证券公司缴纳证券投资者保护基金实施办法（试行）》、《关于进一步完善证券公司缴纳证券投资者保护基金有关事项的补充规定》《证券公司压力测试指引（试行）》、《深圳证券交易所会员客户高风险证券交易风险警示业务指引》、《证券公司全面风险管理规范》、《证券公司流动性风险管理指标》、《证券公司资本补充指引》等 										
《证券公司董事、监事和高级管理人员任职资格监管办法》、《证券业从业人员资格管理办法》、《证券从业人员职业行为准则》等 										
《关于加强上市证券公司监管的规定》、《关于证券公司信息公示有关事项的通知》、《关于证券公司执行<企业会计准则>有关核算问题的通知》、《证券公司年度报告内容与格式准则》、《证券公司定向发行债券信息披露准则》、《关于从事相关创新活动证券公司履行信息披露义务的公告》、《中国证券业协会创新试点类（规范类）证券公司信息披露指引（试行）》、《中国人民银行关于统一同业拆借市场中证券公司信息披露规范的通知》、《证券公司财务报表格式和附注》等 										
										
证券从业人员的管理 										
证券公司信息披露 										
										
证券公司的业务经营范围 	注册资本最低限额 									
证券经纪、证券投资咨询、与证券交易、证券投资活动有关的财务顾问业务 	≥5,000 万元 									
证券承销与保荐、证券自营、证券资产管理、其他证券业务中任何一项业务 	≥1 亿元 									
证券承销与保荐、证券自营、证券资产管理、其他证券业务中两项以上 	≥2 亿元 									
										
证券公司的业务经营范围 	净资本最低限额 									
证券经纪业务 	≥2,000 万元 									
证券承销与保荐、证券自营、证券资产管理、其他证券业务中任何一项业务 	≥5,000 万元 									
证券经纪业务同时经营证券承销与保荐、证券自营、证券资产管理、其他证券业务中任何一项业务 	≥1 亿元 									
证券承销与保荐、证券自营、证券资产管理、其他证券业务中两项以上 	≥2 亿元 									
										
项目 	2014年 	2015年 	2016年 							
证券行业营业收入总额（亿元） 	2,602.84 	5,751.55 	3,279.94 							
证券经纪业务-代理买卖证券业务净收入占比 	40.32% 	46.79% 	32.10% 							
证券自营业务-证券投资净收益（含公允价值变动收益）占比 	27.29% 	24.58% 	17.33% 							
投资银行业务-证券承销保荐及财务顾问业务净收入占比 	11.89% 	9.24% 	20.86% 							
融资融券业务-融资融券业务利息收入占比 	17.14% 	10.28% 	11.64% 							
资产管理业务-受托客户资产管理业务净收入占比 	4.78% 	4.78% 	9.04% 							
										
序号 	证券公司 	净资本 	净资产 	总资产 	营业收入 	净利润 	2017 年评级 			
1 	中信证券 	9,825,277 	12,317,195 	47,059,685 	3,800,192 	800,798 	AA 			
2 	国泰君安 	9,465,358 	10,041,937 	34,100,356 	2,576,465 	1,015,196 	AA 			
3 	海通证券 	8,727,573 	10,240,914 	31,914,472 	2,801,167 	607,870 	AA 			
4 	广发证券 	7,126,412 	7,365,605 	30,891,676 	2,071,204 	719,424 	AA 			
5 	华泰证券 	6,168,770 	8,281,957 	28,067,764 	1,691,702 	625,176 	AA 			
6 	申万宏源 	5,562,785 	4,933,819 	22,525,101 	1,481,480 	557,362 	AA 			
7 	银河证券 	5,472,047 	5,703,488 	21,701,719 	1,323,992 	471,243 	AA 			
8 	招商证券 	5,004,823 	5,796,175 	21,877,931 	1,169,545 	523,027 	AA 			
9 	国信证券 	4,636,791 	4,745,914 	16,878,616 	1,274,890 	533,138 	A 			
10 	光大证券 	4,332,759 	4,783,999 	13,758,069 	748,565 	314,449 	A 			
47 	天风证券 	935,110 	949,741 	3,788,626 	309,610 	57,339 	A 			
										
项目 	2016 年 	2015 年 	2014 年 							
净资产排名 	46 	41 	66 							
净资本排名 	47 	41 	77 							
营业收入排名 	33 	55 	72 							
净利润排名 	47 	63 	77 							
										
时间截点 	双百计划人数 									
2009 年底 	21 									
2010 年底 	35 									
2011 年底 	43 									
2012 年底 	60 									
2013 年底 	75 									
2014 年底 	113 									
2015 年底 	184 									
2016 年底 	200 									
										
项 目 	2016年 	2015年 	2014年 							
证券市场股票及债券承销总额 	66,671.48 	46,203.19 	26,875.78 							
天风证券股票及债券承销金额 	626.18 	201.27 	101.38 							
天风证券股票及债券主承销的市场份额 	0.94% 	0.44% 	0.38% 							
天风证券股票及债券承销金额排名 	33 	46 	48 							
										
项目 	2016年 	2015年 	2014年 							
证券公司二级市场交易总额 	7,501,945.13 	8,006,756.42 	3,354,351.27 							
天风证券二级市场交易额 	16,363.97 	14,493.22 	4,455.530 							
天风证券二级市场份额 	0.22% 	0.18% 	0.13% 							
天风证券二级市场份额行业排名 	67 	79 	82 							
										
项目 	2015年 	2014年 								
证券公司代理买卖证券业务净收入合计 	2,690.96 	1,049.48 								
天风证券代理买卖证券业务净收入 	4.63 	1.57 								
天风证券代理买卖证券业务净收入市场份额 	0.17% 	0.15% 								
天风证券代理买卖证券业务净收入行业排名 	75 	78 								
										
2016年 	2016年 	2016年 	2015年 	2015年 	2015年 	2014年 	2014年 	2014年 		
排名 	公司名称 	份额 % 	排名 	公司名称 	份额 % 	排名 	公司名称 	份额 % 		
1 	国泰君安 	7.18 	1 	华泰证券 	6.95 	1 	国泰君安 	6.72 		
2 	中信证券 	6.57 	2 	国泰君安 	6.01 	2 	申万宏源 	6.10 		
3 	申万宏源 	6.00 	3 	中信证券 	5.54 	3 	中信证券 	6.09 		
4 	广发证券 	5.66 	4 	申万宏源 	5.20 	4 	华泰证券 	5.81 		
5 	世纪证券 	5.64 	5 	广发证券 	5.02 	5 	海通证券 	5.13 		
6 	海通证券 	5.36 	6 	海通证券 	4.90 	6 	国信证券 	4.87 		
7 	华泰证券 	5.09 	7 	银河证券 	4.69 	7 	中信建投 	4.62 		
8 	招商证券 	3.61 	8 	招商证券 	4.12 	8 	银河证券 	4.53 		
9 	银河证券 	3.56 	9 	国信证券 	3.98 	9 	广发证券 	4.12 		
10 	中信建投 	3.26 	10 	中信建投 	3.90 	10 	招商证券 	4.07 		
67 	天风证券 	0.22 	79 	天风证券 	0.18 	82 	天风证券 	0.13 		
										
2016年 	2016年 	2016年 	2016年 	2015年 	2015年 	2015年 	2015年 	2014年 	2014年 	2014年 
排名 	公司名称 	家数 	排名 	排名 	公司名称 	家数 	排名 	公司名称 	家数 	
1 	中信建投 	322 	1 	1 	中信建投 	86.00 	1 	国信证券 	59.5 	
2 	国泰君安 	217 	2 	2 	国泰君安 	49.67 	2 	中信建投 	54.8 	
3 	中信证券 	173 	3 	3 	申万宏源 	39.57 	3 	国开证券 	44.0 	
4 	招商证券 	173 	4 	4 	平安证券 	38.67 	4 	中信证券 	40.2 	
5 	海通证券 	155 	5 	5 	兴业证券 	35.67 	5 	国泰君安 	36.7 	
6 	国海证券 	127 	6 	6 	国信证券 	35.58 	6 	申万宏源 	32.8 	
7 	广发证券 	124 	7 	7 	西部证券 	31.33 	7 	银河证券 	30.8 	
										
8 	兴业证券 	120 	8 	中山证券 	29.90 	8 	海通证券 	29.4 		
9 	光大证券 	116 	9 	长城证券 	29.50 	9 	广发证券 	28.7 		
10 	平安证券 	115 	10 	光大证券 	27.53 	10 	长城证券 	28.5 		
16 	天风证券 	71 	26 	天风证券 	16.50 	37 	天风证券 	9.5 		
										
2016年 	2016年 	2016年 	2015年 	2015年 	2015年 	2014年 	2014年 	2014年 		
排名 	公司名称 	受托客户资产管理业务净收入 	排名 	公司名称 	受托客户资产管理业务净收入 	排名 	公司名称 	受托客户资产管理业务净收入 		
1 	中信证券 	210,042 	1 	申万宏源 	195,597 	1 	申万宏源 	90,132 		
2 	国泰君安 	206,109 	2 	中信证券 	175,047 	2 	国泰君安 	82,634 		
3 	广发证券 	192,450 	3 	国泰君安 	152,260 	3 	中信证券 	81,442 		
4 	华泰证券 	171,170 	4 	海通证券 	141,465 	4 	华泰证券 	72,738 		
5 	申万宏源 	168,861 	5 	东方证券 	140,755 	5 	海通证券 	50,417 		
6 	招商证券 	106,395 	6 	华泰证券 	120,448 	6 	广发证券 	42,582 		
7 	中泰证券 	97,367 	7 	广发证券 	116,262 	7 	光大证券 	41,285 		
8 	光大证券 	90,505 	8 	招商证券 	106,176 	8 	华融证券 	35,891 		
9 	华融证券 	89,869 	9 	光大证券 	96,046 	9 	招商证券 	35,705 		
10 	东方证券 	89,484 	10 	兴业证券 	79,595 	10 	中信建投 	33,323 		
20 	天风证券 	44,594 	47 	天风证券 	11,096 	54 	天风证券 	4,476 		
										
项目 	2017 年 1-6 月 	2017 年 1-6 月 	2017 年 1-6 月 	2017 年 1-6 月 	2017 年 1-6 月 	2017 年 1-6 月 	2017 年 1-6 月 	2017 年 1-6 月 	2017 年 1-6 月 	2017 年 1-6 月 
项目 										
项目 	营业收入 	营业收入 	营业收入 	营业支出 	营业支出 	营业利润 	营业利润 	营业利润 	营业 利润率 （%） 	
项目 									营业 利润率 （%） 	
项目 	金额 （万元） 	占比 （%） 	占比 （%） 	金额 （万元） 	占比 （%） 	金额 （万元） 	金额 （万元） 	占比 （%） 	营业 利润率 （%） 	
证券经纪业务 	47,430.30 	31.77 	31.77 	40,445.21 	  40.05   	6,985.09 	6,985.09 	14.45 	  14.73   	
证券经纪业务 	47,430.30 	31.77 	31.77 	40,445.21 	  40.05   	6,985.09 	6,985.09 	14.45 	  14.73   	
证券自营业务 	25,439.61 	17.04 	17.04 	10,570.77 	  10.47   	14,868.85 	14,868.85 	30.77 	  58.45   	
证券自营业务 	25,439.61 	17.04 	17.04 	10,570.77 	  10.47   	14,868.85 	14,868.85 	30.77 	  58.45   	
投资银行业务 	44,035.79 	29.49 	29.49 	10,231.86 	  10.13   	33,803.94 	33,803.94 	69.95 	76.76 	
投资银行业务 	44,035.79 	29.49 	29.49 	10,231.86 	  10.13   	33,803.94 	33,803.94 	69.95 	76.76 	
										
资产管理业务 	40,457.06 	27.10 	27.10 	16,269.79 	  16.11   	24,187.27 	24,187.27 	50.05 	59.79 	
										
期货经纪业务 	3,870.19 	2.59 	2.59 	2,769.50 	 2.74   	1,100.69 	1,100.69 	2.28 	28.44 	
										
其他业务 	-19,436.25 	-13.02 	-13.02 	15,578.65 	  15.43   	-35,014.90 	-35,014.90 	-72.46 	- 	
										
直投业务 	14,019.06 	9.39 	9.39 	9,624.39 	 9.53   	4,394.67 	4,394.67 	9.09 	  31.35   	
										
抵消 	-6,514.89 	-4.36 	-4.36 	-4,513.57 	  -4.47   	-2,001.32 	-2,001.32 	-4.14 	- 	
										
合计 	149,300.88 	100.00 	100.00 	100,976.60 	100.00 	48,324.28 	48,324.28 	100.00 	  32.37   	
										
项目 	2016 年 	2016 年 	2016 年 	2016 年 	2016 年 	2016 年 	2016 年 	2016 年 	2016 年 	2016 年 
项目 										
项目 	营业收入 	营业收入 	营业收入 	营业支出 	营业支出 	营业利润 	营业利润 	营业利润 	营业 利润率 （%） 	
项目 	金额 （万元） 	占比 （%） 	占比 （%） 	金额 （万元） 	占比 （%） 	金额 （万元） 	金额 （万元） 	占比 （%） 	营业 利润率 （%） 	
项目 	金额 （万元） 	占比 （%） 	占比 （%） 	金额 （万元） 	占比 （%） 	金额 （万元） 	金额 （万元） 	占比 （%） 	营业 利润率 （%） 	
										
证券经纪业务 	67,472.07 	21.79   	21.79   	45,509.81 	23.05   	21,962.26 	21,962.26 	19.58   	32.55   	
										
证券自营业务 	66,022.84 	21.32   	21.32   	23,443.32 	11.87   	42,579.52 	42,579.52 	37.97   	64.49   	
										
投资银行业务 	113,561.05 	36.68   	36.68   	55,356.94 	28.03   	58,204.11 	58,204.11 	51.90   	51.25   	
										
资产管理业务 	57,580.50 	18.60   	18.60   	21,034.76 	10.65   	36,545.74 	36,545.74 	32.59   	63.47   	
期货经纪业务 	7,248.98 	2.34   	2.34   	4,955.16 	2.51   	2,293.82 	2,293.82 	2.05   	31.64   	
期货经纪业务 	7,248.98 	2.34   	2.34   	4,955.16 	2.51   	2,293.82 	2,293.82 	2.05   	31.64   	
其他业务 	-37,152.25 	-12.00   	-12.00   	32,762.39 	16.59   	-69,914.64 	-69,914.64 	-62.34   	-   	
其他业务 	-37,152.25 	-12.00   	-12.00   	32,762.39 	16.59   	-69,914.64 	-69,914.64 	-62.34   	-   	
直投业务 	42,643.95 	13.77   	13.77   	21,705.22 	10.99   	20,938.73 	20,938.73 	18.67   	49.10   	
直投业务 	42,643.95 	13.77   	13.77   	21,705.22 	10.99   	20,938.73 	20,938.73 	18.67   	49.10   	
抵消 	-7,766.99 	-2.51   	-2.51   	-7,307.17 	-3.70   	-459.82 	-459.82 	-0.41   	-   	
抵消 	-7,766.99 	-2.51   	-2.51   	-7,307.17 	-3.70   	-459.82 	-459.82 	-0.41   	-   	
										
合计 	309,610.16 	100.00 	100.00 	197,460.44 	100.00 	112,149.72 	112,149.72 	100.00 	36.22   	
										
项目 	2015 年 	2015 年 	2015 年 	2015 年 	2015 年 	2015 年 	2015 年 	2015 年 	2015 年 	2015 年 
项目 										
项目 	营业收入 	营业收入 	营业收入 	营业支出 	营业支出 	营业支出 	营业利润 	营业利润 	营业利润 	营业 利润率 （%） 
项目 										营业 利润率 （%） 
项目 	金额 （万元） 	占比 （%） 	金额 （万元） 	金额 （万元） 	占比 （%） 	金额 （万元） 	金额 （万元） 	占比 （%） 		营业 利润率 （%） 
证券经纪业务 	68,828.15 	21.35 	45,179.90 	45,179.90 	23.27 	23,648.25 	23,648.25 	18.45 	34.36 	
证券经纪业务 	68,828.15 	21.35 	45,179.90 	45,179.90 	23.27 	23,648.25 	23,648.25 	18.45 	34.36 	
证券自营业务 	157,524.75 	48.86 	50,389.11 	50,389.11 	25.95 	107,135.64 	107,135.64 	83.56 	68.01 	
证券自营业务 	157,524.75 	48.86 	50,389.11 	50,389.11 	25.95 	107,135.64 	107,135.64 	83.56 	68.01 	
										
投资银行业务 	74,075.24 	22.98 	50,575.31 	50,575.31 	26.05 	23,499.92 	23,499.92 	18.33 	31.72 	
										
资产管理业务 	18,995.63 	5.89 	9,445.47 	9,445.47 	4.86 	9,550.16 	7.45 	50.28 		
										
期货经纪业务 	8,223.81 	2.55 	7,349.16 	7,349.16 	3.78 	874.65 	0.68 	10.64 		
										
其他业务 	-21,128.77 	-6.55 	22,817.50 	22,817.50 	11.75 	-43,946.28 	-34.28 	- 		
										
直投业务 	20,117.61 	6.24 	10,532.09 	10,532.09 	5.42 	9,585.53 	7.48 	47.65 		
抵消 	-4,252.50 	-1.32 	-2,111.76 	-2,111.76 	-1.09 	-2,140.74 	-1.67 	- 		
抵消 	-4,252.50 	-1.32 	-2,111.76 	-2,111.76 	-1.09 	-2,140.74 	-1.67 	- 		
合计 	322,383.91 	100.00 	194,176.78 	194,176.78 	100.00 	128,207.13 	100.00 	39.77 		
合计 	322,383.91 	100.00 	194,176.78 	194,176.78 	100.00 	128,207.13 	100.00 	39.77 		
项目 	2014 年 	2014 年 	2014 年 	2014 年 	2014 年 	2014 年 	2014 年 	2014 年 	2014 年 	
项目 	2014 年 	2014 年 	2014 年 	2014 年 	2014 年 	2014 年 	2014 年 	2014 年 	2014 年 	
项目 	营业收入 	营业收入 	营业收入 	营业支出 	营业支出 	营业支出 	营业利润 	营业利润 	营业 利润率 （%） 	
项目 	营业收入 	营业收入 	营业收入 	营业支出 	营业支出 	营业支出 	营业利润 	营业利润 	营业 利润率 （%） 	
项目 									营业 利润率 （%） 	
项目 	金额 （万元） 	占比 （%） 	金额 （万元） 	金额 （万元） 	占比 （%） 	金额 （万元） 	占比 （%） 		营业 利润率 （%） 	
										
证券经纪业务 	20,075.42 	18.05 	16,305.73 	16,305.73 	19.57 	3,769.69 	13.51 	18.78 		
证券自营业务 	38,373.62 	34.50 	7,236.37 	7,236.37 	8.69 	31,137.25 	111.61 	81.14 		
证券自营业务 	38,373.62 	34.50 	7,236.37 	7,236.37 	8.69 	31,137.25 	111.61 	81.14 		
投资银行业务 	37,876.32 	34.06 	31,026.03 	31,026.03 	37.24 	6,850.29 	24.55 	18.09 		
投资银行业务 	37,876.32 	34.06 	31,026.03 	31,026.03 	37.24 	6,850.29 	24.55 	18.09 		
资产管理业务 	4,475.59 	4.02 	2,373.70 	2,373.70 	2.85 	2,101.89 	7.53 	46.96 		
资产管理业务 	4,475.59 	4.02 	2,373.70 	2,373.70 	2.85 	2,101.89 	7.53 	46.96 		
期货经纪业务 	9,477.71 	8.52 	9,166.12 	9,166.12 	11.00 	311.59 	1.12 	3.29 		
期货经纪业务 	9,477.71 	8.52 	9,166.12 	9,166.12 	11.00 	311.59 	1.12 	3.29 		
										
其他业务 	1,824.47 	1.64 	15,052.21 	15,052.21 	18.07 	-13,227.74 	-47.41 	- 		
										
直投业务 	4,306.44 	3.87 	2,158.71 	2,158.71 	2.59 	2,147.73 	7.70 	49.87 		
										
抵消 	-5,192.62 	-4.67 	- 	- 	- 	-5,192.62 	-18.61 	- 		
										
合计 	111,216.96 	100.00 	83,318.87 	83,318.87 	100.00 	27,898.09 	100.00 	25.08 		
										
项目 	2017 年 1-6 月 	2016 年 	2015 年 	2014 年 						
本公司平均佣金率（%） 	0.0167 	0.0259 	0.0426 	0.0595 						
市场平均佣金率（%） 	0.0327 	0.0363 	0.0525 	0.0693 						
										
项目 	2017 年 1-6 月 	2016 年 	2015 年 	2014 年 						
										
交易金额 	市场份额 	交易金额 	市场份额 	交易金额 	市场份额 	交易金额 	市场份额 			
4,781.65 	0.46% 	6,403.12 	0.25% 	9,769.57 	0.19% 	2,371.27 	0.16% 			
300.43 	0.34% 	477.84 	0.22% 	771.52 	0.25% 	87.03 	0.09% 			
380.64 	0.98% 	897.09 	1.25% 	323.67 	0.63% 	179.84 	0.38% 			
										
股票 										
基金 										
债券 										
										
排名 	营业部 	经纪业务佣金收入 	税前利润 							
1 	上海芳甸路营业部 	              1,003.70 	                  727.93   							
2 	武汉八一路营业部 	                  686.76   	                -296.83   							
3 	杭州教工路营业部 	                  951.58   	                  398.44   							
4 	北京菜市口大街营业部 	                  347.47   	                  200.76   							
5 	深圳滨河路营业部 	              1,050.48 	                -281.44   							
6 	南京庐山路营业部 	                  659.85   	                  -88.21   							
7 	成都市一环路东五段营业部 	                  653.82   	                -232.38   							
8 	武汉唐家墩路营业部 	                  108.93   	                -129.84   							
9 	北京莲花桥营业部 	                 53.20   	                  -17.69   							
10 	武汉中北路营业部 	                  159.70   	                  -14.43   							
										
排名 	营业部 	经纪业务佣金收入 	税前利润 							
1 	上海芳甸路营业部 	808.33 	283.73 							
2 	武汉八一路营业部 	1,866.21 	212.79 							
3 	杭州教工路营业部 	1,932.29 	1,218.22 							
4 	深圳滨河路营业部 	1,427.11 	-601.49 							
5 	南京庐山路营业部 	923.93 	-336.77 							
6 	成都市一环路东五段营业部 	1,751.81 	-1,151.08 							
7 	北京佟麟阁证券营业部 	392.95 	165.68 							
8 	上海马当路营业部 	215.32 	12.49 							
9 	北京莲花桥营业部 	81.54 	-71.24 							
10 	武汉中北路营业部 	148.81 	-179.79 							
										
证券种类 	折价率 									
国债 	0.95 									
ETF 基金 	0.90 									
非 ETF 基金的上市证券投资基金和非国债的债 	0.80 									
上证 180 指数和深证 100 指数成分股 	0.70 									
非 ST 股票（不包括上证 180 指数和深证 100 指数成分股、中小板股票、创业板股票） 	0.65 									
中小板股票 	0.65 									
创业板股票 	0.65 									
ST 股 	- 									
										
项目 	2017 年 1-6 月 	2017 年 1-6 月 	2016 年 	2016 年 	2015 年 	2015 年 	2014 年 	2014 年 		
项目 	金额 	占比 	金额 	占比 	金额 	占比 	金额 	占比 		
利息收入 	5,339.24 	76.00% 	10,294.86 	69.74% 	16,994.06 	58.32% 	3,894.86 	53.90% 		
信用交易佣金收入 	1,686.17 	24.00% 	4,467.39 	30.26% 	12,144.05 	41.68% 	3,331.88 	46.10% 		
合计 	7,025.41 	100.00% 	14,762.25 	100.00 % 	29,138.11 	100.00% 	7,226.74 	100.00% 		
										
担保物类别 	2017.06.30 	2016.12.31 	2015.12.31 	2014.12.31 						
资金 	28,564.64 	20,832.29 	31,173.07 	19,909.96 						
证券 	537,147.99 	523,366.13 	459,320.29 	292,175.73 						
合计 	565,712.62 	544,198.42 	490,493.35 	312,085.68 						
										
报告期 	2017.6.30 	2016.12.31 	2015.12.31 	2014.12.31 						
两融客户开户数量 	8,687 	8,551 	8,221 	6,805 						
开户占比 	2.72% 	2.83% 	3.15% 	4.61% 						
平均融资融券金额 	814,836.84 	809,789.35 	694,651.90 	780,638.57 						
保证金比例 	100.00% 	100.00% 	75.20% 	65.22% 						
平均担保比例 	356.07% 	330.26% 	296.91% 	228.58% 						
平均利率 	- 	9.84% 	10.34% 	7.52% 						
										
项目 	项目 	2017 年 1-6 月 	2016 年 	2015 年 	2014 年 					
各期末融入方家数 	各期末融入方家数 	97 	100 	38 	39 					
平均融资余额 	平均融资余额 	5,029.11 	4,535.20   	12,816.26 	572.42 					
平均利率 	平均利率 	7.95% 	8.16% 	8.35% 	8.85% 					
平均质押率水平 	主板（流通） 	43.97% 	46.11% 	43.97% 	45.21% 					
平均质押率水平 	主板（限售） 	41.85% 	40.38% 	29.85% 	59.17% 					
平均质押率水平 	中小板（流通） 	40.50% 	38.74% 	36.50% 	42.45% 					
平均质押率水平 	中小板（限售） 	- 	28.29% 	31.39% 	- 					
平均质押率水平 	创业板（流通） 	- 	37.18% 	28.71% 	37.94% 					
平均质押率水平 	创业板（限售） 	24.35% 	33.04% 	27.34% 	- 					
平均质押率水平 	股票质押融资申购 	- 	- 	80% 	- 					
平均质押率水平 	融资可取 	37.38% 	37.44% 	- 	- 					
										
类别 	类别 	指标 	2017 年 1-6 月 	2016 年 	2016 年 	2015 年 	2014 年 			
自营业务 	自营业务 	规模（万元） 	1,108,013.40 	1,311,775.89 	1,311,775.89 	717,549.63 	352,487.95 			
自营业务 	自营业务 	收益总额（万元） 	11,092.87 	39,637.65 	39,637.65 	168,660.45 	36,904.89 			
自营业务 	自营业务 	收益率 	1.00% 	3.02% 	3.02% 	23.51% 	10.47% 			
其中： 	其中： 	其中： 	其中： 	其中： 	其中： 	其中： 	其中： 	其中： 		
股票自营 	规模（万元） 	规模（万元） 	规模（万元） 	144,295.65 	175,928.08 	175,928.08 	75,649.52 	30,581.11 		
股票自营 	收益总额（万元） 	收益总额（万元） 	收益总额（万元） 	10,671.31 	6,959.99 	6,959.99 	45,794.94 	13,127.92 		
股票自营 	收益率 	收益率 	收益率 	7.40% 	3.96% 	3.96% 	60.54% 	42.93% 		
基金自营 	规模（万元） 	规模（万元） 	规模（万元） 	26,354.60 	90,062.56 	90,062.56 	89,665.24 	33,383.33 		
基金自营 	收益总额（万元） 	收益总额（万元） 	收益总额（万元） 	693.25 	-1,378.99 	-1,378.99 	36,820.15 	-27.41 		
基金自营 	收益率 	收益率 	收益率 	2.63% 	-1.53% 	-1.53% 	41.06% 	-0.08% 		
债券自营 	规模（万元） 	规模（万元） 	规模（万元） 	677,286.27 	820,036.08 	820,036.08 	420,827.81 	259,535.19 		
债券自营 	自有资金投资（万元） 	自有资金投资（万元） 	自有资金投资（万元） 	171,398.06 	264,327.77 	264,327.77 	216,128.04 	60,530.76 		
债券自营 	收益总额（万元） 	收益总额（万元） 	收益总额（万元） 	8,125.66 	10,658.06 	10,658.06 	70,572.58 	23,521.37 		
债券自营 	收益率 	收益率 	收益率 	4.74% 	4.03% 	4.03% 	32.65% 	38.86% 		
自有资金	规模（万元） 	规模（万元） 	规模（万元） 	260,076.88 	225,749.17 	225,749.17 	131,407.06 	28,988.32 		
										
购买的资管产品 	收益总额（万元） 	-8,397.35 	23,398.59 	15,472.78 	283.01 					
购买的资管产品 	收益率 	-3.23% 	10.36% 	11.77% 	0.98% 					
										
项目 	2016年 	2015年 	2014年 							
承销与保荐业务收入排名 	22 	29 	52 							
财务顾问业务收入排名 	14 	37 	25 							
并购重组财务顾问业务收入排名 	26 	28 	26 							
										
2014 年 	2014 年 	2014 年 	2014 年 							
类型 	主承销次数 	承销金额（亿元） 	承销收入（万元） 							
股票 	0.5 	              4.20   	 1,100.00   							
债券 	9.5 	 85.58 	 8,184.60   							
合计 	10 	 89.78 	 9,284.60   							
2015 年 	2015 年 	2015 年 	2015 年 							
类型 	主承销次数 	承销金额（亿元） 	承销收入（万元） 							
股票 	5 	 34.57 	 7,318.57   							
债券 	16.5 	 133.10 	 30,043.11   							
其他固定收益品种 	1 	 21.03 	                  30.00 							
合计 	22.5 	 188.70 	 37,391.68   							
2016 年 	2016 年 	2016 年 	2016 年 							
类型 	主承销次数 	承销金额（亿元） 	承销收入（万元） 							
股票 	8 	   56.17 	 13,219.87   							
债券 	71 	   502.20 	 51,819.91   							
其他固定收益品种 	3 	 38.51 	 1,473.70   							
合计 	82 	 596.88 	 66,513.48   							
2017 年 1-6 月 	2017 年 1-6 月 	2017 年 1-6 月 	2017 年 1-6 月 							
类型 	主承销次数 	承销金额（亿元） 	承销收入（万元） 							
股票 	5 	      74.60   	                10,179.17   							
债券 	25 	    119.20   	                10,667.92   							
其他固定收益品种 	2 	      53.77   	                  1,839.63   							
合计 	32 	 247.57   	 22,686.72   							
										
类型 	副主承销次数 	承销金额（亿元） 	承销收入（万元） 							
股票 	2 	 6.25 	  1,254.72   							
债券 	1 	 3.00 	 424.53   							
合计 	3 	 9.25 	  1,679.25   							
										
年份 	分销次数 	分销次数 	分销金额（亿元） 	分销收入（万元） 						
年份 	股票 	债券 	分销金额（亿元） 	分销收入（万元） 						
2014 	- 	26 	15.49 	73.35 						
2015 	- 	201 	178.90 	8,399.08 						
2016 	2 	196 	220.50 	2,772.27 						
2017 年 1-6 月 	3 	36 	30.67 	314.84 						
合计 	5 	459 	445.56 	11,559.54 						
										
项目 	2017.06.30 	2016.12.31 	2015.12.31 	2014.12.31 						
集合资产管理业务受托资金规模 	7,156,198.21 	7,685,426.36 	4,503,777.95 	306,237.16 						
项目 	2017年1-6月 	2016年 	2015年 	2014年 						
集合资产管理业务净收入 	28,867.19 	35,240.69 	12,863.32 	1,078.87 						
										
序号 	项目名称 	份额（万份） 	净值（万元） 	起始日期 	项目期限 					
1 	天泽 3 号 	1,931,220.88 	2,374,629.19 	2013-02-08 	无固定存续期限 					
2 	广发固收强债 3 号 	528,704.64 	571,741.20 	2015-10-28 	3 年 					
3 	广发固收强债 18 号 	418,416.63 	436,952.49 	2016-05-12 	3 年 					
4 	财富添盈 1 号 	373,175.21 	373,175.21 	2016-08-31 	无固定存续期限 					
5 	财富添盈 2 号 	154,579.69 	154,579.69 	2016-08-31 	无固定存续期限 					
6 	天象量化套利 2 号 	150,567.14 	167,701.68 	2015-11-20 	20 年 					
7 	天象量化套利 1 号 	137,042.70 	176,072.47 	2013-07-23 	5 年 					
8 	聚宝 2 号 	114,000.00 	114,000.00 	2016-10-18 	无固定存续期限 					
9 	天象量化套利 5 号 	95,600.02 	96,460.42 	2017-03-30 	4 年 					
10 	南充固收 9 号 	60,000.00 	64,926.00 	2015-12-09 	3 年 					
11 	天溋 1 号 	57,519.16 	71,300.75 	2013-05-30 	5 年 					
合计 	合计 	4,020,826.07 	4,601,539.09 	- 	- 					
										
序号 	项目名称 	份额（万份） 	净值（万元） 	起始日期 	项目期限 					
1 	天富 13 号 	289,295.11 	346,170.53 	2015-11-17 	20 年 					
2 	秀惠 2 号 	233,600.41 	239,440.42 	2016-7-5 	20 年 					
3 	天晓 2 号 	166,952.72 	188,723.36 	2015-12-18 	20 年 					
4 	秀惠 3 号 	63,478.89 	65,522.91 	2016-7-5 	20 年 					
5 	定增 5 号 	56,669.32 	54,663.22 	2015-10-16 	2 年 					
合计 	合计 	809,996.45 	894,520.44 	- 	- 					
										
项目名称 	产品简称 	票面利率 	设立日 	到期日 	初始规模 	期末规模 				
天风-中航红星爱琴海商业物业信托受益权资产支持专项计划 	航星 A 	4.90% 	2016-6-14 	2034-5-26 	14.00 	14.00 				
天风-中航红星爱琴海商业物业信托受益权资产支持专项计划 	航星 B 	7.00% 	2016-6-14 	2021-5-26 	14.00 	14.00 				
天风-中航红星爱琴海商业物业信托受益权资产支持专项计划 	航星次 	- 	2016-6-14 	2034-5-26 	14.00 	14.00 				
中港锦源租赁一期资产支持专项计划 	中港 1A1 	3.98% 	2016-7-13 	2017-6-23 	5.33 	3.20   				
中港锦源租赁一期资产支持专项计划 	中港 1A2 	4.30% 	2016-7-13 	2018-3-23 	5.33 	3.20   				
中港锦源租赁一期资产支持专项计划 	中港 1B 	5.00% 	2016-7-13 	2018-6-23 	5.33 	3.20   				
中港锦源租赁一期资产支持专项计划 	中港 1C 	6.00% 	2016-7-13 	2019-12-23 	5.33 	3.20   				
中港锦源租赁一期资产支持专项计划 	中港 1 次 	- 	2016-7-13 	2019-12-23 	5.33 	3.20   				
金泰一期资产支持专项计划 	06 金泰A1 	4.10% 	2016-8-5 	2016-10-15 	17.30 	10.60 				
金泰一期资产支持专项计划 	06 金泰A2 	4.50% 	2016-8-5 	2018-7-15 	17.30 	10.60 				
金泰一期资产支持专项计划 	06 金泰 B 	5.20% 	2016-8-5 	2018-10-15 	17.30 	10.60 				
金泰一期资产支持专项计划 	06 金泰次 	- 	2016-8-5 	2018-10-15 	17.30 	10.60 				
天风-华贸 SKP资产支持专项计划 	SKP 优 A 	4.90% 	2017-4-25 	2035-2-28 	52.00 	52.00 				
天风-华贸 SKP资产支持专项计划 	SKP 优 B 	5.56% 	2017-4-25 	2035-2-28 	52.00 	52.00 				
天风-华贸 SKP资产支持专项计划 	SKP 次 	- 	2017-4-25 	2035-2-28 	52.00 	52.00 				
天风光大-亿利生态广场一期资产支持专项计划 	亿利 1A 	5.20% 	2017-1-17 	2035-1-22 	10.77 	10.77 				
天风光大-亿利生态广场一期资产支持专项计划 	亿利 1B 	5.60% 	2017-1-17 	2035-1-22 	10.77 	10.77 				
天风光大-亿利生态广场一期资产支持专项计划 	亿利 1C 	7.00% 	2017-1-17 	2035-1-22 	10.77 	10.77 				
天风光大-亿利生态广场一期资产支持专项计划 	亿利 1 次 	- 	2017-1-17 	2035-1-22 	10.77 	10.77 				
天风证券-创富租赁一期资产支持专项计划 	创富 3A1 	4.40% 	2017-1-11 	2017-2-24 	1.77   	0.77   				
天风证券-创富租赁一期资产支持专项计划 	创富 3A2 	4.50% 	2017-1-11 	2017-5-19 	1.77   	0.77   				
天风证券-创富租赁一期资产支持专项计划 	创富 3A3 	4.50% 	2017-1-11 	2017-8-18 	1.77   	0.77   				
天风证券-创富租赁一期资产支持专项计划 	创富 3B 	5.35% 	2017-1-11 	2018-2-28 	1.77   	0.77   				
天风证券-创富租赁一期资产支持专项计划 	创富 3 次 	- 	2017-1-11 	2019-9-20 	1.77   	0.77   				
天风-浙商一期	浙商优 A 	5.20% 	2017-5-3 	2018-7-25 	54.37   	54.37   				
										
信托受益权资产支持专项计划 	浙商优 B 	6.00% 	2017-5-3 	2019-1-25 						
信托受益权资产支持专项计划 	浙商优 C 	6.50% 	2017-5-3 	2019-10-25 						
信托受益权资产支持专项计划 	浙商次 	不超过 6.50% 	2017-5-3 	2019-10-25 						
										
项目 	项目 	2017 年 6 月末 	2017 年 6 月末 	2016 年末 	2016 年末 	2015 年末 	2015 年末 	2014 年末 		
项目 	项目 	金额 	增长率 	金额 	增长率 	金额 	增长率 	金额 		
项目 	项目 	金额 	增长率 	金额 	增长率 	金额 	增长率 	金额 		
天风证券 	资产规模 	1,739.51   	-4.39% 	1,819.37   	124.59% 	810.10   	202.17% 	268.09   		
天风证券 	其中：集合资管 	715.62   	-6.89% 	768.54   	70.64% 	450.38   	1370.87% 	30.62   		
天风证券 	 定向资管 	878.19   	-13.88% 	1,019.70   	183.47% 	359.72   	51.48% 	237.47   		
天风证券 	 专项资管 	145.70   	403.98% 	28.91   	- 	- 	- 	- 		
同行业 	资产规模 	177,577.64   	2.58% 	173,110.74   	45.53% 	118,948.07   	49.77% 	79,421.00   		
同行业 	其中：集合资管 	22,212.38   	1.25% 	21,938.37   	40.86% 	15,574.09   	137.59% 	6,555.00   		
同行业 	其中：集合资管 	22,212.38   	1.25% 	21,938.37   	40.86% 	15,574.09   	137.59% 	6,555.00   		
同行业 	 定向资管 	154,444.21   	5.17% 	146,857.06   	44.57% 	101,580.23   	40.11% 	72,500.00   		
同行业 	 定向资管 	154,444.21   	5.17% 	146,857.06   	44.57% 	101,580.23   	40.11% 	72,500.00   		
同行业 	 专项资管 	921.05   	-78.66% 	4,315.31   	140.57% 	1,793.75   	390.10% 	366.00   		
同行业 	 专项资管 	921.05   	-78.66% 	4,315.31   	140.57% 	1,793.75   	390.10% 	366.00   		
										
项目 	项目 	期末受托管理资金 	受托资金收益 	平均受托资产管理收益率 						
2017 年 1-6 月 	定向资管 	878.19 	23.64 	4.93% 						
2017 年 1-6 月 	定向资管 	878.19 	23.64 	4.93% 						
2017 年 1-6 月 	专项资管 	145.70 	0.29 	5.26% 						
2016 年 	定向资管 	1,019.70   	30.38   	5.42% 						
2016 年 	专项资管 	28.91   	0.22   	5.08% 						
2015 年 	定向资管 	359.72   	22.49   	8.30% 						
2015 年 	定向资管 	359.72   	22.49   	8.30% 						
2015 年 	专项资管 	- 	- 	- 						
2014 年 	定向资管 	237.47 	20.49 	7.62% 						
2014 年 	专项资管 	- 	- 	- 						
2014 年 	专项资管 	- 	- 	- 						
										
项目 	2017 年 1-6 月 	2017 年 1-6 月 	2016 年度 	2016 年度 	2015 年度 	2015 年度 	2014 年度 	2014 年度 		
项目 	金额 	占比(%) 	金额 	占比(%) 	金额 	占比(%) 	金额 	占比(%) 		
手续费收入 	  2,197.50   	        56.78   	3,100.33 	42.77 	5,226.84 	63.56 	7,505.74 	79.19 		
										
其中：手续费净收入 	 514.58   	        13.30   	1,606.04 	22.16 	3,941.54 	47.93 	5,100.72 	53.82 		
 交易所返还 	 596.98   	        15.43   	1,292.20 	17.83 	877.37 	10.67 	1,144.44 	12.08 		
 投资咨询收入 	  1,085.94   	        28.06   	202.09 	2.79 	407.93 	4.96 	1,260.58 	13.30 		
利息净收入 	  1,584.07   	        40.93   	2,074.03 	28.61 	2,587.06 	31.46 	1,649.08 	17.40 		
投资收益 	        88.62   	          2.29   	2,074.62 	28.62 	268.50 	3.26 	316.29 	3.34 		
公允价值变动损益 	- 	            -  	- 	- 	-6.60 	-0.08 	6.60 	0.07 		
其他业务收入 	- 	            -  	- 	- 	148.02 	1.80 	- 	- 		
合计 	  3,870.19   	 100.00   	7,248.98 	100.00 	8,223.81 	100.00 	9,477.71 	100.00 		
										
项目 	2017 年 1-6 月 	2016 年 	2016 年 	2015 年度 	2015 年度 	2014 年度 				
项目 	金额 	金额 	变动率 	金额 	变动率 	金额 				
一、商品期货经纪小计 	1,040.47 	2,674.76 	-29.79% 	3,809.92 	-27.67% 	5,267.63 				
1、交易手续费净收入 	443.49 	1,382.56 	-54.88% 	3,064.33 	-28.99% 	4,315.49 				
2、交割手续费净收入 	- 	- 	- 	- 	- 	- 				
3、交易所手续费返还、减收 	596.98 	1,292.19 	73.31% 	745.58 	-21.69% 	952.14 				
二、金融期货经纪小计 	71.09 	223.49 	-77.85% 	1,009.00 	3.22% 	977.53 				
1、交易手续费净收入 	62.66 	188.36 	-78.43% 	873.10 	11.31% 	784.38 				
										
2、交割手续费净收入 	8.43 	35.12 	750.36% 	4.13 	374.71% 	0.87 				
3、交易所手续费返还、减收 	- 	- 	- 	131.78 	-31.47% 	192.29 				
手续费净收入合计 	1,111.56 	1,606.05 	-59.25% 	3,941.54 	-22.73% 	5,100.73 				
交易所手续费返还合计 	596.98 	1,292.20 	47.28% 	877.37 	-23.34% 	1,144.44 				
										
成交金额 	2017 年 1-6 月 	2016 年 	2015 年 	2014 年 						
商品期货成交金额 	1,603.94 	6,105.28 	7,473.91 	10,318.68 						
金融期货成交金额 	2,132.01 	3,979.79 	11,989.92 	9,268.51 						
成交额合计 	3,735.95 	10,085.07 	19,463.83 	19,587.19 						
										
类别 	2017 年 1-6 月 	2016 年 	2015 年 	2014 年 						
个人客户 	83.62 	  1,311.75   	  3,601.04   	  4,856.73   						
机构客户 	430.96 	 294.30   	 340.50   	 244.00   						
合计 	514.58 	  1,606.05   	  3,941.54   	  5,100.73   						
										
行业类别 	 2017 年 6 月末  	 2017 年 6 月末  	2016 年末 	2016 年末 	2015 年末 	2015 年末 	2014 年末 	2014 年末 		
行业类别 	规模 	占比 	规模 	占比 	规模 	占比 	规模 	占比 		
汽车制造业 	100,000.00 	16.94% 	100,000.00 	18.22% 	100,000.00 	32.73% 	- 	- 		
房地产业 	98,500.00 	16.69% 	98,500.00 	17.94% 	20,000.00 	6.55% 	- 	- 		
文化体育和娱乐业 	76,403.08 	12.94% 	56,577.35 	10.31% 	32,726.95 	10.71% 	- 	- 		
其他金融业 	68,708.75 	11.64% 	69,048.75 	12.58% 	11,700.00 	3.83% 	8,000.00 	27.00% 		
农林牧渔业 	49,600.00 	8.40% 	59,996.95 	10.93% 	52,396.95 	17.15% 	425 	1.43% 		
商务服务业 	36,554.72 	6.19% 	35,137.84 	6.40% 	5,972.50 	1.95% 	4,500.00 	15.19% 		
互联网和相关服务业 	32,448.57 	5.50% 	20,724.89 	3.78% 	11,810.00 	3.87% 	2,650.00 	8.94% 		
软件和信息技术服务业 	17,926.95 	3.04% 	16,693.15 	3.04% 	6,751.74 	2.21% 	3,492.50 	11.79% 		
土木工程建筑业 	17,397.29 	2.95% 	18,845.48 	3.43% 	4,033.73 	1.32% 	- 	- 		
农副食品加工业 	14,409.77 	2.44% 	13,828.13 	2.52% 	13,197.43 	4.32% 	- 	- 		
合计 	511,949.12 	86.73% 	489,352.53 	89.14% 	258,589.29 	84.64% 	19,067.50 	64.36% 		
										
项目 	2017 年 1-6 月 	2016 年 	2015 年 	2014 年 						
直接投资项目退出产生的投资收益 	6,829.16 	37,082.30 	2,226.54 	- 						
已退出项目的平均收益率 	12.25% 	71.32% 	140.70% 	- 						
直投项目总体平均收益率 	1.06% 	6.17% 	0.73% 	- 						
										
  	2017 年 1-6 月 	2016 年 	2015 年 	2014 年 						
投资收益 	3,942.23 	775.25 	25,879.15 	754.43 						
公允价值变动损益 	-3,917.89 	4,519.73   	4,801.50 	2,093.10 						
挂牌及持续督导费收入 	2,159.14 	8,354.46 	4,709.38 	1,015.00 						
其他收入 	1,656.03 	5,809.61 	2,139.92 	202.22 						
合计 	3,839.52 	19,459.05 	37,529.96 	4,064.75 						
										
其他业务类别 	2017 年 1-6 月 	2016 年 	2015 年 	2014 年 						
手续费及佣金净收入 	749.10 	5,050.82 	1,764.72 	18.45 						
投资收益 	722.91 	4,362.61 	1,377.93 	- 						
利息净收入 	-21,758.68 	-47,305.96 	-24,557.17 	-3,725.88 						
汇兑收益 	-16.91 	45.22 	37.71 	0.88 						
其他 	112.59 	139.85 	159.60 	531.02 						
合计 	-20,191.00 	-37,707.46 	-21,217.21 	-3,175.53 						
占当期营业收入比例 	-13.52% 	-12.18% 	-6.58% 	-2.86% 						
										
项目 	2017.06.30 	2016.12.31 	2015.12.31 	2014.12.31 						
一、原价合计 	31,916.18 	30,316.92 	25,182.92 	 18,676.21   						
房屋及建筑物 	14,206.14 	14,252.45 	11,996.05 	 7,740.96   						
运输工具 	2,152.34 	2,006.58 	1,912.87 	 1,681.37   						
电子设备及其他 	15,557.70 	14,057.89 	11,274.00 	 9,253.88   						
二、累计折旧合计 	12,640.29 	11,410.50 	9,805.70 	 8,907.53   						
房屋及建筑物 	1,681.32 	1,449.84 	1,210.25 	 1,032.39   						
运输工具 	1,451.08 	1,311.78 	1,383.04 	 1,313.44   						
电子设备及其他 	9,507.88 	8,648.88 	7,212.41 	 6,561.70   						
三、固定资产减值准备累计金额合计 	55.89 	55.89 	55.89 	 55.89   						
房屋及建筑物 	- 	- 	- 	- 						
运输工具 	- 	- 	- 	- 						
电子设备及其他 	55.89 	55.89 	55.89 	 55.89   						
四、固定资产账面价值合计 	19,220.01 	18,850.53 	15,321.34 	 9,712.79   						
房屋及建筑物 	12,524.82   	12,802.61 	10,785.80 	 6,708.57   						
运输工具 	701.26   	694.80 	529.83 	 367.92   						
电子设备及其他 	5,993.93   	5,353.12 	4,005.71 	 2,636.29   						
										
编号 	权利人 	房屋坐落地址 	产权证号 	土地使用证编号 	建筑面积（平方米） 	房屋用途 	房产证发证日期 	土地证发证日期 		
1 	天风证券 	武昌区小洪山特 1 号银海华庭 2,3 栋 2层 4 室 	武房权证市字 第 2012020491 号 	武昌国用（商2012）第 8134 号 	1,716.55 	商业服务 	2012/9/11 	2012/9/27 		
2 	天风证券 	武昌区小洪山特 1 号银海华庭 2,3 栋 2层 3 室（注 1） 	武房权证市字 第 2012020493 号 	武昌国用（商2012）第 8133 号 	673.32 	商业服务 	2012/9/10 	2012/9/27 		
3 	天风证券 	武昌区小洪山特 1 号银海华庭 2,3 栋 1层 8 室 	武房权证市字 第 2012020492 号 	武昌国用（商2012）第 8135 号 	200.10 	商业服务 	2012/9/10 	2012/9/27 		
4 	天风证券 	甘井子区天河路 81 号 	（甘股份）2013800092 号 	/ 	3,017.01 	非住宅 	2013/1/29 	/ 		
5 	天风证券 	沙河口区中山路 572 号 2 层 1 号 	(沙股份）2013600006 号 	/ 	255.60 	非住宅 	2013/1/29 	/ 		
6 	天风证券 	沙河口区中山路 572 号 2 层 2 号 	(沙股份）2013600005 号 	/ 	255.60 	非住宅 	2013/1/29 	/ 		
7 	天风证券 	沙河口区中山路 572 号 2 层 3 号 	(沙股份）2013600007 号 	/ 	119.83 	非住宅 	2013/1/29 	/ 		
8 	天风证券 	沙河口区中山路 572 号 2 层 5 号 	(沙股份）2013600008 号 	/ 	203.60 	非住宅 	2013/2/5 	/ 		
9 	天风证券 	沙河口区中山路 572 号 2 层 6 号 	(沙股份）2013600009 号 	/ 	170.44 	非住宅 	2013/1/29 	/ 		
10 	天风证券 	江岸区金桥大道 42 号晋合金桥世家（后湖花园）4 栋 2 单元 24 层 2401 室 	武房权证市字第 2013030929号 	岸国用（交 2013）第 9175 号 	146.22 	住宅 	2013/10/16 	2013/11/13 		
11 	天风天睿 	江岸区香港路康怡花园 1 栋 1-9 层 	鄂（2016）武汉市江岸不动产权第 0025482 号 	/ 	7031.51 	办公 	2016/12/26 	/ 		
12 	天风天睿 	武汉市武昌中南路 99 号保利广场 A 座31 层 1 号房（电梯楼层 36 层） 	鄂（2016）武汉市武昌不动产权第 0009635 号 	/ 	1,842.97 	办公 	2016/09/28 	/ 		
13 	天风天睿 	武汉市武昌中南路 99 号保利广场 A 座31 层 2 号房（电梯楼层 36 层） 	鄂（2016）武汉市武昌不动产权第 0009634 号 	/ 	41.39 	办公 	2016/09/28 	/ 		
14 	天风天睿 	武汉市武昌中南路 99 号保利广场 A 座29 层 1 号房（电梯楼层 33） 	鄂（2016）武汉市武昌不动产权第 0009636 号 	/ 	1,809.17 	办公 	2016/09/28 	/ 		
15 	天风天睿 	武汉市武昌中南路 99 号保利广场 A 座	/ 	/ 	25.52 	办公 	/ 	/ 		
										
序号 	承租方 	出租方 	租赁房屋地址 	租赁面积（m2） 	房屋租金 	租赁期限 	租赁用途 	权属证明文件 	权属信息 	
1 	天风证券 	湖北中企投资担保有限公司 	武汉市武昌区中南路 99 号房屋第37-38 层 	3,819.18 	年租金 595.80 万元 	2014.4.1-2019.3.31 	天风证券办公 	《不动产权证书》 	产权人：湖北省担保集团有限责任公司； 用途：办公 	
2 	天风证券唐家墩证券营业部 	武汉国创金融服务有限公司 	武汉市江汉区新华下路 192 号 武汉全民创业金融服务中心（国资大厦）A 座16A 层 	530.17 	2014.7.31-2014.8.31 免租，第一年年租金 47.72万元，每年按 2%递增 	2014.9.1-2019.8.31 	天风证券武汉唐家墩路营业部办公 	《房屋所有权证》 	产权人：武汉国创金融服务有限公司； 用途：办公 	
3 	天风证券 	王章银 	荆门市掇刀区军马一路和军马路转角处 	540.00 	第一年 25.80 万元/年，每年递增 8% 	2014.8.1-2017.7.31 	天风证券荆门军马场一路证券营业部办公 	《产权证书》、《授权出租说明》 	产权人：王晶晶； 用途：商业服务 	
4 	天风证券 	京山县物流发展局 	京山县新市镇轻机大道 276 号京山县物流发展局第四、五层 	480.00 	年租金 8.00 万元 	2012.10.1-2017.10.1 	天风证券京山轻机大道证券营业部办公 	《事业单位国有资产产权登记证》 	产权人：京山县物流发展局； 用途：- 	
5 	天门钟惺大道证券营业部 	罗红梅 	天门市钟惺大道 36号天下都市港湾 1号楼 103 铺、203 铺、204 铺、211 铺商铺 	384.24 	年租金 14.53 万元 	2016.8.1-2019.8.1 	天风证券天门钟惺大道证券营业部办公 	《不动产权证书》 	产权人：罗红梅； 用途：商业服务 	
6 	天风证券 	周志华 	襄阳宜城市鄢城自忠路 	122.75 	前五年年租金 7.62 万元，第六年上浮 10%，第七年根据市场行情适当调整，但上浮比例不得超过 10% 	2013.10.8-2018.10.8 	天风证券宜城自忠路证券营业部办公 	《产权证书》 	产权人：周志华； 用途：营业 	
7 	天风证券 	北京印刷集团有限责任公司 	北京市西城区佟麟阁路 36 号部分房屋 	4,300.41 	基础年租金 1000.00 万元，前三年年租金 916.67万元，第四、五年年租金 976.67 万元，第六年年租金 1060.00 万元，第七、八、九年年租金1123.60 万元，第十年年租金 1191.02 万元，且前五年每年免收一个月的首年基础租金 	2013.8.8-2023.8.7 	天风证券北京证券承销分公司办公 	《房屋所有权证》 	产权人：北京印刷集团总公司； 用途：工交 	
8 	天风证券深圳滨河路证券营业部 	林堉生 	深圳市福田区车公庙滨河路深业泰然水松大厦 20 层 20A 	585.15 	第一年年租金 259.20 万元，第二年 280.80 万元，第三年 302.40 万元 	2015.9.1-2018.8.31 	天风证券深圳滨河路证券营业部办公 	《产权证书》 	产权人：林堉生； 用途：工业厂房 	
9 	天风证券 	王建权 	南京市鼓楼区中山北路 8号 1702室（名义楼层 2002 室） 	283.88 	前两年年租金 42.48 万元，第三年 44.56 万元 	2014.8.1-2017.7.31 	天风证券绿色金融事业部办公 	《房屋所有权证》 	产权人：王建权 用途：办公 	
10 	天风证券普兰店证券营业部 	于家君 	普兰店市体育路东段 11 号 2-7 层 8 号 	1,640.00 	前三年年租金 30.00 万元，第四年年租金 36.00万元，第五年起的年租金以市场价为基础协商决定 	2009.10.1-2019.10.1 	天风证券普兰店体育路证券营业部办公 	《产权证书》 	产权人：于家君； 用途：住宅 	
11 	天风证券 	安邦保险集团股份有限公司 	成都市高新区天府大道北段 966 号天府国际金融中心 2号楼 2 层 20214、20215、20216、20217、20218、20219、20220、20221 	538.79 	年租金 64.65 万元 	2014.8.1-2017.7.31 	天风证券四川分公司办公 	《房屋所有权证》 	产权人：安邦保险集团股份有限公司； 用途：办公 	
12 	天风证券成都武侯祠大街证券营业部 	袁成兵 	武侯区高华横街 33号 1 栋 1 单元 3 层301-303 号（原地址成都市一环路南四段 19 号富临城南国际 1 号楼一单元三层 1-2 号） 	816.87 	2014.11.20-2015.1.19 装修免租金，前三年年租金 73.00 万元，第四年起按前款约定年租金的 3%递增 	2015.1.20-2020.1.19 	天风证券成都高华横街证券营业部办公 	《房屋所有权证》 	产权人：袁成兵； 用途：商业 	
13 	天风证券新津武阳中路证券营业部 	中国建设银行股份有限公司新津支行 	新津县五津镇武阳中路 54 号办公大楼夹层、二至三层、六层 	1,189.95 	2015 年年租金 11.29 万元，2016 年年租金 11.96万元，2017 年年租金12.68 万元 	2015.1.1-2017.12.31 	天风证券新津武阳中路证券营业部办公 	《房屋所有权证》 	产权人：中国建设银行股份有限公司新津支行； 用途：办公 	
14 	天风证券 	李泉沣 	资阳市“茂林﹒28城”2#楼 3 层 2 号营业房 	667.59 	第一年年租金 32.54 万元，每年比上年租金递增 10% 	2013.1.1-2017.12.31 	天风证券资阳广场路证券营业部办公 	《产权证书》、《说明》 	产权人：李雪莲； 用途：营业用房 	
15 	天风证券江油金轮干道证券营业部 	四川江油宏安实业（集团）房地产开发有限公司 	江油市李白大道东侧宏安中华御景 1栋 2 楼 1 号 	450.00 	年租金 24.30 万元 	2013.11.1 - 2018.10.31 	天风证券李白大道证券营业部办公 	《产权证书》 	产权人：四川江油宏安实业（集团）房地产开发有限公司； 用途：商业 	
16 	天风证券成都走马街证券营业部 	成都展旗置业有限公司 	成都市一环路东五段 8 号天府国际 15楼 03、04 单元 	707.52 	2014.7.1-2014.8.31 装修免租金，2014.9.1-2017.6.30 年租金 76.41 万元，2017.7.1-2019.6.30 年租金 85.58 万元 	2014.7.1-2019.6.30 	天风证券成都市一环路东五段证券营业部办公 	《产权证书》 	产权人：成都展旗置业有限公司； 用途：办公 	
17 	天风证券杭州教工路证券营业部 	浙江华峰科技开发有限公司 	浙江省杭州市西湖区教工路 88 号立元大厦 12 层 1201 室 	214.10 	年租金 20.63 万元 	2015.7.1-2017.6.30（注 1） 	天风证券杭州教工路营业部 	《房屋所有权证》 	产权人：浙江华峰科技开发有限公司； 用途：非住宅 	
18 	北方期货经纪有限责任公司 	张爽 	大连市沙河口区中山路 478-1-3 	624.26 	年租金 42 万元；自 2017年 1 月起年租金 45.00 万元 	2014.1.1-2018.12.31 	天风期货大连分公司办公 	《房地产权证》 	产权人：张爽； 用途：住宅 	
19 	天风期货贵阳营业部 	贵州省商业科学研究所 	贵阳南明区瑞金南路 103号四楼 2号房屋 	126.89 	年租金 5.00 万元 	2015.7.1-2017.6.30（注 1） 	天风期货贵阳营业部办公 	《产权证书》 	产权人：贵州省商业科研所； 用途：办公 	
20 	天风证券 	邵立新 	荆州市沙市区益生佳园小区 B 幢 104号 	84.16 	前三年年租金 7.90 万元，以后每承租年度协商一次，涨幅不得超过5000 元 	2015.7.1-2018.6.30 	天风证券荆州红门路证券营业部办公 	《房屋所有权证》 	产权人：邵立新； 用途：商业 	
21 	天风证券 	韩卫生、王军 	荆州市沙市区益生佳园小区 B 幢 103号 	85.82 	第一年年租金 8.46 万元，以后每承租年度协商一次，增减幅不得超过上年租金的 5% 	2015.7.1-2018.6.30 	天风证券荆州红门路证券营业部办公 	《房屋所有权证》、《情况说明》 	产权人：韩卫生、王军等； 用途：商业 	
22 	天风证券 	赵丽丽 	襄阳市汽车产业开发区阳光绿岛 D 幢1 层 103 号 	56.15 	年租金 3.96 万元，前三年不得上浮，第四年起根据市场行情调整，但上浮比例不得超过 8% 	2015.7.1-2018.7.1 	天风证券襄阳东风汽车大道证券营业部办公 	《产权证书》 	产权人：赵丽丽； 用途：非住宅 	
23 	天风证券上海马当路证券营业部 	上海弘圣房地产开发有限公司 	上海市黄浦区淡水路 277 号 SOHO 复兴广场 403 室（名义房间号 B503 室） 	162.72 	前三年年租金 41.57 万元，第四、五年年租金47.81 万元 	2015.3.1-2020.2.29 	天风证券上海马当路证券营业部办公 	《房地产权证》 	产权人：上海弘圣房地产开发有限公司； 用途：商业、办公 	
24 	天风证券 	上海闽路润贸易有限公司 	上海市杨浦区国宾路 36 号 1109 室 	195.59 	第一年年租金 25.70 万元，第二年起以第一年租金为基础每年递增 5% 	2014.9.1-2017.8.31 	天风证券上海国宾路证券营业部办公 	《房地产权证》 	产权人：上海闽路润贸易有限公司； 用途：商业、办公 	
25 	天风证券 	深圳新鹏生物工程有限公司 	深圳市南山区高新北区朗山二路新鹏生物园四楼 	500.00 	2012.11.1-2014.12.31 按原合同约定租金支付，2015.1.1 起年租金 34.80万元 	2015.1.1-2018.1.1 	天风证券深圳信息技术部、结算存管部办公 	《产权证书》 	产权人：深圳新鹏生物工程有限公司； 用途：工业 	
26 	天风证券东莞营业部 	李伟祥 	广东省东莞市南城区鸿福路 200 号海德广场 B 栋办公楼第 15 层 1503 单元 	265.48 	2015.7.17-2015.9.16免租金，2015.9.17-2015.7.16年租金 23.89 万元，2017.7.17-2020.7.16年租	2015.7.17-2020.7.16 	天风证券东莞鸿福路证券营业部办公 	《房地产权证》 	产权人：李伟祥； 用途：非住宅（办公楼） 	
										
金 26.12 万元 										
前三年年租金 45.8 万元，第四年起年租金 57.3万元 	2015.8.1-2020.7.31 	天风证券重庆沧白路证券营业部办公 	《房地产权证》 	产权人：重庆中科普传媒发展股份有限公司； 用途：办公 						
前三年年租金 35.00 万元，第四年起年租金38.50 万元 	2015. 5.1-2020.4.30 	天风证券天津分公司办公 	《房屋租赁合同》、《房地产权证》、《说明》 	产权人/出租人：天津市天宾投资管理有限公司； 转租人：天津市第一饭店； 用途：其他商服用地 						
2015.7.1-2015.7.31 为免租期，前两年年租金97.63 万元,第三、四年年租金 107.39 万元 	2015.8.1-2019.7.31 	天风证券上海漕溪北路证券营业部办公 	《上海市房地产权证》 	产权人：胡雪梅； 用途：办公 						
2015.11.1-2016.4.30免租金，2016.5.1-2019.4.30年租金为 999.80 万元 	2015.11.1-2019.4.30 	天风证券上海资管分公司、自营分公司办公 	《上海市房地产权证》、《授权委托书》 	产权人：上海浦东土地（控股）集团有限公司； 用途：商业 						
2015.6.8-2015.8.7为免租期，第一年年租金 50.02万元，第二年年租金为53.02 万元，第三年年租金为 56.20 万元，第四年年租金为 59.58 万元，第五年年租金为 63.15 万元 	2015.6.8-2020.8.7 	天风证券武汉中北路证券营业部办公 	《商品房买卖合同》 	买受人：李宝珍 用途：办公 						
年租金 1.92 万元 	2015.8.1-2018.7.31 	天风证券宜昌夷陵大道证券营业部办公 	《房屋所有权证》 	产权人：宜昌市公路管理局； 用途：住宅 						
2015.8.8-2015.10.7 为免租期，2015.10.8-2016.8.7租金为 8.67 万元，第二年年租金为 10.40 万元，第三年年租金为 10.92万元，第四年年租金为11.48 万元，第五年年租	2015.8.8-2020.8.7 	天风证券岳阳金鹗中路证券营业部办公 	《商品房买卖合同》 	买受人：肖萍； 用途：住宅 						
金为 12.05 万元 										
2015.8.29-2015.9.23为免租期，第一年年租金为56.46 万元，第二年年租金为 59.29 万元，第三年年租金为 62.24 万元 	2015.8.29-2018.9.23 	天风证券昆明北辰财富中心证券营业部办公 	《产权证书》 	产权人：李荣平； 用途：写字楼 						
第一年年租金 19.78 万元，第二年年租金为21.17 万元，第三年年租金为 22.65 万元 	2015.9.8-2018.9.7 	天风证券银川北京中路证券营业部办公 	《产权证书》 	产权人：宁夏大世界房地产开发有限公司； 用途：办公 						
年租金为 633.27 万元，租期内前 6 个月免租 	2016.6.1.-2019.11.30 	天风证券办公 	《房地产权证》、《授权委托书》 	产权人：上海浦东土地（控股）集团有限公司； 用途：商业 						
年租金为 89.86 万元 	2016.2.10-2018.2.9 	天风证券深圳深南大道国际创新中心证券营业部办公 	《房屋租赁合同》 《深圳市福田区政府物业管理中心证明》 	所有人/出租人：深圳市福田区政府物业管理中心； 转租人：深圳齐心集团股份有限公司； 用途：- 						
										
27 	天风证券 	重庆中科普传媒发展股份有限公司 	重庆市渝中区沧白路 73 号第 12 楼 	954.17 						
28 	天风证券 	天津市第一饭店 	天津市和平区泰安道二号院二期二楼201 房 	380.00 						
29 	天风证券 	胡雪梅 	上海市徐汇区漕溪北路 88 号2604.05.06 室 	534.95 						
30 	天风证券 	上海浦东土控资产经营有限公司 	上海市浦东新区兰花路 333 号第 9、10层（实际楼层 8、9层）01-08 室 	3,804.40 						
31 	天风证券武汉中北路证券营业部 	李宝珍 	武昌区中北路与东沙大道交汇处武汉中央文化区 K1地块一期一区第 K1-1 幢22 层 08/09/10 号 	434.20 						
32 	天风证券 	宜昌市公路管理局 	湖北省宜昌市夷陵大道 98 号第五层 	80.00 						
33 	天风证券 	肖萍 	岳阳市金鹗中路408 号圣鑫城财智公馆南栋公寓楼 28层 	183.46 						
										
34 	天风证券 	李荣平 	昆明市盘龙区北京路延长线财富中心A 座 302 室 	522.81 						
35 	天风证券 	宁夏大世界房地产开发有限公司 	银川市大世界商务广场写字楼 A 栋 10层 1005 号房 	235.49 						
36 	天风证券 	上海浦东土控资产经营有限公司 	上海市浦东新区兰花路 333 号 20 楼 	1,949.42 						
37 	天风证券 	深圳齐心集团股份有限公司 	深圳市福田区深南大道 1006 号福田国际创新中心 A 栋12-A 	288.00 						
38 	天风证券深圳深南大道华润城营业部 	深圳市雅庭精品公寓管理有限公司 	深圳市南山区深南大道 9680 号大冲商务中心 1 栋 1 号楼1202 房屋							
										
证券 	集团有限责任公司 	号房屋第37-38层 	8m2 	019.03.31 						
天风证券 	国创金融（注） 	武汉市新华下路192号武汉全民创业金融服务中心大厦B座1-4层 	3,412.27m2 	2012.03.01-2018.04.30 	2012.03.01-2012.04.30免租金，第一年租金350.10万元，每年递增2%,但累计不得超过武汉市同期同类房屋租金上限 					
天风证券唐家墩营业部 	国创金融（注） 	武汉市江汉区新华下路192号武汉全民创业金融服务中心（国资大厦）A座16A层 	530.17 m2 	2014.07.31-2019.08.31 	2014.07.31-2014.08.31免租金，第一年租金47.72万元，每年递增2% 					
天风证券 	新鹏生物 	深圳市南山区高新北区朗山二路新鹏生物园四楼 	500m2 	2011.11.01-2018.01.01 	2015年前年租金30万元，2015年起年租金34.8万元 					
天风证券 	宜宾商行 	宜宾市翠屏区南岸航天路中段宜都莱茵河畔丽江湾戎州路东段39-40幢1-2层14号附3号 	196.32m2 	2015.09.15-2020.09.15 	2016年起，70元/平方米/月，之后每年递增5元/平方米/月 					
天风证券 	武汉高科物业管理有限公司 	武汉市东湖新技术开发区佳园路2号 	633.09m2 	2015年9月起 	每月每平米13元收取物业服务费 					
										
承租方 	出租方 	房屋位置 	租赁面积 	租赁期限 	房屋租金 					
国创资本（注1） 	天风证券 	武汉东湖新技术开发区关东科技工业园华光大道18号高科大厦4层 	800 m2 	2013.01.01-2015.12.31 	免租金 					
国创资本（注1） 	天风天睿 	武汉东湖新技术开发区关东科技工业园华光大道18号高科大厦4层 	800 m2 	2014.02.08-2015.12.31 	免租金 					
当代明诚 	天风天睿 	武汉市武昌区中南路99号保利广场A座33楼 	1016.16 m2 	2016.04.01-2018.08.31 	月租金13.21万元 					
三环资本 	天风天睿 	保利广场48楼 	20m2 	2016.05.03-2017.05.03 	根据实际占用面积分摊租金及相关物业费 					
天风天信（注2） 	天风天睿 	武汉市武昌区中南路99号保利广场A座36楼 	761.57 m2 	2016.01.09-2018.04.08 	月租金11.04万元 					
										
期间 	付款时间 	付款金额 	当期确认担保费用 	期末预付余额 						
2014年 	2014年8月 	450.00 	150.00 	750.00 						
2014年 	2014年12月 	450.00 	150.00 	750.00 						
2015年 	2014年12月 	450.00 	450.00 	750.00 						
2016年 	- 	- 	450.00 	300.00 						
2017年1-6月 	- 	- 	225.00 	75.00 						
										
关联方名称 	2017.06.30 	2017.06.30 	2016.12.31 	2016.12.31 	2016.12.31 	2015.12.31 	2015.12.31 	2015.12.31 	2014.12.31 	2014.12.31 
关联方名称 	金额 	占比（%） 	金额 	占比（%） 	金额 	金额 	占比（%） 	金额 	占比(%) 	
应收款项 	应收款项 	应收款项 	应收款项 	应收款项 	应收款项 	应收款项 	应收款项 	应收款项 	应收款项 	应收款项 
当代明诚 	- 	- 	- 	- 	- 	- 	- 	475.00   	68.19   	
中百控股集团股份有限公司 	8.98 	0.01 	9.98 	0.05   	- 	- 	- 	- 	- 	
湖北天乾资产管理	2.31 	0.00 	- 	- 	- 	- 	- 	- 	- 	
										
有限公司 										
应付账款 	应付账款 	应付账款 	应付账款 	应付账款 	应付账款 	应付账款 	应付账款 	应付账款 	应付账款 	应付账款 
宜宾商行 	- 	- 	16.49 	0.17 	0.17 	- 	- 	- 	- 	
其他应收款 	其他应收款 	其他应收款 	其他应收款 	其他应收款 	其他应收款 	其他应收款 	其他应收款 	其他应收款 	其他应收款 	其他应收款 
当代科技 	- 	- 	- 	- 	- 	- 	- 	306.56   	4.29   	
国创金融 	10.39 	0.04 	10.39   	0.05   	0.05   	11.69   	0.13   	12.34   	0.17   	
武汉高科物业管理有限公司 	1.48 	0.01 	1.48   	0.01   	0.01   	- 	- 	- 	- 	
三环资本 	- 	- 	11.68   	0.06   	0.06   	- 	- 	- 	- 	
当代金控 	8,633.14 	33.27 	5,925.64   	28.04   	28.04   	- 	- 	- 	- 	
其他应付款 	其他应付款 	其他应付款 	其他应付款 	其他应付款 	其他应付款 	其他应付款 	其他应付款 	其他应付款 	其他应付款 	其他应付款 
国创金融 	- 	- 	- 	- 	- 	- 	- 	4,300.00   	41.22   	
天风天财 	40.00 	0.16 	- 	- 	- 	- 	- 	- 	- 	
预付账款 	预付账款 	预付账款 	预付账款 	预付账款 	预付账款 	预付账款 	预付账款 	预付账款 	预付账款 	预付账款 
湖北省担保集团有限责任公司 	75.00 	1.39 	300.00   	6.74   	6.74   	750.00   	3.06   	750.00   	8.22   	
武汉奥多生物医药有限公司 	- 	- 	- 	- 	- 	- 	- 	4,350.00   	47.69   	
华创小贷 	- 	- 	- 	- 	- 	290.32   	1.18   	- 	- 	
国创金融 	7.88 	0.15 	31.52   	0.71   	0.71   	- 	- 	- 	- 	
宜宾商行 	3.15 	0.06 	- 	- 	- 	- 	- 	- 	- 	
应收利息 	应收利息 	应收利息 	应收利息 	应收利息 	应收利息 	应收利息 	应收利息 	应收利息 	应收利息 	应收利息 
当代科技 	- 	- 	- 	- 	- 	- 	- 	106.25   	3.38   	
科信小贷 	330.85 	1.30 	715.49   	4.28   	1,328.64   	1,328.64   	10.15   	- 	- 	
华创小贷 	- 	- 	- 	- 	1.97   	1.97   	0.02   	- 	- 	
武汉和平天地置业有限公司 	- 	- 	13.33   	0.08   	- 	- 	- 	- 	- 	
国创资本 	- 	- 	11.79 	0.07 	- 	- 	- 	- 	- 	
正隆财富 	19.23 	0.08 	- 	- 	- 	- 	- 	- 	- 	
天风天信 	630.33 	2.47 	- 	- 	- 	- 	- 	- 	- 	
应付利息 	应付利息 	应付利息 	应付利息 	应付利息 	应付利息 	应付利息 	应付利息 	应付利息 	应付利息 	应付利息 
国创资本 	-  	-  	45.37   	0.20   	-  	-  	-  	-  	-  	
华创小贷 	-  	-  	66.21   	0.30   	-  	-  	-  	-  	-  	
三环资本 	-  	-  	147.89   	0.66   	-  	-  	-  	-  	-  	
陕西大德 	-  	-  	0.39 	0.00 	-  	-  	-  	-  	-  	
										
其他流动资产 	其他流动资产 	其他流动资产 	其他流动资产 	其他流动资产 	其他流动资产 	其他流动资产 	其他流动资产 	其他流动资产 	其他流动资产 	其他流动资产 
当代科技 	- 	- 	- 	- 	- 	- 	- 	10,000.00   	15.55   	
科信小贷 	732.17 	0.38 	9,468.36   	9,468.36   	3.76   	25,610.00   	30.50   	- 	- 	
华创小贷 	- 	- 	- 	- 	- 	3,000.00   	3.57   	- 	- 	
正隆财富 	3,000.00 	1.55 	- 	- 	- 	- 	- 	- 	- 	
其他非流动资产 	其他非流动资产 	其他非流动资产 	其他非流动资产 	其他非流动资产 	其他非流动资产 	其他非流动资产 	其他非流动资产 	其他非流动资产 	其他非流动资产 	其他非流动资产 
科信小贷 	4,461.69 	1.99 	1,100.00   	1,100.00   	0.49   	11,950.00   	15.14   	-  	-  	
国创资本 	-  	-  	1,400.00 	1,400.00 	0.62 	-  	-  	-  	-  	
其他流动负债 	其他流动负债 	其他流动负债 	其他流动负债 	其他流动负债 	其他流动负债 	其他流动负债 	其他流动负债 	其他流动负债 	其他流动负债 	其他流动负债 
科信小贷 	-  	-  	-  	-  	-  	700.00   	1.55   	-  	-  	
三环资本 	-  	-  	-  	-  	-  	500.00   	1.11   	-  	-  	
国创资本 	-  	-  	2,000.00   	2,000.00   	2.42   	5,000.00   	11.08   	-  	-  	
陕西大德 	-  	-  	500.00 	500.00 	0.61 	 	 	 	 	
卖出回购金融资产 	卖出回购金融资产 	卖出回购金融资产 	卖出回购金融资产 	卖出回购金融资产 	卖出回购金融资产 	卖出回购金融资产 	卖出回购金融资产 	卖出回购金融资产 	卖出回购金融资产 	卖出回购金融资产 
三环资本 	-  	-  	2,900.00   	2,900.00   	0.26   	-  	-  	-  	-  	
可供出售金融资产 	可供出售金融资产 	可供出售金融资产 	可供出售金融资产 	可供出售金融资产 	可供出售金融资产 	可供出售金融资产 	可供出售金融资产 	可供出售金融资产 	可供出售金融资产 	可供出售金融资产 
当代科技 	-  	-  	17,000.00   	17,000.00   	1.77   	27,000.00   	3.57   	-  	-  	
武汉新星汉宜化工有限公司 	-  	-  	-  	-  	-  	10,160.42   	1.34   	-  	-  	
代理买卖证券款  	代理买卖证券款  	代理买卖证券款  	代理买卖证券款  	代理买卖证券款  	代理买卖证券款  	代理买卖证券款  	代理买卖证券款  	代理买卖证券款  	代理买卖证券款  	代理买卖证券款  
当代科技 	970.08 	0.18 	0.18 	457.28   	0.10   	267.77   	0.06   	0.82   	0.00   	
武汉国资 	-  	-  	-  	0.00   	0.00   	0.00   	0.00   	0.27   	0.00   	
科信小贷 	-  	-  	-  	0.00   	0.00   	0.22   	0.00   	0.22   	0.00   	
正隆保险 	-  	-  	-  	-  	-  	0.02   	0.00   	-  	-  	
银丰天睿 	-  	-  	-  	-  	-  	89.87   	0.02   	-  	-  	
国创资本 	-  	-  	-  	9.71   	0.00   	-  	-  	-  	-  	
										
