序号 	名称 	立法机构 	生效日期 					
1 	《医疗器械监督管理条例》   	国务院 	2014-06-01 					
2 	《医疗器械分类规则》 	国家食品药品监督管理局   	2000-04-10 					
3 	《医疗器械生产企业质量体系考核办法》 	国家食品药品监督管理局   	2000-07-01 					
4 	《医疗器械标准管理办法》 	国家食品药品监督管理局   	2002-05-01 					
5 	《医疗器械临床试验规定》   	国家食品药品监督管理局   	2004-04-01 					
6 	《医疗器械经营企业许可证管理办法》 	国家食品药品监督管理局   	2004-08-09 					
7 	《医疗器械生产日常监督管理规定》 	国家食品药品监督管理局   	2006-01-19 					
8 	《医疗器械生产质量管理规范（试行）》 	国家食品药品监督管理局   	2011-01-01 					
序号 	名称 	立法机构 	生效日期 					
9 	《医疗器械生产质量管理规范检查管理办法（试行）》 	国家食品药品监督管理局   	2011-01-01 					
10 	《医疗器械召回管理办法（试行）》 	卫生部 	2011-07-01 					
11 	《医疗器械注册管理办法》   	国家食品药品监督管理局   	2014-10-01 					
12 	《医疗器械生产监督管理办法》 	国家食品药品监督管理局   	2014-10-01 					
13 	《医疗器械经营监督管理办法》 	国家食品药品监督管理局   	2014-10-01 					
14 	《医疗器械说明书和标签管理规定》 	国家食品药品监督管理局   	2014-10-01 					
15 	《中华人民共和国药品管理法》 	全国人大常委会 	2001-12-01 					
16 	《中华人民共和国药品管理法实施条例》 	国务院 	2002-09-15 					
17 	《药品生产质量管理规范》  	卫生部 	2011-03-01 					
18 	《药品经营质量管理规范》  	卫生部 	2013-06-01 					
19 	《药品生产质量管理规范认证管理办法》 	国家食品药品监督管理局   	2011-08-02 					
20 	《药品经营质量管理规范认证管理办法》 	国家食品药品监督管理局   	2003-04-24 					
21 	《药品注册管理办法》  	国家食品药品监督管理局 	2007-10-01 					
22 	《医疗器械临床试验质量管理规范》 	国家食品药品监督管理总局、国家卫生和计划生育委员会 	2016-03-24 					
23 	《医疗器械质量管理体系用于法规的要求》 	国家食品药品监督管理总局 	2017-01-19 					
								
公司名称 	产品名称 	销售金额 						
云南白药 	云南白药膏 	约 12 亿元 						
奇正藏药 	奇正消痛贴膏 	7.92 亿元 						
羚锐制药 	壮骨麝香止痛膏、通络祛痛膏 	7.39 亿元 						
天和药业（华润三九） 	天和骨通贴膏 	约 3 亿元 						
								
脚踝护具 	兰盾健甲笔 							
								
产品类别 	单位 	2016 年度 	2016 年度 	2016 年度 	2016 年度 	2016 年度 		
产品类别 	单位 	产能 	产量 	销量 	产销率 	产能利用率 		
创可贴 	万平方米 	800.00 	772.61 	766.46 	99.20% 	96.58% 		
贴膏剂 	万平方米 	240.00 	144.24 	150.28 	104.19% 	60.10% 		
胶布胶带及绷带 	万平方米 	1,740.00 	1,569.63 	1,501.61 	95.67% 	90.21% 		
敷贴 	万平方米 	90.00 	81.81 	75.73 	92.57% 	90.90% 		
急救包 	只 	12,000.00 	1,384.00 	3,687.00 	266.40% 	11.53% 		
产品类别 	单位 	2015 年度 	2015 年度 	2015 年度 	2015 年度 	2015 年度 		
产品类别 	单位 	产能 	产量 	销量 	产销率 	产能利用率 		
创可贴 	万平方米 	700.00 	683.56 	703.35 	102.90% 	97.65% 		
贴膏剂 	万平方米 	240.00 	201.57 	210.53   	104.45% 	83.99% 		
胶布胶带及绷带 	万平方米 	1,740.00 	1,290.56 	1,338.16 	103.69% 	74.17% 		
敷贴 	万平方米 	70.00 	58.40 	55.55   	95.12% 	83.43% 		
急救包 	只 	12,000.00 	10,276.00 	6,954.00   	67.67% 	85.63% 		
产品类别 	单位 	2014 年度 	2014 年度 	2014 年度 	2014 年度 	2014 年度 		
产品类别 	单位 	产能 	产量 	销量 	产销率 	产能利用率 		
创可贴 	万平方米 	700.00 	697.30 	  666.13   	95.53% 	99.61% 		
贴膏剂 	万平方米 	240.00 	239.48 	  236.54   	98.77% 	99.78% 		
胶布胶带及绷带 	万平方米 	1,740.00 	1,593.99 	1,588.54 	99.66% 	91.61% 		
敷贴 	万平方米 	70.00 	69.77 	  70.39   	100.88% 	99.67% 		
急救包 	只 	7,000.00 	6,813.00 	  6,167.00   	90.52% 	97.33% 		
								
项目 	2016 年度 	2016 年度 	2015 年度 	2015 年度 	2014 年度 	2014 年度 		
项目 	金额 	占比 	金额 	占比 	金额 	占比 		
								
（万元） 								
20,310.33 	45.72% 	17,881.57 	41.29% 	17,101.77 	36.40% 			
6,516.57 	14.67% 	9,121.38 	21.06% 	10,557.02 	22.47% 			
15,542.09 	34.99% 	14,717.96 	33.99% 	  17,373.51 	36.98% 			
1,853.65   	4.17% 	1,375.17   	3.18% 	1,792.70   	3.82% 			
87.74   	0.20% 	98.61   	0.23% 	103.50   	0.22% 			
113.17   	0.25% 	107.55   	0.25% 	51.83   	0.11% 			
44,423.55 	100.00% 	43,302.25 	100.00% 	46,980.34 	100.00% 			
								
创可贴 								
贴膏剂 								
胶布胶带及绷带 								
敷贴 								
急救包 								
其他 								
合计 								
								
项目 	2016 年度 	2016 年度 	2015 年度 	2015 年度 	2014 年度 	2014 年度 	2014 年度 	
项目 	金额 	占比 	金额 	占比 	金额 	占比 		
项目 	（万元） 	占比 	（万元） 	占比 	（万元） 	占比 		
境内 	23,349.01 	52.56% 	  23,890.87   	55.17% 	23,620.27 	50.28% 		
境外 	21,074.54 	47.44% 	  19,411.37   	44.83% 	23,360.07 	49.72% 		
合计 	44,423.55 	100.00% 	43,302.25 	100.00% 	46,980.34 	100.00% 		
								
项目 	2016 年度 	2016 年度 	2015 年度 	2015 年度 	2014 年度 	2014 年度 		
项目 	金额 （万元） 	占比 	金额 	占比 	金额 	占比 		
项目 	金额 （万元） 	占比 	（万元） 	占比 	（万元） 	占比 		
直销 	29,576.00 	66.58% 	29,265.63 	67.58% 	30,015.59 	63.89% 		
经销 	14,847.55 	33.42% 	14,036.61 	32.42% 	16,964.76 	36.11% 		
合计 	44,423.55 	100.00% 	43,302.25   	100.00% 	46,980.34 	100.00% 		
								
产品名称 	单位 	2016 年度 	2015 年度 	2014 年度 				
创可贴 	元/平方米 	26.50 	25.42   	25.67 				
贴膏剂 	元/平方米 	43.36 	43.32   	44.63 				
胶布胶带及绷带 	元/平方米 	10.35 	11.00 	10.94 				
								
产品 	2016 年度 	2015 年度 	2014 年度 					
创可贴 	1,142.25   	1,099.28   	1,184.34   					
贴膏剂 	357.76   	212.35   	201.46   					
胶布、胶带及绷带 	428.16   	546.20   	361.84   					
敷贴 	45.27   	28.53   	40.97   					
其他 	7.89   	2.07   	7.57   					
合计 	1,981.33   	1,888.44   	1,796.18   					
								
产品 	2016 年度 	2015 年度 	2014 年度 					
运动胶带 	59.98 	63.26 	18.81 					
运动护具及其他 	27.19 	66.35 	3.51 					
合计 	87.17 	129.61 	22.31 					
								
产品 	2016 年度 	2015 年度 	2014 年度 					
运动胶带 	13.77 	7.87 	0.05 					
运动护具及其他 	17.94 	18.98 	0.17 					
合计 	32.44 	26.85 	2.16 					
								
2016 年度 	2016 年度 	2016 年度 	2016 年度 	2016 年度 	2016 年度 	2016 年度 		
序号 	单位名称 	销售内容 	销售金额（万元） 	占营业收入比例 	销售数量（万平方米） 	销售单价（元/㎡） 		
1 	云南白药集团 	创可贴、贴膏剂 	20,592.61 	46.36% 	689.20 	29.88 		
2 	Medline Industries, Inc. 	创可贴、胶布胶带及绷带、敷贴 	1,839.93 	4.14% 	118.04 	15.59 		
3 	苏州舜康商贸有限公司 	创可贴、胶布胶带及绷带、敷贴 	1,433.30 	3.23% 	110.45 	12.98 		
4 	Nissin  Medical Instrument CO.,LTD 	创可贴、胶布胶带及绷带、敷贴 	1,252.36 	2.82% 	50.92 	24.60 		
5 	常州市奥普迅进出口有限公司 	创可贴、胶布胶带及绷带、敷贴、贴膏剂 	894.32 	2.01% 	80.13 	11.16 		
合 计 	合 计 	合 计 	26,012.52 	58.56% 	1,048.73 	 		
2015 年度 	2015 年度 	2015 年度 	2015 年度 	2015 年度 	2015 年度 	2015 年度 		
序号 	单位名称 	销售内容 	销售金额（万元） 	占营业收入比例 	销售数量（万平方米） 	销售单价（元/㎡） 		
1 	云南白药集团 	创可贴、贴膏剂 	21,664.58 	50.03% 	712.38 	30.41 		
2 	苏州舜康商贸有限公司 	创可贴、敷贴、胶布胶带及绷带 	1,358.06 	3.14% 	121.30 	11.20 		
3 	Nissin Medical Instrument CO.,LTD 	创可贴、敷贴、胶布胶带及绷带 	1,016.30 	2.35% 	46.77 	21.73 		
4 	绍兴成美进出口有限公司 	创可贴、胶布胶带及绷带、敷贴、贴膏剂 	1,014.77 	2.34% 	100.81 	10.07 		
5 	Medline Industries, Inc. 	创可贴、胶布胶带及绷带 	900.81 	2.08% 	39.69 	22.70 		
合 计 	合 计 	合 计 	25,954.53 	59.94% 	1,020.95 	 		
2014 年度 	2014 年度 	2014 年度 	2014 年度 	2014 年度 	2014 年度 	2014 年度 		
序号 	单位名称 	销售内容 	销售金额（万元） 	占营业收入比例 	销售数量（万平方米） 	销售单价（元/㎡） 		
1 	云南白药集团 	创可贴、贴膏剂 	21,601.59 	45.98% 	676.89 	31.91 		
2 	丹阳市尚美医材有限公司 	创可贴、胶布胶带及绷带 	1,885.04 	4.01% 	145.26 	12.98 		
3 	常州市奥普迅进出口有限公司 	创可贴、贴膏剂、胶布胶带及绷带、敷贴 	1,338.50 	2.85% 	116.58 	11.48 		
4 	绍兴成美进出口有限公司 	创可贴、胶布胶带及绷带、敷贴、贴膏剂 	1,283.17 	2.73% 	132.39 	9.69 		
5 	中国医药健康产业股份有限公司 	创可贴、胶布胶带及绷带、敷贴 	1,073.98 	2.29% 	94.43 	11.37 		
合 计 	合 计 	合 计 	27,182.28 	57.86% 	1,165.55 	 		
								
单位名称 	主营业务 	经营规模 	成立时间 	注册资本（万元） 	实际控制人 			
云南白药集团 	中西药原料/制剂、个人护理产品、原生药材、商业流通等 	200 亿元以上 	1971 年 	104,139.97   	云南省国资委 			
丹阳市尚美医材有限公司 	一类医疗器械销售，自营和代理各类商品及技术的进出口业务 	5,000 万元以上 	2006 年 	 151.00   	孙伟良 			
绍兴成美进出口有限公司 	批发、零售：绑带、纱布、汽车配件、金属材料等 	4,000 万元以上 	2008 年 	 50.00   	邱伟烽 			
常州市奥普迅进出口有限公司 	自营和代理各类商品和技术的进出口 	2,000 万元以上 	2006 年 	  100.00   	李科 			
苏州舜康商贸有限公司 	销售：一类医疗器械、二类医疗器械中非许可类的（体温计、血压计、医用脱脂棉、医用脱脂纱布、医用卫生口罩、医用无菌纱布），纺织品等 	1 亿元以上 	2005 年 	  100.00   	孙刚 			
中国医药健康产业股份有限公司 	批发中成药、中药材、中药饮片、化学药制剂等；销售医疗器械III、II 类等 	150 亿元以上 	1997 年 	106,848.55 	中国通用技术(集团)控股有限责任公司 			
Nissin Medical Instrument CO.,LTD 	化妆品、医疗器械及药品的生产及销售 	40 亿日元以上 	1952 年 	4,000 万日元 	上岛一夫 			
Medline Industries, Inc. 	医疗用品生产及销售、提供护理培训及支持 	70 亿美元以上 	1910 年 	-  	Charlie Mills 			
								
序号 	单位名称 	主要结算方式 	信用政策 	截至 2016 年12 月 31 日应收账款余额 	应收账款账龄 	应收账款账龄 	应收账款账龄 	2017 年 1 月至本招股书签署日回款金额 
序号 	单位名称 	主要结算方式 	信用政策 	截至 2016 年12 月 31 日应收账款余额 	3 个月以内 	4-6 个月 	6 个月以上 	2017 年 1 月至本招股书签署日回款金额 
1 	云南白药集团 	票据转让 	3 个月 	4,815.89 	4,815.89 	- 	- 	4,098.41 
2 	丹阳市尚美医材有限公司 	银行电汇 	6 个月 	751.25 	153.60 	186.05 	411.59 	446.89 
3 	绍兴成美进出口有限公司 	银行电汇 	6 个月 	1,742.90 	454.67 	228.18 	1,060.06 	970.00 
4 	常州市奥普迅进出口有限公司 	银行电汇 	3 个月 	157.36 	157.36 	- 	- 	108.06 
5 	苏州舜康商贸有限公司 	银行电汇 	3 个月 	288.17 	288.17 	- 	- 	288.17 
6 	Nissin Medical Instrument CO.,LTD 	银行电汇 	120 天 	280.01 	280.01 	- 	- 	250.64 
7 	Medline Industries, Inc. 	银行电汇 	120 天 	790.93 	406.00 	384.93 	- 	662.02 
8 	中国医药健康产业股份有限公司 	银行电汇 	80%货款 6 个月，20%货款 3 年 	- 	- 	- 	- 	- 
								
客户名称 	首次合作时间 	2016 年销售排名 	2015 年销售排名 	2014 年销售排名 				
云南白药集团 	2003 年 	第一名 	第一名 	第一名 				
Medline Industries, Inc. 	2011 年 	第二名 	第四名 	第八名 				
苏州舜康商贸有限公司 	2006 年 	第三名 	第二名 	第五名 				
Nissin Medical Instrument CO.,LTD 	2004 年 	第四名 	第三名 	第六名 				
常州市奥普迅进出口有限公司 	2006 年 	第五名 	第六名 	第三名 				
丹阳市尚美医材有限公司 	2006 年 	第八名 	第七名 	第二名 				
绍兴成美进出口有限公司 	2009 年 	第六名 	第五名 	第四名 				
中国医药健康产业股份有限公司 	2001 年 	- 	第十一名 	第五名 				
								
2016 年度 	2016 年度 	2016 年度 	2016 年度 	2016 年度 				
序号 	单位名称 	销售内容 	销售金额（万元） 	占经销收入比例 				
1 	苏州舜康商贸有限公司 	创可贴、胶布胶带及绷带、敷贴 	1,433.30 	9.65% 				
2 	常州市奥普迅进出口有限公司 	创可贴、胶布胶带及绷带、敷贴、贴膏剂 	894.32 	6.02% 				
3 	绍兴成美进出口有限公司 	创可贴、胶布胶带及绷带、敷贴 	867.03 	5.84% 				
4 	丹阳市尚美医材有限公司 	创可贴、胶布胶带及绷带、敷贴 	660.77 	4.45% 				
5 	广州市卫信工贸有限公司 	创可贴、胶布胶带及绷带、敷贴 	554.30 	3.73% 				
合 计 	合 计 	合 计 	4,409.72 	29.70% 				
2015 年度 	2015 年度 	2015 年度 	2015 年度 	2015 年度 				
序号 	单位名称 	销售内容 	销售金额（万元） 	占经销收入比例 				
1 	苏州舜康商贸有限公司 	创可贴、敷贴、胶布胶带及绷带 	1,358.06 	9.68% 				
2 	绍兴成美进出口有限公司 	创可贴、胶布胶带及绷带、敷贴、贴膏剂 	1,014.77 	7.23% 				
3 	常州市奥普迅进出口有限公司 	创可贴、贴膏剂、胶布胶带及绷带、敷贴 	834.23 	5.94% 				
4 	丹阳市尚美医材有限公司 	创可贴、胶布胶带及绷带、敷贴 	773.27 	5.51% 				
5 	广东康维医疗器械有限公司 	创可贴、胶布胶带及绷带、敷贴 	573.41 	4.09% 				
合 计 	合 计 	合 计 	4,553.74 	32.44% 				
2014 年度 	2014 年度 	2014 年度 	2014 年度 	2014 年度 				
序号 	单位名称 	销售内容 	销售金额（万元） 	占经销收入比例 				
1 	丹阳市尚美医材有限公司 	创可贴、胶布胶带及绷带 	1,885.04 	11.11% 				
2 	常州市奥普迅进出口有限公司 	创可贴、贴膏剂、胶布胶带及绷带、敷贴 	1,338.50 	7.89% 				
3 	绍兴成美进出口有限公司 	创可贴、胶布胶带及绷带、敷贴、贴膏剂 	1,283.17 	7.56% 				
4 	中国医药健康产业股份有限公司 	贴膏剂、胶布胶带及绷带、敷贴 	1,073.98 	6.33% 				
5 	苏州舜康商贸有限公司 	创可贴、敷贴、胶布胶带及绷带、贴膏剂 	926.33 	5.46% 				
合 计 	合 计 	合 计 	6,507.01 	38.36% 				
								
单位名称 	主营业务 	经营规模 	成立时间 	注册资本（万元） 	实际控制人 			
丹阳市尚美医材有限公司 	一类医疗器械销售，自营和代理各类商品及技术的进出口业务 	5,000 万元以上 	2006 年 	 151.00   	孙伟良 			
绍兴成美进出口有限公司 	批发、零售：绑带、纱布、汽车配件、金属材料等 	4,000 万元以上 	2008 年 	 50.00   	邱伟烽 			
常州市奥普迅进出口有限公司 	自营和代理各类商品和技术的进出口 	2,000 万元以上 	2006 年 	  100.00   	李科 			
苏州舜康商贸有限公司 	销售：一类医疗器械、二类医疗器械中非许可类的（体温计、血压计、医用脱脂棉、医用脱脂纱布、医用卫生口罩、医用无菌纱布），纺织品等 	1 亿元以上 	2005 年 	  100.00   	孙刚 			
广州市卫信工贸有限公司 	医疗诊断、监护及治疗设备制造；医疗诊断、监护及治疗设备批发；许可类医疗器械经营；非许可类医疗器械经营等 	5,000 以上 	1996 年 	405.00 	郑自树 			
广东康维医疗器械有限公司 	批发兼零售：医疗器械；批发：药品；销售：化妆品，日用品等 	7,000 万元以上 	2010 年 	1,000.00 	朱方伟 			
中国医药健康产业股份有限公司 	批发中成药、中药材、中药饮片、化学药制剂等；销售医疗器械 III、II 类等 	200 亿元以上 	1997 年 	106,848.55 	国务院国有资产监督管理委员会 			
								
客户名称 	首次合作时间 	2016 年经销商销售排名 	2015 年经销商销售排名 	2014 年经销商销售排名 				
苏州舜康商贸有限公司 	2006 年 	第一名 	第一名 	第五名 				
常州市奥普迅进出口有限公司 	2006 年 	第二名 	第三名 	第二名 				
丹阳市尚美医材有限公司 	2006 年 	第四名 	第四名 	第一名 				
绍兴成美进出口有限公司 	2009 年 	第三名 	第二名 	第三名 				
中国医药健康产业股份有限公司 	2001 年 	- 	第六名 	第四名 				
广东康维医疗器械有限公司 	2007 年 	第六名 	第五名 	第七名 				
广州市卫信工贸有限公司 	2009 年 	第五名 	第七名 	第九名 				
								
序号 	单位名称 	信用政策 						
1 	丹阳市尚美医材有限公司 	6 个月 						
2 	绍兴成美进出口有限公司 	6 个月 						
3 	常州市奥普迅进出口有限公司 	3 个月 						
4 	苏州舜康商贸有限公司 	3 个月 						
5 	中国医药健康产业股份有限公司 	中国医药健康产业股份有限公司：80%货款 6 个月，20%货款 3 年 						
5 	中国医药健康产业股份有限公司 	中国医药保健品有限公司：3 个月 						
6 	广东康维医疗器械有限公司 	6 个月 						
7 	广州市卫信工贸有限公司 	3 个月 						
								
项目 	数量单位 	2016 年度 	2016 年度 	2015 年度 	2015 年度 	2014 年度 	2014 年度 	
项目 	数量单位 	金额 （万元） 	数量 	金额 （万元） 	数量 	金额 （万元） 	数量 	
布类 	万米 	11,263.57 	2,620.18 	10,330.64 	2,262.63 	12,836.18 	2,866.78 	
吸水垫 	万平方米 	1,552.89 	227.68 	1,342.35 	197.51 	1,512.49 	220.03 	
防粘纸 	吨 	1,526.82 	2,706.16 	1,141.84 	1,784.49 	1,350.02 	2,108.40 	
包装材料 	万个 	1,743.72 	5,592.50 	1,344.64 	4,441.02 	1,625.07 	5,474.84 	
橡胶 	吨 	695.25 	551.65 	825.33 	588.68 	1,202.28 	  669.25 	
薄荷脑 	吨 	157.49 	9.00 	461.97 	23.00 	383.76 	  22.00 	
汽油 	吨 	539.12 	1,319.15 	717.09 	1,332.80 	1,081.11 	  1,327.40 	
羊毛脂 	吨 	705.94 	165.24 	646.02 	138.09 	749.00 	131.90 	
彩白卷 	卷 	874.45 	10.20 	616.36 	7.35 	804.52 	9.37 	
氧化锌 	吨 	457.61 	363.00 	392.82 	317.00 	700.13 	  574.00 	
松香 	吨 	489.07 	488.69 	536.06 	479.07 	536.01 	  417.10 	
K-50 树脂 	吨 	659.19 	337.32 	421.08 	214.20 	701.22 	  355.00 	
其他 	- 	8,671.03 	- 	5,968.35 	- 	7,367.87 	- 	
合计 	- 	29,336.15 	- 	24,744.55 	- 	30,849.66 	- 	
								
项目 	单位 	2016 年度 	同比 变动 	2015 年度 	同比 变动 	2014 年度 		
布类 	元/米 	4.30 	-5.93% 	  4.57   	1.91% 	4.48 		
吸水垫 	元/平方米 	6.82 	0.30% 	  6.80   	-1.07% 	6.87 		
防粘纸 	万元/吨 	0.56 	-11.84% 	  0.64   	-0.02% 	0.64 		
包装材料 	元/个 	0.31 	2.98% 	0.30 	2.01% 	0.30 		
橡胶 	万元/吨 	1.26 	-9.98% 	  1.40   	-22.11% 	1.80 		
薄荷脑 	万元/吨 	17.50 	-12.90% 	  20.09   	15.17% 	17.44 		
汽油 	万元/吨 	0.41 	-24.32% 	  0.54   	-33.58% 	0.81 		
羊毛脂 	万元/吨 	4.27 	-8.71% 	  4.68   	-17.64% 	5.68 		
项目 	单位 	2016 年度 	同比 变动 	2015 年度 	同比 变动 	2014 年度 		
彩白卷 	元/米 	85.73 	2.18% 	  83.90   	-2.28% 	85.86 		
氧化锌 	万元/吨 	1.26 	1.66% 	  1.24   	1.57% 	1.22 		
松香 	万元/吨 	1.00 	-10.64% 	  1.12   	-13.26% 	1.29 		
K-50 树脂 	万元/吨 	1.95 	-0.80% 	  1.97   	-0.72% 	1.98 		
								
类别 	单位 	2016 年度 	2016 年度 	2015 年度 	2015 年度 	2014 年度 		
类别 	单位 	 均价（元） 	同比 变动 	 均价（元） 	同比 变动 	 均价（元） 		
电 	元/度 	0.72 	0.00% 	0.72 	0.00% 	  0.72 		
燃气 	元/立方 	2.92 	-15.12% 	3.44 	-1.16% 	3.48 		
								
2016 年度 	2016 年度 	2016 年度 	2016 年度 	2016 年度 	2016 年度 			
序号 	单位名称 	采购金额（万元） 	采购占当期原材料采购的比例 	采购内容 	用途 			
1 	杭州余杭帮达织造厂 	2,563.94 	8.74% 	弹性布 	产品布基材料 			
2 	常州市天宁华发塑料有	1,749.72 	5.96% 	吸水垫、瓦楞	吸水垫等原			
3 								
4 								
5 								
合计 	合计 							
2015 年度 	2015 年度 	2015 年度 	2015 年度 	2015 年度 	2015 年度 			
序号 	单位名称 	采购金额（万元） 	采购占当期原材料采购的比例 	采购内容 	用途 			
1 	杭州余杭帮达织造厂 	2,988.55 	12.08% 	弹性布 	产品布基材料 			
2 	常州市天宁华发塑料有限公司 	1,462.40 	5.91% 	吸水垫、瓦楞膜、平膜、压花膜 	吸水垫等原材料 			
3 	常州市毕升印务厂 	1,110.41 	4.49% 	各类包装材料 	包装材料 			
4 	杭州余杭旺盛织造厂 	929.70 	3.76% 	弹性布 	产品布基材料 			
5 	湖州昌银纺织有限公司 	858.16 	3.47% 	易撕布、弹性布 	产品布基材料 			
合计 	合计 	7,349.23 	29.71% 	 	 			
2014 年度 	2014 年度 	2014 年度 	2014 年度 	2014 年度 	2014 年度 			
序号 	单位名称 	采购金额（万元） 	采购占当期原材料采购的比例 	采购内容 	用途 			
1 	杭州余杭帮达织造厂 	3,268.50 	10.59% 	弹性布 	产品布基材料 			
2 	湖州昌银纺织有限公司 	1,629.52 	5.28% 	易撕布、弹性布 	产品布基材料 			
3 	常州市天宁华发塑料有限公司 	1,612.41 	5.23% 	吸水垫、瓦楞膜、平膜、压花膜 	吸水垫等原材料 			
4 	常州市毕升印务厂 	1,360.65 	4.41% 	各类包装材料 	包装材料 			
5 	常州市中磊化工有限公司 	1,158.26 	3.75% 	汽油、正己烷 	制胶材料 			
合计 	合计 	9,029.34 	29.27% 	 	 			
								
限公司 								
常州市毕升印务厂 	1,440.39 	4.91% 	4.91% 	各类包装材料 	包装材料 			
杭州余杭旺盛织造厂 	1,248.24 	4.25% 	4.25% 	弹性布 	产品布基材料 			
常州塑料彩印有限公司 	1,100.70 	3.75% 	3.75% 	冷封白纸、白药彩纸、白药白纸 	云南白药集团产品包装材料 			
8,102.99 	27.61% 	27.61% 	 	 				
								
膜、平膜、压花膜 	材料 							
								
单位名称 	主营业务 	经营规模 	成立时间 	注册资本（万元） 	实际控制人 			
杭州余杭帮达织造厂 	丝织品生产 	3,000 万元以上 	1997 年 	50.00 	朱如平 			
湖州昌银纺织有限	医用织物制造、销售 	4,000 万元	2002 年 	50.00 	王兴宝 			
单位名称 	主营业务 	经营规模 	成立时间 	注册资本（万元） 	实际控制人 			
公司 	以上 							
常州市毕升印务厂 	包装装潢印刷品排版、制版、印刷、装订，其他印刷品印刷等 	1,000 万元以上 	2000 年 	150.00 	蒋继伟 			
常州市中磊化工有限公司 	化工原料及产品、润滑油等 	1,000 万元以上 	2008 年 	100.00 	冯华伟 			
常州市天宁华发塑料有限公司 	塑料制品、服装辅料、纸分切、吸水垫、一类医疗器械（限医用卫生材料及敷料）加工、制造 	1,000 万元以上 	1996 年 	50.00 	赵东林 			
杭州余杭旺盛织造厂 	丝织品织造。 纺织品销售、货物进出口 	5,000 万元以上 	2002 年 	498.00 	沈玲明 			
常州塑料彩印有限公司 	包装装潢印刷品排版、制版、印刷、装订，其它印刷品印刷等 	4,000 万元以上 	1979 年 	100.00 	巢建成 			
								
单位名称 	首次合作时间 	是否存在关联关系 	结算模式 	2016 年 	2015 年 	2014 年 		
杭州余杭帮达织造厂 	1997 年 	否 	票据、转账 	第一名 	第一名 	第一名 		
湖州昌银纺织有限公司 	2003 年 	否 	票据、转账 	第七名 	第五名 	第二名 		
常州市毕升印务厂 	2001 年 	否 	票据、转账 	第三名 	第三名 	第四名 		
常州市中磊化工有限公司 	2001 年 	否 	票据、转账 	第十五名 	第十三名 	第五名 		
常州市天宁华发塑料有限公司 	2003 年 	否 	票据、转账 	第二名 	第二名 	第三名 		
杭州余杭旺盛织造厂 	2007 年 	否 	票据、转账 	第四名 	第四名 	第七名 		
常州塑料彩印有限公司 	1997 年 	否 	票据、转账 	第五名 	第二十名 	第二十三名 		
								
原材料名称 	规格 	供应商名称 	2016 年度 	2015 年度 	2014 年度 			
弹性布 	113cm 	A 供应商 	5.13 	5.13 	5.13 			
弹性布 	113cm 	B 供应商 	5.13 	5.13 	5.13 			
弹性布 	99cm 	B 供应商 	4.02 	4.02 	4.02 			
弹性布 	99cm 	C 供应商 	3.93 	3.93 	- 			
弹性布 	99cm 	D 供应商 	3.93 	3.93 	- 			
易撕布 	110cm 	B 供应商 	7.18 	7.18 	- 			
易撕布 	110cm 	C 供应商 	- 	7.08 	7.18 			
易撕布 	54cm 	C 供应商 	3.67 	3.76 	3.93 			
易撕布 	54cm 	E 供应商 	2.31 	2.31 	2.31 			
易撕布 	54cm 	F 供应商 	2.40 	2.37 	- 			
								
原材料名称 	供应商名称 	2016 年度 	2015 年度 	2014 年度 				
120#溶剂汽油 	G 供应商 	4.05 	5.37 	8.14 				
120#溶剂汽油 	H 供应商 	4.56 	5.40 	- 				
120#溶剂汽油 	当期市场价格（注） 	4.00-5.30 	5.20-7.30 	7.70-8.50 				
								
采购期间 	供应商名称 	2016 年度 	2015 年度 	2014 年度 				
国内白纸 	I 供应商 	78.31 	78.75 	79.10 				
国内白纸 	J 供应商 	74.79 	74.79 	74.79 				
国内白纸 	L 供应商 	80.88 	80.34 	- 				
国内彩纸 	I 供应商 	78.41 	78.88 	79.70 				
国内彩纸 	J 供应商 	80.91 	74.79 	74.79 				
国内彩纸 	L 供应商 	- 	80.34 	- 				
日文白纸、彩纸 	K 供应商 	85.47 	85.47 	85.47 				
外贸白纸 	L 供应商 	93.94 	90.18 	94.42 				
外贸彩纸 	L 供应商 	93.92 	90.91 	94.66 				
								
项 目 	账面原值 	累计折旧 	账面净值 	成新率 				
房屋建筑物 	6,511.83 	2,021.13 	4,490.69 	68.96% 				
机器设备 	4,918.96 	2,565.51 	2,353.45 	47.84% 				
运输设备 	1,195.41 	862.49 	332.92 	27.85% 				
电子设备 	298.84 	219.41 	79.44 	26.58% 				
合 计 	12,925.04 	5,668.54 	7,256.50 	56.14% 				
								
序号 	房产证编号 	建筑面积（M2） 	座落 	发证时间 	房屋 所有权人 	实际 用途 	他项权 	
1 	常房权证武字第31001480 号 	36,527.56 	武进经济开发区果香路 1号 	2014-01-29 	南方卫材 	生产 用房 	为公司借款提供抵押担保 	
2 	常房权证武字第31001277 号 	111.76 	武进经济开发区湖滨怡景苑 10 幢甲单元 1701 室 	2013-03-25 	南方卫材 	宿舍 	-- 	
3 	常房权证武字第31001338 号 	87.85 	武进经济开发区湖滨怡景苑 1 幢乙单元 601 室 	2013-03-27 	南方卫材 	宿舍 	-- 	
4 	常房权证武字第31001321 号 	87.85 	武进经济开发区湖滨怡景苑 1 幢乙单元 701 室 	2013-03-26 	南方卫材 	宿舍 	-- 	
5 	常房权证武字第31001324 号 	87.85 	武进经济开发区湖滨怡景苑 1 幢甲单元 1002 室 	2013-03-27 	南方卫材 	宿舍 	-- 	
6 	常房权证武字第31001302 号 	111.76 	武进经济开发区湖滨怡景苑 10 幢甲单元 1501 室 	2013-03-26 	南方卫材 	宿舍 	-- 	
序号 	房产证编号 	建筑面积（M2） 	座落 	发证时间 	房屋 所有权人 	实际 用途 	他项权 	
7 	常房权证武字第00857550 号 	29,072.42 	武进经济开发区禾香路2-1 号 	2016-01-18 	南方卫材 	注 1 	-- 	
								
出租方 	租赁方 	租赁场地 	是否备案 	租赁用途 	有无产权证书 			
成红 （自然人） 	南方卫材 	武进区湖塘镇新城帝景花园25 幢乙 1802 室 	未备案 	员工居住 	产权证书编号为常房权证武字第00815382 号 			
江苏伟驰建设发展有限公司 	南方卫材 	常州西太湖科技产业园果香路北侧 3.5 亩土地 	未备案 	停车场 	无产权证书 			
常州市滨湖生态城建设有限公司 	南方美邦 	常州西太湖科技产业园长扬路 9 号 C1 号标准厂房二楼东北面约 1,000 平方米厂房 	未备案 	生产经营 	无产权证书 			
郎溪县经济开发区管委会 	安徽南卫 	郎溪经济开发区电力电源 5#标准厂房 1 层约 960 平方米 	备案编号为郎房租 2017 登记备案（01 号） 	生产经营 	产权证书编号为郎房地权证字第15045125 号 			
泰州市三鑫包装器材有限公司 	贵友生物 	富民创业园区 2,056 平方米厂房 	备案编号为（2017）房租证第 001 号 	生产经营 	产权证书编号为姜房权证姜堰字第80055630 号 			
上海主畅创业孵化器管理有限公司 	上海南卫 	上海浦江科技广场 5 号楼 5 楼526-527 室 	未备案 	办公 	产权证书编号为沪房地闵字（2014）第 044688 号 			
上海力德奇塑胶有限公司 	上海南卫 	上海市奉贤区庄行镇大叶公路 2089 号第 3 幢 1071 室 	未备案 	办公 	产权证书编号为沪房地奉字（2008）第 015014 号 			
上海美莲妮化妆品有限公司 	美莲妮生物 	上海市奉贤区庄行镇大叶公路 2058 弄 13 号 	未备案 	生产经营 	产权证书编号为沪房地奉字（2007）第 013389 号 			
								
序号 	设备名称 	数量 （台/条） 	原值 （万元） 	账面价值 （万元） 	成新率 			
1 	涂布机 	14 	724.58 	258.74 	35.71% 			
2 	包装机 	45 	1,061.96 	627.48 	59.09% 			
3 	创可贴设备 	6 	259.93 	70.72 	27.21% 			
4 	包装生产线 	2 	137.13 	49.07 	35.78% 			
5 	不干胶轮转印刷机 	1 	160.00 	84.16 	52.60% 			
6 	电气设备 	1 	33.84 	1.69 	5.00% 			
7 	灭菌器 	6 	157.20 	66.68 	42.42% 			
8 	裁切机 	6 	90.85 	44.23 	48.68% 			
9 	锅炉 	2 	78.00 	3.90 	5.00% 			
10 	药胶生产线 	1 	50.98 	2.55 	5.00% 			
11 	装盒机生产线 	1 	45.30 	26.33 	58.13% 			
12 	鸡眼膏制造机 	1 	42.12 	20.49 	48.65% 			
13 	敷料贴成型机 	1 	39.32 	19.13 	48.65% 			
14 	打孔复合机 	3 	59.34 	23.67 	39.90% 			
15 	医用胶带分切机 	3 	28.03 	22.47 	80.13% 			
16 	浸药机 	1 	24.36 	9.16 	37.59% 			
17 	液相色谱仪 	1 	22.65 	14.06 	62.08% 			
18 	模切机 	2 	29.57 	18.76 	63.44% 			
19 	空调风管机 	2 	16.29 	7.93 	48.65% 			
20 	喷码机 	9 	64.76 	12.67 	19.57% 			
21 	反渗透纯化水设备 	1 	16.07 	11.50 	71.56% 			
22 	无纺布复合机 	1 	15.81 	5.19 	32.85% 			
23 	双行星动力混合机 	1 	15.81 	6.57 	41.54% 			
								
序号 	证书号 	土地坐落 	面积(㎡) 	地类 	使用权期限 	使用权人 	实际 用途 	他项权 
1 	武国用（2013）第 09310 号 	武进经济开发区果香路 1 号 	62,236.40 	工业用地 	2056-07-24 	南方卫材 	生产 经营 	为公司借款提供抵押担保 
序号 	证书号 	土地坐落 	面积(㎡) 	地类 	使用权期限 	使用权人 	实际 用途 	他项权 
2 	武国用（2014）第 24616 号 	武进经济开发区锦程路东侧、长虹路以南 	78,864.40 	工业用地 	2064-06-29 	南方卫材 	注 1 	- 
3 	武国用（2013）第 17328 号 	武进经济开发区湖滨怡景苑 10 幢甲单元1701 室 	53.09 	住宅 	2079-04-27 	南方卫材 	宿舍 	- 
4 	武国用（2013）第 17303 号 	武进经济开发区湖滨怡景苑 1幢乙单元 601室 	41.73 	住宅 	2079-04-27 	南方卫材 	宿舍 	- 
5 	武国用（2013）第 17326 号 	武进经济开发区湖滨怡景苑 1幢乙单元 701室 	41.73 	住宅 	2079-04-27 	南方卫材 	宿舍 	- 
6 	武国用（2013）第 17304 号 	武进经济开发区湖滨怡景苑 1 幢甲单元1002 室 	41.73 	住宅 	2079-04-27 	南方卫材 	宿舍 	- 
7 	武国用（2013）第 17305 号 	武进经济开发区湖滨怡景苑 10 幢甲单元1501 室 	53.09 	住宅 	2079-04-27 	南方卫材 	宿舍 	- 
8 	武国用（2016）第 02073 号 	武进经济开发区禾香路 2-1 号 	29,651.60 	工业 	2056-07-03 	南方卫材 	注 2 	- 
9 	郎国用（2015）第 2029 号 	郎溪经济开发区复兴路 	136,335.00 	工业 	2065-09 	安徽南卫 	注 3 	- 
								
序号 	注册号 	商标 	商标申请人 	注册有效期 	类别 			
1 	1087235 	 	南方卫材 	2007-08-28 至 2017-08-27 	5 			
2 	1087253 	 	南方卫材 	1997-08-28 至 2017-08-27 	5 			
3 	1273172 	 	南方卫材 	2009-05-14 至 2019-05-13 	22 			
4 	3813214 	 	南方卫材 	2016-04-07 至 2026-04-06 	5 			
5 	6800990 	 	南方卫材 	2010-08-14 至 2020-08-13 	5 			
6 	8295853 	 	南方卫材 	2011-05-14 至 2021-05-13 	5 			
7 	9903692 	 	南方卫材 	2012-10-28 至 2022-10-27 	3 			
8 	9903973 	 	南方卫材 	2012-12-21 至 2022-12-20 	5 			
9 	9904040 	 	南方卫材 	2012-11-07 至 2022-11-06 	10 			
10 	9904172 	 	南方卫材 	2013-04-28 至 2023-04-27 	5 			
11 	9904232 	 	南方卫材 	2012-11-07 至 2022-11-06 	28 			
12 	9904284 	 	南方卫材 	2012-11-07 至 2022-11-06 	3 			
序号 	注册号 	商标 	商标申请人 	注册有效期 	类别 			
13 	9904317 	 	南方卫材 	2012-11-07 至 2022-11-06 	3 			
14 	9904365 	 	南方卫材 	2012-11-07 至 2022-11-06 	3 			
15 	9904583 	 	南方卫材 	2012-11-07 至 2022-11-06 	3 			
16 	9904627 	 	南方卫材 	2013-06-28 至 2023-06-27 	3 			
17 	9908094 	 	南方卫材 	2012-11-07 至 2022-11-06 	5 			
18 	9908114 	 	南方卫材 	2012-11-07 至 2022-11-06 	5 			
19 	9908159 	 	南方卫材 	2013-01-28 至 2023-01-27 	5 			
20 	9908203 	 	南方卫材 	2013-01-28 至 2023-01-27 	5 			
21 	9908453 	 	南方卫材 	2012-11-07 至 2022-11-06 	10 			
22 	9908488 	 	南方卫材 	2012-11-07 至 2022-11-06 	10 			
23 	9912849 	 	南方卫材 	2012-11-07 至 2022-11-06 	28 			
24 	9912863 	 	南方卫材 	2012-11-07 至 2022-11-06 	28 			
25 	9912877 	 	南方卫材 	2012-11-21 至 2022-11-20 	28 			
26 	9912893 	 	南方卫材 	2012-11-21 至 2022-11-20 	28 			
27 	9912974 	 	南方卫材 	2013-01-07 至 2023-01-06 	3 			
28 	9912999 	 	南方卫材 	2013-07-28 至 2023-07-27 	3 			
序号 	注册号 	商标 	商标申请人 	注册有效期 	类别 			
29 	9913055 	 	南方卫材 	2014-05-14 至 2024-05-13 	5 			
30 	9917871 	 	南方卫材 	2013-09-07 至 2023-09-06 	5 			
31 	9917879 	 	南方卫材 	2013-09-07 至 2023-09-06 	5 			
32 	9917921 	 	南方卫材 	2013-02-21 至 2023-02-20 	28 			
33 	9917928 	 	南方卫材 	2012-11-07 至 2022-11-06 	28 			
34 	9917940 	 	南方卫材 	2012-11-07 至 2022-11-06 	28 			
35 	12249216 	 	南方卫材 	2014-10-07 至 2024-10-06 	3 			
36 	12249306 	 	南方卫材 	2014-10-07 至 2024-10-06 	5 			
37 	12249356 	 	南方卫材 	2014-08-21 至 2024-08-20 	28 			
38 	12225689 	 	南卫运动 	2015-03-28 至 2025-03-27 	5 			
39 	12225702 	 	南卫运动 	2014-08-14 至 2024-08-13 	5 			
40 	12225719 	 	南卫运动 	2014-08-14 至 2024-08-13 	10 			
41 	12225733 	 	南卫运动 	2014-08-14 至 2024-08-13 	10 			
42 	12225750 	 	南卫运动 	2014-08-14 至 2024-08-13 	28 			
43 	12228997 	 	南卫运动 	2015-03-28 至 2025-03-27 	5 			
序号 	注册号 	商标 	商标申请人 	注册有效期 	类别 			
44 	12229020 	 	南卫运动 	2014-08-14 至 2024-08-13 	28 			
45 	8408031 	 	贵友生物 	2011-06-28 至 2021-06-27 	3 			
46 	8408041 	 	贵友生物 	2011-06-28 至 2021-06-27 	3 			
47 	8408062 	 	贵友生物 	2011-06-28 至 2021-06-27 	5 			
48 	8408067 	 	贵友生物 	2011-06-28 至 2021-06-27 	5 			
49 	8408091 	 	贵友生物 	2011-06-28 至 2021-06-27 	10 			
50 	8408087 	 	贵友生物 	2011-06-28 至 2021-06-27 	10 			
51 	8408104 	 	贵友生物 	2011-06-28 至 2021-06-27 	10 			
								
序号 	商标内容 	注册证号 /申请号 	类别 	有效期限 				
1 	 	15034546 	3 	至 2025.08.13 				
2 	 	15034712 	5 	至 2025.09.27 				
3 	 	15034681 	10 	至 2025.09.27 				
4 	 	15034793 	28 	至 2025.08.13 				
5 	 	15034742 	35 	至 2025.08.13 				
6 	 	13989738 	35 	至 2025.05.06 				
7 	 	13989719 	35 	至 2025.07.20 				
8 	 	13989678 	10 	至 2025.03.06 				
9 	 	13989645 	5 	至 2025.03.06 				
10 	 	13989619 	3 	至 2025.08.13 				
11 	 	13989699 	28 	至 2025.08.13 				
								
序号 	专利号 	专利名称 	专利类型 	申请日期 	授权日期 	专利权人 		
1 	ZL201210179804.3 	甘露糖修饰的固体脂质纳米粒复合凝胶及其制备方法 	发明 	2012/05/30 	2013/06/05 	浙江大学、 南方卫材 		
2 	ZL201110289246.1 	一种高吸水率水凝胶及其制备方法 	发明 	2011/09/27 	2013/10/31 	浙江大学、 南方卫材 		
3 	ZL201020176148.8 	可调式波浪刀具的涂胶设备 	实用新型 	2010/04/30 	2010/11/24 	南方卫材 		
4 	ZL201020176127.6 	引流管贴 	实用新型 	2010/04/30 	2010/12/01 	南方卫材 		
5 	ZL201020176175.5 	万向精密调整模架 	实用新型 	2010/04/30 	2010/12/01 	南方卫材 		
6 	ZL201020176139.9 	吹孔气刀 	实用新型 	2010/04/30 	2010/12/01 	南方卫材 		
7 	ZL201020176172.1 	浸药设备 	实用新型 	2010/04/30 	2010/12/01 	南方卫材 		
8 	ZL201020176164.7 	逆向吻涂涂布机 	实用新型 	2010/04/30 	2010/12/01 	南方卫材 		
9 	ZL201020176130.8 	双翼飞轮式搅拌机 	实用新型 	2010/04/30 	2010/12/29 	南方卫材 		
10 	ZL201120260984.9 	防护套 	实用新型 	2011/07/22 	2012/02/22 	南方卫材 		
11 	ZL201120261195.7 	通气鼻贴 	实用新型 	2011/07/22 	2012/02/22 	南方卫材 		
12 	ZL201120260956.7 	双面微孔膏药贴 	实用新型 	2011/07/22 	2012/03/14 	南方卫材 		
13 	ZL201120261218.4 	EVA 膜创口贴 	实用新型 	2011/07/22 	2012/03/14 	南方卫材 		
14 	ZL201220479414.3 	胶布打孔用刀具 	实用新型 	2012/09/19 	2013/04/24 	南方卫材 		
15 	ZL201220479525.4 	胶布打孔专用设备 	实用新型 	2012/09/19 	2013/04/24 	南方卫材 		
16 	ZL201420866843.5 	敷料贴快速浸药装置 	实用新型 	2014/12/31 	2015/05/20 	南方卫材 		
序号 	专利号 	专利名称 	专利类型 	申请日期 	授权日期 	专利权人 		
17 	ZL201420868814.2 	纯棉花垫新颖自粘眼贴 	实用新型 	2014/12/31 	2015/05/20 	南方卫材 		
18 	ZL201420870896.4 	高粘度胶浆搅拌装置 	实用新型 	2014/12/31 	2015/05/20 	南方卫材 		
19 	ZL201520184338.7 	一种抗过敏透气医用胶布的生产设备 	实用新型 	2015/03/30 	2015/08/26 	南方卫材 		
20 	ZL201520628493.3 	一种多功能急救包 	实用新型 	2015/08/19 	2015/12/16 	南方卫材 		
21 	ZL201520628991.8 	一种车载应急包 	实用新型 	2015/08/19 	2015/12/16 	南方卫材 		
22 	ZL201530312439.3 	车载应急包 	外观设计 	2015/08/19 	2015/12/16 	南方卫材 		
23 	ZL201530312480.0 	多功能急救包 	外观设计 	2015/08/19 	2016/01/20 	南方卫材 		
24 	ZL201530189284.9 	肌能贴（彩虹） 	外观设计 	2015/06/11 	2015/11/11 	南方美邦 		
25 	ZL201530189292.3 	肌能贴（紫格） 	外观设计 	2015/06/11 	2015/11/11 	南方美邦 		
26 	ZL201530189341.3 	肌能贴（碎花） 	外观设计 	2015/06/11 	2015/11/11 	南方美邦 		
27 	ZL201530189277.9 	护臂（蓝色螺纹） 	外观设计 	2015/06/11 	2015/11/11 	南方美邦 		
28 	ZL201530189281.5 	护臂（七彩烟花） 	外观设计 	2015/06/11 	2015/11/11 	南方美邦 		
29 	ZL201620501721.5 	中药贴膏剂生产设备 	实用新型 	2016/05/27 	2016/12/21 	南方卫材 		
30 	ZL201620509083.1 	运动肌贴 	实用新型 	2016/05/30 	2017/01/18 	南方卫材 		
31 	ZL201620505920.3 	医用留置针胶带 	实用新型 	2016/05/30 	2017/01/18 	南方卫材 		
32 	ZL201620501373.1 	通气鼻贴 	实用新型 	2016/05/27 	2017/02/15 	南方卫材 		
33 	ZL201620497683.0 	贴膏剂基材清洁消毒设备 	实用新型 	2016/05/28 	2017/02/15 	南方卫材 		
								
序号 	产品名称 	批准文号 	发证日期 	有效期 	产品类型 	所属公司 		
1 	伤湿解痛膏 	国药准字 Z32020115 	2002/06/21 	2020/08/27 	药品 	南方卫材 		
2 	水杨酸苯酚贴膏 	国药准字 H32026244 	2003/03/25 	2020/08/27 	药品 	南方卫材 		
3 	关节止痛膏 	国药准字 Z32020650 	2002/06/21 	2020/08/27 	药品 	南方卫材 		
								
序号 	产品名称 	批准文号 	发证日期 	有效期 	产品类型 	所属公司 		
1 	一次性伤口敷料 	苏食药监械（准）字 2014第 2641165 号 	2014/08/22 	2019/08/21 	二类医疗器械 	南方卫材 		
2 	藻酸盐伤口敷料 	苏械注准 20162641357 	2016/12/01 	2021/11/30 	二类医疗器械 	南方卫材 		
3 	甲壳胺伤口敷料 	苏食药监械（准）字 2014第 2641234 号 	2014/09/05 	2019/09/04 	二类医疗器械 	南方卫材 		
4 	纱布块 	苏械注准 20152640156 	2015/02/02 	2020/02/01 	二类医疗器械 	南方卫材 		
5 	急救包 	苏常食药监械（准）字2013 第 1640170 号（更2013-01） 	2013/10/08 	2017/07/25 	一类医疗器械 	南方卫材 		
6 	无菌创可贴 	苏械注准 20152641305 	2015/12/10 	2020/12/09 	二类医疗器械 	南方卫材 		
7 	输液贴 	苏械注准 20152641304 	2015/12/10 	2020/12/09 	二类医疗器械 	南方卫材 		
序号 	产品名称 	批准文号 	发证日期 	有效期 	产品类型 	所属公司 		
8 	碘伏消毒湿巾 	苏械注准 20152641306 	2015/12/10 	2020/12/09 	二类医疗器械 	南方卫材 		
9 	三角巾敷料包 	苏械注准 20162640175 	2016/03/09 	2021/03/08 	二类医疗器械 	南方卫材 		
10 	聚乙烯醇海绵敷料棒 	苏械注准 20162640794 	2016/08/16 	2021/08/15 	二类医疗器械 	南方卫材 		
11 	压敏胶带 	苏常械备 20153031 号 	2016/02/25 	长期 	一类医疗器械 	南方卫材 		
12 	绑扎胶布 	苏常械备 20153021 号 	2015/02/11 	长期 	一类医疗器械 	南方卫材 		
13 	弹性绷带 	苏常械备 20153024 号 	2015/02/11 	长期 	一类医疗器械 	南方卫材 		
14 	弹力绷带 	苏常械备 20153023 号 	2015/07/02 	长期 	一类医疗器械 	南方卫材 		
15 	透气胶带 	苏常械备 20153029 号 	2017/02/15 	长期 	一类医疗器械 	南方卫材 		
16 	医用退热贴 	苏常械备 20143001 号 	2014/09/10 	长期 	一类医疗器械 	南方卫材 		
17 	造口袋 	苏常械备 20153002 号 	2015/01/05 	长期 	一类医疗器械 	南方卫材 		
18 	橡皮膏 	苏常械备 20153030 号 	2015/09/24 	长期 	一类医疗器械 	南方卫材 		
19 	创口贴 	苏常械备 20153022 号 	2016/10/27 	长期 	一类医疗器械 	南方卫材 		
20 	棉布创可贴 	苏常械备 20153027 号 	2015/02/11 	长期 	一类医疗器械 	南方卫材 		
21 	透气创可贴 	苏常械备 20153028 号 	2015/02/11 	长期 	一类医疗器械 	南方卫材 		
22 	防水创可贴 	苏常械备 20153026 号 	2016/03/28 	长期 	一类医疗器械 	南方卫材 		
23 	弹性创可贴 	苏常械备 20153025 号 	2016/02/25 	长期 	一类医疗器械 	南方卫材 		
24 	医用冷敷贴 	苏常械备 20150386 号 	2015/12/01 	长期 	一类医疗器械 	南方卫材 		
25 	透气创可贴 	苏泰械备 20150205 号 	2015/08/06 	长期 	一类医疗器械 	泰州南卫 		
26 	防水创可贴 	苏泰械备 20150204 号 	2015/08/06 	长期 	一类医疗器械 	泰州南卫 		
27 	弹性创可贴 	苏泰械备 20150203 号 	2015/08/06 	长期 	一类医疗器械 	泰州南卫 		
28 	透气创可贴 	苏泰械备 20150080 号 	2015/03/16 	长期 	一类医疗器械 	贵友生物 		
29 	防水创可贴 	苏泰械备 20150079 号 	2015/03/16 	长期 	一类医疗器械 	贵友生物 		
30 	弹性创可贴 	苏泰械备 20150078 号 	2015/03/16 	长期 	一类医疗器械 	贵友生物 		
31 	弹性绷带 	苏常械备 20143002 号 	2014/09/10 	长期 	一类医疗器械 	南方美邦 		
32 	绑扎胶布 	苏常械备 20143003 号 	2014/09/10 	长期 	一类医疗器械 	南方美邦 		
33 	弹力绷带 	苏常械备 20143004 号 	2014/09/10 	长期 	一类医疗器械 	南方美邦 		
34 	弹力绷带 	苏常械备 20143005 号 	2014/09/10 	长期 	一类医疗器械 	南方美邦 		
35 	绑扎胶布 	皖宣械备 20150001 号 	2015/02/13 	长期 	一类医疗器械 	安徽南卫 		
36 	压敏胶带 	皖宣械备 20150002 号 	2015/02/13 	长期 	一类医疗器械 	安徽南卫 		
37 	橡皮膏 	皖宣械备 20150003 号 	2015/02/13 	长期 	一类医疗器械 	安徽南卫 		
38 	透气胶带 	皖宣械备 20150004 号 	2015/02/13 	长期 	一类医疗器械 	安徽南卫 		
39 	弹性绷带 	皖宣械备 20150005 号 	2015/02/13 	长期 	一类医疗器械 	安徽南卫 		
40 	弹力绷带（自粘型） 	皖宣械备 20150006 号 	2015/02/13 	长期 	一类医疗器械 	安徽南卫 		
41 	弹性创可贴 	皖宣械备 20160016 号 	2017/03/06 	长期 	一类医疗器械 	安徽南卫 		
42 	棉布创可贴 	皖宣械备 20160017 号 	2017/03/06 	长期 	一类医疗器械 	安徽南卫 		
43 	透气创可贴 	皖宣械备 20160018 号 	2017/03/06 	长期 	一类医疗器械 	安徽南卫 		
44 	创口贴 	皖宣械备 20160019 号 	2017/03/06 	长期 	一类医疗器械 	安徽南卫 		
45 	防水创可贴 	皖宣械备 20160020 号 	2017/03/06 	长期 	一类医疗器械 	安徽南卫 		
								
序号 	产品名称 	批准文号 	发证日期 	有效期 	产品类型 	所属公司 		
1 	兰盾牌爽足笔 	苏 G 妆网备字2014001693 	2014/11/25 	长期 	化妆品 	南方美邦 		
2 	兰盾牌健甲笔 	苏 G 妆网备字2014001463 	2014/11/19 	长期 	化妆品 	南方美邦 		
3 	兰盾牌爽足喷剂 	苏 G 妆网备字2014001617 	2014/11/20 	长期 	化妆品 	南方美邦 		
4 	兰盾牌健甲液 	苏 G 妆网备字2015003826 	2015/10/16 	长期 	化妆品 	南方美邦 		
5 	兰盾牌皮肤修护喷剂 	苏 G 妆网备字2015004344 	2015/12/02 	长期 	化妆品 	南方美邦 		
6 	甲适乐牌健甲笔 	苏 G 妆网备字2015004430 	2015/12/14 	长期 	化妆品 	南方美邦 		
7 	甲适乐牌健甲液 	苏 G 妆网备字2015004425 	2015/12/14 	长期 	化妆品 	南方美邦 		
8 	i say：牌女性舒缓保湿露 	苏 G 妆网备字2015004529 	2015/12/18 	长期 	化妆品 	南方美邦 		
9 	i say：牌女性泡沫护理液 	苏 G 妆网备字2015004584 	2015/12/22 	长期 	化妆品 	南方美邦 		
								
序号 	签订日期 	委托生产产品名称 	批准文号 	委托方 				
1 	2016/07/11 	云南白药创可贴 	国药准字 Z20073016 	云南白药集团无锡药业有限公司 				
2 	2016/09/20 	一枝蒿伤湿祛痛膏 	国药准字 Z53021362 	云南白药集团股份有限公司 				
3 	2016/09/20 	关节止痛膏 	国药准字 Z53021176 	云南白药集团股份有限公司 				
4 	2016/09/20 	伤湿止痛膏 	国药准字 Z53020749 	云南白药集团股份有限公司 				
5 	2016/09/20 	消炎镇痛膏 	国药准字 Z53020756 	云南白药集团股份有限公司 				
序号 	签订日期 	委托生产产品名称 	批准文号 	委托方 				
6 	2016/09/20 	麝香跌打风湿膏 	国药准字 Z53021360 	云南白药集团股份有限公司 				
7 	2016/04/15 	弹性创可贴 	滇昆械备 20140015 号 	云南白药集团股份有限公司 				
8 	2016/08/16 	绑扎胶布 	沪闵械备 20150019 号 	上海卫生材料厂有限公司 				
9 	2016/08/16 	透气胶带 	沪闵械备 20150024 号 	上海卫生材料厂有限公司 				
10 	2016/08/16 	丝绸布胶带 	沪闵械备 20150022 号 	上海卫生材料厂有限公司 				
11 	2016/08/16 	弹力绷带（自粘型） 	沪闵械备 20160004 号 	上海卫生材料厂有限公司 				
12 	2016/08/16 	医用橡皮膏 	沪闵械备 20150030 号 	上海卫生材料厂有限公司 				
13 	2016/08/16 	肛门袋 	沪闵械备 20150005 号 	上海卫生材料厂有限公司 				
14 	2015/01/15 	骨刺祛痛膏 	国药准字 Z20026823 	杨凌生物医药科技股份有限公司 				
15 	2015/01/15 	归麻止痛膏 	国药准字 Z61020235 	杨凌生物医药科技股份有限公司 				
16 	2015/01/15 	香桂活血膏 	国药准字 Z61020236 	杨凌生物医药科技股份有限公司 				
17 	2015/01/15 	伤湿止痛膏 	国药准字 Z61020272 	杨凌生物医药科技股份有限公司 				
18 	2015/01/15 	消炎镇痛膏 	国药准字 Z61021664 	杨凌生物医药科技股份有限公司 				
19 	2016/12/01 	防水创可贴 	桂桂械备 20150020 号 	桂林天和药业伊维有限公司 				
20 	2016/04/15 	创口贴 	滇昆械备 20160002 号 	云南白药集团股份有限公司 				
21 	2016/09/26 	透气创可贴 	桂桂械备 20150021 号 	桂林天和药业伊维有限公司 				
								
序号 	编号 	药品名称 	药品批准文号 	有效期 	核发单位 			
1 	苏 WT20160032 	云南白药创可贴 	国药准字Z20073016 	2016/08/01 至 2018/07/31 	江苏省食品药品监督管理局 			
2 	滇 WT20170003 	关节止痛膏 	国药准字 Z53021176 	2016/12/28 至 2018/12/27 	云南省食品药品监督管理局 			
3 	滇 WT20170004 	伤湿止痛膏 	国药准字 Z53020749 	2016/12/28 至 2018/12/27 	云南省食品药品监督管理局 			
4 	滇 WT20170005 	一支蒿伤湿祛痛膏 	国药准字 Z53021362 	2016/12/28 至 2018/12/27 	云南省食品药品监督管理局 			
序号 	编号 	药品名称 	药品批准文号 	有效期 	核发单位 			
5 	滇 WT20170006 	消炎镇痛膏 	国药准字 Z53020756 	2016/12/28 至 2018/12/27 	云南省食品药品监督管理局 			
6 	滇 WT20170007 	麝香跌打风湿膏 	国药准字 Z53021360 	2016/12/28 至 2018/12/27 	云南省食品药品监督管理局 			
7 	陕 WT20150027 	骨刺祛痛膏 	国药准字Z20026823 	2015/11/24 至 2017/11/23 	陕西省食品药品监督管理局 			
8 	陕 WT20150026 	归麻止痛膏 	国药准字Z61020235 	2015/11/24 至 2017/11/23 	陕西省食品药品监督管理局 			
9 	陕 WT20150025 	香桂活血膏 	国药准字Z61020236 	2015/11/24 至 2017/11/23 	陕西省食品药品监督管理局 			
10 	陕 WT20150024 	伤湿止痛膏 	国药准字Z61020272 	2015/11/24 至 2017/11/23 	陕西省食品药品监督管理局 			
11 	陕 WT20150023 	消炎镇痛膏 	国药准字Z61021664 	2015/11/24 至 2017/11/23 	陕西省食品药品监督管理局 			
								
序号 	产品出口国 	销售资质 	是否具备资质 	备注 				
1 	美国、加拿大、以色列 	FDA、CE、ISO 	是 	- 				
2 	日本 	厚生省注册、CE、ISO 	是 	- 				
3 	欧盟 20 个国家、东南亚、非洲、南美等 	CE、ISO 	是 	- 				
4 	尼日利亚、坦桑尼亚、哈萨克斯坦、阿根廷、泰国 	CE、ISO、自由销售证书或使馆认证 	是 	这些国家除需要 CE、ISO 证书外，还要求每个订单具备自由销售证书或使馆认证 				
								
技术类型 	具体特征及主要成就 							
技术类型 	具体特征及主要成就 							
粘胶吹孔技术 	通过改善粘胶成分，同时改变胶面走向、设置吹气装置，提升脚面透气孔的品质和持久性，提高透气性，减少产品带来的过敏问题。该技术已申请“吹孔气刀”及“一种抗过敏透气医用胶布的生产设备”专利，已广泛应用于创可贴、胶布胶带等透皮性产品。 							
高吸水率水凝胶制备技术 	通过机械搅拌、氮气保护，将聚乙烯醇溶解于部分水中，再分批加入引发剂、交联剂，得到高吸水率水凝胶。该技术已申请相关专利，已广泛应用于水凝胶退热贴等产品。 							
贴膏剂的生产设备及工艺 	运用新型原料及打孔技术，代替原技术，降低原贴膏剂产品过敏性，提高透气性。该技术已申请“双面微孔膏药贴”及“双翼飞轮搅拌机”专利，已广泛应用于各类贴膏剂等产品。 							
EVA 膜创口贴 	EVA 薄膜内表面的中段黏着有护创层，EVA 薄膜上还开设有防水的透气微孔。采用 EVA 薄膜层代替现有创可贴的胶布层，体积轻薄，防水性能及轻便性能良好。已申请“EVA 膜创口贴”专利，已广泛应用于抑菌创可贴等产品。 							
浸药技术 	运用自主研发的浸药设备，保证了药物的充分浸透，挤压力的调整保证了药物含量的达标，使得敷料易于干燥而且药性保持良好。该技术已申请“浸药设备”专利，并已广泛应用于各种贴膏剂产品。 							
丝绸透气胶带打孔技术 	采用自主研发滚动打孔技术代替原来冲孔老旧技术，使得产品打孔高速、均匀、连贯。该技术已申请“胶布打孔专用设备”和“胶布打孔用刀具”专利，现已在医用丝绸透气胶带胶布等产品中应用。 							
万向精密调整模架 	运用新型胶带的涂胶设备技术，可精确调整上胶角度和胶量，使得胶面的气孔大小能够有效控制，以节约投入的成本。该技术已申请“万向精密调整模架”专利，已广泛应用于胶布、胶带、运动胶布、运动胶带等产品中。 							
水胶体敷料技术 	采用高吸水性凝胶基质，吸收创面渗液，保持创面湿润，隔绝空气以及黄芪甲苷，具有加速皮肤再生或抑制疤痕形成的的作用。该技术已申请“甘露糖修饰的固体脂质纳米粒复合凝胶及其制备方法”专利技术，开始应用于水凝胶伤口敷料及水凝胶中药敷料等产品。 							
无纺布胶带胶粘及涂胶工艺 	采用多种胶粘剂和工艺进行生产，使产品的涂胶面布满透气孔，使用水性环保隔离剂和胶粘剂，克服了原产品遇水易脱落的缺陷，并且增加了透气性，减少了过敏机率，降低了车间环境污染和安全隐患，节约了人力成本。该技术已广泛应用于医用透气胶带等产品。 							
								
序号 	研发项目 	进展情况 	拟达到的目标 	项目级别 				
1 	新型外用/透皮制剂的合作开发 	对贴剂的稳定性进行考察 	采用苯乙烯系嵌段共聚体等新型材料，通过处方优化，制备新型压敏胶贴片，对贴膏剂的处方工艺设计、皮肤刺激性、稳定性到药效学展开全面系统研究，以期得到安全、无刺激、黏附性能好、符合临床治疗要求的贴膏剂。 	合作研发 				
2 	尼古丁凝胶贴剂、创伤修复凝胶贴剂制备技术开发 	签署合作协议 	合作开发两种水凝胶贴剂进行创伤面的快速修复和达到戒烟作用。 	合作研发 				
3 	辣椒碱新型外用制剂的合作开发 	达成合作意向 	合作开展辣椒碱新型外用制剂的研究、开发及生产。 	合作研发 				
4 	新型医用硅胶胶带的研发 	确定配方、工艺 	将以胶带的黏附性、持粘性、透气性等为指标，筛选优化医用硅胶胶带的处方组成和制备工艺；考察胶带的稳定性，另通过动物贴敷贴剂后的皮肤组织染色观察其对皮肤的刺激性、过敏性等,以得到黏附性和内聚力良好，稳定性高、无刺激性、无痛揭除、减少毛发粘连的胶带。 	企业自主研发 				
5 	防水胶带基材处理及涂胶工艺的研发 	确定配方、工艺 	将以防水胶带的黏附性、持粘性、柔软性、防水性等为指标，①筛选具有厚度均匀，表面光洁、手感柔软等特点的非棉质基材；②基材防水和防粘处理的工艺研究；③低过敏医用胶粘剂的配方和涂胶工艺的研究。 	企业自主研发 				
6 	新型止血伤口敷料的研发 	确定配方、工艺 	本项目将以敷料止血效果、清创性、发热、吸水性等为指标，筛选沸石、止血药物、无纺布的规格、型号、相容性；优化沸石改性工艺、沸石与止血药物相容的处方工艺，研究止血伤口敷料的制备工艺；考察止血伤口敷料的稳定性，以及模拟战场试验的止血伤口敷料止血效果及清创效果的动物评价等。 	企业自主研发 				
7 	硅凝胶产品的研发 	硅胶胶带已出样 	在硅胶胶带的基础上，进一步扩展产品，如硅胶敷料类等。 	企业自主研发 				
8 	PVC 发泡胶带的研发 	已基本达到要求 	进一步观察产品的稳定性，并完善工艺，转批量生产。 	企业自主研发 				
9 	无 溶 剂 氧 化 锌 胶带 胶 黏 剂 及 涂 胶工艺的研发 	样品试用、考察稳定性 	采用无溶剂的配方、独特的吹孔工艺，使传统的氧化锌胶带透气性强、过敏性底，同时生产过程无溶剂挥发、环保、节能。 	企业自主研发 				
序号 	研发项目 	进展情况 	拟达到的目标 	项目级别 				
10 	新 型 运 动 肌 贴 的研发 	确定涂布工艺、完成工艺验证 	具有较高的弹性强度，可有效地调节包扎部位的支撑力及束紧力，与身体任何部位有效结合为一体，使用后活动不受限制；具有良好的透气性，让肌肤保持良好的透气和排汗；根据各使用部位设计不同形状尺寸的产品，赋予了使用者不同的需求。 	企业自主研发 				
								
项目 	2016 年度 	2015 年度 	2014 年度 					
环保设备折旧 	  17.36   	              14.76   	  16.90   					
检测费 	  4.85   	                2.33   	  6.68   					
排污费 	  1.96   	                2.04   	  2.47   					
其他 	  4.92   	              2.83   	  0.66   					
合计 	  29.10   	 21.96   	  26.70   					
								
