产品布局 	产品布局 	主要产品 	占 2017 年主营业务收入比例（%） 	占 2016 年主营业务收入比例（%） 	占 2015年主营业务收入比例（%） 			
输变电监测设备 	变电监测设备 	智能巡检机器人 	55.08 	36.11 	3.18 			
输变电监测设备 	变电监测设备 	智能除湿器、油色谱、红外测温在线监测装置、避雷器在线监测装置等 	19.01 	27.84 	52.54 			
输变电监测设备 	输电监测设备 	图像/视频在线监测装置、微气象在线监测装置等 	5.92 	10.28 	10.22 			
配电及自动化控制设备 	配电及自动化控制设备 	故障在线监测装置、环网柜、箱式开闭所等 	20.00 	25.78 	34.06 			
								
变电站智能巡检机器人产品示图 	变电站智能巡检机器人产品示图 							
智能巡检机器人（户外轮式） 	智能巡检机器人（户内挂轨式） 							
智能巡检机器人（户外轮式） 	智能巡检机器人（户内挂轨式） 							
 	 							
 	 							
 	 							
								
序号 	产品名称 	产品图示 	产品用途 					
1 	智能除湿器 	 	安装于户外端子箱等箱体内，对箱体内的温湿度变化进行实时监测，并根据温湿度条件自动启停进行除湿排水，消除凝露，从而有效防止因凝露造成箱内对地绝缘电阻降低、二次回路接地或短路以及由此产生的设备误动等严重危害 					
2 	油色谱 	 	实时在线监控变压器、电抗器等油浸式高压设备的绝缘油中溶解的故障特征气体和微水的含量、增长率等，及时预报设备的隐患信息 					
3 	红外测温在线监测装置 	 	系统采用红外热像仪对电力设备进行非接触式温度监测，及时发现电力设备温度异常现象，并结合可见光图像进行故障定位分析 					
4 	避雷器在线监测装置 	 	对避雷器泄露电流、基波阻性电流及累计落雷次数进行采集与分析，实时监测避雷器可能发生的内部缺陷 					
5 	其他 	其他产品还包括 GIS 局部放电在线监测系统、铁芯接地在线监测装置、状态接入控制器 CAC、SF6微水密度在线监测系统等 	其他产品还包括 GIS 局部放电在线监测系统、铁芯接地在线监测装置、状态接入控制器 CAC、SF6微水密度在线监测系统等 					
								
序号 	产品名称 	产品图示 	产品用途 					
1 	图像/视频 在 线监测装置 	 	通过图像视频装置对输电线路本体，包括杆塔、导线、绝缘子、金具等的运行情况以及线路周边通道环境情况（施工、树木生长等）进行实时监控 					
2 	微气象在线监测装置 	 	通过采集架空输电线路走廊监测点的风向、风速、气温等局部气象数据，并以无线方式传送至服务器，供运行管理人员了解监测点的实时气象信息 					
3 	其他 	其他产品还包括覆冰在线监测装置、导线温度在线监测装置等 	其他产品还包括覆冰在线监测装置、导线温度在线监测装置等 					
								
序号 	产品名称 	产品图示 	产品用途 					
1 	故障在线监测装置 	 	通过各种高精度、高采样率的传感器对配电线路的接地故障、短路故障、线路负荷等信息进行动态监测，并通过告警提示等方式引导工作人员快速准确地找到故障点，以提高工作效率，保障配电线路的运行安全 					
2 	气体绝缘环网柜系列 	 	环网柜作为开关柜的类型之一，可在供电系统中实现开合、控制和保护用电设备的功能。此外，本产品通过气体实现各回路间的绝缘、封闭作用，同时具备对开关单位的即时情况进行远程监视和控制功能，从而保障配电网络系统的智能性、可靠性和灵活性 					
3 	固体绝缘环网柜系列 	 	本产品通过环氧树脂和硅橡胶实现各回路间的绝缘、封闭作用，其他特征与气体绝缘环网柜相同 					
4 	箱式开闭所 	 	为环网柜的组合方式，实现环网柜的组合功能 					
5 	其他 	其他产品还包括开关柜测温系统、站所终端等 	其他产品还包括开关柜测温系统、站所终端等 					
								
类别 	标准 							
输变电 监测设备 	《变电设备在线监测系统技术导则》 《变压器油中溶解气体在线监测装置技术规范》 《电容型设备及金属氧化物避雷器绝缘在线监测装置技术规范》 《变电设备在线监测系统运行管理规范》 《变电设备在线监测系统安装验收规范》 《变电设备在线监测装置检验规范第 1 部分：通用检验规范》 《变电设备在线监测装置检验规范第 2 部分：变压器中溶解气体在线监测装置》 《变电设备在线监测装置检验规范第 3 部分：电容型设备及金属氧化物避雷器绝缘在线监测装置》 《基于 DL/T860 标准的变电设备在线监测装置通用技术规范》 《输变电设备状态监测系统接入通信规约（输电 I2 接口）》 《变电站智能巡检机器人技术规范（通用）》 《变电站智能巡检机器人专用规范（单站型）》 《变电站智能巡检机器人专用规范（集中使用型）》 							
配电及自动化控制设备 	《配电自动化技术导则》 《配电自动化主站系统功能规范》 《配电网自动化系统远方终端》 《配电自动化系统功能规范》 《配电自动化终端/子站功能规范》 							
类别 	标准 							
《高压开关设备和控制设备标准的共用技术要求》 《3.6 kV~40.5 kV  高压交流负荷开关》 								
								
时间 	文件名 	发文单位 	主要内容 					
2017.11 	《高端智能再制造行动计划（2018-2020年）》 	工信部 	面向化工、冶金和电力等行业大型机电装备维护升级需要，鼓励应用智能检测、远程监测、增材制造等手段开展再制造技术服务，扶持一批服务型高端智能再制造企业 					
2017.07 	《新一代人工智能发展规划》 	国务院 	到2020年人工智能总体技术和应用与世界先进水平同步，人工智能产业成为新的重要经济增长点；到2025年人工智能基础理论实现重大突破，部分技术与应用达到世界领先水平，人工智能成为带动我国产业升级和经济转型的主要动力，智能社会建设取得积极进展；到2030年人工智能理论、技术与应用总体达到世界领先水平，成为世界主要人工智能创新中心 					
2017.06 	《“十三五”国家基础研究专项规划》 	科技部 	围绕煤炭清洁高效利用和新型节能技术、可再生能源与氢能、先进核能与核安全、智能电网、深层油气勘探开发、能源基元与催化，加强碳基能源清洁转化、源网荷协同机制、深层油气成藏机理和生态监测预警等基础研究的支撑引领 					
2017.03 	《关于金融支持制造强国建设的指导意见》 	工信部、央行等五部门 	积极支持符合条件的金融机构和制造业企业在制造业集聚地区，通过控股、参股等方式发起设立金融租赁公司，支持智能电网成套设备等高端装备重点领域扩大市场应用和提高国际竞争力 					
2017.02 	《2017年能源工作指导意见》 	能源局 	制订实施《关于推进高效智能电力系统建设的实施意见》，配套制订各省（区、市）具体工作方案；研究制订《智能电网2030战略》，推动建立智能电网发展战略体系 					
2017.01 	《安全生产“十三五”规划》 	国务院办公厅 	推进电力企业安全风险预控体系建设，建立安全风险分级预警管控制度；建立电力安全协同管控机制，加强电力建设安全监管，落实电力设计单位、施工企业、工程监理企业以及发电企业、电网企业、电力用户等各方面的安全责任；健全电网安全风险分级、分类、排查管控机制，完善电网大面积停电情况下应急会商决策和社会联动机制 					
2016.11 	《电力发展“十三五”规划（2016-2020年）》 	发改委、能源局 	合理布局能源富集地区外送，建设特高压输电和常规输电技术的“西电东送”输电通道；优化电网结构，提高系统安全水平；升级改造配电网，推进智能电网建设 					
2016.08 	《“十三五”国家科技创新规划》 	国务院 	聚焦部署大规模可再生能源并网调控、大电网柔性互联、多元用户供需互动用电、智能电网基础支撑技术等重点任务，实现智能电网技术装备与系统全面国产化，提升电力装备全球市场占有率 					
2016.04 	《机器人产业发展规划（2016-2020）》 	工信部、发改委、财政部 	争取到2020年实现：产业规模持续增长，服务机器人实现年销售收入超过300亿元；技术水平显著提升，新一代机器人技术取得突破，智能机器人实现创新应用 					
2016.03 	《中华人民共和国国民经济和社会发展第十三个五年规划纲要》 	全国人民代表大会 	加快智能电网建设，提高电网与发电侧、需求侧交互响应能力；大力推进机器人、智能系统、分布式能源系统、高效节能环保等新兴前沿领域创新和产业化，形成一批新增长点 					
2015.08 	《关于加快配电网建设改造的指导意见》 	发改委 	以智能化为方向，按照“成熟可靠、技术先进、节能环保”的原则，全面提升配电网装备水平。采用先进物联网、现代传感和信息通信等技术，实现设备、通道运行状态及外部环境的在线监测，提高预警能力和信息化水平 					
2015.07 	《关于促进智能电网发展的指导意见》 	发改委、能源局 	提高电网智能化水平，推广应用输变电设备状态诊断、智能巡检技术；建立电网对冰灾、山火、雷电、台风等自然灾害的自动识别、应急、防御和恢复系统 					
2015.07 	《配电网建设改造行动计划（2015-2020年）》 	能源局 	加强配电自动化建设，持续提升配电自动化覆盖率，提高配电网运行监测、控制能力，实现配电网可观可控，变“被动报修”为“主动监控”，缩短故障恢复时间，提升服务水平 					
2015.03 	《关于进一步深化电力体制改革的若干意见》 	国务院 	鼓励社会资本投资配电业务，按照有利于促进配电网建设发展和提高配电运营效率的要求，探索社会资本投资配电业务的有效途径 					
								
时间 	单位 	事件 	内容 					
2010.5 	国家电网公司 	首次向社会公布我国智能电网发展计划 	将分三阶段逐步推进坚强智能电网建设，到2020年全面建成坚强智能电网 					
2013.9 	南方电网公司 	发布《南方电网发展规划(2013—2020年)》 	到2020年，城市配电网自动化覆盖率达到80%，应用微电网技术解决海岛可靠供电问题，基本实现电网信息标准化、一体化、实时化和互动化 					
2014.7 	国家电网公司 	发布《2015-2020年电网智能化滚动规划指南》 	到2020年，全面推广应用输变电状态监测、直升机巡检、无人机巡检和机器人巡检等先进技术，实现输变电设备的智能巡检、电网运行状态的实时评估和辅助决策，全面建成具有信息化、自动化和互动化特征的智能电网 					
2017.8 	南方电网公司 	《南方电网“十三五”智能电网发展规划研究报告》 	智能电网架构体系涵盖“5个环节+4个支撑体”等九大领域。5个环节分别为：清洁友好的发电、安全高效的输变电、灵活可靠的配电、多样互动的用电、智慧能源与能源互联网。4个支撑体系分别为：全面贯通的通信网络、高效互动的调度及控制体系、集成共享的信息平台、全面覆盖的技术保障体系等 					
								
阶段 	期间 	电网总投资 	智能电网总投资 	智能电网投资占比 				
第一阶段 	2009-2010 年 	5,510 	341 	6.19% 				
第二阶段 	2011-2015 年 	15,000 	1,750 	11.67% 				
第三阶段 	2016-2020 年 	14,000 	1,750 	12.50% 				
								
项目/年份 	2011 	2012 	2013 	2014 	2015 	总计 	占比 	
智能电网计划投资 	518.30 	618.20 	633.30 	571.40 	520.00 	2,861.20 	- 	
其中：输变电设备状态监测系统计划投资 	12.40 	15.20 	15.20 	15.60 	15.30 	73.70 	2.58% 	
配电自动化与配网调控一体化计划投资 	55.00 	55.00 	87.00 	32.00 	32.00 	261.00 	9.12% 	
								
项目/年份 	2011 	2012 	2013 	2014 	2015 	2016 		
电网投资 	3,019.00   	3,054.00   	3,379.00   	3,385.00   	4,521.00   	4,977.00   		
								
项目/年份 	2011 	2012 	2013 	2014 	2015 	2011-2015总计 	2011-2015平均 	2016 
智能电网投资 	515.01   	520.98   	576.42   	577.44   	771.23   	2,961.07   	592.21 	849.02   
其中：输变电设备状态监测系统计划投资 	13.29 	13.44 	14.87 	14.90 	19.90 	76.40 	15.28 	21.90 
配电自动化与配网调控一体化计划投资 	46.97 	47.51 	52.57 	52.66 	70.34 	270.05 	54.01 	77.43 
								
变电站类型 	变电站数量（座） 	室外巡检机器人 	室外巡检机器人 	室内导轨巡检机器人 	室内导轨巡检机器人 			
变电站类型 	变电站数量（座） 	（台/站） 	估量 	（台/站） 	估量 			
750，800，1,000kV 	69 	2~3 	173 	3~5 	276 			
330~660kV 	907 	1~2 	1,361 	2~3 	2,268 			
220kV 	5,930 	1 	5,930 	1~2 	8,895 			
66,110kV 	27,715 	1 	27,715 	1 	27,715 			
总计 	34,621 	- 	35,179 	- 	39,154 			
								
序号 	公司名称 	概况 	资产规模 	生产规模 	销售规模 	经营状况 		
1 	红相电力 	成立于 2005 年，股票代码 300427，主要从事 电 力 设 备 状 态 检测、监测产品和电能表的研发、生产和销售，并提供相关技术服务 	资产总额8.94 亿元 	电力设备状态检测监测产品产量43,132 台 	电力设备状态检测监测产品销售收入2.31 亿元 	营业收入 4.11亿元，净利润0.85 亿元 		
2 	理工环科 	成立于 2000 年，股票代码 002322，从事变压器在线监测产品的研发、设计、生产和销售 	资产总额32.61 亿元 	电力在线监测产品产量1,404 台 	电力在线监测系统销售收入0.91 亿元 	营业收入 6.87亿元，净利润1.50 亿元 		
3 	金源电气 	成立于 2001 年，股票代码 835429，从事智能电网在线监测与诊断技术的研究、输变电监测系统及大电流限流开关设备等产品的设计、开发、制造、销售和服务 	资产总额2.55 亿元 	输变电在线监测产品无公开数据 	输变电在线监测产品销售收入 0.46 亿元 	营业收入 0.50亿元，净利润-53.71 万元 		
								
序号 	公司名称 	概况 	资产规模 	生产规模 	销售规模 	经营状况 		
1 	朗驰欣创 	成立于 2005 年，股票代码 838035，专业从事智能服务机器人、特种行业变电站智能巡检机器人研发、生产、销售和服务 	资产总额2.64 亿元 	巡检机器人产量无公开资料 	巡检机器人销售收入0.87 亿元 	营业收入1.65 亿元，净利润 0.22亿元 		
2 	鲁能智能 	成立于 2000 年，主要面向电网、发电、冶金、煤炭等行业开展电气自动化、企业信息化和电力行业特种机器人等业务 	注册资本5000 万 	巡检机器人产量无公开资料 	巡检机器人销售收入无公开资料 	已经有多台台变电站设备巡检机器人、线路除冰机器人投入运行 		
3 	浙江国自 	成立于 2010 年，主要专注于无人搬运车 AGV、巡检机器人、机器视觉平台等机器人产品 	资产总额1.60 亿元 	巡检机器人产量无公开资料 	巡检机器人销售收入无公开资料 	巡检机器人产品投入变电站运营的时间，在已有公开资料中最早见于2013 年；2016 年营业收入 1.49 亿元，净利润169.83 万元 		
4 	亿嘉和 	成立于 1999 年，主要从事智能机器人的研发、制造和推广应用 	资产总额3.00 亿元 	巡检机器人产量277 台 	巡检机器人销售收入1.74 亿元 	营业收入2.62 亿元，扣除非经常性损益后归属母公司股东的净利润0.71 亿元 		
5 	大立科技 	成立于 1984 年，股票代码 002214，从事红外热像仪系列产品、安防监控产品的研发、生产和销售，其变电站智能巡检机器人产品于 2016 年底开始进入市场 	资产总额12.50 亿元 	巡检机器人产量无公开资料 	2016 年 12月变电站智能巡检机器人首次中标国家电网项目，合同总金额为1,894.05 万元 	营业收入3.39 亿元，净利润 0.33亿元 		
								
序号 	公司名称 	概况 	资产规模 	生产规模 	销售规模 	经营状况 		
1 	北京科锐 	成立于 1993 年，股票代码 002350，从事12kV 配电及控制设备制造领域，主要产品有环网柜、箱式变电站、永磁机构真空开关设备、故障指示器、重合器及其他配电 及自 动 化控 制 设备 	资产总额23.48 亿元 	配电及控制设备产量 423,780台 	配电及控制设备销售收入17.70亿元 	营 业 收 入17.77 亿元，净利润 0.83亿元 		
								
2 	双杰电气 	成立于 2002 年，股票代码 300444，从事配 电及 控 制设 备 的研发、生产和销售业务 ，主 要 产品 包 括12kV 及以下环网柜、箱式变电站、柱上开关、高低压成套开关柜、配网自动化监控系 统及 其 它配 电 及自动化控制设备 	资产总额16.85 亿元 	输配电设备产品产量 19,252台 	输配电设备产品销售收入9.68 亿元 	营业收入 9.98亿元，净利润0.99 亿元 		
3 	东方电子 	成立于 1994 年，股票代码 000682，从事电 力系 统 自动 化 系统、信息管理及电费计 量系 统 和电 子 设备 及系 统 集成 等 业务 	资产总额34.07 亿元 	电力自动化产品产量无公开资料 	电力自动化系统销售收入20.64亿元 	营 业 收 入23.72 亿元，净利润 1.48亿元 		
4 	积成电子 	成立于 2000 年，股票代码 002339，从事电 力自 动 化产 品 的研发、生产、销售和服务，主要包括电网调度自动化系统、变电站自动化系统、配网 自动 化 系统 以 及电 能信 息 采集 与 管理系统系列产品 	资产总额29.20 亿元 	电力自动化产品产量 267,499台 	电力自动化产品销售收入11.30 亿元 	营 业 收 入14.22 亿元，净利润 1.04亿元 		
								
报告期间 	订单金额 	订单金额 	订单金额 	订单金额 				
报告期间 	投标 	竞争性谈判 	其他 	合计 				
2017 年 	7,590.45 	16,534.84 	448.21 	24,573.49 				
2016 年 	11,240.89 	2,629.23 	56.30 	13,926.42 				
2015 年 	10,052.94 	14,215.86 	1,052.21 	25,321.01 				
								
年度 	大类 	细分类别 	固定产能类别 	产能 [注 1] 	标准产量 [注 2] 	产量 	产能利用率 	
2017年 	输变电监测设备 	变电监测设备 	智能巡检机器人 	144 	161 	195 	111.81% 	
2017年 	输变电监测设备 	变电监测设备 	油色谱 	200 	- 	123 	61.50% 	
2017年 	输变电监测设备 	变电监测设备 	智能除湿器 	1,200 	107 	6,181 	112.50% 	
2017年 	输变电监测设备 	变电监测设备 	其它变电监测设备 	1,200 	163 	44 	112.50% 	
2017年 	输变电监测设备 	输电监测设备 	输电监测设备 	1,200 	209 	984 	112.50% 	
2017年 	配电及自动化控制设备 	其他配电及自动化控制设备 	其他配电及自动化控制设备 	1,200 	4 	3 	112.50% 	
2017年 	配电及自动化控制设备 	故障在线监测装置 	故障在线监测装置 	1,200 	867 	23,337 	112.50% 	
2017年 	配电及自动化控制设备 	环网柜类 	环网柜类 	1,000 	568 	412 	56.80% 	
2016年 	输变电监测设备 	变电监测设备 	智能巡检机器人 	144 	- 	150 	104.17% 	
2016年 	输变电监测设备 	变电监测设备 	油色谱 	200 	- 	207 	103.50% 	
2016年 	输变电监测设备 	变电监测设备 	智能除湿器 	1,200 	331 	12,270 	83.33% 	
2016年 	输变电监测设备 	变电监测设备 	其它变电监测设备 	1,200 	305 	159 	83.33% 	
2016年 	输变电监测设备 	输电监测设备 	输电监测设备 	1,200 	304 	665 	83.33% 	
2016年 	配电及自动化控制设备 	其他配电及自动化控制设备 	其他配电及自动化控制设备 	1,200 	- 	- 	83.33% 	
2016年 	配电及自动化控制设备 	故障在线监测装置 	故障在线监测装置 	1,200 	59 	1,800 	83.33% 	
2016年 	配电及自动化控制设备 	环网柜类 	环网柜类 	1,000 	851 	341 	85.10% 	
2015年 	输变电监测设备 	变电监测设备 	智能巡检机器人 	- 	- 	5 	- 	
2015年 	输变电监测设备 	变电监测设备 	油色谱 	200 	- 	151 	75.50% 	
2015年 	输变电监测设备 	变电监测设备 	智能除湿器 	1,200 	226 	15,383 	83.33% 	
2015年 	输变电监测设备 	变电监测设备 	其它变电监测设备 	1,200 	55 	93 	83.33% 	
2015年 	输变电监测设备 	输电监测设备 	输电监测设备 	1,200 	96 	178 	83.33% 	
2015年 	配电及自动化控制设备 	其他配电及自动化控制设备 	其他配电及自动化控制设备 	1,200 	- 	- 	83.33% 	
2015年 	配电及自动化控制设备 	故障在线监测	故障在线监测装置 	1,200 	623 	14,554 	83.33% 	
								
装置 								
环网柜类 	环网柜类 	600 	383 	255 	63.83% 			
								
年度 	大类 	细分类别 	固定产能类别 	产量 	销量[注 1] 	销量中自产 	产销率[注 2] 	
2017年 	输变电监测设备 	变电监测设备 	智能巡检机器人 	195 	198 	198 	101.54% 	
2017年 	输变电监测设备 	变电监测设备 	油色谱 	123 	183 	183 	148.78% 	
2017年 	输变电监测设备 	变电监测设备 	智能除湿器 	6,181 	3,986 	3,986 	64.49% 	
								
其它变电监测设备 	44 	218 	202 	459.09% 				
输电监测设备 	984 	1,574 	974 	98.98% 				
其他配电及自动化控制设备 	3 	6 	- 	0.00% 				
故障在线监测装置 	23,337 	26,994 	26,994 	115.67% 				
环网柜类 	412 	639 	478 	116.02% 				
智能巡检机器人 	150 	75 	75 	50.00% 				
油色谱 	207 	90 	90 	43.48% 				
智能除湿器 	12,270 	12,432 	12,255 	99.88% 				
其它变电监测设备 	159 	- 	- 	0.00% 				
输电监测设备 	665 	1,483 	682 	102.56% 				
其他配电及自动化控制设备 	- 	- 	- 	0.00% 				
故障在线监测装置 	1,800 	6,027 	6,027 	334.83% 				
环网柜类 	341 	858 	269 	78.89% 				
智能巡检机器人 	5 	5 	5 	100.00% 				
油色谱 	151 	103 	103 	68.21% 				
智能除湿器 	15,383 	15,383 	15,383 	100.00% 				
其它变电监测设备 	93 	202 	117 	125.81% 				
输电监测设备 	178 	284 	161 	90.45% 				
其他配电及自动化控制设备 	- 	2 	2 	- 				
故障在线监测装置 	14,554 	58,587 	540 	3.71% 				
环网柜类 	255 	455 	254 	99.61% 				
								
输电监测设备 								
其他配电及自动化控制设备 								
故障在线监测装置 								
环网柜类 								
变电监测设备 								
输电监测设备 								
其他配电及自动化控制设备 								
故障在线监测装置 								
环网柜类 								
变电监测设备 								
输电监测设备 								
其他配电及自动化控制设备 								
故障在线监测装置 								
环网柜类 								
								
配电及自动化控制设备 								
输变电监测设备 								
配电及自动化控制设备 								
输变电监测设备 								
配电及自动化控制设备 								
								
2016年 								
2015年 								
								
产品名称 	2017 年度 	2017 年度 	2016 年度 	2016 年度 	2015 年度 	2015 年度 		
产品名称 	金额 	占比(%) 	金额 	占比(%) 	金额 	占比(%) 		
1、输变电监测设备 	21,272.58 	80.00 	13,172.45   	74.23   	8,887.21   	65.94   		
（1）变电监测设备 	19,698.58 	74.08 	11,348.51   	63.95 	7,509.55   	55.72 		
智能巡检机器人 	14,644.34   	55.08   	6,407.64   	36.11 	428.21   	3.18 		
智能除湿器 	1,269.33   	4.77   	4,025.99   	22.69 	4,607.69   	34.19 		
油色谱 	2,058.53   	7.74   	914.87   	5.16   	1,266.30   	9.40 		
红外测温在线监测装置 	76.58   	0.29   	- 	- 	857.44   	6.36 		
避雷器在线监测装置 	134.92   	0.51   	- 	- 	115.09   	0.85 		
其他 	1,514.88 	5.69 	- 	- 	234.83 	1.75 		
（2）输电监测设备 	1,574.00   	5.92   	1,823.94   	10.28   	1,377.66   	10.22   		
图像/视频在线监测装置 	1,574.00   	5.92   	1,823.94   	10.28   	768.90   	5.71   		
微气象在线监测装置 	- 	- 	- 	- 	157.47   	1.17   		
其他 	- 	- 	- 	- 	451.29   	3.35   		
2、配电及自动化控制设备 	5,317.21 	20.00 	4,574.38   	25.78   	4,589.95   	34.06   		
故障在线监测装置 	3,231.18   	12.15   	857.80   	4.83   	1,380.69   	10.24   		
环网柜 	1,735.35   	6.53   	2,070.97   	11.67   	731.13   	5.42   		
箱式开闭所 	144.92   	0.55   	1,645.62   	9.27   	956.77   	956.77   	7.10   	
其他 	205.76   	0.77   	- 	- 	1,521.37   	1,521.37   	11.29   	
合计 	26,589.80   	100.00   	17,746.83   	100.00   	13,477.16   	13,477.16   	100.00   	
								
项目 	项目 	2017 年度 	2016 年度 	2015 年度 				
1、输变电监测设备 	1、输变电监测设备 	3.45 	0.94 	0.56 				
（1）变电检测设备 	（1）变电检测设备 	4.30 	0.90 	0.48 				
智能巡检机器人 	智能巡检机器人 	73.96   	85.44 	85.64 				
智能除湿器 	智能除湿器 	0.32   	0.32 	0.30 				
油色谱 	油色谱 	11.25   	10.17 	12.29 				
红外测温在线监测装置 	红外测温在线监测装置 	19.15   	- 	285.81 				
避雷器在线监测装置 	避雷器在线监测装置 	0.76   	- 	0.69 				
其他 	其他 	40.94 	- 	7.34 				
（2）输电监测设备 	（2）输电监测设备 	1.00 	1.23 	4.85 				
图像/视频在线监测装置 	图像/视频在线监测装置 	1.00 	1.23 	4.07 				
微气象在线监测装置 	微气象在线监测装置 	- 	- 	3.94 				
其他 	其他 	- 	- 	8.21 				
2、配电及自动化控制设备 	2、配电及自动化控制设备 	0.19 	0.66 	0.08 				
故障在线监测装置 	二遥 	0.12 	0.14 	0.12 				
故障在线监测装置 	普通 	- 	- 	0.01 				
环网柜 	环网柜 	2.76 	2.78 	1.84 				
箱式开闭所 	箱式开闭所 	14.49 	14.56 	16.79 				
其他 	其他 	34.29 	- 	760.68 				
								
期间 	序号 	客户名称 	主要销售内容 	金额 	占营业收入的比例 			
2017 年 	1 	华云信息 	智能巡检机器人、故障在线监测装置 	12,356.10 	43.71% 			
2017 年 	2 	许继集团 	智能巡检机器人、油色谱、图像/视频在线监测装置 	6,901.58 	24.41% 			
2017 年 	3 	国网浙江 	智能除湿器、油色谱、红外测温在线监测装置、避雷器在线监测装置、二次压板状态监测、环网柜 	4,411.11 	15.60% 			
2017 年 	4 	国网湖北 	智能巡检机器人、故障在线监测装置、箱式开闭所 	1,712.99 	6.06% 			
2017 年 	5 	杰创电器 	智能除湿器 	438.46 	1.55% 			
2017 年 	合计 	合计 	- 	25,820.24 	91.33% 			
2016 年 	1 	国网浙江 	除湿器、环网柜、箱式开闭所、图像/视频在线监测装置、故障在线监测装置 	8,860.64 	45.78% 			
2016 年 	2 	许继集团 	智能巡检机器人、油色谱、图像/视频在线监测装置 	8,445.42 	43.63% 			
2016 年 	3 	北海银河 	环网柜、箱式开闭所 	773.40 	4.00% 			
2016 年 	4 	国网宁夏 	环网柜、箱式开闭所 	633.28 	3.27% 			
2016 年 	5 	国网湖北 	油色谱 	260.00 	1.34% 			
2016 年 	合计 	合计 	- 	18,972.74 	98.02% 			
2015 年 	1 	国网浙江 	环网柜、箱式开闭所、智能除湿器、避雷器在线监测装置、微气象在线监测装置 	10,448.74 	74.69% 			
2015 年 	2 	许继集团 	智能巡检机器人、油色谱 	1,630.18 	11.65% 			
2015 年 	3 	国网江苏 	避雷器在线监测装置、故障在线监测装置 	1,396.30 	9.98% 			
2015 年 	4 	华云信息 	维保项目 	123.98 	0.89% 			
2015 年 	5 	国网运行 	维保项目 	89.74 	0.64% 			
2015 年 	合计 	合计 	- 	13,688.94 	97.85% 			
								
客户名称 	期末余额 	其中结算期内 	其中结算期内 	截至 2018.1.25 回款情况 	截至 2018.1.25 回款情况 			
客户名称 	期末余额 	金额 	比例 	回款金额 	回款比例 			
华云信息 	3,811.96 	3,811.96 	100.00% 	113.34 	2.97% 			
国网浙江 	2,434.42 	2,284.14 	93.39% 	466.89 	19.18% 			
许继集团 	2,012.43 	1,614.48 	80.23% 	302.38 	15.03% 			
杰创电器 	513.00 	513.00 	100.00% 	- 	- 			
华东送变电 	400.00 	400.00 	100.00% 	- 	- 			
合计 	9,171.81 	8,623.59 	93.91% 	882.61 	9.62% 			
占应收账款账面余额比例 	92.18% 	- 	- 	- 	- 			
国网浙江 	5,334.82 	3,849.14 	72.15% 	4,883.46 	91.54% 			
许继集团 	1,315.45 	537.40 	40.85% 	1,315.45 	100.00% 			
北海银河 	904.87 	904.87 	100.00% 	904.87 	100.00% 			
国网湖北 	239.65 	239.65 	100.00% 	239.65 	100.00% 			
华云信息 	161.92 	161.92 	100.00% 	161.92 	100.00% 			
合计 	7,956.71 	5,692.98 	71.55% 	7,505.35 	94.33% 			
占应收账款账面余额比例 	93.62% 	- 	- 	- 	- 			
								
客户名称 	期末余额 	其中结算期内 	其中结算期内 	截至 2017.12.31 回款情况 	截至 2017.12.31 回款情况 			
客户名称 	期末余额 	金额 	比例 	回款金额 	回款比例 			
国网浙江 	5,334.82 	3,849.14 	72.15% 	4,883.46 	91.54% 			
许继集团 	1,315.45 	537.40 	40.85% 	1,315.45 	100.00% 			
北海银河 	904.87 	904.87 	100.00% 	904.87 	100.00% 			
国网湖北 	239.65 	239.65 	100.00% 	239.65 	100.00% 			
华云信息 	161.92 	161.92 	100.00% 	161.92 	100.00% 			
合计 	7,956.71 	5,692.98 	71.55% 	7,505.35 	94.33% 			
占应收账款账面余额比例 	93.62% 	- 	- 	- 	- 			
								
客户名称 	期末余额 	其中结算期内 	其中结算期内 	截至 2016.12.31 回款情况 	截至 2016.12.31 回款情况 			
客户名称 	期末余额 	金额 	比例 	回款金额 	回款比例 			
国网浙江 	7,006.12 	5,061.44 	72.24% 	7,006.12 	100.00% 			
许继集团 	1,953.18 	1,953.18 	100.00% 	1,953.18 	100.00% 			
国网江苏 	225.86 	144.62 	64.03% 	109.71 	48.58% 			
龙源风电 	189.20 	- 	- 	135.28 	71.50% 			
华云信息 	145.06 	145.06 	100.00% 	130.55 	90.00% 			
合计 	9,519.42 	7,304.30 	76.73% 	9,334.84 	98.06% 			
占应收账款账面余额比例 	97.66% 	- 	- 	- 	- 			
								
材料类别 	2017 年 	2017 年 	2016 年 	2016 年 	2015 年 	2015 年 		
材料类别 	采购金额 （不含税） 	占比 	采购金额（不含税） 	占比 	采购金额（不含税） 	占比 		
1、电子部件 	5,501.44 	61.44% 	5,653.80 	48.37% 	3,466.35 	51.92% 		
功能模块 	3,730.34 	41.66% 	4,176.86 	35.73% 	2,515.42 	37.68% 		
电子元器件 	1,397.78 	15.61% 	1,067.54 	9.13% 	822.27 	12.32% 		
计算机类设备 	373.32 	4.17% 	409.40 	3.50% 	128.66 	1.93% 		
2、配套整机 	133.63 	1.49% 	2,472.94 	21.16% 	2,102.11 	31.48% 		
3、机械部件 	984.37 	10.99% 	1,299.63 	11.12% 	484.67 	7.26% 		
外部结构件 	422.21 	4.71% 	776.85 	6.65% 	279.56 	4.19% 		
结构部件 	562.16 	6.28% 	522.77 	4.47% 	205.11 	3.07% 		
4、基础材料 	593.02 	6.62% 	649.19 	5.55% 	392.74 	5.88% 		
合计 	7,212.46 	80.54% 	10,075.56 	86.20% 	6,445.87 	96.54% 		
								
产品类别 	2017 年 	2016 年 	2015 年 					
1、电子部件 	245.04 	244.64 	98.11 					
功能模块 	1,762.42 	601.18 	267.16 					
电子元器件 	69.13 	66.67 	31.79 					
计算机类设备 	3,249.13 	2,696.99 	2,652.78 					
2、配套整机 	20,559.22 	18,819.93 	428.85 					
3、机械部件 	118.70 	138.38 	63.96 					
外部结构件 	539.56 	305.45 	104.67 					
结构部件 	74.85 	76.34 	41.80 					
4、基础材料 	0.79 	1.25 	0.45 					
								
项目 	项目 	2017 年 	2016 年 	2015 年 				
电力 	金额（万元） 	76.19 	59.26 	32.54 				
电力 	数量（万度） 	78.29 	54.30 	35.60 				
								
年度 	序号 	供应商名称 	采购类别 	采购金额 	采购金额 	占采购总额比例 		
2017 年 	1 	杭州杭宏电力承装有限公司 	智能巡检机器人土建施工 	1,114.08 	1,114.08 	12.44% 		
年度 	序号 	供应商名称 	采购类别 	采购金额 	采购金额 	占采购总额比例 		
2 	浙江斯达电气设备股份有限公司 	功能模块、电子元器件 	573.27 	573.27 	6.40% 			
3 	杭州百州科技有限公司 	功能模块、计算机类设备 	557.91 	557.91 	6.23% 			
4 	上海信索电子有限公司 	功能模块、电子元器件 	488.94 	488.94 	5.46% 			
5 	浙江大立科技股份有限公司 	功能模块、电子元器件 	453.27 	453.27 	5.06% 			
合计 	合计 	合计 	3,187.47 	3,187.47 	35.77% 			
1 	虎牌电务(杭州）有限公司 	智能 巡检 机器人土建施工 	1,371.94 	1,371.94 	11.74% 			
2 	浙江斯达电气设备股份有限公司 	配套整机 	1,302.91 	1,302.91 	11.15% 			
3 	北京双杰电气股份有限公司 	功能模块、配套整机 	821.11 	821.11 	7.02% 			
4 	杭州百州科技有限公司 	功能模块、计算机类设备 	672.53 	672.53 	5.75% 			
5 	成都星宇节能技术股份有限公司 	功能模块、配套整机 	653.26 	653.26 	5.59% 			
合计 	合计 	合计 	4,821.75 	4,821.75 	41.25% 			
1 	杭州艾参崴电力科技有限公司 	功能模块 	729.71 	729.71 	10.93% 			
2 	浙江大立科技股份有限公司 	配套整机 	695.04 	695.04 	10.41% 			
3 	上海欣影电力科技股份有限公司 	配套整机 	541.88 	541.88 	8.12% 			
4 	杭州睿庭电子有限公司 	功能模块 	457.55 	457.55 	6.85% 			
5 	北京双杰电气股份有限公司 	功能模块、配套整机 	424.01 	424.01 	6.35% 			
合计 	合计 	合计 	2,848.19 	2,848.19 	42.66% 			
								
2016 年 								
2015 年 								
								
1 	名称 	杭州杭宏电力承装有限公司 	杭州杭宏电力承装有限公司 	杭州杭宏电力承装有限公司 				
1 	注册资本 	12,400 万元 	成立时间 	2003 年 8 月 1 日 				
								
股东情况 	杜文高：65.00%；杜叶鑫：35.00% 	杜文高：65.00%；杜叶鑫：35.00% 	杜文高：65.00%；杜叶鑫：35.00% 					
业务情况 	承装类四级、承修类四级、承试类五级（可以从事 35 千伏以下电压等级电力设施的安装、维修，10 千伏以下电压等级电力设施的试验活动）；施工：电缆土建工程、电力通讯工程，路灯、工业设备安装工程，装饰工程，水利建筑工程，通信工程，土石方工程，中央空调安装工程，网络工程，绿化工程，非开挖工程；安装：配电屏；技术咨询、技术服务：电力技术；服务：脚手架搭设，钢管、电器租赁；设计、制作：国内广告（除新闻媒体及网络广告）；电销售及配套产品销售、检测、维修，水电安装（除电力设施）；机电设备安装；市政园林施工、工业与民用建筑工程施工、打桩；仪器仪表生产。（依法须经批准的项目，经相关部门批准后方可开展经营活动） 	承装类四级、承修类四级、承试类五级（可以从事 35 千伏以下电压等级电力设施的安装、维修，10 千伏以下电压等级电力设施的试验活动）；施工：电缆土建工程、电力通讯工程，路灯、工业设备安装工程，装饰工程，水利建筑工程，通信工程，土石方工程，中央空调安装工程，网络工程，绿化工程，非开挖工程；安装：配电屏；技术咨询、技术服务：电力技术；服务：脚手架搭设，钢管、电器租赁；设计、制作：国内广告（除新闻媒体及网络广告）；电销售及配套产品销售、检测、维修，水电安装（除电力设施）；机电设备安装；市政园林施工、工业与民用建筑工程施工、打桩；仪器仪表生产。（依法须经批准的项目，经相关部门批准后方可开展经营活动） 	承装类四级、承修类四级、承试类五级（可以从事 35 千伏以下电压等级电力设施的安装、维修，10 千伏以下电压等级电力设施的试验活动）；施工：电缆土建工程、电力通讯工程，路灯、工业设备安装工程，装饰工程，水利建筑工程，通信工程，土石方工程，中央空调安装工程，网络工程，绿化工程，非开挖工程；安装：配电屏；技术咨询、技术服务：电力技术；服务：脚手架搭设，钢管、电器租赁；设计、制作：国内广告（除新闻媒体及网络广告）；电销售及配套产品销售、检测、维修，水电安装（除电力设施）；机电设备安装；市政园林施工、工业与民用建筑工程施工、打桩；仪器仪表生产。（依法须经批准的项目，经相关部门批准后方可开展经营活动） 					
名称 	浙江斯达电气设备股份有限公司 	浙江斯达电气设备股份有限公司 	浙江斯达电气设备股份有限公司 					
注册资本 	5,135 万元 	成立时间 	1999 年 1 月 20 日 					
股东情况 	沈树玉：51.12%；郭佩玲：30.83%；罗强：7.30%；张霞：3.09%；高承志2.60%；李伸：2.43%；徐众平：1.31%；沈肖冬：1.31% 	沈树玉：51.12%；郭佩玲：30.83%；罗强：7.30%；张霞：3.09%；高承志2.60%；李伸：2.43%；徐众平：1.31%；沈肖冬：1.31% 	沈树玉：51.12%；郭佩玲：30.83%；罗强：7.30%；张霞：3.09%；高承志2.60%；李伸：2.43%；徐众平：1.31%；沈肖冬：1.31% 					
业务情况 	电力电气设备、电子元器件、通讯设备（除发射装置）、化工原料（除危险品）、五金交电、机电设备（除汽车）、建筑材料的批发、零售、代购代销；国际贸易、转口贸易、出口加工、保税仓储；咨询服务 	电力电气设备、电子元器件、通讯设备（除发射装置）、化工原料（除危险品）、五金交电、机电设备（除汽车）、建筑材料的批发、零售、代购代销；国际贸易、转口贸易、出口加工、保税仓储；咨询服务 	电力电气设备、电子元器件、通讯设备（除发射装置）、化工原料（除危险品）、五金交电、机电设备（除汽车）、建筑材料的批发、零售、代购代销；国际贸易、转口贸易、出口加工、保税仓储；咨询服务 					
名称 	杭州百州科技有限公司 	杭州百州科技有限公司 	杭州百州科技有限公司 					
注册资本 	209 万元 	成立时间 	2012 年 3 月 2 日 					
股东情况 	郑建云：40.00%；胡小林：30.00%；蒋文伟：30.00% 	郑建云：40.00%；胡小林：30.00%；蒋文伟：30.00% 	郑建云：40.00%；胡小林：30.00%；蒋文伟：30.00% 					
业务情况 	服务：智能化建筑系统工程、计算机软件、电子商务技术的技术开发、技术咨询、技术服务、成果转让；批发、零售：电子计算机及配件，办公自动化设备及耗材，通信设备（除专控），网络设备，安防监控设备，机电产品（除小轿车），汽车零配件；其他无需报经审批的一切合法项目 	服务：智能化建筑系统工程、计算机软件、电子商务技术的技术开发、技术咨询、技术服务、成果转让；批发、零售：电子计算机及配件，办公自动化设备及耗材，通信设备（除专控），网络设备，安防监控设备，机电产品（除小轿车），汽车零配件；其他无需报经审批的一切合法项目 	服务：智能化建筑系统工程、计算机软件、电子商务技术的技术开发、技术咨询、技术服务、成果转让；批发、零售：电子计算机及配件，办公自动化设备及耗材，通信设备（除专控），网络设备，安防监控设备，机电产品（除小轿车），汽车零配件；其他无需报经审批的一切合法项目 					
名称 	上海信索电子有限公司 	上海信索电子有限公司 	上海信索电子有限公司 					
注册资本 	200 万元 	成立时间 	1995 年 3 月 7 日 					
股东情况 	郑晓刚：33.65%；郑树德：21%；田锋：24.42%；俞晏：20.93% 	郑晓刚：33.65%；郑树德：21%；田锋：24.42%；俞晏：20.93% 	郑晓刚：33.65%；郑树德：21%；田锋：24.42%；俞晏：20.93% 					
业务情况 	制造加工传感器、电子配件，销售仪表、机床、机电产品、电线电缆、化工原料及产品（除危险品）、家用电器、仪表维修，技术咨询 	制造加工传感器、电子配件，销售仪表、机床、机电产品、电线电缆、化工原料及产品（除危险品）、家用电器、仪表维修，技术咨询 	制造加工传感器、电子配件，销售仪表、机床、机电产品、电线电缆、化工原料及产品（除危险品）、家用电器、仪表维修，技术咨询 					
名称 	浙江大立科技股份有限公司 	浙江大立科技股份有限公司 	浙江大立科技股份有限公司 					
注册资本 	45,866.6666 万元 	成立时间 	2001 年 7 月 19 日 					
股东情况 	上市公司（股票代码：002214），庞惠民持股 29.10%，为其第一大股东及实际控制人 	上市公司（股票代码：002214），庞惠民持股 29.10%，为其第一大股东及实际控制人 	上市公司（股票代码：002214），庞惠民持股 29.10%，为其第一大股东及实际控制人 					
业务情况 	机电设备、计算机、软件及网络工程、电子产品、集成电路、测试技术的投资开发及技术转让、技术咨询、技术服务；机电设备（不含汽车）、电子产品、集成电路、化工产品（不含危险品）、计算机及软件的生产、销售（凭环保审批意见生产）；计算机网络工程安装；机器人的设计、开发、生产、销售、租赁及技术服务；经营进出口业务（范围详见《中华人民共和国进出口企业资格证书》） 	机电设备、计算机、软件及网络工程、电子产品、集成电路、测试技术的投资开发及技术转让、技术咨询、技术服务；机电设备（不含汽车）、电子产品、集成电路、化工产品（不含危险品）、计算机及软件的生产、销售（凭环保审批意见生产）；计算机网络工程安装；机器人的设计、开发、生产、销售、租赁及技术服务；经营进出口业务（范围详见《中华人民共和国进出口企业资格证书》） 	机电设备、计算机、软件及网络工程、电子产品、集成电路、测试技术的投资开发及技术转让、技术咨询、技术服务；机电设备（不含汽车）、电子产品、集成电路、化工产品（不含危险品）、计算机及软件的生产、销售（凭环保审批意见生产）；计算机网络工程安装；机器人的设计、开发、生产、销售、租赁及技术服务；经营进出口业务（范围详见《中华人民共和国进出口企业资格证书》） 					
名称 	虎牌电务(杭州）有限公司 	虎牌电务(杭州）有限公司 	虎牌电务(杭州）有限公司 					
注册资本 	2,000 万元 	成立时间 	2008 年 8 月 6 日 					
股东情况 	虎牌控股集团有限公司：87.5%；杭州虎牌电气股份有限公司：5%；浙江虎牌电缆集团有限公司：5%；虎牌伊顿开关（杭州）有限公司 2.5% 	虎牌控股集团有限公司：87.5%；杭州虎牌电气股份有限公司：5%；浙江虎牌电缆集团有限公司：5%；虎牌伊顿开关（杭州）有限公司 2.5% 	虎牌控股集团有限公司：87.5%；杭州虎牌电气股份有限公司：5%；浙江虎牌电缆集团有限公司：5%；虎牌伊顿开关（杭州）有限公司 2.5% 					
业务情况 	承装（修、试）电力设施（四级），机电设备安装工程专业承包（叁级）（上述经营范围在批准的有效期内方可经营）；光电产品、环保设备、电气设备的技术开发、技术咨询、成果转让；节能技术开发；输配电设备技术开发；文化艺术交流活动策划；成年人的非文化教育培训、成年人的非证书劳动技能培训（涉及前置审批的项目除外）；五金、机电设备的批发、零售 	承装（修、试）电力设施（四级），机电设备安装工程专业承包（叁级）（上述经营范围在批准的有效期内方可经营）；光电产品、环保设备、电气设备的技术开发、技术咨询、成果转让；节能技术开发；输配电设备技术开发；文化艺术交流活动策划；成年人的非文化教育培训、成年人的非证书劳动技能培训（涉及前置审批的项目除外）；五金、机电设备的批发、零售 	承装（修、试）电力设施（四级），机电设备安装工程专业承包（叁级）（上述经营范围在批准的有效期内方可经营）；光电产品、环保设备、电气设备的技术开发、技术咨询、成果转让；节能技术开发；输配电设备技术开发；文化艺术交流活动策划；成年人的非文化教育培训、成年人的非证书劳动技能培训（涉及前置审批的项目除外）；五金、机电设备的批发、零售 					
名称 	北京双杰电气股份有限公司 	北京双杰电气股份有限公司 	北京双杰电气股份有限公司 					
注册资本 	28,337.12 万元 	成立时间 	2002 年 12 月 13 日 					
股东情况 	上市公司（股票代码：300444），赵志宏持股 17.31%，为其第一大股东及实际控制人 	上市公司（股票代码：300444），赵志宏持股 17.31%，为其第一大股东及实际控制人 	上市公司（股票代码：300444），赵志宏持股 17.31%，为其第一大股东及实际控制人 					
业务情况 	制造输配电及控制设备；普通货运；研发、销售分布式发电及控制设备、新能源汽车充放电及智能控制设备、电能质量治理及监控设备、电能计量系统设备；生产分布式发电及控制设备、新能源汽车充放电及智能控制设备、电能质量治理及监控设备、电能计量系统设备（限分支机构经营）；电力供应；合同能源管理；技术服务；技术开发；计算机系统集成；工程勘察设计；自营和代理各类商品和技术的进出口，但国家限定公司经营或禁止进出口的商品和技术除外。（企业依法自主选择经营项目，开展经营活动；依法须经批准的项目，经相关部门批准后依批准的内容开展经营活动；不得从事本市产业政策禁止和限制类项目的经营活动。） 	制造输配电及控制设备；普通货运；研发、销售分布式发电及控制设备、新能源汽车充放电及智能控制设备、电能质量治理及监控设备、电能计量系统设备；生产分布式发电及控制设备、新能源汽车充放电及智能控制设备、电能质量治理及监控设备、电能计量系统设备（限分支机构经营）；电力供应；合同能源管理；技术服务；技术开发；计算机系统集成；工程勘察设计；自营和代理各类商品和技术的进出口，但国家限定公司经营或禁止进出口的商品和技术除外。（企业依法自主选择经营项目，开展经营活动；依法须经批准的项目，经相关部门批准后依批准的内容开展经营活动；不得从事本市产业政策禁止和限制类项目的经营活动。） 	制造输配电及控制设备；普通货运；研发、销售分布式发电及控制设备、新能源汽车充放电及智能控制设备、电能质量治理及监控设备、电能计量系统设备；生产分布式发电及控制设备、新能源汽车充放电及智能控制设备、电能质量治理及监控设备、电能计量系统设备（限分支机构经营）；电力供应；合同能源管理；技术服务；技术开发；计算机系统集成；工程勘察设计；自营和代理各类商品和技术的进出口，但国家限定公司经营或禁止进出口的商品和技术除外。（企业依法自主选择经营项目，开展经营活动；依法须经批准的项目，经相关部门批准后依批准的内容开展经营活动；不得从事本市产业政策禁止和限制类项目的经营活动。） 					
名称 	成都星宇节能技术股份有限公司 	成都星宇节能技术股份有限公司 	成都星宇节能技术股份有限公司 					
注册资本 	5,000 万元 	成立时间 	1998 年 8 月 10 日 					
股东情况 	陈财建：29.09%；成都财盛投资有限公司：9.36%；新理益集团有限公司：8.64%；种蓓：4.87%；成都高投创业投资有限公司：4.00%；金东伟：4.00%；张宝英：4.00%；其他股东 36.04% 	陈财建：29.09%；成都财盛投资有限公司：9.36%；新理益集团有限公司：8.64%；种蓓：4.87%；成都高投创业投资有限公司：4.00%；金东伟：4.00%；张宝英：4.00%；其他股东 36.04% 	陈财建：29.09%；成都财盛投资有限公司：9.36%；新理益集团有限公司：8.64%；种蓓：4.87%；成都高投创业投资有限公司：4.00%；金东伟：4.00%；张宝英：4.00%；其他股东 36.04% 					
业务情况 	计算机软硬件、电子产品、通讯设备（不含无线电广播电视发射设备及卫星地面接收设备）、电力设备、电气设备及电子元器件的研发、生产、销售及技术服务；输配电及控制设备的研发、生产、销售；节能技术服务；合同能源管理；送变电工程设计、施工；机械设备、五金产品及电子产品的销售；社会公共安全设备及器材的销售；安防产品的研发、生产、销售；安防工程设计、施工（涉及工业行业的另设分支机构经营或另择经营场地经营）（依法须经批准的项目，经相关部门批准后方可开展经营活动） 	计算机软硬件、电子产品、通讯设备（不含无线电广播电视发射设备及卫星地面接收设备）、电力设备、电气设备及电子元器件的研发、生产、销售及技术服务；输配电及控制设备的研发、生产、销售；节能技术服务；合同能源管理；送变电工程设计、施工；机械设备、五金产品及电子产品的销售；社会公共安全设备及器材的销售；安防产品的研发、生产、销售；安防工程设计、施工（涉及工业行业的另设分支机构经营或另择经营场地经营）（依法须经批准的项目，经相关部门批准后方可开展经营活动） 	计算机软硬件、电子产品、通讯设备（不含无线电广播电视发射设备及卫星地面接收设备）、电力设备、电气设备及电子元器件的研发、生产、销售及技术服务；输配电及控制设备的研发、生产、销售；节能技术服务；合同能源管理；送变电工程设计、施工；机械设备、五金产品及电子产品的销售；社会公共安全设备及器材的销售；安防产品的研发、生产、销售；安防工程设计、施工（涉及工业行业的另设分支机构经营或另择经营场地经营）（依法须经批准的项目，经相关部门批准后方可开展经营活动） 					
								
2 								
3 								
4 								
5 								
								
6 								
7 								
8 								
								
9 	名称 	杭州艾参崴电力科技有限公司 	杭州艾参崴电力科技有限公司 	杭州艾参崴电力科技有限公司 				
9 	注册资本 	2,020 万元 	成立时间 	2014 年 4 月 25 日 				
9 	股东情况 	杭州格创实业有限公司：42.00%；杭州晖罗投资管理合伙企业（有限合伙）：20.00%；北京茂恒新能源科技有限公司：20.00%；李拴宝：8.00%；张金良：4.00%；谢凌柯：4.00%；刘志广：2.00% 	杭州格创实业有限公司：42.00%；杭州晖罗投资管理合伙企业（有限合伙）：20.00%；北京茂恒新能源科技有限公司：20.00%；李拴宝：8.00%；张金良：4.00%；谢凌柯：4.00%；刘志广：2.00% 	杭州格创实业有限公司：42.00%；杭州晖罗投资管理合伙企业（有限合伙）：20.00%；北京茂恒新能源科技有限公司：20.00%；李拴宝：8.00%；张金良：4.00%；谢凌柯：4.00%；刘志广：2.00% 				
9 	业务情况 	服务：承装（修、试）电力设施（依法须经批准的项目，经相关部门批准后方可开展经营活动）、电力试验设备、节能节电技术、安防及消防设备、通讯设备的技术开发，新型电器、电动汽车充电设备的技术开发、技术咨询，电力技术、防雷设备、接地网技术、配电自动化设备的技术咨询、技术服务、成果转让，电气工程（除电力设施），市政工程，消防工程，安防工程，机电设备安装工程，楼宇智能化系统工程，排水管道施工工程，汽车租赁；批发、零售：防雷设备、接地网材料、配电自动化设备、新型电器、电动汽车充电设备、五金、机电设备、绝缘体、塑料制品、数码设备、视频会议系统设备、金属柜；新能源车充电站运营及充电设备管理与维护；智能机器人、多功能飞行器（民用航空器除外）、无人机系统的研发、设计、生产、销售、租赁及相关技术服务；货物进出口（法律、行政法规禁止的除外，法律行政法规限制的项目取得许可后方可从事经营活动） 	服务：承装（修、试）电力设施（依法须经批准的项目，经相关部门批准后方可开展经营活动）、电力试验设备、节能节电技术、安防及消防设备、通讯设备的技术开发，新型电器、电动汽车充电设备的技术开发、技术咨询，电力技术、防雷设备、接地网技术、配电自动化设备的技术咨询、技术服务、成果转让，电气工程（除电力设施），市政工程，消防工程，安防工程，机电设备安装工程，楼宇智能化系统工程，排水管道施工工程，汽车租赁；批发、零售：防雷设备、接地网材料、配电自动化设备、新型电器、电动汽车充电设备、五金、机电设备、绝缘体、塑料制品、数码设备、视频会议系统设备、金属柜；新能源车充电站运营及充电设备管理与维护；智能机器人、多功能飞行器（民用航空器除外）、无人机系统的研发、设计、生产、销售、租赁及相关技术服务；货物进出口（法律、行政法规禁止的除外，法律行政法规限制的项目取得许可后方可从事经营活动） 	服务：承装（修、试）电力设施（依法须经批准的项目，经相关部门批准后方可开展经营活动）、电力试验设备、节能节电技术、安防及消防设备、通讯设备的技术开发，新型电器、电动汽车充电设备的技术开发、技术咨询，电力技术、防雷设备、接地网技术、配电自动化设备的技术咨询、技术服务、成果转让，电气工程（除电力设施），市政工程，消防工程，安防工程，机电设备安装工程，楼宇智能化系统工程，排水管道施工工程，汽车租赁；批发、零售：防雷设备、接地网材料、配电自动化设备、新型电器、电动汽车充电设备、五金、机电设备、绝缘体、塑料制品、数码设备、视频会议系统设备、金属柜；新能源车充电站运营及充电设备管理与维护；智能机器人、多功能飞行器（民用航空器除外）、无人机系统的研发、设计、生产、销售、租赁及相关技术服务；货物进出口（法律、行政法规禁止的除外，法律行政法规限制的项目取得许可后方可从事经营活动） 				
10 	名称 	上海欣影电力科技股份有限公司 	上海欣影电力科技股份有限公司 	上海欣影电力科技股份有限公司 				
10 	注册资本 	7,592.20 万元 	成立时间 	2008 年 1 月 7 日 				
10 	股东情况 	孙建中：24.69%；果民先：17.67%；付江：8.35%；上海欣映科技发展有限公司：7.18%；上海物联网创业投资基金合伙企业（有限合伙）：7.90%；浙江嘉庆投资有限公司：7.86%；张贵军：3.50%；顾家根：3.13%；邵建利：2.88%；李向民：2.63% 	孙建中：24.69%；果民先：17.67%；付江：8.35%；上海欣映科技发展有限公司：7.18%；上海物联网创业投资基金合伙企业（有限合伙）：7.90%；浙江嘉庆投资有限公司：7.86%；张贵军：3.50%；顾家根：3.13%；邵建利：2.88%；李向民：2.63% 	孙建中：24.69%；果民先：17.67%；付江：8.35%；上海欣映科技发展有限公司：7.18%；上海物联网创业投资基金合伙企业（有限合伙）：7.90%；浙江嘉庆投资有限公司：7.86%；张贵军：3.50%；顾家根：3.13%；邵建利：2.88%；李向民：2.63% 				
10 	业务情况 	在电力、计算机软硬件、网络工程、通讯设备、自动化控制设备、电子设备、机电设备、电线电缆科技领域内从事技术开发、技术咨询、技术服务、技术转让，计算机软硬件、电子产品、通讯设备、自动化控制设备、电力设备、机电设备、电线电缆、化工产品（除危险化学品、监控化学品、烟花爆竹、民用爆炸物品、易制毒化学品）销售，节能环保产品研发、销售、技术咨询、服务、系统集成及工程（含合同能源管理），以下限分支机构经营：低压电器、计算机硬件、电子产品、仪器仪表、通讯设备、自动化控制设备的加工、制造、生产（依法须经批准的项目，经相关部门批准后方可开展经营活动） 	在电力、计算机软硬件、网络工程、通讯设备、自动化控制设备、电子设备、机电设备、电线电缆科技领域内从事技术开发、技术咨询、技术服务、技术转让，计算机软硬件、电子产品、通讯设备、自动化控制设备、电力设备、机电设备、电线电缆、化工产品（除危险化学品、监控化学品、烟花爆竹、民用爆炸物品、易制毒化学品）销售，节能环保产品研发、销售、技术咨询、服务、系统集成及工程（含合同能源管理），以下限分支机构经营：低压电器、计算机硬件、电子产品、仪器仪表、通讯设备、自动化控制设备的加工、制造、生产（依法须经批准的项目，经相关部门批准后方可开展经营活动） 	在电力、计算机软硬件、网络工程、通讯设备、自动化控制设备、电子设备、机电设备、电线电缆科技领域内从事技术开发、技术咨询、技术服务、技术转让，计算机软硬件、电子产品、通讯设备、自动化控制设备、电力设备、机电设备、电线电缆、化工产品（除危险化学品、监控化学品、烟花爆竹、民用爆炸物品、易制毒化学品）销售，节能环保产品研发、销售、技术咨询、服务、系统集成及工程（含合同能源管理），以下限分支机构经营：低压电器、计算机硬件、电子产品、仪器仪表、通讯设备、自动化控制设备的加工、制造、生产（依法须经批准的项目，经相关部门批准后方可开展经营活动） 				
11 	名称 	杭州睿庭电子有限公司 	杭州睿庭电子有限公司 	杭州睿庭电子有限公司 				
11 	注册资本 	100 万元 	成立时间 	2011 年 7 月 21 日 				
11 	股东情况 	武晓莉：60.00%；王爱国：40.00% 	武晓莉：60.00%；王爱国：40.00% 	武晓莉：60.00%；王爱国：40.00% 				
11 	业务情况 	服务：电子元器件、仪器仪表、电气设备、智能控制设备的技术开发、技术服务、技术咨询、成果转让；批发、零售：电子元器件，仪器仪表，电气设备 	服务：电子元器件、仪器仪表、电气设备、智能控制设备的技术开发、技术服务、技术咨询、成果转让；批发、零售：电子元器件，仪器仪表，电气设备 	服务：电子元器件、仪器仪表、电气设备、智能控制设备的技术开发、技术服务、技术咨询、成果转让；批发、零售：电子元器件，仪器仪表，电气设备 				
								
外协企业 	外协主要内容 	2017 年 外协金额 	2016 年 外协金额 	2015 年 外协金额 				
杭州隆炎科技有限公司 	导轨基材加工 	41.76 	-  	-  				
杭州丰盈精密机械有限公司 	导轨基材加工 	1.50 	- 	- 				
杭州华发机电有限公司 	输电线路视频图像在线监测装置组装 	4.96 	12.15 	- 				
杭州远特电子有限公司 	PCB 板贴片、焊接 	23.14 	7.45 	13.26 				
杭州盈光精密机械有限公司 	防水盒打孔、气缸和螺丝加工等机械加工 	3.27 	6.45 	1.45 				
杭州余杭远程电控设备厂 	插头等镀银加工 	- 	0.60 	- 				
杭州坤诺电子有限公司 	串口监测模块焊接 	- 	0.22 	- 				
外协加工金额合计 	外协加工金额合计 	74.62 	26.87 	14.71 				
合计占采购总额的比重 	合计占采购总额的比重 	0.83% 	0.23% 	0.22% 				
								
1 	名称 	杭州隆炎科技有限公司 	杭州隆炎科技有限公司 	杭州隆炎科技有限公司 				
1 	注册资本 	100 万元 	成立时间 	2017 年 7 月 11 日 				
1 	股东情况 	周昔荣：70.00%；余来飞：30.00% 	周昔荣：70.00%；余来飞：30.00% 	周昔荣：70.00%；余来飞：30.00% 				
1 	业务情况 	生产：模具、精密机械、机械设备零部件。服务：计算机软硬件、电子产品的技术开发、技术服务、技术咨询、成果转让；批发、零售：机械设备及配件，汽车配件，模具配件，五金交电，非金属制品，建筑材料，计算机软硬件，自动化设备。（依法须经批准的项目，经相关部门批准后方可开展经营活动） 	生产：模具、精密机械、机械设备零部件。服务：计算机软硬件、电子产品的技术开发、技术服务、技术咨询、成果转让；批发、零售：机械设备及配件，汽车配件，模具配件，五金交电，非金属制品，建筑材料，计算机软硬件，自动化设备。（依法须经批准的项目，经相关部门批准后方可开展经营活动） 	生产：模具、精密机械、机械设备零部件。服务：计算机软硬件、电子产品的技术开发、技术服务、技术咨询、成果转让；批发、零售：机械设备及配件，汽车配件，模具配件，五金交电，非金属制品，建筑材料，计算机软硬件，自动化设备。（依法须经批准的项目，经相关部门批准后方可开展经营活动） 				
2 	名称 	杭州丰盈精密机械有限公司 	杭州丰盈精密机械有限公司 	杭州丰盈精密机械有限公司 				
2 	注册资本 	100 万元 	成立时间 	2013 年 8 月 22 日 				
2 	股东情况 	周杨均：90.00%；郑小燕：10% 	周杨均：90.00%；郑小燕：10% 	周杨均：90.00%；郑小燕：10% 				
2 	业务情况 	生产、加工：模具、精密机械。 批发、零售：机械设备及配件，汽车配件，模具配件，五金制品，非金属制品、建筑材料，计算机软件，自动化设备 	生产、加工：模具、精密机械。 批发、零售：机械设备及配件，汽车配件，模具配件，五金制品，非金属制品、建筑材料，计算机软件，自动化设备 	生产、加工：模具、精密机械。 批发、零售：机械设备及配件，汽车配件，模具配件，五金制品，非金属制品、建筑材料，计算机软件，自动化设备 				
3 	名称 	杭州华发机电有限公司 	杭州华发机电有限公司 	杭州华发机电有限公司 				
3 	注册资本 	50 万元 	成立时间 	1999 年 4 月 12 日 				
3 	股东情况 	蒋云法：64.00%；蒋晓萍：36.00% 	蒋云法：64.00%；蒋晓萍：36.00% 	蒋云法：64.00%；蒋晓萍：36.00% 				
3 	业务情况 	制造、加工：导线（在有效期内方可经营）。批发、零售：五金交电，机电设备（除小轿车），百货，仪器仪表，纺织品，音响配件 	制造、加工：导线（在有效期内方可经营）。批发、零售：五金交电，机电设备（除小轿车），百货，仪器仪表，纺织品，音响配件 	制造、加工：导线（在有效期内方可经营）。批发、零售：五金交电，机电设备（除小轿车），百货，仪器仪表，纺织品，音响配件 				
4 	名称 	杭州坤诺电子有限公司 	杭州坤诺电子有限公司 	杭州坤诺电子有限公司 				
4 	注册资本 	200 万元 	成立时间 	2010 年 9 月 2 日 				
4 	股东情况 	俞小华：90.00%；施芳琴：10.00% 	俞小华：90.00%；施芳琴：10.00% 	俞小华：90.00%；施芳琴：10.00% 				
4 	业务情况 	制造、加工：电子元件主板；通信设备与通信器材销售、安装、维护保养、维修；通讯设备销售、安装、维修；电子元器件销售；电子产品开发、计算机软硬件开发；批发、零售：五金交电、机电设备（除专控）、包装材料、环保设备、电力设备、电子产品（除电子出版物）、仪器仪表、交通设施、交通标志、汽车配件、自动化控制设备、电线电缆、办公用品 	制造、加工：电子元件主板；通信设备与通信器材销售、安装、维护保养、维修；通讯设备销售、安装、维修；电子元器件销售；电子产品开发、计算机软硬件开发；批发、零售：五金交电、机电设备（除专控）、包装材料、环保设备、电力设备、电子产品（除电子出版物）、仪器仪表、交通设施、交通标志、汽车配件、自动化控制设备、电线电缆、办公用品 	制造、加工：电子元件主板；通信设备与通信器材销售、安装、维护保养、维修；通讯设备销售、安装、维修；电子元器件销售；电子产品开发、计算机软硬件开发；批发、零售：五金交电、机电设备（除专控）、包装材料、环保设备、电力设备、电子产品（除电子出版物）、仪器仪表、交通设施、交通标志、汽车配件、自动化控制设备、电线电缆、办公用品 				
5 	名称 	杭州盈光精密机械有限公司 	杭州盈光精密机械有限公司 	杭州盈光精密机械有限公司 				
5 	注册资本 	100 万元 	成立时间 	2013 年 10 月 17 日 				
5 	股东情况 	毛雄青：90.00%；刘小燕：10.00%   	毛雄青：90.00%；刘小燕：10.00%   	毛雄青：90.00%；刘小燕：10.00%   				
5 	业务情况 	生产：机械设备零部件。批发、零售：机械设备及配件，汽车配件，模具配件，五金交电，非金属制品，建筑材料，计算机软硬件，自动化设备 	生产：机械设备零部件。批发、零售：机械设备及配件，汽车配件，模具配件，五金交电，非金属制品，建筑材料，计算机软硬件，自动化设备 	生产：机械设备零部件。批发、零售：机械设备及配件，汽车配件，模具配件，五金交电，非金属制品，建筑材料，计算机软硬件，自动化设备 				
6 	名称 	杭州远特电子有限公司 	杭州远特电子有限公司 	杭州远特电子有限公司 				
6 	注册资本 	60 万元 	成立时间 	2007 年 8 月 2 日 				
6 	股东情况 	梁红钦：70.00%；杨凤英：30.00% 	梁红钦：70.00%；杨凤英：30.00% 	梁红钦：70.00%；杨凤英：30.00% 				
6 	业务情况 	生产加工：电子产品批发零售：电子元器件，五金，机械及配件；服务：电子产品的研发，电子线路板、通信设备的上门维修。其他无需报经审批的一切合法项目。 	生产加工：电子产品批发零售：电子元器件，五金，机械及配件；服务：电子产品的研发，电子线路板、通信设备的上门维修。其他无需报经审批的一切合法项目。 	生产加工：电子产品批发零售：电子元器件，五金，机械及配件；服务：电子产品的研发，电子线路板、通信设备的上门维修。其他无需报经审批的一切合法项目。 				
7 	名称 	杭州余杭远程电控设备厂 	杭州余杭远程电控设备厂 	杭州余杭远程电控设备厂 				
								
企业类型 	个人独资企业 	成立时间 	2003 年 9 月 18 日 					
股东情况 	朱林根：100.00% 	朱林根：100.00% 	朱林根：100.00% 					
业务情况 	钣金加工、控制设备箱柜、小五金的生产；道路交通安全及管制专用设备设计、安装、施工、维修；绿化种植与养护 	钣金加工、控制设备箱柜、小五金的生产；道路交通安全及管制专用设备设计、安装、施工、维修；绿化种植与养护 	钣金加工、控制设备箱柜、小五金的生产；道路交通安全及管制专用设备设计、安装、施工、维修；绿化种植与养护 					
								
劳务外包公司 	劳务外包主要内容 	2017 年 采购金额 	2016 年 采购金额 	2015 年 采购金额 				
江西省聚人人力资源开发有限公司 	除湿器、输电线路视频在线监测、配电线路故障在线监测装置组装 	-  	31.33 	50.06 				
虎牌电务(杭州）有限公司 	智能巡检机器人巡检场地土建施工 	84.63 	1,371.94 	30.00 				
武汉诚耀建筑工程有限公司 	智能巡检机器人巡检场地土建施工 	23.42 	- 	- 				
湖北东泽建筑工程有限公司 	智能巡检机器人巡检场地土建施工 	46.85 	- 	- 				
宜昌市兴旺建筑劳务有限公司 	智能巡检机器人巡检场地土建施工 	119.90 	- 	- 				
杭州杭宏电力承装有限公司 	智能巡检机器人巡检场地土建施工 	1,114.08 	- 	- 				
江西省千源人力资源开发有限公司 	智能除湿器、故障在线监测装置等产品的辅助组装、包装等 	25.33 	- 	- 				
四川和圣建筑劳务有限公司 	户内挂轨式智能巡检机器人安装施工 	66.18 	- 	- 				
								
项目 	2017 年 	2016 年 	2015 年 					
劳务外包总金额 	1,480.39 	1,403.26 	80.06 					
采购总额 	8,954.85 	11,689.40 	6,676.58 					
劳务外包总金额占采购总额比重 	16.53% 	12.00% 	1.20% 					
								
1 	名称 	江西省聚人人力资源开发有限公司 	江西省聚人人力资源开发有限公司 	江西省聚人人力资源开发有限公司 				
1 	注册资本 	200 万元 	成立时间 	2013 年 10 月 16 日 				
1 	股东情况 	王启强：10.00%；周艳丽 90.00% 	王启强：10.00%；周艳丽 90.00% 	王启强：10.00%；周艳丽 90.00% 				
1 	业务情况 	职业介绍、人事代理、劳务派遣（涉外除外）、人力资源外包、生产线外包、后勤服务、企业管理咨询、培训教育、承办会展（依法须经批准的项目，经相关部门批准后方可开展经营活动） 	职业介绍、人事代理、劳务派遣（涉外除外）、人力资源外包、生产线外包、后勤服务、企业管理咨询、培训教育、承办会展（依法须经批准的项目，经相关部门批准后方可开展经营活动） 	职业介绍、人事代理、劳务派遣（涉外除外）、人力资源外包、生产线外包、后勤服务、企业管理咨询、培训教育、承办会展（依法须经批准的项目，经相关部门批准后方可开展经营活动） 				
2 	名称 	虎牌电务（杭州）有限公司 	虎牌电务（杭州）有限公司 	虎牌电务（杭州）有限公司 				
2 	注册资本 	2,000 万元 	成立时间 	2008 年 8 月 6 日 				
								
股东情况 	虎牌控股集团有限公司：87.50%；杭州虎牌电气股份有限公司：5.00%；浙江虎牌电缆集团有限公司：5.00%；虎牌伊顿开关（杭州）有限公司：2.50% 	虎牌控股集团有限公司：87.50%；杭州虎牌电气股份有限公司：5.00%；浙江虎牌电缆集团有限公司：5.00%；虎牌伊顿开关（杭州）有限公司：2.50% 	虎牌控股集团有限公司：87.50%；杭州虎牌电气股份有限公司：5.00%；浙江虎牌电缆集团有限公司：5.00%；虎牌伊顿开关（杭州）有限公司：2.50% 					
业务情况 	承接（修、试）电力设施（四级），机电设备安装工程专业承包（叁级）（上述经营范围在批准的有效期内方可经营）；光电产品、环保设备、电气设备的技术开发、技术咨询、成果转让；节能技术开发，输配电设备技术开发，文化艺术交流活动策划；成年人的非证书劳动技能培训（涉及前置审批的项目除外）；批发、零售：五金，机电设备。 	承接（修、试）电力设施（四级），机电设备安装工程专业承包（叁级）（上述经营范围在批准的有效期内方可经营）；光电产品、环保设备、电气设备的技术开发、技术咨询、成果转让；节能技术开发，输配电设备技术开发，文化艺术交流活动策划；成年人的非证书劳动技能培训（涉及前置审批的项目除外）；批发、零售：五金，机电设备。 	承接（修、试）电力设施（四级），机电设备安装工程专业承包（叁级）（上述经营范围在批准的有效期内方可经营）；光电产品、环保设备、电气设备的技术开发、技术咨询、成果转让；节能技术开发，输配电设备技术开发，文化艺术交流活动策划；成年人的非证书劳动技能培训（涉及前置审批的项目除外）；批发、零售：五金，机电设备。 					
名称 	武汉诚耀建筑工程有限公司 	武汉诚耀建筑工程有限公司 	武汉诚耀建筑工程有限公司 					
注册资本 	2,000 万元 	成立时间 	2012 年 12 月 13 日 					
股东情况 	张永耀：100.00% 	张永耀：100.00% 	张永耀：100.00% 					
业务情况 	建筑工程、市政工程、土石方工程、给排水工程、装饰工程的设计、施工 	建筑工程、市政工程、土石方工程、给排水工程、装饰工程的设计、施工 	建筑工程、市政工程、土石方工程、给排水工程、装饰工程的设计、施工 					
名称 	湖北东泽建筑工程有限公司 	湖北东泽建筑工程有限公司 	湖北东泽建筑工程有限公司 					
注册资本 	4,000 万元 	成立时间 	2013 年 4 月 25 日 					
股东情况 	王伟胜：90.00%；王丽华：10.00% 	王伟胜：90.00%；王丽华：10.00% 	王伟胜：90.00%；王丽华：10.00% 					
业务情况 	建筑工程、装饰工程、防水工程、电力工程施工；钢结构安装（依法须经批准的项目，经相关部门批准后方可开展经营活动） 	建筑工程、装饰工程、防水工程、电力工程施工；钢结构安装（依法须经批准的项目，经相关部门批准后方可开展经营活动） 	建筑工程、装饰工程、防水工程、电力工程施工；钢结构安装（依法须经批准的项目，经相关部门批准后方可开展经营活动） 					
名称 	宜昌市兴旺建筑劳务有限公司 	宜昌市兴旺建筑劳务有限公司 	宜昌市兴旺建筑劳务有限公司 					
注册资本 	500 万元 	成立时间 	2003 年 1 月 22 日 					
股东情况 	汪海清：5.00%；毛建云：20.40%；汪海蓉：74.60% 	汪海清：5.00%；毛建云：20.40%；汪海蓉：74.60% 	汪海清：5.00%；毛建云：20.40%；汪海蓉：74.60% 					
业务情况 	承包建筑劳务分包工程（凭有效资质经营）；机械设备及建筑周转材料租赁（依法须经批准的项目，经相关部门批准后方可开展经营活动） 	承包建筑劳务分包工程（凭有效资质经营）；机械设备及建筑周转材料租赁（依法须经批准的项目，经相关部门批准后方可开展经营活动） 	承包建筑劳务分包工程（凭有效资质经营）；机械设备及建筑周转材料租赁（依法须经批准的项目，经相关部门批准后方可开展经营活动） 					
名称 	杭州杭宏电力承装有限公司 	杭州杭宏电力承装有限公司 	杭州杭宏电力承装有限公司 					
注册资本 	12,400 万元 	成立时间 	2003 年 8 月 1 日 					
股东情况 	杜高文：65.00%；杜叶鑫：35.00% 	杜高文：65.00%；杜叶鑫：35.00% 	杜高文：65.00%；杜叶鑫：35.00% 					
业务情况 	承装类四级、承修类四级、承试类五级（可以从事 35 千伏以下电压等级电力设施的安装、维修，10 千伏以下电压等级电力设施的试验活动）；施工：电缆土建工程、电力通讯工程，路灯、工业设备安装工程，装饰工程，水利建筑工程，通信工程，土石方工程，中央空调安装工程，网络工程，绿化工程，非开挖工程；安装：配电屏；技术咨询、技术服务：电力技术；服务：脚手架搭设，钢管、电器租赁；设计、制作：国内广告（除新闻媒体及网络广告）；电销售及配套产品销售、检测、维修，水电安装（除电力设施）；机电设备安装；市政园林施工、工业与民用建筑工程施工、打桩；仪器仪表生产。（依法须经批准的项目，经相关部门批准后方可开展经营活动） 	承装类四级、承修类四级、承试类五级（可以从事 35 千伏以下电压等级电力设施的安装、维修，10 千伏以下电压等级电力设施的试验活动）；施工：电缆土建工程、电力通讯工程，路灯、工业设备安装工程，装饰工程，水利建筑工程，通信工程，土石方工程，中央空调安装工程，网络工程，绿化工程，非开挖工程；安装：配电屏；技术咨询、技术服务：电力技术；服务：脚手架搭设，钢管、电器租赁；设计、制作：国内广告（除新闻媒体及网络广告）；电销售及配套产品销售、检测、维修，水电安装（除电力设施）；机电设备安装；市政园林施工、工业与民用建筑工程施工、打桩；仪器仪表生产。（依法须经批准的项目，经相关部门批准后方可开展经营活动） 	承装类四级、承修类四级、承试类五级（可以从事 35 千伏以下电压等级电力设施的安装、维修，10 千伏以下电压等级电力设施的试验活动）；施工：电缆土建工程、电力通讯工程，路灯、工业设备安装工程，装饰工程，水利建筑工程，通信工程，土石方工程，中央空调安装工程，网络工程，绿化工程，非开挖工程；安装：配电屏；技术咨询、技术服务：电力技术；服务：脚手架搭设，钢管、电器租赁；设计、制作：国内广告（除新闻媒体及网络广告）；电销售及配套产品销售、检测、维修，水电安装（除电力设施）；机电设备安装；市政园林施工、工业与民用建筑工程施工、打桩；仪器仪表生产。（依法须经批准的项目，经相关部门批准后方可开展经营活动） 					
								
3 								
4 								
5 								
6 								
								
7 	名称 	江西省千源人力资源开发有限公司 	江西省千源人力资源开发有限公司 	江西省千源人力资源开发有限公司 				
7 	注册资本 	200 万元 	成立时间 	2015 年 8 月 4 日 				
7 	股东情况 	胡世发：50.00%；陈立波：50.00% 	胡世发：50.00%；陈立波：50.00% 	胡世发：50.00%；陈立波：50.00% 				
7 	业务情况 	企业管理咨询、后勤管理、企业生产管理、营销业务外包与承揽、国内劳务派遣、劳务外包、代缴社保、法律咨询、人事代理、委托招聘、职业介绍、人才中介、职业培训、劳动政策咨询（依法须经批准的项目，经相关部门批准后方可开展经营活动） 	企业管理咨询、后勤管理、企业生产管理、营销业务外包与承揽、国内劳务派遣、劳务外包、代缴社保、法律咨询、人事代理、委托招聘、职业介绍、人才中介、职业培训、劳动政策咨询（依法须经批准的项目，经相关部门批准后方可开展经营活动） 	企业管理咨询、后勤管理、企业生产管理、营销业务外包与承揽、国内劳务派遣、劳务外包、代缴社保、法律咨询、人事代理、委托招聘、职业介绍、人才中介、职业培训、劳动政策咨询（依法须经批准的项目，经相关部门批准后方可开展经营活动） 				
8 	名称 	四川和圣建筑劳务有限公司 	四川和圣建筑劳务有限公司 	四川和圣建筑劳务有限公司 				
8 	注册资本 	3,000 万元 	成立时间 	2016 年 7 月 13 日 				
8 	股东情况 	王勇：95.00%；张明霞：5.00% 	王勇：95.00%；张明霞：5.00% 	王勇：95.00%；张明霞：5.00% 				
8 	业务情况 	建筑劳务分包；工程管理服务；模板脚手架工程施工，建筑工程施工，公路工程施工，铁路工程施工，港口与航道工程施工，水利水电工程施工，电力工程施工，矿山工程施工，冶金工程施工，市政公用工程施工，通信工程施工，机电工程施工，预拌混凝土工程施工，电子与智能化工程施工，消防设施工程施工，桥梁工程施工，隧道工程施工，钢结构工程施工，建筑装修装饰工程施工，建筑幕墙工程施工，城市及道路照明工程施工，公路交通工程施工，铁路电务工程施工，铁路铺轨架梁工程施工，铁路电气化工程施工，输变电工程施工，建筑机电安装工程施工，建筑工程技术推广服务。 	建筑劳务分包；工程管理服务；模板脚手架工程施工，建筑工程施工，公路工程施工，铁路工程施工，港口与航道工程施工，水利水电工程施工，电力工程施工，矿山工程施工，冶金工程施工，市政公用工程施工，通信工程施工，机电工程施工，预拌混凝土工程施工，电子与智能化工程施工，消防设施工程施工，桥梁工程施工，隧道工程施工，钢结构工程施工，建筑装修装饰工程施工，建筑幕墙工程施工，城市及道路照明工程施工，公路交通工程施工，铁路电务工程施工，铁路铺轨架梁工程施工，铁路电气化工程施工，输变电工程施工，建筑机电安装工程施工，建筑工程技术推广服务。 	建筑劳务分包；工程管理服务；模板脚手架工程施工，建筑工程施工，公路工程施工，铁路工程施工，港口与航道工程施工，水利水电工程施工，电力工程施工，矿山工程施工，冶金工程施工，市政公用工程施工，通信工程施工，机电工程施工，预拌混凝土工程施工，电子与智能化工程施工，消防设施工程施工，桥梁工程施工，隧道工程施工，钢结构工程施工，建筑装修装饰工程施工，建筑幕墙工程施工，城市及道路照明工程施工，公路交通工程施工，铁路电务工程施工，铁路铺轨架梁工程施工，铁路电气化工程施工，输变电工程施工，建筑机电安装工程施工，建筑工程技术推广服务。 				
								
类别 	原值 	账面净值 	成新率 					
房屋及建筑物 	284.28 	238.69 	83.96% 					
房屋及建筑物 	284.28 	238.69 	83.96% 					
通用设备 	599.49 	324.31 	54.10% 					
通用设备 	599.49 	324.31 	54.10% 					
专用设备 	1,290.20 	739.26 	57.30% 					
专用设备 	1,290.20 	739.26 	57.30% 					
运输工具 	771.91 	294.78 	38.19% 					
运输工具 	771.91 	294.78 	38.19% 					
合计 	2,945.88 	1,597.05 	54.21% 					
合计 	2,945.88 	1,597.05 	54.21% 					
								
序号 	设备名称 	原值 	账面净值 	成新率 				
1 	通快数控冲床 	307.69 	244.36 	79.42% 				
2 	通快数控激光切割机 	264.96 	210.42 	79.42% 				
3 	贴片机 	77.95 	3.90 	5.00% 				
4 	通快数控液压折弯机（TruBend1100） 	72.65 	57.70 	79.42% 				
5 	高低温交变湿热试验室 	50.85 	19.99 	39.31% 				
6 	通快数控液压折弯机（TruBend1066） 	38.46 	30.54 	79.41% 				
7 	双组份自动灌胶机 	10.26 	1.60 	15.59% 				
8 	电动单梁起重机 	9.23 	0.46 	4.98% 				
9 	母线加工机 	7.56 	0.38 	5.03% 				
10 	传感器老化装置（三） 	7.49 	0.37 	4.94% 				
11 	传感器老化装置（二） 	7.37 	0.37 	5.02% 				
12 	扬力剪板机 	6.92 	1.81 	26.16% 				
13 	叉车 	6.28 	0.31 	4.94% 				
14 	滑片式空压机 	6.24 	2.29 	36.70% 				
15 	传感器老化装置（一） 	5.88 	0.29 	4.93% 				
								
序号 	房屋所有权证号 	位置 	面积（㎡） 	是否抵押 				
1 	余房权证余移字第15381846 号 	杭州市余杭区余杭街道恒腾悦湖花苑 2 幢 2 单元 1101 室 	89.83 	否 				
2 	余房权证余移字第15381845 号 	杭州市余杭区余杭街道恒腾悦湖花苑 2 幢 2 单元 1102 室 	89.91 	否 				
3 	余房权证余移字第15381847 号 	杭州市余杭区余杭街道恒腾悦湖花苑 2 幢 2 单元 1001 室 	89.83 	否 				
								
序号 	承租方 	出租方 	坐落 	租赁期限 	面积 （㎡） 	金额 （元/年） 	用途 	
1 	申昊科技 	杭州火红电子有限公司 	杭州市余杭区仓前镇朱庙村仓前厂区内的调度楼3 楼 	2016.12.01- 2019.11.30 	588.00 	204,624 	办公 	
2 	申昊科技 	杭州火红电子有限公司 	杭州市余杭区仓前镇朱庙村仓前厂区内的调度楼1 楼、钢结构厂房 	2018.01.20- 2019.12.31 	3,274.00 	1,673,014 	生产车间 	
3 	申昊科技 	杭州火红电子有限公司 	杭州市余杭区仓前镇朱庙村仓前厂区内的调度楼2 楼、5 楼、6 楼 	2018.01.20- 2019.12.31 	1,158.00 	591,738 	办公 	
4 	申昊科技 	杭州火红电子有限公司 	杭州市余杭区仓前镇朱庙村仓前厂区内的钢结构厂房 	2017.10.13- 2019.10.12 	328.00 	316,674 	生产车间 	
5 	申昊科技 	杭州未来科技城资产管理有限公司 	杭州市余杭区仓前工业园区 	2013.09.15- 2018.09.14 	9,530.40 	1,715,472 	办公、生产车间 	
6 	申昊科技 	北京世纪星空影业投资有限公司 	北京市丰台区南四环西路 186 号汉威国际广场四区 8 号楼 9 层25-28 室 	2017.06.23- 2020.06.22 	531.80 	1,455,834 	办公 	
7 	申昊科技 	崔素敏 	北京市海淀区中关村南大街 17 号3 楼 2212 室 	2017.09.26- 2018.09.30 	133.56 	316,872 	办公 	
8 	申昊科技 	北京爱家营企业管理有限公司 	北京市恒富中街1 号 2 号院 3 号楼806 	2017.11.20- 2018.11.19 	135.00 	86,400 	住宅 	
9 	申昊科技 	张水萍 	北京市丰台区怡海花园恒泰 5 号楼 1405 	2017.08.01- 2018.08.01 	138.19 	96,000 	住宅 	
10 	晟冠科技 	杭州火红电子有限公司 	余杭区仓前镇朱庙村仓前厂区内的调度楼 4 楼 	2018.01.20- 2019.12.31 	588.00 	300,468 	办公 	
11 	申宁达智能 	南京软件园经济发展有限公司 	南京江北新区星火路 11 号动漫大厦 A 座 601、602室 	2017.09.01- 2018.08.31 	215.00 	92,880 	办公 	
								
南京江北新区星火路 11 号动漫大厦 A 座 603、604、605、606 室 	2017.04.01- 2018.05.31 	608.00 	262,656 	办公 				
								
证书号码 	位置 	地类 （用途） 	使用权类型 	面积 （m2） 	终止日期 	抵押与否 		
浙（ 2016）余杭区不动产权第 0018567号 	余杭区仓前街道永乐村 	工业用地 	出让 	9,932.70 	2066.08.22 	否 		
								
软件名称 	账面原值 	账面净值 						
Solidworks Standard 2014 简体中文版 	40.17 	27.78 						
SQLSvrEntCore 2014 CHNS OLP 4Lic NL CoreLic Qlfd 	30.34 	20.99 						
Altium Designer 软件 	14.19 	10.40 						
VSUltwMSDN ALNG LicSAPk OLP NLQlfd 	11.62 	8.04 						
AUTOCAD 2015 中文标准版 	8.46 	5.85 						
Autodesk Product Design Suite Premium2016（中文单机版） 	7.69 	5.90 						
Solidworks Professional 2014 简体中文版 	5.81 	4.02 						
Altium Designer Custom Board Implementation17(单机版） 	21.73 	20.83 						
								
序号 	注册商标 	所有者 	取得方式 	编号 	核定使用商品 	有效期限 		
1 	 	申昊 科技 	原始取得 	4630658 	第 9 类：车辆测速器；材料检验仪器和机器；测量器械和仪器；量坡仪；测程器（测量仪器）；电池充电器；蓄电池（截止） 	2008.02.21 - 2028.02.20 		
2 	 	申昊 科技 	原始取得 	4630659 	第 42 类：技术项目研究；质量检测；材料测试；车辆性能检测；计算机编程；计算机软件设计；计算机软件升级；计算机硬件咨询；计算机软件的安装；造型（工业品外观设计）（截止） 	2008.12.14 - 2018.12.13 		
								
序号 	专利类型 	所有权人 	专利号 	专利名称 	专利申请日 	取得方式 		
1 	发明专利 	发行人 	ZL201410677883.X 	一种惯性导航系统的误差校正方法 	2014.11.24 	原始取得 		
2 	发明专利 	发行人 	ZL201510043375.0 	GIS 局放在线监测系统 	2015.01.28 	原始取得 		
3 	实用新型 	发行人 	ZL201020678480.4 	变压器油检测中用的气体浓度标定装置 	2010.12.24 	原始取得 		
4 	实用新型 	发行人 	ZL201020678302.1 	变压器油的滤水装置 	2010.12.24 	原始取得 		
5 	实用新型 	发行人 	ZL201020678477.2 	变压器油的油气分离装置 	2010.12.24 	原始取得 		
6 	实用新型 	发行人 	ZL201020678478.7 	一种变压器油的油气分离装置 	2010.12.24 	原始取得 		
7 	实用新型 	发行人 	ZL201220097083.7 	矿物质油的油气分离装置 	2012.03.15 	原始取得 		
8 	实用新型 	发行人 	ZL201320278871.0 	一种用于变压器油监测的析气装置 	2013.05.21 	原始取得 		
9 	实用新型 	发行人 	ZL201320278802.X 	用于变压器油监测的析气装置 	2013.05.21 	原始取得 		
序号 	专利类型 	所有权人 	专利号 	专利名称 	专利申请日 	取得方式 		
10 	发行人 	ZL201320278916.4 	变压器油中气体监测装置 	2013.05.21 				
11 	发行人 	ZL201320279034.X 	氧化锌避雷器在线监测装置 	2013.05.21 				
12 	发行人 	ZL201320653616.X 	一种用于变压器油中气体的自动标定装置 	2013.10.23 				
13 	发行人 	ZL201420355558.7 	一种标准油样配制装置 	2014.06.30 				
14 	发行人 	ZL201420352333.6 	一种配电线路故障在线监测装置 	2014.06.30 				
15 	发行人 	ZL201420542633.0 	一种避雷器在线监测装置 	2014.09.22 				
16 	发行人 	ZL201420542578.5 	一种带有时钟的避雷器在线监测装置 	2014.09.22 				
17 	发行人 	ZL201420542276.8 	变压器局部放电在线监测装置 	2014.09.22 				
18 	发行人 	ZL201420542577.0 	变压器智能组件柜 	2014.09.22 				
19 	发行人 	ZL201420542564.3 	变压器油析气装置 	2014.09.22 				
20 	发行人 	ZL201420542602.5 	一种新型避雷器在线监测装置 	2014.09.22 				
21 	发行人 	ZL201420542269.8 	具有取油功能的变压器局放在线监测装置 	2014.09.22 				
22 	发行人 	ZL201420542604.4 	工控机老化装置 	2014.9.22 				
23 	发行人 	ZL201420542339.X 	一种用于避雷器监测的复合电流传感器 	2014.09.22 				
24 	发行人 	ZL201420542340.2 	变压器铁芯接地在线监测装置 	2014.09.22 				
25 	发行人 	ZL201420542579.X 	导线温度测量装置 	2014.09.22 				
26 	发行人 	ZL201420542268.3 	传感器老化装置 	2014.09.22 				
27 	发行人 	ZL201420542889.1 	气缸性能测试装置 	2014.09.22 				
28 	发行人 	ZL201420558195.7 	一种电池调节支架 	2014.09.26 				
29 	发行人 	ZL201420570767.3 	新型变压器铁芯接地在线监测装置 	2014.09.30 				
30 	发行人 	ZL201520056835.9 	罩式馈线终端 	2015.01.28 				
31 	发行人 	ZL201520057142.1 	SF6微水密度在线检测装置 	2015.01.28 				
32 	发行人 	ZL201520058164.X 	变压器油中气体在线监测系统 	2015.01.28 				
序号 	专利类型 	所有权人 	专利号 	专利名称 	专利申请日 	取得方式 		
33 	发行人 	ZL201520058114.1 	变压器局放在线监测系统 	2015.01.28 				
34 	发行人 	ZL201520057161.4 	GIS 局部放电在线监测系统 	2015.01.28 				
35 	发行人 	ZL201520058194.0 	智能变电站监控系统 	2015.01.28 				
36 	发行人 	ZL201520063556.5 	一种避雷器在线监测系统 	2015.01.29 				
37 	发行人 	ZL201520063571.X 	一种输电线路视频图像在线监测装置 	2015.01.29 				
38 	发行人 	ZL201520061908.3 	一种配电线路故障在线监测系统 	2015.01.29 				
39 	发行人 	ZL201520061917.2 	一种配电自动化配变终端 	2015.01.29 				
40 	发行人 	ZL201520154171.X 	一种智能变压器温湿度调节系统 	2015.03.18 				
41 	发行人 	ZL201520196850.3 	状态接入控制器 	2015.04.02 				
42 	发行人 	ZL201520855238.2 	充气柜的联锁装置 	2015.10.29 				
43 	发行人 	ZL201520855399.1 	一种充气柜的新型联锁装置 	2015.10.29 				
44 	发行人 	ZL201620005972.4 	一种输电线覆冰监测系统 	2016.01.05 				
45 	发行人 	ZL201620009870.X 	一种红外测温分析系统 	2016.01.05 				
46 	发行人 	ZL201620071279.7 	一种变压器铁芯接地在线监测系统 	2016.01.25 				
47 	发行人 	ZL201620072176.2 	一种变压器管末屏适配器装置 	2016.01.25 				
48 	发行人 	ZL201620076629.9 	一种输电线微气象监测系统 	2016.01.25 				
49 	发行人 	ZL201720135603.1 	一种智能型吸湿器 	2017.02.15 				
50 	发行人 	ZL201621013503.3 	一种巡检机器人 	2016.08.31 				
51 	发行人 	ZL201720459978.3 	一种用于机器人充电的防拉弧保护系统 	2017.04.28 				
52 	申宁达智能 	ZL201621435871.7 	一种智能头盔的无线充电箱 	2016.12.26 				
53 	申宁达智能 	ZL201621435857.7 	一种具有电池防爆功能的智能头盔 	2016.12.26 				
54 	申宁达智能 	ZL201621437134.0 	一种智能头盔 	2016.12.26 				
55 	申宁达智能 	ZL201621437131.7 	一种多功能智能头盔 	2016.12.26 				
序号 	专利类型 	所有权人 	专利号 	专利名称 	专利申请日 	取得方式 		
56 	申宁达智能 	ZL201621437135.5 	一种智能头盔的警报装置 	2016.12.26 				
57 	申宁达智能 	ZL201621436510.4 	一种能够无线充电的智能头盔 	2016.12.26 				
58 	申宁达智能 	ZL201720514985.9 	一种带瞄准功能的智能头盔 	2017.05.10 				
59 	外观设计 	发行人 	ZL201430177897.6 	故障指示器 	2014.06.12 			
60 	外观设计 	发行人 	ZL201430232892.9 	GIS 局部放电在线监测装置 	2014.07.11 			
61 	外观设计 	发行人 	ZL201430232884.4 	配电自动化馈线终端（罩式） 	2014.07.11 			
62 	外观设计 	发行人 	ZL201430232853.9 	避雷器在线监测装置（电压型） 	2014.07.11 			
63 	外观设计 	发行人 	ZL201430232864.7 	SF6 气体微水密度在线监测装置 	2014.07.11 			
64 	外观设计 	发行人 	ZL201430232878.9 	避雷器在线监测装置（三相共体型） 	2014.07.11 			
65 	外观设计 	发行人 	ZL201430232879.3 	输电线路导线温度在线监测装置 	2014.07.11 			
66 	外观设计 	发行人 	ZL201430232880.6 	变压器铁芯接地在线监测装置 	2014.07.11 			
67 	外观设计 	发行人 	ZL201430232881.0 	避雷器在线监测装置 	2014.07.11 			
68 	外观设计 	发行人 	ZL201430232885.9 	配电线路故障在线监测装置 	2014.07.11 			
69 	外观设计 	发行人 	ZL201430232890.X 	避雷器在线监测装置（系统集成型） 	2014.07.11 			
70 	外观设计 	发行人 	ZL201430232893.3 	输电线路图像在线监测装置 	2014.07.11 			
71 	外观设计 	发行人 	ZL201430232895.2 	避雷器在线监测装置（电流型） 	2014.07.11 			
72 	外观设计 	发行人 	ZL201430232903.3 	输电线路气象在线监测装置 	2014.07.11 			
73 	外观设计 	发行人 	ZL201430232907.1 	导线温度传感器 	2014.07.11 			
74 	外观设计 	发行人 	ZL201430232886.3 	配电自动化配变终端 	2014.07.11 			
75 	外观设计 	发行人 	ZL201430232908.6 	配电自动化馈线终端（箱式） 	2014.07.11 			
76 	外观设计 	发行人 	ZL201430224573.3 	标准油样配制箱（SS0C-2000） 	2014.07.07 			
77 	外观设计 	发行人 	ZL201430232873.6 	配电自动化站所终端 	2014.07.11 			
序号 	专利类型 	所有权人 	专利号 	专利名称 	专利申请日 	取得方式 		
78 	发行人 	ZL201430351315.1 	配电自动化站所终端 	2014.09.22 				
79 	发行人 	ZL201430361194.9 	配电自动化监控箱 	2014.09.26 				
80 	发行人 	ZL201430501438.9 	故障指示器（互感器取电） 	2014.12.05 				
81 	发行人 	ZL201530030585.7 	配电自动化馈线终端（箱式） 	2015.02.02 				
82 	发行人 	ZL201530061801.4 	托架 	2015.03.16 				
83 	发行人 	ZL201530429042.2 	充气柜（SF6 绝缘环网柜） 	2015.10.29 				
84 	申宁达智能 	ZL201630647199.7 	头盔（智能头盔） 	2016.12.26 				
85 	发行人 	ZL201630467976.X 	巡检机器人 	2016.09.12 				
86 	发行人 	ZL201730070698.9 	吸湿器 	2017.03.13 				
87 	申宁达智能 	ZL201730169821.2 	遥控装置（智能手牌） 	2017.05.10 				
88 	申宁达智能 	ZL201730169576.5 	头盔（智能头盔） 	2017.05.10 				
89 	申宁达智能 	ZL201730335770.6 	充电装置 	2017.07.27 				
90 	申宁达智能 	ZL201730335792.2 	电源盒 	2017.07.27 				
91 	申宁达智能 	ZL201730335704.9 	通信基站 	2017.07.27 				
								
序号 	名称 	登记号 	首次发表日期 	著作权人 	取得方式 			
1 	申昊变压器在线监测管理软件 V3.0 	2009SR06494 	2008.12.28 	申昊科技 	原始取得 			
2 	申昊变压器在线监测控制软件 V3.0 	2009SR06477 	2008.12.28 	申昊科技 	原始取得 			
3 	ISOM-6000 智能化变电站系统 V1.0 	2011SR029237 	2011.03.15 	申昊科技 	原始取得 			
4 	申昊变压器在线监测管理软件 V6.0 	2011SR030143 	2011.03.05 	申昊科技 	原始取得 			
								
5 	申昊洁净区动态监控管理软件 V1.0 	2011SR087154 	2011.03.01 					
6 	申昊铁芯接地在线监测系统测控软件 V2.0 	2012SR104422 	2011.06.12 					
7 	申昊 GIS 局部放电在线监测系统测控软件 V2.0 	2012SR104862 	2012.04.15 					
8 	申昊避雷器在线监测系统测控软件 V2.0 	2012SR106042 	2011.05.13 					
9 	申昊变压器局部放电在线监测系统测控软件 V2.0 	2012SR106044 	2012.03.16 					
10 	申昊变电站智能巡检辅助控制系统测控软件 V2.0 	2012SR105925 	2011.12.19 					
11 	申昊变压器在线监测管理软件 V7.0 	2012SR110118 	2011.03.05 					
12 	申昊电动自行车测试管理软件 V3.0 	2012SR118723 	2006.03.20 					
13 	申昊 SF6 微水在线监测系统测控软件 V1.0 	2013SR048041 	2012.11.26 					
14 	智能变电站状态接入控制系统软件 V1.0 	2013SR052442 	2012.07.20 					
15 	申昊配电线路故障在线监测系统测控软件 V2.0 	2014SR025563 	2013.09.10 					
16 	申昊输电线路气象在线监测系统测控软件 V2.0 	2014SR025566 	2013.04.10 					
17 	申昊红外线测温在线监测系统测控软件 V2.0 	2014SR061524 	2013.09.10 					
18 	申昊配电自动化控制站所终端测控软件 V2.0 	2014SR060657 	2013.09.10 					
19 	申昊配电自动化控制馈线终端测控软件 V2.0 	2014SR061527 	2013.05.10 					
20 	申昊智能变电站辅助系统综合监控平台软件 V2.0 	2014SR121193 	2014.05.10 					
21 	申昊输电线路图像在线监测系统测控软件 V2.0 	2014SR158344 	2014.05.15 					
22 	申昊输电线路等值覆冰厚度在线监测软件 V2.0 	2015SR064601 	2014.05.10 					
23 	申昊输电线路导线温度在线监测软件 V2.0 	2015SR143057 	2013.10.15 					
24 	申昊智能除湿测控软件 V1.0 	2015SR222064 	2015.09.01 					
25 	申昊变电站智能机器人巡检系统软件 V1.0 	2015SR223201 	2015.07.16 					
26 	申昊输电线路山火探测预警系统软件 V2.0 	2016SR026802 	2015.09.16 					
								
27 	申昊无线温度在线监测系统软件 V1.0 	2016SR048626 	2015.11.14 					
28 	申昊压板状态监测系统软件V2.0 	2016SR350240 	2016.08.10 					
29 	申昊三相负荷不平衡自动调节装置监控软件 V1.0 	2017SR010137 	2016.07.02 					
30 	申昊人脸识别系统软件 V1.0 	2017SR037563 	2016.11.14 					
31 	申昊自标定型变压器油中气体在线监测系统软件 V1.0 	2017SR073843 	2016.09.10 					
32 	申昊智能除湿器软件 V1.0 	2017SR198731 	2016.11.10 					
33 	申昊海缆视频监控系统软件V1.0 	2017SR201467 	2016.08.10 					
34 	申昊免维护智能型吸湿器（呼吸器）软件 V1.0 	2017SR206999 	2016.09.10 					
35 	申昊巡检机器人运行管理软件 V2.0 	2017SR423480 	2017.01.13 					
36 	申昊巡检机器人充电房控制软件 V1.0 	2017SR423489 	2016.09.21 					
37 	申昊巡检机器人本体控制软件 V2.0 	2017SR423497 	2017.01.15 					
38 	申昊户内挂轨式巡检机器人本体控制软件 V1.0 	2017SR628536 	2017.06.05 					
39 	申昊户内挂轨式巡检机器人运行管理软件 V1.0 	2017SR628697 	2017.06.03 					
40 	申昊户内挂轨式巡检机器人运行测控软件 V1.0 	2017SR638464 	2017.06.03 					
41 	申昊远传型故障指示器汇集软件 V2.0 	2017SR633823 	2017.06.03 					
42 	申昊远传型故障指示器采集软件 V2.0 	2017SR636377 	2017.06.03 					
43 	晟冠三相负荷不平衡自动调节装置监控软件 V1.0 	2017SR061034 	2016.08.02 	晟冠科技 	原始取得 			
44 	晟冠智能除湿器软件 V1.0 	2017SR149545 	2016.11.10 	晟冠科技 	原始取得 			
45 	晟冠海缆视频监控系统软件V1.0 	2017SR091411 	2016.09.10 	晟冠科技 	原始取得 			
46 	晟冠变压器免维护智能呼吸器软件 V1.0 	2017SR149564 	2016.09.10 	晟冠科技 	原始取得 			
47 	晟冠配电线路故障在线监测测控软件 V1.0 	2017SR146962 	2016.11.10 	晟冠科技 	原始取得 			
48 	申宁达三相负荷不平衡自动调节装置监控软件 V1.0 	2017SR107048 	2017.02.10 	申宁达智能 	原始取得 			
49 	申宁达智能头盔软件V1.0 	2017SR628668 	2017.05.15 	申宁达智能 	原始取得 			
								
50 	申宁达433M综合通信基站软件V1.0 	2017SR630456 	2017.03.20 					
51 	申宁达智能手牌软件V1.0 	2017SR629127 	2017.03.15 					
52 	申宁达无线充电箱软件V1.0 	2017SR628338 	2017.04.02 					
53 	申宁达电力作业智能安全管控系统软件V1.0 	2017SR605643 	2017.08.20 					
								
序号 	名称 	编号 	发证时间 	有效期 				
1 	申昊 GIS 局部放电在线监测系统测控软件V2.0 	浙 DGY-2013-0894 	2013.07.08 	五年 				
2 	申昊避雷器在线监测系统测控软件 V2.0 	浙 DGY-2013-0976 	2013.07.08 	五年 				
3 	申 昊铁 芯 接 地在 线 监测 系 统测 控 软 件V2.0 	浙 DGY-2013-1049 	2013.07.08 	五年 				
4 	申昊 SF6微水在线监测系统测控软件 V1.0 	浙 DGY-2013-1316 	2013.08.12 	五年 				
5 	申昊变压器局部放电在线监测系统测控软件 V2.0 	浙 DGY-2013-1317 	2013.08.12 	五年 				
6 	申昊智能变电站状态接入控制造系统软件V1.0 	浙 DGY-2013-1182 	2013.08.12 	五年 				
7 	申昊配电线路故障在线监测系统测控软件V2.0 	浙 DGY-2014-0623 	2014.04.08 	五年 				
8 	申昊配电自动化站所终端测控软件 V2.0 	浙 DGY-2014-0620 	2014.04.08 	五年 				
9 	申昊输电线路图像在线监测系统测控软件V2.0 	浙 DGY-2014-2086 	2014.11.03 	五年 				
10 	申昊配电自动化馈线终端测控软件 V2.0 	浙 DGY-2014-1018 	2014.06.05 	五年 				
11 	申昊输电线路气象在线监测系统测控软件V2.0 	浙 DGY-2014-1014 	2014.06.05 	五年 				
12 	申 昊红 外 测 温在 线 监测 系 统测 控 软 件V2.0 	浙 DGY-2014-1122 	2014.07.02 	五年 				
13 	申 昊输 电 线 路覆 冰 厚度 在 线 监 测软 件V2.0 	浙 DGY-2015-0762 	2015.05.25 	五年 				
14 	申 昊输 电 线 路导 线 温度 在 线监 测 软 件V2.0 	浙 DGY-2015-1290 	2015.07.30 	五年 				
15 	申昊智能变电站辅助系统综合监控平台软件 V2.0 	浙 DGY-2015-1288 	2015.07.30 	五年 				
								
序号 	域名 	主办单位名称 	申请时间 	备案编号 				
1 	www.shenhaoinfo.com 	申昊科技 	2003 年 09 月 29 日 	浙 ICP 备 09015103 号-1 				
2 	shengguantech.com 	晟冠科技 	2017 年 02 月 13 日 	浙ICP备17007239号-1 				
3 	suneed.cn 	申宁达智能 	2017 年 08 月 01 日 	苏ICP备17047685号-1 				
								
对应产品领域 	核心技术名称 	技术来源 	技术描述 					
智能巡检机器人 	移动机器人四轮驱动、四轮转向运动控制技术 	自主研发 	通过建立包括运动学、动力学和电机模型在内的完整的机器人数学模型，实现基于 Backstepping 方法的鲁棒轨迹跟踪控制方法 					
智能巡检机器人 	自主充电技术 	自主研发 	通过开发自主充电装置机构设计技术、防拉弧保护技术和机器人充电定位技术实现机器人的全自主充电 					
								
机器人定位与导航技术 	合作研发 	采用激光雷达与里程信息相融合的方法实现机器人的自主定位与导航 						
基于视觉的云台纠偏技术 	自主研发 	通过采用模式识别与图像匹配算法对云台在拍摄图片过程中出现的转动偏差进行智能化纠正 						
红外图像小目标精确匹配技术 	自主研发 	采用一种基于绝对误差总和与分支定界法的具有仿射变换不变性的红外图像匹配算法，可有效解决红外图像特征模糊及强风引起的待测区域发生形变导致匹配率低的问题 						
基于深度学习的图像识别技术 	合作研发 	将深度学习与支持向量机相结合，将多个限制性玻尔兹曼机与 SVM 连接构建多层分类模型，用深度学习的方法提取样本特征，然后用 SVM 方法进行分类，并将其应用到图像识别任务中 						
室内巡检机器人导轨设计技术 	自主研发 	采用包括导轨截面设计技术、弯道稳定技术和轻量化结构设计技术等实现室内巡检机器人的吊装导轨设计 						
室内巡检机器人弯道运行控制技术 	自主研发 	采用角度传感器反馈控制室内巡检机器人在导轨弯道处的运动控制 						
变压器油气分离技术 	自主研发 	采用真空全脱气法，通过气缸活塞往复运动的方式实现真空全脱气，不仅脱气率高，脱气速度快，而且采用油循环措施保证取油样的新鲜性和代表性，并通过有效的安全措施，防止对油样或变压器本体造成二次污染 						
多组分变压器油中溶解气体在线监测技术 	自主研发 	采用智能型热导传感器检测技术，实现多组分、高精度的变压器溶解特征气体的实时在线监测 						
油色谱自动标定技术 	自主研发 	通过开发一种线性热导传感器，并结合标准气体稀释法实现油色谱装置在全量程范围内的自动化标定和校准 						
容性设备绝缘监测技术 	自主研发 	采用 FFT 快速算法、零磁通传感检测技术和谐波分析法实现容性设备的绝缘特性在线监测 						
智能除湿技术 	自主研发 	采用含水量和露点关系的精确算法进行控制，并通过冷凝法技术，将箱体内的水分凝露为水后排出体外，实现智能化除湿的目的 						
无源无线测温技术 	自主研发 	采用 SAW（声表面波）传感器检测技术实现无源、无线式的测温方法 						
变压器呼吸器免维护技术 	自主研发 	采用自干燥循环利用技术实现变压器呼吸器的免维护 						
低功耗设计技术 	自主研发 	采用动态电压调节、门控时钟和可变频时钟等方式降低系统的静态功耗和动态功耗 						
智能电源管理技术 	自主研发 	通过采用太阳能涓流在线充电、电池充放电管理等技术实现风光互补式供电方案的智能化管理 						
配电线路故障定位技术 	自主研发 	通过对配电线路运行特征量的实时采集与准确分析，实时捕获配电线路上的短路故障和单相接地故障，并通过现场指示或信号远传的方式对故障点进行准确定位 						
电流互感器小电流取电技术 	自主研发 	采用二级式电流互感器拓扑结构的取电方式，实现小电流条件下的感应取电 						
远程在线升级技术 	自主研发 	采用 Boot 加双 Loader 的结构形式实现嵌入式设备的远程在线升级 						
								
输电在线监测 								
配电自动化 								
								
序号 	项目 	项目阶段[注] 	简要研发内容 					
1 	哥伦布导航系统 	开发阶段 	针对户外复杂变化环境的特点，开发基于北斗定位和神经网络自动驾驶模型组合技术的定位导航系统，增强定位导航的纠错能力和环境适应性 					
2 	变压器油中气体在线监测系统（光声光谱） 	开发阶段 	采用新型的光声光谱技术实现对变压器油中溶解特征故障气体的在线监测 					
3 	基于多传感器信息融合的自主移动机器人 	样机测试 	在第一代机器人基础上进行外观、集成化水平、工艺水平、可维护性、本体安全性、导航可靠性等方面的提升 					
4 	自主移动机器人导航技术开发 	开发阶段 	为自主移动机器人在复杂环境下具备自规划、自组织、自适应能力提供核心技术，实现真正的智能化和完全自主移动 					
5 	电力管廊导轨式智能机器人巡检系统 	开发阶段 	在原有智能巡检机器人功能的基础上，实现对电力隧道环境与设备的不间断监控 					
6 	SVG 核心功率单元 	开发阶段 	安装于各产生电能质量污染源头处，具备无功补偿、谐波滤除、减少三相不平衡度等功能，同时具备良好的在线状态监视及人机交互功能，达到电能质量问题治理目的 					
7 	电力海缆测温设备 	试运行 	开发一种通过对海底电缆线路运行环境和物理状态的检测，从而预测分析海底电缆的机械故障的设备 					
8 	断路器分合闸电流检测系统 	试运行 	通过对断路器线圈电流进行检测，从而预测分析机械故障 					
9 	变电站人员安全管控系统 	开发阶段 	开发一套具备人员识别、定位跟踪功能的作业行为监控系统，用于变电站人员管控 					
								
序号 	项目 	合作方 	项目阶段 	简要研发内容 	发行人参与的内容 			
1 	变电站智能巡检机器人第二代 	中国科学院微电子研究所 	试运行 	在第一代机器人基础上完成功能和性能的升级 	参与机械设计、硬件设计、电气设计、软、硬件测试 			
2 	电力海缆温度监测系统研发 	浙江科技学院 	试运行 	实现远程海缆温度信号采集、处理和传输等 	参与软硬件测试，协助完成设计方案和整体工艺技术的实现 			
3 	断路器分合闸电流测试仪 	浙江科技学院 	试运行 	实现对断路器分合闸电流的自检功能 	参与软硬件测试，协助完成设计方案和整体工艺技术的实现 			
4 	电力管廊沉降检测技术开发 	浙江大学 	开发阶段 	以导轨式智能机器人为核心，结合实时监控，数据采集服务器以及相关附件，可实现对电力隧道环境与设备的不间断监控。 	开展市场需求分析和企业需求分析，参与关键技术研发、成果转化等 			
5 	变压器油中特征气体光声光谱测量模块开发 	苏州微纳激光光子技术有限公司 	开发阶段 	所设计的模块能采用光声光谱分析原理，结合油气分离单元能实现对变压器油中气体组分的检测，满足有关变压器油中溶解气体在线检测装置规定的指标要求 	负责变压器油中特征气体光声光谱测量模块整体需求设计、输入输出接口研究、模块与变压器油中溶解气体在线检测装置的系统联调、阶段性评审、场内验收及鉴定；组织相关人员参与研发工作；协调处理项目双方器材、资金等事务 			
6 	核燃料组件氧化膜检测机器人 	中广核核电运营有限公司、河北工业大学 	总体方案论证阶段 	研究基于力控的涡流探头柔性测量方法，建核燃料组件氧化膜检测机器人系统，开展核电站现场应用验证及示范，实现核燃料组件氧化膜的高精度检测。 	高辐射场与突变温度场下高精度氧化膜测量方法以及复杂核环境的高精度涡流测量探头研制 			
								
年度 	2017 年 	2016 年 	2015 年 					
研发经费 	1,994.54 	1,385.87 	1,255.77 					
营业收入 	28,270.44 	19,356.50 	13,990.17 					
占营业收入比例 	7.06% 	7.16% 	8.98% 					
								
序号 	合作方 	合作项目内容 	合作期限 					
1 	杭州恒秒信息技术有限公司 	状态接入控制器 CAC 通信模块升级 	2015.06.10- 2016.06.09 					
2 	中国科学院微电子研究所 	变电站智能机器人巡检系统 	2014.07.01- 2016.06.30 					
3 	武汉凯柏科技有限公司 	①高压电缆 环 流在线 监测系统； ②高压电缆智能接地箱； ③基于分布式光纤技术的电缆温度在线监测系统（DTS）； ④复杂工况高压电缆载流量动态分析软件（DCR） 	2014.03.31- 2017.04.30 					
4 	中国计量学院 	红外测温监测子系统 	2014.03.21- 2015.03.22 					
5 	中国科学院微电子研究所 	变电站智能巡检机器人第二代 	2016.07.01- 2017.06.30 					
6 	北京市安信实科技有限公司 	变电站智能巡检机器人人脸识别系统 	2016.08.12- 2017.08.11 					
7 	杭州非同工业设计有限公司 	巡检机器人工业设计 	2017.06.16- 2017.08.23 					
8 	浙江科技学院 	电力海缆温度监测系统研发 	2017.01.05- 2018.06.30 					
9 	浙江科技学院 	断路器分合闸电流测试仪 	2016.10.20- 2017.12.31 					
10 	浙江大学 	电力管廊沉降检测技术开发 	2017.11.18- 2022.11.17 					
11 	苏州微纳激光光子技术有限公司 	变压器油中特征气体光声光谱测量模块开发 	2017 年 12 月至2018 年 12 月 					
12 	中广核核电运营有限公司、河北工业大学 	核燃料组件氧化膜检测机器人 	2017 年 12 月至2020 年 12 月 					
								
