主要产品系列 	主要型号 	产品示意图 	主要产品特点及用途 					
斜臂机 	X-550（PR,V） X-650（PR,V） XW-650（PR,V） 	 	适用于 50～250 吨的各型卧式射出成型机，主要用于简易成品及水口取出。上下手臂型式有单截式及双截式，上下行程为 550/650mm。爪旋结构，可以旋转成品 90 度。 					
侧取型机械手 	L-550（V） L-650（V） 	 	功能与斜臂机相同，专为各型立式射出成型机设计。 					
								
主要产品系列 	主要型号 	产品示意图 	主要产品特点及用途 					
横走 式 单 轴伺服机械手 	AD-80（S） 	 	适用于 50～650 吨各型卧式射出成型机的成品及水口取出。手臂型式有单截式及双截式，单 截 式 上 下 行 程 为600/700/800/900mm，双截式上下行程为 600/800/900/1,000/ 1,200mm。横走机构采用 AC伺服马达驱动，手臂采用双段倍速结构，易调整稳定。模内快速下降取物，模外慢速下降置物，具备“快拿轻放”动作功能，针对不同产品搭配各类冶具，实现稳定、完美的取出动作。 					
横走 式 单 轴双截 伺 服 机械手 	ADW-80（S） ADW-120（S） 	 	适用于 50～650 吨各型卧式射出成型机的成品及水口取出。手臂型式有单截式及双截式，单 截 式 上 下 行 程 为600/700/800/900mm，双截式上下行程为 600/800/900/1,000/ 1,200mm。横走机构采用 AC伺服马达驱动，手臂采用双段倍速结构，易调整稳定。模内快速下降取物，模外慢速下降置物，具备“快拿轻放”动作功能，针对不同产品搭配各类冶具，实现稳定、完美的取出动作。 					
								
主要产品系列 	主要型号 	产品示意图 	主要产品特点及用途 					
大型牛头式机械手 	MBW-200 MBW-300 	 	适用于 650～3,000 吨的各型卧式射出成型机成品 及 水口 取出。手臂采用双截式，上下行程为 2,000/2,500/3,000mm。各轴使用高性能的 AC 伺服马达驱动，齿轮齿条传动。走行部分导轨直角阶梯形 分 布跨 距					
								
主要产品系列 	主要型号 	产品示意图 	主要产品特点及用途 					
横走式三轴伺服机械手 	MD-50 MD-80 	 	适用于 50～3,000 吨的各型卧式射出成型机，应用于外观及精度要求较高的成品及水口取出。手臂型式有单截式及双截式，单截式上下行程为 600/700 /800/900/1,000/1,200mm，双截式上下行程为 800/900/1,000/ 1,100/1,300/1,500/1,700/2,000mm。各轴使用高性能的 AC 伺服马达驱动，具备超高速的取出时间。 本体结构高刚性设计，结构稳定震动小，耐久寿命长。配合高精度线性滑轨及皮带传动，速度快噪音低，定位准度可达0.1mm。 微电脑控制系统，全部自主研发，专门针对国内注塑机现状及安全保护不完善情况，在控制器内增加了较多的安全保护功能，为操作者及注塑机提供更完善的安全保护。 各轴均加装极限开关，在各方向终端位置均装有防撞装置，可有效防止操作失控。完善的软硬体双重保护功能，确保注塑机与机械手的运行安全。 					
横走式三轴双截伺服机械手 	MDW-80 MEW-80 MDW-110 MDW-170 	 	适用于 50～3,000 吨的各型卧式射出成型机，应用于外观及精度要求较高的成品及水口取出。手臂型式有单截式及双截式，单截式上下行程为 600/700 /800/900/1,000/1,200mm，双截式上下行程为 800/900/1,000/ 1,100/1,300/1,500/1,700/2,000mm。各轴使用高性能的 AC 伺服马达驱动，具备超高速的取出时间。 本体结构高刚性设计，结构稳定震动小，耐久寿命长。配合高精度线性滑轨及皮带传动，速度快噪音低，定位准度可达0.1mm。 微电脑控制系统，全部自主研发，专门针对国内注塑机现状及安全保护不完善情况，在控制器内增加了较多的安全保护功能，为操作者及注塑机提供更完善的安全保护。 各轴均加装极限开关，在各方向终端位置均装有防撞装置，可有效防止操作失控。完善的软硬体双重保护功能，确保注塑机与机械手的运行安全。 					
横走式五轴伺服机械手 	MD-50s MD-80s 	 	适用于 50～3,000 吨的各型卧式射出成型机，应用于外观及精度要求较高的成品及水口取出。手臂型式有单截式及双截式，单截式上下行程为 600/700 /800/900/1,000/1,200mm，双截式上下行程为 800/900/1,000/ 1,100/1,300/1,500/1,700/2,000mm。各轴使用高性能的 AC 伺服马达驱动，具备超高速的取出时间。 本体结构高刚性设计，结构稳定震动小，耐久寿命长。配合高精度线性滑轨及皮带传动，速度快噪音低，定位准度可达0.1mm。 微电脑控制系统，全部自主研发，专门针对国内注塑机现状及安全保护不完善情况，在控制器内增加了较多的安全保护功能，为操作者及注塑机提供更完善的安全保护。 各轴均加装极限开关，在各方向终端位置均装有防撞装置，可有效防止操作失控。完善的软硬体双重保护功能，确保注塑机与机械手的运行安全。 					
横走式五轴双截伺服机械手 	MDW-80s MEW-80s MDW-110s MDW-170s 	 	适用于 50～3,000 吨的各型卧式射出成型机，应用于外观及精度要求较高的成品及水口取出。手臂型式有单截式及双截式，单截式上下行程为 600/700 /800/900/1,000/1,200mm，双截式上下行程为 800/900/1,000/ 1,100/1,300/1,500/1,700/2,000mm。各轴使用高性能的 AC 伺服马达驱动，具备超高速的取出时间。 本体结构高刚性设计，结构稳定震动小，耐久寿命长。配合高精度线性滑轨及皮带传动，速度快噪音低，定位准度可达0.1mm。 微电脑控制系统，全部自主研发，专门针对国内注塑机现状及安全保护不完善情况，在控制器内增加了较多的安全保护功能，为操作者及注塑机提供更完善的安全保护。 各轴均加装极限开关，在各方向终端位置均装有防撞装置，可有效防止操作失控。完善的软硬体双重保护功能，确保注塑机与机械手的运行安全。 					
								
主要产品 	产品示意图 	主要产品特点及用途 						
智能手机外壳组装植入成型装备 	 	该装备使用 3 轴伺服机械手（负载 5kg），是公司为客户研发的智能手机外壳组装成型植入专用装备，能够满足智能手机生产工艺复杂、工作量大、劳动强度高的特殊需求，具有精度高、运行速度快、经济效益良好的突出特点。 						
全自动手机钢片埋入取出装备 	 	该装备使用公司自产的 5 轴伺服机械手（负载 5kg），用于手机钢片埋入成型生产工序，使用该装备能够确保运行周期恒定，有效提升产品稳定性，同时可避免工人在高温车间工作，改善车间生产环境，同时可以减少劳动用工，一个工人可以同时操作 5 台机。 						
								
主要产品 	产品示意图 	主要产品特点及用途 						
机器人自动植入眼镜铰链装备 	 	该装备使用 6 轴机器人（负重 5kg），可为不同镜框铰链做埋入处理，减少劳动用工，一人可以操作多台机器同时生产，安全可靠，效率成倍提升，并能改善车间生产环境，同时提升产品稳定性。 						
机器人自动打磨装备 	 	该装备使用 6 轴机器人（负重 5kg），是公司根据客户平板电脑后壳加工工序量身定制的打磨机台，结合工业机器人的灵活性、精准性等特点完成无痕打磨工序。使用该装备可避免工人过多的吸入粉尘，改善车间生产环境，并且便于管理，大幅提高效率和产品稳定性。 						
								
主要产品系列 	主要型号 	产品示意图 	主要产品特点及用途 					
干燥机系列 	THD6U~600U THD6UT~600UT THD6DT~800DT TCD-5 TCD-9 TCD-20 	 	采用不锈钢抛光的双层保温设计，保温效果好并且不污染原料，均匀分散的热风循环，用于塑料颗粒的干燥工作。用高温热风处理潮湿的原料，降低原料的含水率，以确保注塑产品的品质。装料容量在6~800Kg，普通型烤料温度最高 可 达 150 ℃ ， 不 锈 钢 型180℃，箱型干燥机 250℃，具备定时开关机功能，可选配热风回收、过滤，以达到更节省和环保。 					
除湿机系列 	TDH-50~3000 	 	主要与干燥机相搭配使用，稳定提供露点低于-40℃的除湿气体，专门对吸湿性较强的工程塑料，如 PA、PC、PBT、PET 等进行高效率的除湿作业，使原料中水分含量可低至200PPM 以下。 					
三机一体系列 	TCDH-515~70800 TCDE-15~400 	 	三机一体集除湿、干燥、送料三种功能于一体，使用双层保温的不锈钢干燥桶。用于工程塑料的干燥，除湿，输送。它占地面积小，移动安装方便。分为节能型和蜂巢转轮型两种，节能型安装方便，只需接压缩空气，不需要冷却水。蜂巢转轮型则效果稳定，可持续得到稳定低于-40℃的干燥空气。 					
自动吸料机 系列 	TAL-3（S）（ E） TAL-6（S）（ E） TAL-12S TAL-700G TAL-800G TAL-900G TAL-3HP~15HP 	 	用于塑料原料颗粒的输送，配备各种类型的负压风机作为动力源，具有输送量较大（最高可达 2000kg/H），输送距离长（最长可达 75 米），粉尘过滤能力较好的特点，并且根据不同型号可以搭配 1个至 4个的吸料斗，同时向多处送料，操作简易，效率高。 					
模温机系列 	TTW-12XX（D） TTW-14XX（D） TTW-16XX（D） TTW-18XX（D） TTW-20XX（D） TTO-30XX（D） TTO-35XX（D） TSWS-400T TSWS-800T 	 	用于模具的加热，和保持模温，提高制品的表面品质和结构强度，提高产品合格率，分为水式和油式两种。广泛用于注塑，挤出，压铸等行业。有各种加热功率与泵流量可选，最 高 温 度 水 式 从 120 至180 ，油式从 200 至 350 ，控制精度 1 ，以水或者油作为传热媒介，以间接冷却或者直接冷却的方式进行热交换，油式具有控温范围大，热					
								
稳定性好的优点。水式则具有热传导效率高，污染少，水资源容易取得，使用成本低等优点。 								
冷水机系列产品是用来提供低温循环冷冻水的一系列设备。用于给各类模具和设备的降温,也用于各种集中供水或者冷却的场合。广泛使用于塑料行业，电子行业，电镀行业，食品行业，医药行业，真空镀膜等等行业。它主要分为水冷式，风冷式，开放式几种，制冷功率从几 KW 至上千 KW。. 								
								
冷水机系列 	TCA-3（T）~50（T） TCW-3（T）~50（T） TCW-3TE~50TE 	 						
								
项目 	2016 年 1-6 月 	2016 年 1-6 月 	2015 年度 	2015 年度 	2014 年度 	2014 年度 	2013 年度 	2013 年度 
 	金额 （万元） 	比例 （%） 	金额 （万元） 	比例 （%） 	金额 （万元） 	比例 （%） 	金额 （万元） 	比例 （%） 
工业机器人应用及成套装备 	7,187.39 	47.37 	13,054.43 	43.24 	10,313.15 	48.36 	5,500.79 	36.21 
1.直角坐标机器人 	  5,771.23   	38.03 	11,877.98   	39.34 	  10,083.35 	47.29 	 5,500.79   	36.21 
1.1 单机 	4,892.12 	32.24 	9,961.39 	32.99 	8,906.35 	41.77 	5,434.15 	35.77 
1.2 配套方案 	 879.11   	5.79 	  1,916.59   	6.35 	  1,177.00   	5.52 	 66.64   	0.44 
2.多关节机器人应用方案 	 1,416.16   	9.33 	  1,176.45     	3.90 	 229.80   	1.08 	- 	- 
注塑机辅机设备 	5,345.43 	35.23 	11,585.87 	38.37 	8,223.29 	38.56 	6,929.15 	45.61 
注塑自动化供料及水电气系统 	2,186.58 	14.41 	4,360.61 	14.44 	2,037.05 	9.55 	2,205.04 	14.51 
其他注 	454.45 	2.99 	1,191.69 	3.95 	750.13 	3.52 	557.75 	3.67 
主营业务收入合计 	15,173.85 	100.00 	30,192.60 	100.00 	21,323.63 	100.00 	15,192.73 	100.00 
								
行业 	2016 年 1-6 月 	2015 年度 	2014 年度 	2013 年度 				
3C 产品 	4,423.91 	10,612.74 	10,423.49 	6,292.54 				
3C 产品 	4,423.91 	10,612.74 	10,423.49 	6,292.54 				
								
汽车零部件 	3,654.29 	4,490.28 	2,211.51 	1,177.81 				
								
家用电器 	1,796.41 	4,359.74 	1,782.93 	869.84 				
医疗器械 	447.59 	234.84 	295.66 	241.04 				
医疗器械 	447.59 	234.84 	295.66 	241.04 				
								
其他 	4,851.65   	10,495.00   	6,610.04   	6,611.50   				
								
合计 	15,173.85 	30,192.60 	21,323.63 	15,192.73 				
								
项目 	2016 年 1-6 月 	2016 年 1-6 月 	2015 年度 	2015 年度 	2014 年度 	2014 年度 	2013 年度 	2013 年度 
项目 	金额 （万元） 	比例（%） 	金额 （万元） 	比例（%） 	金额 （万元） 	比例（%） 	金额 （万元） 	比例（%） 
直销 	13,950.88 	91.94 	28,668.46 	94.95 	19,746.34 	92.60 	13,779.09 	90.70 
经销 	1,222.97 	8.06 	1,524.14 	5.05 	1,577.29 	7.40 	1,413.65 	9.30 
合计 	15,173.85 	100.00 	30,192.60 	100.00 	21,323.63 	100.00 	15,192.73 	100.00 
								
项目 	2016 年 1-6 月 	2016 年 1-6 月 	2015 年度 	2015 年度 	2014 年度 	2014 年度 	2013 年度 	2013 年度 
项目 	金额 （万元） 	占比（%） 	金额 （万元） 	占比（%） 	金额 （万元） 	占比（%） 	金额 （万元） 	占比（%） 
通 过 主 机厂销售 	127.80 	0.82 	175.58 	0.58 	405.26 	1.90 	717.03 	4.71 
公 司 营 业收入 	15,579.27 	100.00 	30,222.03 	100.00 	21,361.17 	100.00 	15,208.65 	100.00 
								
序号 	时间 	颁布机构 	法律法规 	主要内容 				
1 	2015年 	工信部 	《机器人十三五规划》 	2020 年目标，中国工业机器人的保有量达到 80 万台。 				
2 	2015年 	国务院 	《中国制造 2025》 	《中国制造 2025》是我国实施制造强国战略第一个十年的行动纲领。加快推动新一代信息技术与制造技术融合发展，把智能制造作为两化深度融合的主攻方向；着力发展智能装备和智能产品，推进生产过程智能化，培育新型生产方式，全面提升企业研发、生产、管理和服务的智能化水平。围绕汽车、机械、电子、危险品制造、国防军工、化工、轻工等工业机器人、特种机器人，以及医疗健康、家庭服务、教育娱乐等服务机器人应用需求，积极研发新产品，促进机器人标准化、模块化发展，扩大市场应用。突破机器人本体、减速器、伺服电机、控制器、传感器与驱动器等关键零部件及系统集成设计制造等技术瓶颈。 				
3 	2015年 	工信部 	《2015 年原材料工业转型发展工作要点》 	根据该工作要点，在机器人产业方面，扩大关键岗位机器人应用。在危害健康和危险作业环境、重复繁重劳动、智能采样分析等岗位推广一批专业机器人。 				
4 	2013年 	工信部 	《2013 年中国工业通信业运行报告》 	表示在加快推进产业转型升级、大力培育战略性新兴产业发展的政策背景下，2014 年高档机床、机器人等高端装备制造业有望加快发展。 				
5 	2013年 	工信部 	《关于推进工业机器人产业发展的指导意见》 	提出到 2020 年，形成较为完善的工业机器人产业体系，培育 3-5 家具有国际竞争力的龙头企业和 8-10 个配套产业集群；工业机器人行业和企业的技术创新能力和国际竞争能力明显增强，高端产品市场占有率提高到45%以上，机器人密度（每万名员工使用机器人台数）达到 100 以上，基本满足国防建设、国民经济和社会发展需要。 				
6 	2013年 	发改委 	《产业结构调整指导目录（2013 年修正本）》 	将“三轴以上联动的高速、精密数控机床及配套数控系统、伺服电机及驱动装置、功能部件”列为鼓励类项目。 				
7 	2012年 	工信部 	《高端装备制造业“十	提出“大力推进智能仪表、自动控制				
序号 	时间 	颁布机构 	法律法规 	主要内容 				
二五”发展规划》 	二五”发展规划》 	系统、工业机器人、关键执行和传动零部件的开发和产业化，开展基于机器人的自动化成形与加工装备生产线”。 						
《智能制造科技发展“十二五”专项规划》 	《智能制造科技发展“十二五”专项规划》 	提出攻克工业机器人本体、精密减速器、伺服驱动器和电机、控制器等核心部件的共性技术，自主研发工业机器人工程化产品，实现工业机器人及其核心部件的技术突破和产业化。 						
塑 料 机 械 行 业 “ 十二五”发展规划 	塑 料 机 械 行 业 “ 十二五”发展规划 	提出“十二五”期间塑料机械行业经济总量将保持年均增长 12%以上，到2015 年国产塑料机械国内市场价值量占有率稳定在 80%左右，并将重点发展精密塑料加工装备、节能型塑料成型和加工装备、大型塑料加工和成型装备、环境友好型加工装备等领域。 						
《国家“十二五”科学和技术发展规划》 	《国家“十二五”科学和技术发展规划》 	明确指出：“重点攻克数控系统、功能部件的核心关键技术，增强我国高档数控机床和基础制造装备的自主创新能力，实现主机与数控系统、功能部件协同发展，重型、超重型装备与精细装备统筹部署，打造完整产业链。国产高档数控系统国内市场占有率达到 8%～10%。研制 40 种重大、精密、成套装备，数控机床主机可靠性提高 60%以上，基本满足航天、船舶、汽车、发电设备制造等四个领域的重大需求”。 						
《当前优先发展的高技术产业化重点领域指南（2011 年度）》 	《当前优先发展的高技术产业化重点领域指南（2011 年度）》 	将工业自动化列入先进制造业中，以促进其发展。其中，明确提出大力发展：大型火电、石化、冶金、核电工程所需综合自动化系统，应用现场总线技术的检测与控制仪表，高性能智能化控制器，大型传动装置用高效、节能调速系统，数字化、智能化变送器和传感器，现场总线与无线网络集成的各种软件及硬件产品，智能化工业控制部件、控制器和执行机构，自动化测量仪表，工业无线控制、功能安全控制系统和设备。另外，还将大力发展大型部件自动化柔性装配技						
序号 	时间 	颁布机构 	法律法规 	主要内容 				
术及装备，主要包括面向数字化装配的结构设计、数字标工与数字量协调技术，数字化装配生产线，装配变形误差分析与容差分配技术，数字化装配仿真平台，数字化自动定位设备，数字化自动化制孔设备，柔性工装。 								
提出要改造提升制造业，提高装备制造业基础元器件研发和系统集成水平，推动装备产品智能化，推动重点领域跨越发展，大力发展高端装备制造等领域，重点发展智能制造装备等领域。 								
将高端装备制造业列为重点发展的战略新兴产业之一，并指出要“强化基础配套能力，积极发展以数字化，柔性化及系统集成技术为核心的智能制造装备”。 								
将节能塑料橡胶注射成型机、高速节能塑料挤出机组、大型高效二板注塑机等八类塑料机械和中高档数控及伺服驱动装置、数控机床电主轴及驱动装置等自动化应用列入技术进步和技术改造投资方向。 								
明确了装备制造业是给国民经济各行业提供技术装备的战略性产业。将“塑料成型机械”作为重点产业项目，并提出加快发展工业自动化控制系统及仪器仪表、中高档传感器等，夯实产业发展基础，振兴装备制造业。 								
								
8 	2012年 	科技部 						
9 	2011 年 	中国塑料机械工业协会 						
10 	2011 年 	科技部 						
11 	2011 年 	发改委、科技部、工信部、商务部、 知识产权局 						
								
12 	2011 年 	全国人大会议 	《国民经济和社会发展 第 十 二 个 五 年（2011-2015 年）规划纲要》 					
13 	2010年 	国务院 	《国务院关于加快培育和发展战略性新兴产 业 的 决 定 》（ 国 发[2010]32 号） 					
14 	2010年 	工信部 	《装备产业技术进步和技术改造投资方向》 					
15 	2009年 	国务院 	《装备制造业调整和振兴规划》 					
								
序号 	设备名称 	用途 	应用领域 					
1 	通用自动化装备 	功能以替代人工、提高生产精度和可靠性、提升效率为主 	各类制造行业 					
2 	自动化生产线 	可实现自动供料、自动装配、自动检验、自动包装等一系列装配流程的自动化，能够大幅节省人力、保证产品质量的稳定性 	电子、电器、机械、汽车、食品饮料等 					
3 	专用设备自动化控制系统 	可实现调速控制、节能两种效果 	造纸机械、纺织机械、注塑机、机床、风机等专用设备 					
								
年份 	国内塑料机械市场容量（亿元） 	其中：进口 （亿元） 	进口占比 （%） 	其中：国产 （亿元） 	国产占比 （%） 			
2008 年 	348.67 	179.51 	51.48 	169.16 	48.52 			
2009 年 	292.33 	86.18 	29.48 	206.15 	70.52 			
2010 年 	479.22 	134.54 	28.07 	344.68 	71.93 			
2011 年 	511.87 	144.03 	28.14 	367.85 	71.86 			
2012 年 	493.85 	133.96 	27.13 	359.89 	72.87 			
2013 年 	532.20 	112.84 	21.20 	419.36 	78.80 			
2014 年 	578.98 	120.96 	20.89 	458.02 	79.11 			
								
产品类别 	产品类别 	指标 	2016 年 1-6 月 	2015 年度 	2014 年度 	2013 年度 		
直角坐标机器人 	单机 	产能（套） 	1,800 	3,000 	2,100 	1,800 		
直角坐标机器人 	单机 	产量（套） 	1,787 	2,662 	2,235 	1,630 		
直角坐标机器人 	单机 	产能利用率（%） 	99.28 	88.73 	106.43 	90.56 		
直角坐标机器人 	配套方案 	产能（套） 	-- 	-- 	-- 	-- 		
直角坐标机器人 	配套方案 	产量（套） 	299 	438 	838 	197 		
直角坐标机器人 	配套方案 	产能利用率（%） 	-- 	-- 	-- 	-- 		
多关节机器人应用方案 	多关节机器人应用方案 	产能（套） 	-- 	-- 	-- 	-- 		
多关节机器人应用方案 	多关节机器人应用方案 	产量（套） 	72 	46 	9 	0 		
多关节机器人应用方案 	多关节机器人应用方案 	产能利用率（%） 	-- 	-- 	-- 	-- 		
注塑机辅机设备 	注塑机辅机设备 	产能（套） 	7,000 	10,200 	8,500 	8,000 		
注塑机辅机设备 	注塑机辅机设备 	产量（套） 	6,102 	9,652 	8,765 	7,594 		
注塑机辅机设备 	注塑机辅机设备 	产能利用率（%） 	87.17 	94.63 	103.12 	94.93 		
注塑自动化供料及水电气系统 	注塑自动化供料及水电气系统 	产能（套） 	-- 	-- 	-- 	-- 		
注塑自动化供料及水电气系统 	注塑自动化供料及水电气系统 	产量（套） 	71 	66 	56 	49 		
注塑自动化供料及水电气系统 	注塑自动化供料及水电气系统 	产能利用率（%） 	-- 	-- 	-- 	-- 		
								
产品类别 	产品类别 	指标 	2016 年 1-6 月 	2015 年度 	2014 年度 	2013 年度 		
直角坐标机器人 	单机 	产量（套） 	1,787 	2,662 	2,235 	1,630 		
直角坐标机器人 	单机 	销量（套） 	1,249 	2,482 	2,241 	1,500 		
直角坐标机器人 	单机 	产销率（%） 	69.89 	93.24 	100.27 	92.02 		
直角坐标机器人 	配套方案 	产量（套） 	343 	362 	930 	232 		
								
销量（套） 	299 	438 	838 	197 				
产销率（%） 	              87.17   	 120.99   	 90.11   	84.91  				
产量（套） 	72 	46 	9 	-  				
销量（套） 	67 	44 	6 	-  				
产销率（%） 	              93.06   	 95.65   	 66.67   	-  				
产量（套） 	6,102 	9,652 	8,765 	7,594 				
销量（套） 	5,626 	9,942 	8,663 	7,630 				
产销率（%） 	92.20 	103.00 	98.84 	100.47 				
产量（套） 	71 	66 	56 	49 				
销量（套） 	55 	77 	59 	45 				
产销率（%） 	              77.46   	 116.67   	 105.36   	 91.84   				
								
多关节机器人应用方案 								
注塑机辅机设备 								
注塑自动化供料及水电气系统 								
								
产品类别 	产品类别 	2016 年度 1-6 月 	2016 年度 1-6 月 	2015 年度 	2015 年度 	2014 年度 	2014 年度 	2013 年度 
产品类别 	产品类别 							
产品类别 	产品类别 	单价 	增幅 	单价 	增幅 	单价 	增幅 	单价 
产品类别 	产品类别 							
产品类别 	产品类别 	（元/套） 	（%） 	（元/套） 	（%） 	（元/套） 	（%） 	（元/套） 
直角坐标器人 	单机 	39,168.28 	-2.41 	40,134.54 	0.99 	39,742.75 	9.70 	36,227.69 
直角坐标器人 	配套方案 	29,401.76 	-32.81 	43,757.72 	211.54 	14,045.40 	315.22 	3,382.65 
多关节机器人应用方案 	多关节机器人应用方案 	211,366.88 	-20.95 	267,374.71 	-30.19 	383,000.00 	  	  
注塑机辅机设备 	注塑机辅机设备 	9,501.30 	-18.47 	11,653.46 	22.77 	9,492.43 	4.53 	9,081.46 
注塑自动化供料及水电气系统 	注塑自动化供料及水电气系统 	397,560.09 	-29.80 	566,313.61 	64.02 	345,263.49 	-29.54 	490,009.44 
								
序号 	客户名称 	金额（万元） 	收入占比（%） 	销售内容 	是否新增客户 			
1 	捷普绿点 	809.27 	5.19 	吸料机、模温机、三机一体、机械手 	否 			
2 	陆逊梯卡华宏（东莞）眼镜有限公司 	450.45 	2.89 	机器人、模温机 	否 			
3 	比亚迪 	440.93 	2.83 	机械手、模温机、除湿机 	否 			
4 	东莞市中泰模具股份有限公司 	440.00 	2.82 	机器人打磨设备 	否 			
5 	浙江弘驰科技股份有限公司 	434.19 	2.79 	自动化供料及水电气 	是 			
6 	北京嘉诚兴业工贸有限公司 	359.38 	2.31 	供料系统、冰水机、模温机 	否 			
7 	深圳市旺鑫精密工业有限公司 	340.95 	2.19 	打磨项目 	否 			
8 	长城汽车股份有限公司 	324.48 	2.08 	供料系统、机械手、模温机 	否 			
9 	海星科技（深圳）有限公司 	305.84 	1.96 	模温机、粉碎机 	是 			
10 	富 士 迈 半 导 体 精 密 工 业（上海）有限公司 	271.65 	1.74 	成型机用非标自动上下料机 	否 			
合计 	合计 	4,177.15 	26.80 	  	  			
								
序号 	客户名称 	金额（万元） 	收入占比（%） 	销售内容 	是否新增客户 			
1 	捷普绿点 	3,569.26   	11.81 	三机一体 	否 			
2 	美的 	1,036.33   	3.43 	模温机、机械手 	否 			
3 	富士迈半导体精密工业（上海）有限公司 	1,030.40   	3.41 	成型机用自动上下料机 	是 			
4 	信濠精密 	734.90   	2.43 	压铸机 	否 			
5 	飞雕电器集团有限公司 	581.20   	1.92 	供料系统、水系统、机械手 	是 			
6 	江苏辉丰农化股份有限公司 	517.52   	1.71 	供料系统、水系统、机械手 	是 			
7 	比亚迪 	430.50   	1.42 	模温机、冰水机、三机一体 	否 			
8 	深圳市恒晖印刷机械有限公司 	420.00   	1.39 	成型机用自动上下料机 	否 			
9 	三友控股集团有限公司 	410.26   	1.36 	供料系统、机械手 	是 			
10 	陆逊梯卡华宏（东莞）眼镜有限公司 	388.37   	1.29 	模温机、机械手 	否 			
合计 	合计 	9,118.74   	 30.17     	  	  			
								
序号 	客户名称 	金额（万元） 	收入占比（%） 	销售内容 	是否新增客户 			
1 	深圳市联懋塑胶有限公司 	1,264.22   	5.92 	粉碎机、机械手、非标自动化 	否 			
2 	捷普绿点 	712.00   	3.33 	模温机、三机一体 	否 			
3 	浙江哈尔斯真空器皿股份有限公司 	507.28   	2.37 	机械手、供料系统 	是 			
4 	丰岛 	504.22   	2.36 	机械手、粉碎机 	否 			
4 	深圳市福昌电子技术有限公司 	491.11   	2.30 	模温机、机械手 	否 			
5 	信濠精密 	487.17   	2.28 	模温机、三机一体 	否 			
6 	深圳市德威精密模具有限公司 	448.98   	2.10 	模温机、机械手、非标自动化 	否 			
7 	深圳市旺鑫精密工业有限公司 	440.60   	2.06 	模温机、机械手、干燥机 	否 			
9 	东莞市天元通金属科技有限公司 	355.38   	1.66 	全自动钻孔攻牙设备 	是 			
10 	深圳市信邦实业有限公司 	349.66   	1.64 	机械手、非标自动化 	否 			
合计 	合计 	5,560.62 	26.03 	  	  			
								
序号 	客户名称 	金额（万元） 	收入占比（%） 	销售内容 	是否新增客户 			
1 	河北冠鹏橡胶脚轮制造有限公司 	681.20   	4.48 	机械手、供料系统、干燥机 	否 			
2 	深圳市旺鑫精密工业有限公司 	661.08   	4.35 	机械手、模温机 	否 			
3 	劲胜 	640.44   	4.01 	机械手、模温机 	否 			
4 	大同机械（东莞）销售有限公司 	569.43   	3.74 	机械手、三机一体、模温机 	是 			
5 	西安凡高实业发展有限公司 	551.28   	3.62 	供料系统 	是 			
6 	深圳市联懋塑胶有限公司 	538.73   	3.54 	机械手、模温机 	否 			
7 	比亚迪 	377.07   	2.48 	机械手、三机一体、模温机 	否 			
8 	银宝山新 	317.55   	2.09 	机械手、三机一体、模温机 	否 			
9 	雷笛克光学 	306.15   	2.01 	机械手、模温机 	否 			
10 	深圳市德威精密模具有限公司 	283.42   	1.86 	机械手、三机一体、模温机 	否 			
合计 	合计 	4,926.35 	32.39 	  	  			
								
项目 	客户名称 	金额 （万元） 	占比（%） 	销售内容 	是否新增客户 			
1 	上海靖辅机械有限公司 	173.70 	1.11 	吸 料 机 、 模 温	否 			
								
机、粉碎机 								
模温机、三机一体、机械手 	否 							
机械手、冰水机 	否 							
机 械 手 、 干 燥机、三机一体 	否 							
机械手 	否 							
模温机、三机一体、机械手 	否 							
冰 水 机 、 干 燥机、吸料机、机械手 	否 							
机械手、非标治具 	否 							
计 量 机 、 吸 料机、粉碎机 	否 							
模 温 机 、 机 械手、冰水机 	否 							
 	 							
								
2 	乐清市海天机械销售有限公司 	149.13 	0.96 					
3 	中原塑料 	120.10 	0.77 					
4 	Contractoolscc.(南非） 	94.94 	0.61 					
5 	SEOJINTECHNICS.（韩国） 	77.04 	0.49 					
6 	长春市乐润达机械经销有限公司 	62.39 	0.40 					
7 	苏州莱俊德精密机械有限公司 	54.96 	0.35 					
8 	HTS(HidebrandTradingandServices)（澳大利亚） 	43.33 	0.28 					
9 	PLASMAXSOLUTIONSSDN.BHD.( 马来西亚） 	41.45 	0.27 					
10 	上海俱一自动化科技有限公司 	40.01 	0.26 					
合计 	合计 	857.07 	5.50 					
								
项目 	客户名称 	金额 （万元） 	占比（%） 	销售内容 	是否新增客户 			
1 	上海靖辅机械有限公司 	353.49 	1.17 	冰水机、机械手 	否 			
2 	乐清市海天机械销售有限公司 	204.43 	0.68 	冰水机、机械手、模温机 	否 			
3 	上海俱一自动化科技有限公司 	118.29 	0.39 	冰水机、机械手、三机一体 	否 			
4 	(南非）Contractoolscc. 	62.94 	0.21 	干燥机、搅拌机、吸料机 	否 			
5 	青岛润海辰商贸有限公司 	57.85 	0.19 	吸料机 	是 			
6 	昆山市周市嘉秉机械制造厂 	56.87 	0.19 	干燥机 	否 			
7 	苏州莱俊德精密机械有限公司 	50.18 	0.17 	机 械 手 、三 机 一体、模温机 	否 			
8 	中原塑料 	34.66 	0.11 	干燥机、粉碎机 	否 			
9 	(伊朗）PooladinjectionmoldingmachinesmanufacturingCo. 	33.69 	0.11 	干燥机、吸料机、粉碎机 	否 			
10 	(泰国）TrueTechMachineryCo.,LTD 	33.51 	0.11 	粉碎机、冰水机 	否 			
合计 	合计 	1,005.91 	3.33 	 	 			
								
项目 	客户名称 	金额 （万元） 	占比（%） 	销售内容 	是否新增客户 			
1 	上海靖辅机械有限公司 	432.98 	2.03 	吸料机、干燥机、模温机 	否 			
2 	深圳国孝贸易有限公司南山分公司 	108.59 	0.51 	机械手、输送带 	是 			
3 	苏州莱俊德精密机械有限公司 	97.02 	0.45 	干燥机、吸料机、冰水机 	否 			
4 	（印尼）EKAMAJUMESININDOPT 	88.59 	0.41 	干燥机、吸料机、冰水机 	是 			
5 	东莞市昱源富机械科技有限公司 	76.35 	0.36 	模温机、干燥机、粉碎机 	否 			
6 	中原塑料 	73.76 	0.35 	模温机、干燥机、吸料机 	否 			
7 	（韩国）ShinkorPlasticsTechnologies,Inc. 	65.20 	0.31 	中央供料 	否 			
8 	长春市海天机械经销有限公司 	63.82 	0.30 	冰水机、干燥机、粉碎机 	否 			
9 	(伊朗）PooladinjectionmoldingmachinesmanufacturingCo. 	45.23 	0.21 	干燥机、吸料机 	是 			
10 	瑞安市新潮进出口贸易有限公司 	43.63 	0.20 	干燥机、吸料机、冰水机 	是 			
合计 	合计 	1,095.15 	5.13 	 	 			
								
交易内容 	2016 年 1-6 月 	2015 年度 	2014 年度 	2013 年度 				
向昱源富公司销售商品 	16.90 	29.11 	76.35 	42.00 				
向昱源富公司支付代理服务费 	96.86 	132.44 	73.88 	18.46 				
								
项目 	客户名称 	金额 （万元） 	占比（%） 	销售内容 	是否新增客户 			
项目 	客户名称 	金额 （万元） 	占比（%） 	销售内容 	是否新增客户 			
1 	中原塑料 	221.68 	1.46 	粉碎机、冰水机、机械手 	否 			
2 	(南非）Contractoolscc. 	149.32 	0.98 	粉碎机、干燥机、吸料机 	否 			
3 	长春市海天机械经销有限公司 	146.33 	0.96 	三机一体、模温机、干燥机 	是 			
4 	苏州莱俊德精密机械有限公司 	143.10 	0.94 	模温机、冰水机、机械手 	否 			
5 	青岛正浩塑料机械有限公司 	123.50 	0.81 	粉碎机、除湿机 	否 			
6 	深圳市一达通企业服务有限公司 	95.29 	0.63 	机械手、粉碎机、干燥机 	否 			
7 	上海靖辅机械有限公司 	78.67 	0.52 	模温机、机械手 	否 			
8 	重庆鑫塑进机械销售服务有限公司 	73.58 	0.48 	冰水机、干燥机 	是 			
9 	东莞市昱源富机械科技有限公司 	42.00 	0.28 	模温机、机械手 	否 			
10 	昆山舒光照机械有限公司 	39.96 	0.26 	模温机、冰水机、除湿机 	否 			
合计 	合计 	1,113.43 	7.32 	 	 			
								
客户 	2016 年 1-6 月 	2015 年 	2014 年 	2013 年 				
Contractoolscc.(南非） 	94.94 	62.94 	38.29 	149.32 				
Contractoolscc.(南非） 	94.94 	62.94 	38.29 	149.32 				
EKAMAJUMESININDOPT.（印尼） 	22.38 	3.06 	88.59 	- 				
EKAMAJUMESININDOPT.（印尼） 	22.38 	3.06 	88.59 	- 				
ShinkorPlasticsTechnologies,Inc.（韩国） 	18.14 	26.39 	12.21 	28.61 				
ShinkorPlasticsTechnologies,Inc.（韩国） 	18.14 	26.39 	12.21 	28.61 				
								
SEOJINTECHNICS.（韩国） 	77.04 	5.36 	 	 				
								
PooladinjectionmoldingmachinesmanufacturingCo.（伊朗） 	2.91 	33.69 	45.23 	- 				
								
E-PlastAsia,Inc.（菲律宾） 	24.54 	15.13 	17.35 	21.86 				
								
SHINY-RAYINTERNATIONALCO.,LTD.（泰国） 	14.43 	1.21 	6.88 	50.12 				
ChinaPlassticMachinery,S.A.deC.V.（墨西哥） 	38.86 	26.24 	1.95 	- 				
ChinaPlassticMachinery,S.A.deC.V.（墨西哥） 	38.86 	26.24 	1.95 	- 				
								
ThaiUnitedPlasticIndustryCo.,Ltd（泰国）. 	 	24.47 	36.47 	- 				
MeikoVietnamCo.,Ltd（越南） 	 	55.01 	- 	- 				
MeikoVietnamCo.,Ltd（越南） 	 	55.01 	- 	- 				
PLASMAXSOLUTIONSSDN.BHD.(马来西亚） 	41.45 	6.91 	- 	 				
ARTEL（美国） 	- 	- 	- 	47.05 				
ARTEL（美国） 	- 	- 	- 	47.05 				
								
HTS(HidebrandTradingandServices)（澳大利亚） 	43.33 	2.29 	- 	- 				
								
BESTSUCCESSINDUSTRIALCO.,LTD.（台湾) 	6.98 	21.13 	16.86 	 				
								
DolphinProductsLimited.（香港） 	7.91 	28.60 	5.60 	 				
								
TrueTechMachineryCo.,LTD.（泰国） 	2.49 	33.51 	4.53 	 				
PT.AMTEKPLASTICBATAM（印尼） 	 	 	 	33.62 				
PT.AMTEKPLASTICBATAM（印尼） 	 	 	 	33.62 				
TOSHIBAMACHINA[CHENNAI]PVT.LTD.(印度） 	26.18 	7.19 	0.00 	 				
TOSHIBAMACHINA[CHENNAI]PVT.LTD.(印度） 	26.18 	7.19 	0.00 	 				
								
TSTMachinery&AUTOMATI;ONsDNBhd.(马来西亚） 	 	23.34 	5.54 	3.88 				
								
WaltonHi-techIndustriesLtd.（孟加拉国） 	 	 	31.05 	 				
								
WelltecNorthAmericaLLC(美国） 	 	 	 	30.72 				
								
LeandroCarlosFabro.(阿根廷) 	 	27.20 	1.97 	0.00 				
A&AI;NDUSTRLAL.（英国） 	10.82 	15.22 	2.70 	0.00 				
A&AI;NDUSTRLAL.（英国） 	10.82 	15.22 	2.70 	0.00 				
SanTechnology,Inc.(墨西哥） 	 	 	 	26.31 				
SanTechnology,Inc.(墨西哥） 	 	 	 	26.31 				
								
NoktaPlastikTeknolojileriSan.VeTic.Ltd.Sti.（土耳其） 	 	8.00 	15.89 	 				
M/sSalcompManufacturingIndiaPvtLtd.（印度） 	 	 	23.75 	 				
M/sSalcompManufacturingIndiaPvtLtd.（印度） 	 	 	23.75 	 				
								
GrupoIndustrialAmbarS.A.deC.V.(墨西哥） 	 	 	9.53 	13.79 				
								
GREENPAKFORPLASTICINDUSTRIES（埃及） 	 	23.08 	 	 				
D&MEnterpr;ises（印度） 	 	 	 	18.55 				
D&MEnterpr;ises（印度） 	 	 	 	18.55 				
								
SaferyS.A.(阿根廷) 	14.89 	 	 	0.00 				
								
TrueTechMachineryCo.,LTD.(泰国） 	 	 	 	14.30 				
								
IboplastSrl.（意大利） 	 	 	14.16 	 				
								
D&MEnterpr;ises.（土耳其） 	 	 	12.51 	 				
INJECMAXSDNBHD.(马来西亚） 	12.41 	 	 	 				
INJECMAXSDNBHD.(马来西亚） 	12.41 	 	 	 				
PLASTORS.A.（罗马尼亚） 	11.40 	 	 	 				
PLASTORS.A.（罗马尼亚） 	11.40 	 	 	 				
TechmaEngineering(Pvt)Ltd.(斯里兰卡） 	10.06 	1.18 	 	 				
TechmaEngineering(Pvt)Ltd.(斯里兰卡） 	10.06 	1.18 	 	 				
								
CosmosPolandMachinery（波兰） 	 	10.42 	 	 				
								
TRUFFFERRAMENTARIA（巴西） 	 	 	 	10.32 				
								
TBM-MINHPHATPRODUCINGTRADINGCO.,LTD.（越南） 	 	5.13 	4.65 	 				
								
WelltecNorthAmericaLLC.(美国） 	 	8.97 	 	 				
								
FNCTradingCo.（韩国） 	 	1.33 	6.25 	 				
								
MoldsUnlimited.（美国） 	1.25 	5.78 	 	 				
								
CHESOMACHINERYPTELTD.（越南） 	 	 	6.96 	 				
SouthEastEuropePackagedoo.（塞尔维亚） 	 	 	 	6.32 				
SouthEastEuropePackagedoo.（塞尔维亚） 	 	 	 	6.32 				
MachinerySupplyEst(沙特） 	 	5.79 	 	 				
MachinerySupplyEst(沙特） 	 	5.79 	 	 				
								
SouthernCrossAsiaPacific-S.C.A.P.Pty.	 	 	5.44 	 				
（澳大利亚） 								
								
TeproMakineveOtomSistemleriTic.Ltd.Sti.（土耳其） 	3.22 	1.95 	0.00 	 				
								
ProgressoEngineeringCo,Ltd.（台湾) 	 	 	4.81 	 				
								
YuilsystemCo.ltd.(韩国） 	 	 	4.73 	 				
								
TaeYangElectricCorpration.（韩国） 	 	 	4.67 	 				
								
DiamondLine.(美国) 	 	4.63 	 	 				
JaplasInjectionMouldersCorp.(菲律宾） 	1.96 	2.25 	 	 				
JaplasInjectionMouldersCorp.(菲律宾） 	1.96 	2.25 	 	 				
LEADSUNCO.,LTD.（泰国） 	 	 	 	4.04 				
LEADSUNCO.,LTD.（泰国） 	 	 	 	4.04 				
								
GecarMachineSolutionsInc.(菲律宾） 	2.84 	0.64 	 	 				
								
NassarPlasticFactories（埃及） 	 	3.06 	 	 				
								
TietexAsia,Ltd（泰国） 	 	 	 	3.04 				
								
ArreauIndustriesCC.（南非） 	2.80 	 	 	 				
								
AYTEKSOGUTMA（土耳其） 	 	 	 	1.40 				
Chemence,Inc.（美国） 	 	1.35 	 	 				
Chemence,Inc.（美国） 	 	1.35 	 	 				
TecnoservInd.Com.Imp.EExp.Ltda.（巴西） 	 	1.35 	 	 				
TecnoservInd.Com.Imp.EExp.Ltda.（巴西） 	 	1.35 	 	 				
								
GENERALELEKTRONICTRADE（乌兹别克） 	 	1.28 	 	 				
								
IntegratedTechnologiesInternational.（美国） 	 	 	0.28 	 				
IncreaseTechnologyCo.,Ltd（泰国） 	 	 	 	0.17 				
IncreaseTechnologyCo.,Ltd（泰国） 	 	 	 	0.17 				
ABHMachinerySdn.Bhd.（马来西亚） 	 	 	 	 				
ABHMachinerySdn.Bhd.（马来西亚） 	 	 	 	 				
								
瑞安市五洋进出口贸易有限公司 	 	12.67 	 	 				
								
Plastiques Machines Industrie（突尼斯）   	 	 	 	0.05 				
								
合计 	493.25 	517.72 	428.82 	463.48 				
								
原材料类别 	2016 年 1-6 月 	2016 年 1-6 月 	2015 年度 	2015 年度 	2014 年度 	2014 年度 	2013 年度 	2013 年度 
原材料类别 	金额 （万元） 	占比 （%） 	金额 （万元） 	占比 （%） 	金额 （万元） 	占比 （%） 	金额 （万元） 	占比 （%） 
定制件 	2,205.78 	22.47 	4,431.48 	27.00 	2,245.06 	23.3 	1,229.45 	18.3 
钢材 	628.25 	6.40 	1,124.32 	6.85 	803.66 	8.34 	797.66 	11.87 
泵浦 	221.51 	2.26 	956.48 	5.83 	417.23 	4.33 	229.84 	3.42 
多关节机器人裸机 	1,551.03 	15.80 	1,017.52 	6.20 	94.53 	0.98 	-- 	-- 
伺服驱动器 	365.89 	3.73 	871.04 	5.31 	688.67 	7.15 	448.37 	6.67 
线缆 	289.11 	2.95 	672.61 	4.10 	365.83 	3.80 	398.51 	5.93 
伺服马达 	334.72 	3.41 	670.39 	4.08 	545.31 	5.66 	295.76 	4.40 
减速机 	236.53 	2.41 	455.82 	2.78 	469.53 	4.87 	276.5 	4.12 
风机 	206.49 	2.10 	362.68 	2.21 	277.89 	2.88 	224.39 	3.34 
导轨 	233.28 	2.38 	410.48 	2.50 	284.30 	2.95 	306.22 	4.56 
控制器 	157.21 	1.60 	328.96 	2.00 	283.24 	2.94 	201.96 	3.01 
电磁阀 	127.28 	1.30 	254.44 	1.55 	228.47 	2.37 	164.66 	2.45 
气缸 	151.67 	1.55 	219.87 	1.34 	213.96 	2.22 	186.35 	2.77 
其他 	3,106.23 	31.65 	4,639.68 	28.26 	2,719.20 	28.22 	1,959.50 	29.16 
合计 	9,814.98 	100.00 	16,415.76 	100.00 	9,636.87 	100.00 	6,719.17 	100.00 
								
定制件种类 	2016 年 1-6 月 	2015 年度 	2014 年度 	2013 年度 				
整机设备注 	 981.77   	1,268.75 	654.20 	444.54 				
其中：粉碎机 	              400.65   	249.51 	223.88 	191.05 				
干燥机 	             10.61   	2.56 	12.75 	5.65 				
混合计量 	              247.61   	263.55 	116.56 	112.37 				
直角坐标机器人 	                  0.47   	11.28 	6.07 	20.51 				
冷水机 	              160.50   	287.21 	187.95 	69.92 				
模温机 	    -  	-- 	0.44 	-- 				
筛选机 	                  5.06   	20.20 	18.54 	15.90 				
输送带 	              156.87   	434.45 	88.01 	29.13 				
五金零配件 	 1,119.39   	2,833.70 	1,185.48 	601.82 				
其他 	              104.62   	329.03 	405.38 	183.09 				
合计 	 2,205.78   	4,431.48 	2,245.06 	1,229.45 				
生产成本 	8,589.24 	14,533.09 	10,162.85 	7,115.98 				
定制件采购成本占生产成本的比例（%） 	25.68 	30.49 	22.09 	17.28 				
								
能源类别 	2016 年 1-6 月 	2016 年 1-6 月 	2015 年度 	2015 年度 	2014 年度 	2014 年度 	2013 年度 	2013 年度 
能源类别 	金额 （万元） 	占比 （%） 	金额 （万元） 	占比（%） 	金额 （万元） 	占比（%） 	金额 （万元） 	占比（%） 
水 	2.20 	4.42 	3.73 	3.54 	3.13 	3.58 	2.91 	3.95 
电 	47.62 	95.58 	101.49 	96.46 	84.21 	96.42 	70.81 	96.05 
合计 	49.82 	100.00 	105.22 	100.00 	87.34 	100.00 	73.72 	100.00 
								
原材料 类别 	单位 	2016 年 1-6 月 	2016 年 1-6 月 	2015 年度 	2015 年度 	2014 年度 	2014 年度 	2013年度 
原材料 类别 	单位 	采购 单价 	增幅（%） 	采购 单价 	增幅（%） 	采购 单价 	增幅（%） 	采购 单价 
定制件 	元/PCS 	43.94 	-31.46 	64.11 	40.74 	45.55 	29.44 	35.19 
钢材 	元/千克 	3.89 	-9.32 	4.29 	-14.54 	5.02 	-6.34 	5.36 
泵浦 	元/PCS 	727.22 	-38.64 	1,185.22 	76.10 	673.05 	28.88 	522.25 
多关节机器人裸机 	元/台 	97,548.78 	2.58 	95,095.45 	0.60 	94,529.92 	-- 	-- 
伺服驱动器 	元/PCS 	1,081.87 	-10.82 	1,213.14 	-3.17 	1,252.81 	-7.76 	1,358.28 
线缆 	元/米 	4.35 	11.83 	3.89 	22.33 	3.18 	-20.10 	3.98 
伺服马达 	元/PCS 	859.37 	-5.60 	910.36 	-5.33 	961.58 	-4.06 	1,002.25 
减速机 	元/PCS 	475.91 	-15.53 	563.37 	-20.39 	707.66 	4.96 	674.23 
风机 	元/PCS 	510.11 	-13.64 	590.68 	19.12 	495.88 	10.83 	447.44 
导轨 	元/米 	184.25 	10.24 	205.27 	2.79 	199.69 	-40.98 	338.32 
控制器 	元/PCS 	155.88 	-8.40 	170.18 	-13.35 	196.39 	-11.40 	221.67 
电磁阀 	元/PCS 	48.01 	-21.27 	60.98 	-3.80 	63.39 	4.19 	60.84 
气缸 	元/PCS 	94.87 	3.23 	91.90 	-8.89 	100.87 	-14.33 	117.74 
								
序号 	供应商 	采购内容 	数量（PCS0） 	单价（元/PCS） 	金额（万元） 	采购占比（%） 		
1 	ABB 机器人 	机器人 	118 	97,196.87 	1,146.92 	11.69 		
								
序号 	供应商 	采购内容 	数量（PCS0） 	单价（元/PCS） 	金额（万元） 	采购占比（%） 		
2 	上海芳贺电机有限公司 	伺服马达 	2,027 	999.66 	202.63 	2.06 		
2 	上海芳贺电机有限公司 	伺服驱动器 	2,143 	1,130.86 	242.34 	2.47 		
2 	上海芳贺电机有限公司 	其他 	8,878 	34.08 	30.26 	0.31 		
2 	小计 	小计 	 	 	475.23 	4.84 		
3 	东莞市正一轴承机械有限公司 	导轨 	12,121 	182.76 	221.52 	2.26 		
3 	东莞市正一轴承机械有限公司 	滑块 	21,936 	69.65 	152.78 	1.56 		
3 	小计 	小计 	 	 	374.30 	3.81 		
4 	东莞市新泉精密五金有限公司 	五金加工件 	299,466 	11.95 	357.78 	3.65 		
5 	乐清市潮浩机电有限公司 	粉碎机 	217 	11,106.25 	241.01 	2.46 		
5 	乐清市潮浩机电有限公司 	储料桶、回收装置 	92 	1,190.08 	10.95 	0.11 		
5 	小计 	小计 	 	 	251.95 	2.57 		
6 	安川电机 	机器人 	31 	108,905.43 	337.61 	3.44 		
7 	东莞市泰丰空调制冷设备有限公司 	冷水机 	85 	18,882.86 	160.50 	1.64 		
7 	东莞市泰丰空调制冷设备有限公司 	冷水机配件 	410 	1,592.57 	65.30 	0.67 		
7 	小计 	小计 	 	 	225.80 	2.30 		
8 	广东坚宝电缆有限公司 	线缆 	167,859 	12.99 	218.13 	2.22 		
9 	珠海市入江机电设备有限公司 	减速机 	3,452 	546.79 	188.75 	1.92 		
10 	东莞市天友智云五金科技有限公司 	气缸 	4,657 	165.09 	76.88 	0.78 		
10 	东莞市天友智云五金科技有限公司 	配件 	24,818 	17.6 	43.68 	0.45 		
10 	东莞市天友智云五金科技有限公司 	电磁阀 	149 	4,497.60 	67.01 	0.68 		
10 	小计 	小计 	 	 	187.57 	1.91 		
合计 	合计 	合计 	 	 	3,764.05 	38.35 		
								
序号 	供应商 	采购内容 	数量（PCS） 	单价（元/PCS） 	金额（万元） 	采购占比（%） 		
1 	深圳市怡富数控设备有限公司 	伺服马达 	4,289 	952.02 	408.32 	2.49 		
1 	深圳市怡富数控设备有限公司 	伺 服 驱 动器 	4,546 	1,324.13 	601.95 	3.67 		
1 	深圳市怡富数控设备有限公司 	以太网ASIC 	1,530 	59.07 	9.04 	0.06 		
1 	深圳市怡富数控设备有限公司 	其他 	30 	1,073.79 	3.22 	0.02 		
1 	小计 	小计 	  	  	1,022.53 	6.23 		
2 	广州元新机械设备有限公司 	泵浦 	3,364 	2,026.05 	681.56 	4.15 		
2 	广州元新机械设备有限公司 	五 金 加 工	1,742 	21.37 	3.72 	0.02 		
序号 	供应商 	采购内容 	数量（PCS） 	单价（元/PCS） 	金额（万元） 	采购占比（%） 		
件 								
配件 	2,495 	56.87 	14.19 	0.09 				
  	  	699.48 	4.26 					
65 	96,975.67 	630.34 	3.84 					
15,672 	229.29 	359.35 	2.19 					
35,523 	70.66 	251.02 	1.53 					
217 	117.45 	2.55 	0.02 					
  	  	612.92 	3.73 					
375,240 	13.75 	515.99 	3.14 					
15 	303,128.21 	454.69 	2.77 					
2 	130,341.89 	26.07 	0.16 					
  	  	480.76 	2.93 					
839,745 	5.63 	473.13 	2.88 					
49 	82,068.73 	402.14 	2.45 					
1,904 	977.82 	186.18 	1.13 					
1,711 	1,168.17 	199.87 	1.22 					
1,963 	48.7 	9.56 	0.06 					
  	  	395.61 	2.41 					
97 	27,934.62 	270.97 	1.65 					
402 	1,010.75 	40.63 	0.25 					
  	  	311.60 	1.90 					
  	  	5,544.49 	33.78 					
								
小计 	小计 							
上海 ABB 工程有限公司 	机器人 							
东莞市正一轴承机械有限公司 	导轨 							
东莞市正一轴承机械有限公司 	滑块 							
东莞市正一轴承机械有限公司 	其他 							
小计 	小计 							
东莞市新泉精密五金有限公司 	五 金 加 工件 							
东莞市隆盛智能装备股份有限公司 	压 铸 机 自动化系统 							
东莞市隆盛智能装备股份有限公司 	线 性 机 器人 							
小计 	小计 							
广东坚宝电缆有限公司 	线缆 							
安川电机（中国）有限公司 	机器人 							
上海芳贺电机有限公司 	伺服马达 							
上海芳贺电机有限公司 	伺 服 驱 动器 							
上海芳贺电机有限公司 	其他 							
小计 	小计 							
东莞市泰丰空调制冷设备有限公司 	冷水机 							
东莞市泰丰空调制冷设备有限公司 	冷 水 机 配件 							
小计 	小计 							
								
3 								
4 								
5 								
6 								
7 								
8 								
9 								
10 								
合计 	合计 							
								
序号 	供应商 	采购内容 	数量（PCS） 	单价 （元/PCS） 	金额（万元） 	采购占比（%） 		
1 	深 圳 市 怡 富数 控 设 备 有限公司 	伺服马达 	3,271 	1,001.22 	327.50 	3.40 		
1 	深 圳 市 怡 富数 控 设 备 有限公司 	伺服驱动器 	3,075 	1,362.22 	418.88 	4.35 		
1 	深 圳 市 怡 富数 控 设 备 有限公司 	其他 	936 	105.67 	9.89 	0.10 		
1 	小计 	小计 	 	 	756.27 	7.85 		
2 	珠 海 市 入 江机 电 设 备 有限公司 	伺服马达 	1,000 	1,048.99 	104.90 	1.09 		
2 	珠 海 市 入 江机 电 设 备 有限公司 	伺服驱动器 	1,031 	1,450.21 	149.52 	1.55 		
2 	珠 海 市 入 江机 电 设 备 有限公司 	其他 	5,049 	712.69 	359.84 	3.73 		
2 	小计 	小计 	 	 	614.25 	6.37 		
序号 	供应商 	采购内容 	数量（PCS） 	单价 （元/PCS） 	金额（万元） 	采购占比（%） 		
3 	东 莞 市 正 一轴 承 机 械 有限公司 	导轨 	10,722 	209.67 	224.81 	2.33 		
3 	东 莞 市 正 一轴 承 机 械 有限公司 	其他 	25,772 	68.12 	175.57 	1.82 		
3 	小计 	小计 	 	 	400.38 	4.15 		
4 	东 莞 市 泰 丰空 调 制 冷 设备有限公司 	冷水机 	76 	24,730.09 	187.95 	1.95 		
4 	东 莞 市 泰 丰空 调 制 冷 设备有限公司 	冷水机配件 	636 	511.43 	32.57 	0.34 		
4 	小计 	小计 	 	 	220.52 	2.29 		
5 	深 圳 新 成 建材有限公司 	钢材 	325,802 	6.50, 	211.88 	2.20 		
5 	深 圳 新 成 建材有限公司 	其他 	2,910 	12.45, 	3.62 	0.04 		
5 	小计 	小计 	 	 	215.50 	2.24 		
6 	南 京 埃 斯 顿自 动 控 制 技术有限公司 	控制器 	87 	412.47 	3.59 	0.04 		
6 	南 京 埃 斯 顿自 动 控 制 技术有限公司 	伺服马达 	1,373 	790.13 	108.48 	1.13 		
6 	南 京 埃 斯 顿自 动 控 制 技术有限公司 	伺服驱动器 	1,184 	831.23 	98.42 	1.02 		
6 	小计 	小计 	 	 	210.49 	2.18 		
7 	东 莞 市 新 泉精 密 五 金 有限公司 	五金加工件 	206,554 	10.14 	209.38 	2.17 		
8 	汕 头 市 天 泰机 械 有 限 公司 	风机 	3,613 	487.86 	176.26 	1.83 		
8 	汕 头 市 天 泰机 械 有 限 公司 	五金加工件 	18,114 	8.85 	16.03 	0.17 		
8 	汕 头 市 天 泰机 械 有 限 公司 	其他 	4,869 	3.9 	1.90 	0.02 		
8 	小计 	小计 	 	 	194.20 	2.02 		
9 	广 州 市 邦 普电 脑 技 术 开发有限公司 	控制器 	5,751 	328.92 	189.16 	1.96 		
9 	广 州 市 邦 普电 脑 技 术 开发有限公司 	其他 	8 	24.145 	0.02 	0.00 		
9 	小计 	小计 	 	 	189.18 	1.96 		
10 	东 莞 市 启 丰机 电 设 备 有限公司 	五金加工件 	14,567 	16.61 	24.20 	0.25 		
10 	东 莞 市 启 丰机 电 设 备 有限公司 	控制器 	9 	41.79 	0.04 	0.00 		
10 	东 莞 市 启 丰机 电 设 备 有限公司 	其他 	- 	5.28 	154.08 	1.60 		
10 	小计 	小计 	 	 	178.31 	1.85 		
合计 	合计 	合计 	 	 	3188.48 	33.09 		
								
序号 	供应商 	采购内容 	数量（PCS） 	单价 （元/PCS） 	金额 （万元） 	采购占比（%） 		
1 	珠海市入江机电设备有限公司 	伺服马达 	1,195 	1,135.94 	135.74 	2.02 		
1 	珠海市入江机电设备有限公司 	伺服驱动器 	1,424 	1,417.37 	201.83 	3.00 		
1 	珠海市入江机电设备有限公司 	其他 	3,678 	701.52 	258.02 	3.84 		
1 	珠海市入江机电设备有限公司 	小计 	 	 	595.59 	8.86 		
2 	深圳市怡富数控设备有限公司 	伺服马达 	1,508 	952.61 	143.65 	2.14 		
2 	深圳市怡富数控设备有限公司 	伺服驱动器 	1,624 	1,393.42 	226.29 	3.37 		
2 	深圳市怡富数控设备有限公司 	其他 	59 	433.72 	2.56 	0.04 		
2 	深圳市怡富数控设备有限公司 	小计 	 	 	372.5 	5.54 		
3 	佛山市仕喜	钢材 	891,883 	4.14 	368.99 	5.49 		
序号 	供应商 	采购内容 	数量（PCS） 	单价 （元/PCS） 	金额 （万元） 	采购占比（%） 		
贸易有限公司 								
深圳市海威机电有限公司 	导轨 	7,105 	416.27 	295.76 	4.40 			
深圳市海威机电有限公司 	其他 	175 	73.63 	1.29 	0.02 			
深圳市海威机电有限公司 	小计 	 	 	297.05 	4.42 			
广州元新机械设备有限公司 	泵浦 	2,482 	694.79 	172.45 	2.57 			
广州元新机械设备有限公司 	控制器 	124 	67.24 	0.83 	0.01 			
广州元新机械设备有限公司 	其他 	1,673 	94.54 	15.82 	0.24 			
广州元新机械设备有限公司 	小计 	 	 	189.10 	2.81 			
汕头市天泰机械有限公司 	风机 	3,234 	477.61 	154.46 	2.30 			
汕头市天泰机械有限公司 	五金加工件 	15,994 	10.52 	16.83 	0.25 			
汕头市天泰机械有限公司 	其他 	5,493 	3.9 	2.14 	0.03 			
小计 	小计 	 	 	173.43 	2.58 			
东莞市统益塑料机械制造有限公司 	五金加工件 	2,842 	540.56 	153.63 	2.29 			
东莞市新泉精密五金有限公司 	五金加工件 	171,089 	8.54 	146.17 	2.18 			
广州创嘉自动化设备有限公司 	气缸 	3,638 	164.6 	59.88 	0.89 			
广州创嘉自动化设备有限公司 	其他 	10,162 	67.27 	68.36 	1.02 			
广州创嘉自动化设备有限公司 	小计 	 	 	128.24 	1.91 			
广州市邦普电脑技术开发有限公司 	控制器 	3,849 	327.27 	125.97 	1.87 			
广州市邦普电脑技术开发有限公司 	其他 	- 	- 	0.07 	0.00 			
广州市邦普电脑技术开发有限公司 	小计 	 	 	126.04 	1.88 			
 	 	2,550.74 	37.96 					
								
4 								
5 								
6 								
7 								
8 								
9 								
10 								
合计 	合计 							
								
序号 	供应商名称 	2016年 1-6月 	2015 年度 	2014 年度 	2013 年度 			
1 	ABB 机器人 	1,146.92 	630.34 	0 	0 			
2 	安川电机 	337.61 	402.14 	94.53 	0 			
3 	东莞市隆盛智能装备股份有限公司 	7.69 	480.76 	0 	0 			
4 	东莞市启丰机电设备有限公司 	125.42 	262.73 	178.31 	120.75 			
5 	东莞市泰丰空调制冷设备有限公司 	225.80 	311.60 	220.52 	100.42 			
6 	东莞市天友智云五金科技有限公司 	187.57 	109.54 	0 	0 			
7 	东莞市统益塑料机械制造有限公司 	41.42 	92.55 	117.99 	153.63 			
8 	东莞市新泉精密五金有限公司 	357.78 	515.99 	209.38 	146.17 			
9 	东莞市正一轴承机械有限公司 	374.30 	612.92 	400.38 	1.85 			
10 	佛山市仕喜贸易有限公司 	0 	0 	120.33 	368.99 			
11 	广东坚宝电缆有限公司 	218.13 	473.13 	169.14 	125.94 			
12 	广州创嘉自动化设备有限公司 	1.70 	52.68 	114.32 	128.24 			
13 	广州市邦普电脑技术开发有限公司 	99.21 	238.87 	189.18 	126.04 			
14 	广州元新机械设备有限公司 	163.15 	699.48 	163.75 	189.10 			
15 	乐清市潮浩机电有限公司 	251.95 	2.95 	0 	0 			
16 	南京埃斯顿自动控制技术有限公司 	184.22 	159.66 	210.49 	36.70 			
17 	汕头市天泰机械有限公司 	133.02 	233.51 	194.20 	173.43 			
18 	上海芳贺电机有限公司 	475.23 	395.61 	10.82 	0.030769 			
19 	深圳市海威机电有限公司 	0 	0 	18.52 	297.05 			
20 	深圳市怡富数控设备有限公司 	63.81 	1,022.53 	756.27 	372.50 			
21 	深圳新成建材有限公司 	154.31 	282.69 	215.50 	47.84 			
22 	珠海市入江机电设备有限公司 	188.75 	210.25 	614.25 	595.60 			
								
序号 	定制件供应商 	采购内容 	采购金额 （万元） 	采购占比（%） 				
								
1 	东莞市新泉精密五金有限公司 	五金加工件 	315.90 	3.22 				
2 	乐清市潮浩机电有限公司 	粉碎机等 	251.95 	2.57 				
2 	乐清市潮浩机电有限公司 	粉碎机等 	251.95 	2.57 				
								
3 	东莞市泰丰空调制冷设备有限公司 	冷水机 	185.62 	1.89 				
4 	东莞市科信精工通用机器有限公司 	计量机等 	183.45 	1.87 				
4 	东莞市科信精工通用机器有限公司 	计量机等 	183.45 	1.87 				
								
5 	东莞市华启机械有限公司 	粉碎机等 	144.82 	1.48 				
								
6 	揭阳市华业金属有限公司 	五金加工件 	90.17 	0.92 				
7 	东莞市卡仕自动化设备有限公司 	输送带 	82.06 	0.84 				
7 	东莞市卡仕自动化设备有限公司 	输送带 	82.06 	0.84 				
								
8 	东莞市俊鸿工业皮带有限公司 	输送带 	53.77 	0.55 				
9 	东莞市鑫富鑫机械有限公司 	五金加工件 	46.37 	0.47 				
9 	东莞市鑫富鑫机械有限公司 	五金加工件 	46.37 	0.47 				
								
10 	东莞市统益塑料机械制造有限公司 	混色机 	41.35 	0.42 				
								
合计 	合计 	合计 	1,395.46 	14.22 				
								
序号 	定制件供应商 	采购内容 	采购金额 （万元） 	采购占比				
								
（%） 								
2.93 								
2.93 								
								
2.93 								
1.89 								
1.89 								
								
1.63 								
								
1.19 								
								
1.19 								
								
1.13 								
								
1.12 								
								
0.74 								
								
0.65 								
								
15.39 								
								
1 	东莞市新泉精密五金有限公司 	五金加工件 	480.93 					
								
2 	东莞市隆盛智能装备股份有限公司 	压铸非标自动化装备 	480.76 					
3 	东莞市泰丰空调制冷设备有限公司 	冷水机、冷凝器 	311.04 					
3 	东莞市泰丰空调制冷设备有限公司 	冷水机、冷凝器 	311.04 					
								
4 	东莞市卡仕自动化设备有限公司 	输送带 	267.15 					
								
5 	深圳市广信安系统工程有限公司 	水电气系统整体材料 	194.62 					
								
6 	东莞市科信精工通用机器有限公司 	计量机 	194.58 					
								
7 	深圳市恒远大通系统有限公司 	水电气系统整体材料 	184.81 					
								
8 	深圳市晨灵精密机械有限公司 	五金加工件 	183.81 					
								
9 	中山市运达输送设备有限公司 	输送带 	121.79 					
								
10 	东莞市史密夫塑胶机械有限公司 	粉碎机，混色机 	106.68 					
								
合计 	合计 	合计 	2,526.18 					
								
序号 	定制件供应商 	采购内容 	采购金额 （万元） 	采购占比（%） 				
1 	东莞市泰丰空调制冷设备有限公司 	冷水机、冷凝器 	214.47 	2.23 				
1 	东莞市泰丰空调制冷设备有限公司 	冷水机、冷凝器 	214.47 	2.23 				
								
2 	东莞市新泉精密五金有限公司 	五金加工件 	192.69 	2.00 				
								
3 	东莞市史密夫塑胶机械有限公司 	粉碎机，混色机 	135.23 	1.40 				
4 	惠州市兴源自动化设备有限公司 	磨边机 	121.79 	1.26 				
4 	惠州市兴源自动化设备有限公司 	磨边机 	121.79 	1.26 				
								
5 	东莞市统益塑料机械制造有限公司 	粉碎机等 	117.99 	1.22 				
6 	揭阳市华业金属有限公司 	五金加工件 	93.16 	0.97 				
6 	揭阳市华业金属有限公司 	五金加工件 	93.16 	0.97 				
								
7 	东莞市卡仕自动化设备有限公司 	输送带 	89.43 	0.93 				
								
8 	东莞市其佳电热科技有限公司 	加热器 	75.22 	0.78 				
								
9 	东莞市鑫富鑫机械有限公司 	五金加工件 	73.35 	0.76 				
								
10 	东莞市科信精工通用机器有限公司 	计量机等 	72.27 	0.75 				
合计 	合计 	合计 	1,185.60 	12.30 				
合计 	合计 	合计 	1,185.60 	12.30 				
								
序号 	定制件供应商 	采购内容 	采购金额 （万元） 	采购占比（%） 				
1 	东莞市统益塑料机械制造有限公司 	粉碎机等 	153.10 	2.28 				
1 	东莞市统益塑料机械制造有限公司 	粉碎机等 	153.10 	2.28 				
								
2 	东莞市新泉精密五金有限公司 	五金加工件 	122.33 	1.82 				
								
3 	东莞市泰丰空调制冷设备有限公司 	冷水机、冷凝器 	100.32 	1.49 				
								
4 	东莞市史密夫塑胶机械有限公司 	粉碎机，混色机 	86.27 	1.28 				
								
5 	东莞市鑫富鑫机械有限公司 	五金加工件 	77.79 	1.16 				
6 	揭阳市华业金属有限公司 	五金加工件 	70.21 	1.04 				
6 	揭阳市华业金属有限公司 	五金加工件 	70.21 	1.04 				
								
7 	东莞市其佳电热科技有限公司 	加热器 	66.44 	0.99 				
8 	东莞市科信精工通用机器有限公司 	计量机 	51.52 	0.77 				
8 	东莞市科信精工通用机器有限公司 	计量机 	51.52 	0.77 				
序号 	定制件供应商 	采购内容 	采购金额 （万元） 	采购占比（%） 				
9 	东莞市大岭山扬发五金加工厂 	五金加工件 	49.73 	0.74 				
9 	东莞市大岭山扬发五金加工厂 	五金加工件 	49.73 	0.74 				
								
10 	中山市小榄镇肖铁匠金属制品有限公司 	锥斗 	26.14 	0.39 				
合计 	合计 	合计 	803.86 	11.96 				
合计 	合计 	合计 	803.86 	11.96 				
								
序号 	新增供应商名称 	采购内容 	采购金额（万元） 	采购占比（ %） 				
1 	上海升炬贸易发展有限公司 	镀锌水管、配件等 	43.63 	0.44 				
2 	天津龙创日盛机电实业有限公司 	导轨、滑块 	15.92 	0.16 				
3 	深圳市精思凯科技有限公司 	视觉系统、模组等 	10.28 	0.10 				
4 	干圣（上海）传动科技有限公司 	传动部品 	10.16 	0.10 				
5 	东莞市永瑞实业有限公司 	打磨机 	8.53 	0.09 				
合计 	合计 	合计 	88.51 	0.90 				
								
序号 	新增供应商名称 	采购内容 	采购金额（万元） 	采购占比（ %） 				
1 	上海 ABB 工程有限公司 	机器人 	630.34 	3.84 				
2 	东莞市隆盛智能装备股份有限公司 	热室喷取一体机 	480.76 	2.93 				
3 	中山市运达输送设备有限公司 	输送带 	121.79 	0.74 				
4 	深圳市治秀科技有限公司 	电缆 	94.88 	0.58 				
5 	东莞市益炜自动化设备有限公司 	粉碎机 	79.33 	0.48 				
合计 	合计 	合计 	1,407.11 	8.57 				
								
序号 	新增供应商名称 	采购内容 	采购金额（万元） 	采购占比（ %） 				
1 	惠州市兴源自动化设备有限公司 	打磨机 	122.14 	1.27 				
2 	东莞市峥亮气动液压有限公司 	电磁阀 	79.78 	0.83 				
3 	上海玖开电线电缆有限公司 	电缆、控制器 	72.55 	0.75 				
4 	佛山市安照贸易有限公司 	冷轧板 	62.93 	0.65 				
5 	佛山市和联商贸有限公司 	压缩机 	58.22 	0.6 				
合计 	合计 	合计 	395.62 	4.11 				
								
序号 	新增供应商名称 	采购内容 	采购金额（万元） 	采购占比（ %） 				
1 	东莞市展华自动化设备科技有限公司 	油压缓冲器 	72.13 	1.07 				
2 	深圳市野马实业有限公司 	过滤器、减压阀 	32.03 	0.48 				
3 	昆山龙腾跃达机械设备有限公司 	鼓风机 	24.96 	0.37 				
4 	东莞市大岭山炜成五金加工店 	五金加工件 	21.54 	0.32 				
5 	福建省福安市力德泵业有限公司 	泵浦 	17.39 	0.26 				
合计 	合计 	合计 	168.05 	2.5 				
								
序号 	贸易类供应商 	最终供应商 	采购产品 	向贸易类供应商采购原因 				
1 	佛山市仕喜贸易有限公司 	广西柳州钢铁集团有限公司 	冷轧板 	采购量小且品种多，不适宜向厂商采购 				
2 	上海芳贺电机有限公司 	安川电机（中国）有限公司 	伺服马达 	其为厂家的总代理 				
3 	东莞市启丰机电设备有限公司 	河北建支铸造集团有限公司 	管配件 	其为厂家代理商，采购方便 				
4 	东莞市正一轴承机械有限公司 	帝业技凯( 中国)有限公司 	线型导轨 	其为厂家代理商，采购方便 				
5 	广州创嘉自动化设备有限公司 	中日流体传动股份有限公司 	气缸 	其为厂家代理商，采购方便 				
6 	深圳市海威机电有限公司 	上银科技（中国）股份有限公司 	线型导轨 	其为厂家代理商，采购方便 				
7 	深圳市怡富数控设备有限公司 	松下电器机电（深圳）有限公司 	伺服马达 	其为厂家代理商，采购方便 				
8 	深圳新成建材有限公司 	佛山市顺德区乐从利拓钢管实业有限公司 	方通铁板 	采购量小且品种多，不适宜向厂商采购 				
9 	珠海市入江机电设备有限公司 	日本电产新宝（浙江) 有限公司 	减速机 	其为厂家代理商，采购方便 				
								
资产类别 	资产名称 	账面原值 （万元） 	累计折旧/摊销（万元） 	减值准备（万元） 	账面价值（万元） 	成新率 （%） 		
固定资产 	机器设备 	870.73 	255.32 	-- 	624.60 	71.73 		
固定资产 	运输设备 	712.01 	352.30 	-- 	350.52 	49.23 		
固定资产 	电子设备 	200.25 	116.18 	-- 	84.07 	41.98 		
固定资产 	其他设备 	113.24 	39.50 	-- 	73.74 	65.12 		
固定资产 	小计 	1,896.23 	763.30 	-- 	1,132.93 	59.75 		
无形资产 	土地使用权 	2,603.06 	88.12 	-- 	2,514.94 	96.61 		
无形资产 	软件 	148.43 	17.72 	-- 	130.71 	88.06 		
无形资产 	小计 	2,751.49 	105.84 	-- 	2,645.65 	96.15 		
合计 	合计 	4,647.72 	869.14 	-- 	3,778.58 	81.30 		
								
序号 	设备名称 	数量（台） 	原值（元） 	净值（元） 	成新率（%） 			
1 	立式加工中心 	10 	4,512,820.46 	2，992，164.82 	66.30 			
2 	数控冲床 	1 	623,931.62 	337,430.03 	54.08 			
3 	起重机 	6 	363,675.21 	250,227.90 	68.81 			
4 	激光切割机 	1 	282,051.28 	179,313.18 	63.57 			
5 	数控折弯机 	3 	474,358.97 	344,446.66 	72.61 			
								
土地使用权证号 	坐落 	用途 	使用权 类型 	终止日期 	面积 （平方米） 	抵押情况 		
东府国用（2014）第特 216 号 	东莞市大岭山镇大塘朗村 	工业 	出让 	2064/10/01 	41,824.20 	是 		
东府国用（2015）第特 31 号 	东莞市大岭山镇大塘朗村 	工业 	出让 	2065/2/25 	8,679.90 	无 		
								
序号 	出租方 	承租方 	月租金（元） 	房产坐落 	租赁起始 日期 	租赁截止 日期 		
1 	蔡爱仙 	发行人 	1,300.00 	东莞市大岭山镇水朗村 7楼 13 号房 	2016/1/10 	2017/01/09 		
2 	覃欣 	发行人 	2,300.00 	中山市沙溪南路汇豪新天地 11 栋 1102 房 	2015/03/18 	2017/03/18 		
3 	李洪坤 	发行人 	5,000.00 	东莞市大岭山镇新塘村二区 621 号住宅（2-6 层） 	2016/01/01 	2016/12/31 		
4 	昆山同心表面科技有限公司 	发行人 	11,619.00 	昆山市玉山镇联邦国际商务花园 18 号商业房 	2014/05/30 	2019/5/31 		
5 	杨剑英 	发行人 	5,000.00 	新塘新路 626 号 	2015/07/01 	2017/06/30 		
6 	宁波市北仑区大碶伟业汽配经营部 	发行人 	9,166.00 	宁波市北仑区大塔路 8 号 	2016/06/01 	2019.05.31 		
								
序号 	商标名称 	注册证号码 	注册类别 	核定使用商品范围 	注册有效 期限 			
1 	 	9761714 	7 	电子工业设备；粉碎机；加工塑料用模具；搅拌机；金属加工机械；进料器（机器部件）；模压加工机器；气动元件；注塑机；自动操作机（机械手） 	2013/09/07 -2023/09/06 			
2 	 	10296678 	7 	电子工业设备；搅拌机 	2013/05/14 -2023/05/13 			
3 	 	10296748 	7 	电子工业设备；搅拌机 	2013/05/14 -2023/05/13 			
4 	 	5870843 	11 	干燥设备；吹干设备和装置；干燥器；高压锅（电加压炊具）；冷冻设备和装置；加热装置；暖气 	2010/02/7 -2020/02/6 			
								
序号 	专利号 	专利名称 	专利性质 	申请日 	授权公告日 			
1 	ZL201310211813.0 	一种改进型堆垛机 	发明专利 	2013/05/31 	2016/04/20 			
2 	ZL201310487335.6 	成型平面与喷嘴移动平面的调校方法 	发明专利 	2013/10/17 	2015/12/23 			
3 	ZL201310211078.3 	具有快速排气功能的气动装置 	发明专利 	2013/05/31 	2015/10/14 			
4 	ZL201310486742.5 	3D 打印机用工件防变形方法 	发明专利 	2013/10/17 	2015/08/26 			
5 	ZL201310487365.7 	3D 打印机的喷嘴原点调校方法 	发明专利 	2013/10/17 	2015/07/15 			
6 	ZL201520853089.6 	一种注塑生产线自动下料机 	实用新型 	2015/10/30 	2016/06/01 			
7 	ZL201520853240.6 	一种横走机器人 	实用新型 	2015/10/30 	2016/06/01 			
8 	ZL201520868945.5 	三段式手机外壳中板定位装置 	实用新型 	2015/10/30 	2016/06/01 			
9 	ZL201520868910.1  	三段式手机外壳 U 型盖定位装置 	实用新型 	2015/10/30 	2016/05/20 			
序号 	专利号 	专利名称 	专利性质 	申请日 	授权公告日 			
10 	ZL201520853326.9 	一种手机外壳模具移位装置 	实用新型 	2015/10/30 	2016/04/20 			
11 	ZL201520853471.7 	三段式手机外壳 U 盖双料夹移动头 	实用新型 	2015/10/30 	2016/04/20 			
12 	ZL201520868955.9 	一种三段式手机外壳注塑自动上料机 	实用新型 	2015/10/30 	2016/04/20 			
13 	ZL201520853381.8 	三段式手机外壳 U 盖移动装置 	实用新型 	2015/10/30 	2016/03/23 			
14 	ZL201520665657.X 	一种圆形送料设备的旋转机构 	实用新型 	2015/08/31 	2016/02/17 			
15 	ZL201520665695.5 	一种与机械手配合的玻璃供料设备 	实用新型 	2015/08/31 	2016/02/17 			
16 	ZL201520665721.4 	一种 AC  2PIN 脚自动排列设备 	实用新型 	2015/08/31 	2016/02/17 			
17 	ZL201520665742.6 	一种与机械手配合的振动盘自动补料机构 	实用新型 	2015/08/31 	2016/02/17 			
18 	ZL201520665789.2 	一种与机械手配合的弧形覆膜设备 	实用新型 	2015/08/31 	2016/02/17 			
19 	ZL201520665791.X 	一种弧形覆膜设备的贴膜机构 	实用新型 	2015/08/31 	2016/02/17 			
20 	ZL201520665793.9 	一种弧形覆膜设备的切水口机构 	实用新型 	2015/08/31 	2016/02/17 			
21 	ZL201520665825.5 	一种与机械手配合的自动切除带角度水口装置 	实用新型 	2015/08/31 	2016/02/17 			
22 	ZL201520665826.X 	一种送料设备的快速复位机构 	实用新型 	2015/08/31 	2016/02/17 			
23 	ZL201520665852.2 	一种与机械手配合的带检测自动顶出送料设备 	实用新型 	2015/08/31 	2016/02/17 			
24 	ZL201520665908.4 	一种送料设备的顶料机构 	实用新型 	2015/08/31 	2016/02/17 			
25 	ZL201520665916.9 	一种与机械手配合的AC 2PIN 脚排列机构 	实用新型 	2015/08/31 	2016/02/17 			
26 	ZL201520665918.8 	一种用于机械手的取衣架设备 	实用新型 	2015/08/31 	2016/02/17 			
27 	ZL201520666041.4 	一种用于机械手的圆形送料设备 	实用新型 	2015/08/31 	2016/02/17 			
28 	ZL201520666048.6 	一种用于机械手的塑料滚轮生产设备 	实用新型 	2015/08/31 	2016/02/17 			
29 	ZL201520666107.X 	一种用于机械手的 AC 2PIN 脚夹具 	实用新型 	2015/08/31 	2016/02/17 			
序号 	专利号 	专利名称 	专利性质 	申请日 	授权公告日 			
30 	ZL201520666224.6 	一种方形送料设备的旋转机构 	实用新型 	2015/08/31 	2016/02/17 			
31 	ZL201520666255.1 	一种用于机械手的方形送料设备 	实用新型 	2015/08/31 	2016/02/17 			
32 	ZL201520666925.X 	一种用于机械手的小螺母定位设备 	实用新型 	2015/08/31 	2016/02/17 			
33 	ZL201520666946.1 	一种小螺母定位设备的取料机构 	实用新型 	2015/08/31 	2016/02/17 			
34 	ZL201420355716.9 	应用于玻璃精雕机的机械手 	实用新型 	2014/06/30 	2015/04/01 			
35 	ZL201420355549.8 	带机械手的玻璃精雕机 	实用新型 	2014/06/30 	2014/12/31 			
36 	ZL201420355648.6 	一种除湿、干燥、送料一体机 	实用新型 	2014/06/30 	2014/12/31 			
37 	ZL201420355649.0 	一种高光模温机 	实用新型 	2014/06/30 	2014/12/31 			
38 	ZL201420355659.4 	一种模温机 	实用新型 	2014/06/30 	2014/12/31 			
39 	ZL201420355812.3 	一种不锈钢干燥机 	实用新型 	2014/06/30 	2014/12/31 			
40 	ZL201420356082.9 	一种全自动吸料机 	实用新型 	2014/06/30 	2014/12/31 			
41 	ZL201420407578.4 	一种用于注塑机的机械手 	实用新型 	2014/07/23 	2014/12/31 			
42 	ZL201420407579.9 	一种带平衡气缸的机械手 	实用新型 	2014/07/23 	2014/12/31 			
43 	ZL201420407841.X 	一种手臂防落机械手 	实用新型 	2014/07/23 	2014/12/31 			
44 	ZL201420355866.X 	一种改良的吸料杯 	实用新型 	2014/06/30 	2014/12/30 			
45 	ZL201420355870.6 	一种高光模温机的加热装置 	实用新型 	2014/06/30 	2014/12/30 			
46 	ZL201420355984.0 	应用于注塑机的机械手 	实用新型 	2014/06/30 	2014/12/30 			
47 	ZL201320643487.6 	3D 打印机用校准工作台 	实用新型 	2013/10/17 	2014/09/03 			
48 	ZL201320641027.X 	排气扇抽气式 3D 打印防变形工作平台 	实用新型 	2013/10/17 	2014/08/27 			
49 	ZL201320641120.0 	3D 打印机用可调工作台 	实用新型 	2013/10/17 	2014/08/27 			
50 	ZL201320641232.6 	真空抽气式 3D 打印防变形装置 	实用新型 	2013/10/17 	2014/08/27 			
51 	ZL201320309191.0 	具有快速排气功能的气动装置 	实用新型 	2013/05/31 	2014/01/08 			
52 	ZL201320308952.0 	集中注油装置及带有集中注油装置的机械手 	实用新型 	2013/05/31 	2014/01/08 			
53 	ZL201320308111.X 	一种改进型堆垛机 	实用新型 	2013/05/31 	2014/01/08 			
序号 	专利号 	专利名称 	专利性质 	申请日 	授权公告日 			
54 	ZL201220445330.8 	一种注塑机机械手的180 度翻转装置 	实用新型 	2012/09/04 	2013/04/10 			
55 	ZL201220445328.0 	用于注塑机机械手的双气缸 90 度翻转装置 	实用新型 	2012/09/04 	2013/04/10 			
56 	ZL201220445326.1 	一种机械手用直线驱动装置 	实用新型 	2012/09/04 	2013/04/10 			
57 	ZL201220203570.7 	模温机用隔离式壳管冷却器 	实用新型 	2012/05/09 	2013/01/30 			
58 	ZL201220203643.2 	多注塑机中央供料管路截料系统 	实用新型 	2012/05/09 	2013/01/30 			
59 	ZL201220203645.1 	一种旋转分离式散粒物料除粉器 	实用新型 	2012/05/09 	2013/01/30 			
60 	ZL201120354026.8 	热风回收型干燥机 	实用新型 	2011/09/21 	2012/06/06 			
61 	ZL201120354027.2 	两档变速式颗粒吸料机 	实用新型 	2011/09/21 	2012/05/30 			
62 	ZL201120354029.1 	一种取放一体式机械手 	实用新型 	2011/09/21 	2012/05/30 			
63 	ZL201120301776.9 	压差感应式自动除尘过滤器 	实用新型 	2011/08/19 	2012/05/30 			
64 	ZL201120302379.3 	一种改进型热风除湿机 	实用新型 	2011/08/19 	2012/04/25 			
65 	ZL201120302378.9 	一种拱形从动轮 	实用新型 	2011/08/19 	2012/04/25 			
66 	ZL201120245121.4 	一种注塑机机械手 90度翻转装置 	实用新型 	2011/07/13 	2012/02/29 			
67 	ZL201120245120.X 	一种直接冷却高温水循环式模温机 	实用新型 	2011/07/13 	2012/02/29 			
68 	ZL201430213920.2 	供料控制台 	外观设计 	2014/06/30 	2015/03/11 			
69 	ZL201430213998.4 	干燥机 	外观设计 	2014/06/30 	2014/12/31 			
70 	ZL201620304813.4 	一种非接终端测试机械手 	实用新型 	2016/4/12 	2016/08/31 			
71 	ZL201620301584.0 	一种大型牛头机械手 	实用新型 	2016/4/12 	2016/08/31 			
72 	ZL201620301504.1 	一种 180°翻转机械手 	实用新型 	2016/4/12 	2016/08/31 			
73 	ZL201620283185.6 	一种除尘机械手打磨装置 	实用新型 	2016/4/7 	2016/08/31 			
74 	ZL201620283189.4 	一种机械手打磨机的工件固定装置 	实用新型 	2016/4/7 	2016/08/31 			
75 	ZL201620283187.5 	一种机械手打磨换砂纸装置 	实用新型 	2016/4/7 	2016/08/31 			
76 	ZL201620283183.7 	一种机械手打磨系统 	实用新型 	2016/4/7 	2016/08/31 			
77 	ZL201620283192.6 	一种纵向送料机械手装置 	实用新型 	2016/4/7 	2016/08/31 			
78 	ZL201620283178.6 	一种机械手翻转装置 	实用新型 	2016/4/7 	2016/08/31 			
序号 	专利号 	专利名称 	专利性质 	申请日 	授权公告日 			
79 	ZL201620283177.1 	一种多轴纵向送料机械手装置 	实用新型 	2016/4/7 	2016/08/31 			
80 	ZL201520853350.2 	一种三段式手机外壳夹具 	实用新型 	2015/10/30 	2016/09/07 			
81 	ZL201520853396.4 	一种三段式手机外壳自动注塑生产线 	实用新型 	2015/10/30 	2016/09/07 			
								
序号 	软件名称 	证书号 	登记号 	所有权人 	取得方式 	发证日期 		
1 	拓斯达中央供料系统控制软件 	软著登字第1283253 号 	2016SR104636 	公司 	原始取得 	2016/5/13 		
2 	拓斯达无线监控系统管理软件 	软著登字第1283309 号 	2016SR104692 	公司 	原始取得 	2016/5/13 		
3 	拓斯达视觉控制器控制软件 	软著登字第1283392 号 	2016SR104775 	公司 	原始取得 	2016/5/13 		
4 	赛沃单轴伺服机械手手控器控制软件 V1.0 	软著登字第0620756 号 	2013SR114994 	赛沃科技 	原始取得 	2013/10/28 		
5 	赛沃单轴伺服机械手仿真管理软件 V1.0 	软著登字第0803419 号 	2014SR134178 	赛沃科技 	原始取得 	2014/09/05 		
6 	赛沃多轴伺服机械手仿真管理软件 V1.0 	软著登字第0800848 号 	2014SR131606 	赛沃科技 	原始取得 	2014/09/02 		
								
序号 	技术名称 	适用产品或服务类型 	技术来源 	技术水平 	技术所处 阶段 			
1 	机械手控制系统 	直角坐标机器人单机 	自主研发 	国内领先 	大批量生产 			
2 	工业机器人多种应用装置 	直角坐标机器人配套方案、多关节机器人应用方案 	自主研发 	国内领先 	大批量生产 			
3 	多种结构机械手技术 	直角坐标机器人单机 	自主研发 	国内领先 	大批量生产 			
4 	水温控制技术 	注塑机辅机设备 	自主研发 	国内领先 	大批量生产 			
5 	供料系统的截料技术 	注塑自动化供料及水电气系统 	自主研发 	国内领先 	大批量生产 			
6 	蜂巢转轮除湿技术 	注塑机辅机设备 	自主研发 	国际先进 	大批量生产 			
								
项目 	2016 年 1-6 月 	2015 年度 	2014 年度 	2013 年度 				
 	金额 （万元） 	金额 （万元） 	金额 （万元） 	金额 （万元） 				
工业机器人应用及成套装备 	7,187.39 	13,054.43 	10,313.15 	5,500.79 				
1.直角坐标机器人 	  5,771.23   	11,877.98   	  10,083.35 	 5,500.79   				
1.1 单机 	4,892.12 	9,961.39 	8,906.35 	5,434.15 				
1.2 配套方案 	 879.11   	  1,916.59   	  1,177.00   	 66.64   				
2.多关节机器人应用方案 	  1,416.16   	  1,176.45     	 229.80   	- 				
注塑机辅机设备 	5,345.43 	11,585.87 	8,223.29 	6,929.15 				
注塑自动化供料及水电气系统 	2,186.58 	4,360.61 	2,037.05 	2,205.04 				
合计 	14,719.40 	29,000.91 	20,573.49 	14,634.98 				
营业收入 	15,579.27 	30,220.03 	21,361.17 	15,208.65 				
核心技术产品收入占营业收入的比例（%） 	94.48 	95.97 	96.31 	96.23 				
								
项目 	2016 年 1-6 月 	2015 年度 	2014 年度 	2013 年度 				
研发投入 	711.89 	1,820.69 	1,697.05 	740.32 				
营业收入 	15,579.27 	30,222.03 	  21,361.17   	  15,208.65   				
项目 	2016 年 1-6 月 	2015 年度 	2014 年度 	2013 年度 				
占营业收入的比例（%） 	4.57 	6.02 	7.94 	4.87 				
								
项目 	2016 年 1-6 月 	2015 年度 	2014 年度 	2013 年度 				
直接消耗的材料、燃料和动力费用 	366.98 	819.26 	1,087.72 	417.76 				
人员工资及福利费用 	329.78 	734.12 	584.85 	309.21 				
设备折旧费 	9.86 	15.08 	8.31 	4.05 				
设备运行维护费用 	-- 	-- 	0.22 	0.21 				
无形资产摊销费 	1.88 	1.91 	1.03 	0.51 				
研发成果鉴证评审费用 	-- 	-- 	12.95 	8.58 				
委托研发费用 	-- 	220.00 	-- 	-- 				
其它费用 	3.39 	30.32 	1.98 	-- 				
合计 	711.89 	1,820.69 	1,697.05 	740.32 				
								
序号 	项目名称 	进展情况 	项目特点 					
1 	多关节机器人控制系统 	初版测试中 	基于 EtherCAT 通讯，实时控制系统，可内置视觉 					
2 	900 臂长多关节机器人 	小批量测试中 	6kg 负载，精度+/-0.02mm 					
3 	1400 臂长多关节机器人 	设计开发中 	10kg 负载，精度+/-0.05mm 					
序号 	项目名称 	进展情况 	项目特点 					
4 	基于智能型五轴伺服机械手的全自动注塑示范生产线项目 	得到推广应用并批量生产 	代替注塑生产过程中的人工操作，如模内贴标、镶嵌、水口分离、回收废料等中端工序，检测、堆叠、排列、封装等后端工序，配合传送设备、视觉检测系统以及自主研发的中控系统，形成全自动、智能化注塑生产线，以降低人工生产成本和单位产品能耗，提高注塑生产线的效率 					
5 	基于伺服控制系统的五轴机械手的研发及产业化项目 	得到推广应用并批量生产 	全闭环实时控制五轴伺服机械手研究主要内容包括注塑机专用机械手的伺服控制系统和机械结构，实现快速稳定的控制伺服，缩短机械手的取出周期和循环周期，从而提高注塑机的使用效率，并实现机械手多点定位及各种特殊动作，如排列、堆放、品检和埋入等，实现自动化，节省人力成本 					
6 	一种模温机高性能控制技术 	开发试制阶段 	保证模温机高温作业时受到温度影响较小，进而保证了传感器的精度，并在没有增加电流互感器的情况下能够监控机器的耗电量 					
7 	一种智能节能控制干燥机技术 	开发试制阶段 	通过设备实际处理能力来判断所需风量，进而自动运行节能模式。同时设备所需的原材料数量可以进行 ERP 管理 					
8 	一种无输送料杯的循环除湿干燥机设计方法 	样机调试完成 	改善除湿干燥机的输送效果，减少外界对机器的影响 					
								
