天然气来源 	客户类型 	主要用途 											
天然气来源 	客户类型 	主要用途 											
管道天然气、CNG、LNG 	居民用户 	生活用气 											
管道天然气、CNG、LNG 	工业用户 	工业生产用气 											
管道天然气、CNG、LNG 	商业用户 	酒店、餐饮及商业企业用气 											
管道天然气、CNG、LNG 	公福用户 	政府、医院、学校、居民小区锅炉等用气 											
管道天然气、CNG、LNG 	汽车用户 	各类CNG、LNG车辆用气 											
													
序号 	法律法规名称 	实施时间 	部门 										
1 	《市政公用事业特许经营管理办法》 	2004 年 5 月 	建设部 										
2 	《城镇燃气输配工程施工及验收规范（CJJ33-2005）》 	2005 年 5 月 	建设部 										
3 	《城镇燃气设计规范（GB50028-2006）》 	2006 年 11 月 	建设部、质检总局 										
4 	《中华人民共和国石油天然气管道保护法》 	2010 年 10 月 	全国人大常务委员会 										
5 	《城镇燃气管理条例》 	2011 年 3 月 	国务院 										
6 	《天然气基础设施建设与运营管理办法》 	2014 年 4 月 	国家发改委 										
7 	《燃气经营许可管理办法》 	2014 年 11 月 	住房城乡建设部 										
8 	《基础设施和公用事业特许经营管理办法》 	2015 年 6 月 	国家发改委、住建部、财政部、交通部、水利部、人民银行 										
9 	《陕西省燃气管理条例》 	2008 年 1 月 	陕西省人大常委会 										
序号 	法律法规名称 	实施时间 	部门 										
10 	《安徽省燃气管理条例》 	2006 年 7 月 	安徽省人大常委会 										
11 	《陕西省城市地下管线管理条例》 	2013 年 10 月 	陕西省人大常委会 										
12 	《湖北省燃气管理条例》 	2007 年 10 月 	湖北省人大常委会 										
13 	《宁夏回族自治区燃气管理条例》 	2015 年 11 月 	宁夏回族自治区人大常委会 										
													
序号 	法律法规名称 	实施时间 	部门 										
1 	《天然气产业利用政策》 	2012 年 12 月 	国家发改委 										
2 	《大气污染防治行动计划》 	2013 年 9 月 	国务院 										
3 	《能源发展战略行动计划（2014-2020 年）》 	2014 年 6 月 	国务院办公厅 										
4 	《国家应对气候变化规划（2014-2020 年）》 	2014 年 9 月 	国家发改委 										
5 	《中华人民共和国国民经济和社会发展第十三个五年规划纲要》 	2016 年 3 月 	国务院 										
6 	《能源发展“十三五”规划》 	2017 年 1 月 	国家能源局 										
													
利用政策 	类别 	类别 	具体内容 										
优先类 	城市燃气 	城市燃气 	1、城镇（尤其是大中城市）居民炊事、生活热水等用气  2、公福用气（机场、机关、学校、医院、商场、码头等）  3、天然气汽车（尤其是双燃料及液化天然气汽车）  4、集中式采暖用户（指中心城区、新区的中心地带）  5、燃气空调 										
优先类 	工业燃料 	工业燃料 	6、建材、机电、轻纺、石化、冶金等工业领域中可中断的用户7、作为可中断用户的天然气制氢项目 										
利用政策 	类别 	类别 	具体内容 										
其他用户 	其他用户 	8、天然气分布式能源项目（综合能源利用效率70%以上，包括与可再生能源的综合利用）  9、在内河、湖泊和沿海航运的以天然气（尤其是液化天然气）为燃料的运输船舶（含双燃料和单一天然气燃料运输船舶）  10、城镇中具有应急和调峰功能的天然气储存设施 11、煤层气（煤矿瓦斯）发电项目  12、天然气热电联产项目 											
城市燃气 	城市燃气 	1、分户式采暖用户 											
工业燃料 	工业燃料 	2、建材、机电、轻纺、石化、冶金等工业领域中以天然气代油、液化石油气项目  3、上述领域中以天然气为燃料的新建项目  4、上述领域中环境效益和经济效益较好的以天然气代煤项目  5、城镇（尤其是特大、大型城市）中心城区的工业锅炉燃料天然气置换项目 											
天然气发电 	天然气发电 	6、除第一类第12项、第四类第1项以外的天然气发电项目 											
天然气化工 	天然气化工 	7、除第一类第7项以外的天然气制氢项目 											
天然气化工 	天然气化工 	1、已建的合成氨厂以天然气为原料的扩建项目、合成氨厂煤改气项目  2、以甲烷为原料，一次产品包括乙炔、氯甲烷等小宗碳化工项目  3、新建以天然气为原料的氮肥项目 											
天然气发电 	天然气发电 	1、陕、蒙、晋、皖等十三个大型煤炭基地所在地区建设基荷燃气发电项目（煤层气（煤矿瓦斯）发电项目除外） 											
天然气化工 	天然气化工 	2、新建或扩建以天然气为原料生产甲醇及甲醇生产下游产品装置 3、以天然气代煤制甲醇项目 											
													
允许类 													
限制类 													
禁止类 													
													
项目 	时间 	时间 	内容 	总结 									
改革前 	2010 年 6 月之前 	2010 年 6 月之前 	实施是“双轨制”，将计划内气量和部分计划外气量划分为一档气，其余为二档气，实行不同的价格。 	价格双轨制 									
第一次改革 	2010 年 6 月至2011 年 12 月 	2010 年 6 月至2011 年 12 月 	进行第一次价格改革，改革内容包括：（1）国产陆上天然气出厂基准价格上调，取消价格“双轨制”；（2）扩大价格浮动幅度，将出厂价格上浮空间限定为 10%，下浮不限。此次改革基本理顺了上游气源的价格体系，但下游各城市门站价格仍受到较严格的管制。 	取消价格双轨制 									
第二次改革 	2011 年 12 月至 2013 年 6月 	2011 年 12 月至 2013 年 6月 	国家发改委再次推动天然气价格改革，在广东、广西两地区进行试点，主要内容是将以“成本加成”为主的定价方法，改为按“市场净回值”方法定价，即将天然气的销售价格与由市场竞争形成的可替代能源（如燃料油、液化石油气等）价格挂钩，并保持合理比价水平，在此基础上倒扣管道运输费后确定天然气各环节价格；分省制定统一的天然气门站价格，门站价格实行动态调整机制，根据可替代能源价格变化情况，每年调整一次。 	试点门站价格由成本法改为市场净回法 									
第三次改革 	2013年 6 月至2015 年 3 月31 日 	2013年 6 月至2015 年 3 月31 日 	国家发改委在总结广东、广西天然气价格形成机制试点改革经验基础上，研究提出了天然气价格调整方案，主要内容包括：（1）对非居民用天然气区分存量气和增量气，增量气门站价格按照广东、广西试点方案中的计价办法，一步调整到 2012 年下半年以来可替代能源价格 85%的水平，并不再按用途进行分类；存量气门站价格适当提高；（2）天然气价格管理由出厂环节调整为门站环节，门站价格为政府指导价，实行最高上限价格管理，供需双方可在国家规定的最高上限价格范围内协商确定具体价格。 	全国门站价格由成本法改为市场净回法 									
第四次改革 	2015 年 4 月 1日至 2015 年11 月 19 日 	2015 年 4 月 1日至 2015 年11 月 19 日 	自 2015 年 4 月 1 日起，对存量气和增量气价格进行调整，实现存量气和增量气的价格并轨。居民气价不做调整。 	存量气与增量气价格并轨 									
第五次改革 	2015 年 11 月	2015 年 11 月	非居民用气由最高门站价格改为基准门站价格管理，供	非居民用气由最									
项目 	时间 	时间 	内容 	总结 									
20 日至今 	20 日至今 	需双方可以基准门站价格为基准，在上浮 20%、下浮不限的范围内协商确定具体门站价格。 	高门站价格改为基准门站价格管理 										
													
部门 	法律法规名称 	法律法规名称 	主要内容 	实施时间 									
国家发改委 	《关于 提高 国产陆 上天然气 出厂 基准价 格的 通 知 》（ 发 改 电[2010]211 号） 	《关于 提高 国产陆 上天然气 出厂 基准价 格的 通 知 》（ 发 改 电[2010]211 号） 	①适当提高国产陆上天然气出厂基准价格，取消价格双轨制。各油气田（含西气东输、忠武线、陕京线、川气东送）出厂（或首站）基准价格每千立方米均提高 230 元。同时将大港、辽河和中原三个油气田一、二档出厂基准价格加权并轨，取消价格双轨制。调整后的国产陆上天然气出厂基准价格见附表； ②扩大价格浮动幅度。国产陆上天然气一、二档气价	2010 年 6 月 1日 									
部门 	法律法规名称 	法律法规名称 	主要内容 	实施时间 									
并轨后，将出厂基准价格允许浮动的幅度统一改为上浮 10%，下浮不限，即供需双方可以在不超过出厂基准价格 10%的前提下，协商确定具体价格。 													
一是将现行以成本加成为主的定价方法改为按市场净回值方法定价。选取计价基准点和可替代能源品种，建立天然气与可替代能源价格挂钩机制。二是以计价基准点价格为基础，考虑天然气市场资源主体流向和管输费用，确定各省（区、市）天然气门站价格。三是天然气门站价格实行动态调整机制，根据可替代能源价格变化情况每年调整一次，并逐步过渡到每半年或者按季度调整。四是放开页岩气、煤层气、煤制气等非常规天然气出厂价格，实行市场调节。 	2011 年 12 月26 日 												
天然气价格管理由出厂环节调整为门站环节，门站价格为政府指导价，实行最高上限价格管理，供需双方可在国家规定的最高上限价格范围内协商确定具体价格。 	2013 年 7 月10 日 												
①非居民用存量气门站价格适当提高。非居民用存量气最高门站价格每千立方米提高 400 元； ②居民用气门站价格不作调整； ③进一步落实放开进口液化天然气（LNG）气源价格和页岩气、煤层气、煤制气出厂价格政策。 	2014 年 9 月 1日 												
①实现存量气和增量气价格并轨，按照现行天然气价格机制，增量气最高门站价格每千立方米降低 440 元，存量气最高门站价格每千立方米提高 40 元； ②试点放开直供用户用气门站价格； ③居民用气门站价格暂不作调整。 	2015 年 4 月 1日 												
①降低非居民用气门站价格，非居民用气最高门站价格每千立方米降低 700 元； ②提高天然气价格市场化程度，将非居民用气由最高门站价格管理改为基准门站价格管理。降低后的最高门站价格水平作为基准门站价格，供需双方可以基准门站价格为基础，在上浮 20%、下浮不限的范围内协商确定具体门站价格。 	2015 年 11 月20 日 												
①从定价方法看，由原来的运用建设项目财务评价原理监管管道运输价格为主的定价方法，调整为按照准许成本加合理收益的原则定价，即在核定准许成本的基础上，通过监管通道运输企业的准许收益，确定年	2017 年 1 月 1日 												
部门 	法律法规名称 	法律法规名称 	主要内容 	实施时间 									
输定价成本监审办法（试行）>的通知》（发改价格规（2016）2142号） 	输定价成本监审办法（试行）>的通知》（发改价格规（2016）2142号） 	度的准许总收入，进而核定管道运输价格； ②从价格监管对象看，不再以单条管道为监管对象，而是以管道运输企业为监管对象，区分不同企业定价； ③从价格公布方式看，由国家公布具体价格水平改为国家核定管道运价率，企业测算并公布进气口到出气口的具体价格水平。 											
													
国家发改委 	《国家发展改革委关于在广东省、广西自治区开展天然气价格形成机制改革试点的通知》（发改价格[2011]3033 号） 												
国家发改委 	《关于 调整 天然气 价格的通知》（发改价格[2013]1246 号） 												
国家发改委 	《国家 发展 改革委 关于调整 非居 民用存 量天然气 价格 的通知 》（发改价格[2014]1835号） 												
国家发改委 	《国家发展改革委关于理顺非居民用天然气价格的通知》（发改价格[2015]351 号） 												
国家发改委 	《国家发展改革委关于降低非居民用天然气门站价格并进一步推进价格市场化改革的通知》（发改价格[2015]2688 号） 												
国家发改委 	《国家发展改革委关于印发<天然气管道运输价格管理办法（试行）>和<天然气管道运												
													
序号 	项目 	城镇人口 （万人） 	气化率 	气化人口 （万人） 	用气量 （亿立方米/年） 								
1 	西安市 	500.2 	90.00% 	450.2 	17.63 								
2 	宝鸡市 	236.7 	89.99% 	213.0 	3.3 								
3 	渭南市 	291.9 	90.00% 	262.7 	3.4 								
4 	铜川市 	46.2 	89.83% 	41.5 	1.24 								
5 	咸阳市 	270.8 	89.99% 	243.7 	4.54 								
序号 	项目 	城镇人口 （万人） 	气化率 	气化人口 （万人） 	用气量 （亿立方米/年） 								
6 	杨凌市 	11.1 	90.09% 	10.0 	0.29 								
7 	榆林市 	184.9 	84.96% 	157.1 	15.02 								
8 	延安市 	120.9 	85.03% 	102.8 	8.98 								
9 	安康市 	144.3 	74.98% 	108.2 	0.63 								
10 	汉中市 	187.5 	74.99% 	140.6 	1.02 								
11 	商洛市 	128.4 	75.00% 	96.3 	0.88 								
合计 	合计 	2,122.9 	86.03% 	1826.3 	56.93 								
													
序号 	项目 	2020 年市场预测（亿立方米/年） 	用气比例 										
1 	居民 	14.03 	24.64% 										
2 	商业 	7.46 	13.10% 										
3 	工业 	5.69 	9.99% 										
4 	采暖 	19.61 	34.45% 										
5 	汽车 	14.29 	25.10% 										
6 	分布式能源 	2.85 	5.01% 										
合计 	合计 	56.93 	100.00% 										
													
序号 	项目 	建设高压管道长度（公里） 	建设中压管道长度（公里） 										
1 	西安市 	200 	606.05 										
2 	宝鸡市 	20 	535.80 										
3 	渭南市 	45 	661.25 										
4 	铜川市 	15 	223.00 										
5 	咸阳市 	- 	288.07 										
6 	杨凌市 	- 	25.00 										
7 	榆林市 	78.55 	562.74 										
序号 	项目 	建设高压管道长度（公里） 	建设中压管道长度（公里） 										
8 	延安市 	- 	257.20 										
9 	安康市 	51.7 	220.00 										
10 	汉中市 	23.40 	300.00 										
11 	商洛市 	- 	229.00 										
合计 	合计 	433.65 	4,008.78 										
													
序号 	项目 	门站（座） 	加气站（座） 	调压站（座） 	调峰储备站（座） 								
1 	西安市 	3 	23 	22 	1 								
2 	宝鸡市 	1 	8 	1 	1 								
3 	渭南市 	8 	8 	0 	2 								
4 	铜川市 	0 	4 	2 	1 								
5 	咸阳市 	5 	6 	4 	1 								
6 	杨凌市 	0 	0 	0 	0 								
7 	榆林市 	5 	3 	1 	1 								
8 	延安市 	4 	4 	2 	1 								
9 	安康市 	2 	9 	0 	1 								
10 	汉中市 	3 	8 	1 	1 								
11 	商洛市 	3 	2 	0 	1 								
合计 	合计 	34 	75 	33 	11 								
													
序号 	行业技术水平 	具体内容 											
1 	燃气输配技术 	随着我国天然气大规模供应，燃气输配技术取得了长足发展。目前，我国大中城市燃气输配系统均采用高压输气、中压配气的原则，建立多级压力级制的管网，使输配系统更加合理、经济，为安全平稳供气提供了可靠保证。 											
2 	燃气应用技术 	我国城市燃气的应用技术与国外的差距较小，燃气应用新技术的发展主要包括：低污染新型燃具及燃具智能化，燃气采暖与空调，低污染燃气工业炉窑，天然气分布式能源应用，CNG 汽车及加气站等。 											
3 	燃气安全技术 	燃气是易燃、易爆气体，安全管理技术至关重要。作为城市生命线工程的城市供气系统，安全管理贯穿了施工、验收、运行、维护等各个环节。燃气安全技术的发展主要体现在安全供配气技术、应用于不同条件的燃气检漏技术和防灾系统和抢修技术等方面。 											
4 	信息化管理技术 	城市燃气信息化技术为设计、施工、运行和防灾提供信息化服务，我国近年来在城市燃气信息化管理技术方面取得的主要成果包括：城市燃气设计、运行数据库的建设及软件开发，自动											
													
序号 	行业技术水平 	具体内容 											
查表和收费系统，完善 SCADA 和 GIS 系统，城市燃气信息化系统建设。 													
新设备和新材料在城市燃气行业的应用成果主要包括：PE 管（聚乙烯管）、直缝钢管等管材的应用，钢管物理化学防腐蚀技术，具有监控和安全系统的高性能调压装置的开发，适用于不同压力的大流量装置的开发，高可靠性阀门的开发等。 													
													
5 	新设备和新材料研制和应用 												
													
项目 	陕西省 	陕西省 	陕西省 	陕西省 	安徽省 	安徽省 	占所有投入运营区域比例 						
项目 	三原县 	眉县 	华州区 	柞水县 	萧县 	固镇县 	占所有投入运营区域比例 						
1、总人口（万人） 	40.35 	30 	32.21 	15.33 	116.90 	64.09 	75.47% 						
2、GDP（亿元） 	177.63 	106.00 	101.60 	66.17 	220.00 	190.20 	81.97% 						
3、面积（平方公里） 	576.90 	863.00 	1,127 	2,322 	1,885 	1,363 	30.40% 						
													
项目 	甘肃省 	甘肃省 	甘肃省 	甘肃省 	宁夏回族自治区 	湖北省 	占所有投入运营区域比例 						
项目 	山丹县 	天祝县 	漳县 	临泽县 	泾源县 	屈家岭 	占所有投入运营区域比例 						
1、总人口（万人） 	20 	21.52 	20.59 	15.03 	12 	8 	24.53% 						
2、GDP（亿元） 	46.10 	44.66 	19.80 	45.18 	13.38 	20.40 	18.03% 						
3、面积（平方公里） 	5,402.00 	7,149.00 	2,164.40 	2,727.00 	961 	223 	69.60% 						
													
天然气来源 	客户类型 	主要用途 											
管道天然气、CNG、LNG 	居民用户 	生活用气 											
管道天然气、CNG、LNG 	工业用户 	工业生产用气 											
管道天然气、CNG、LNG 	商业用户 	酒店、餐饮及商业企业用气 											
管道天然气、CNG、LNG 	公福用户 	政府、医院、学校、居民小区锅炉等用气 											
管道天然气、CNG、LNG 	汽车用户 	各类CNG、LNG车辆用气 											
													
序号 	类别 	主要设备和材料 	供应商选择方式 										
1 	大型场站设备 	压缩机、调压计量撬、储罐、气化器等 	每次采购通过招标确定最终供应商 										
2 	用户安装材料 	管材：焊接钢管、镀锌钢管等 计量设备：罗茨流量计、燃气表等 调压设备：调压箱、调压柜等 其他配件：球阀、角钢、防腐剂等 	定期组织招投标确定2-3 家入围供应商，每批采购时对入围供应商进行询价，确定最终供应商。 										
2 	天然气管网 	管材：PE 管材、钢制管材等 其他配件：PE 球阀、钢制球阀等 	定期组织招投标确定2-3 家入围供应商，每批采购时对入围供应商进行询价，确定最终供应商。 										
													
业务名称 	收费方式 	购买至供气步骤 											
居民、非居民用户 	主要采用预付费方式，先充值后用气 	居民、非居民用户将天然气 IC 卡在用户服务中心充值后，将 IC 卡插入天然气表中方可使用。 											
汽车用户 	现金支付或采用充值预付费方式 	加气车辆在加气站进行加气作业，根据加气机显示加气气量和金额利用现金或充值卡支付气款。 											
													
业务名称 	收费方式 	购买至供气步骤 											
居民、非居民用户 	以银行转账方式为主要收款形式。实行安装前预收部分款项，安装完成后收取剩余款项的政策。 	与相应人员签订用户安装合同后，进行天然气设施安装业务，完工后验收，验收合格后通气 											
													
项目 	2017 年度 	2017 年度 	2016 年度 	2016 年度 	2015 年度 	2015 年度 							
项目 	金额 	比例 	金额 	比例 	金额 	比例 							
天然气销售业务 	36,342.99 	75.41% 	22,909.09 	68.43% 	15,773.76 	57.42% 							
天然气用户安装业务 	11,750.06 	24.38% 	10,415.11 	31.11% 	11,562.67 	42.09% 							
维管业务 	99.02 	0.21% 	156.29 	0.47% 	136.24 	0.50% 							
合计 	48,192.07 	100.00% 	33,480.49 	100.00% 	27,472.67 	100.00% 							
													
项目 	2017 年度 	2017 年度 	2016 年度 	2016 年度 	2015 年度 	2015 年度 							
项目 	金额 	比例 	金额 	比例 	金额 	比例 							
居民用户 	6,046.22 	16.64% 	4,874.13 	21.28% 	3,562.46 	22.58% 							
工业用户 	8,002.18 	22.02% 	5,932.76 	25.90% 	4,260.36 	27.01% 							
商业用户 	3,119.42 	8.58% 	1,868.31 	8.15% 	1,223.27 	7.76% 							
公福用户 	2,409.50 	6.63% 	1,547.17 	6.75% 	1,004.41 	6.37% 							
汽车用户 	16,765.67 	46.13% 	8,686.72 	37.92% 	5,723.26 	36.28% 							
合计 	36,342.99 	100.00% 	22,909.09 	100.00% 	15,773.76 	100.00% 							
													
项目 	2017 年度 	2017 年度 	2016 年度 	2016 年度 	2015 年度 	2015 年度 							
项目 	金额 	比例 	金额 	比例 	金额 	比例 							
居民用户 	9,592.92 	81.64% 	9,150.09 	87.85% 	10,792.41 	93.34% 							
工业用户 	966.08 	8.22% 	368.71 	3.54% 	118.29 	1.02% 							
商业用户 	555.30 	4.73% 	467.19 	4.49% 	438.15 	3.79% 							
公福用户 	635.76 	5.41% 	429.12 	4.12% 	213.82 	1.85% 							
合计 	11,750.06 	100.00% 	10,415.11 	100.00% 	11,562.67 	100.00% 							
													
项目 	陕西省 	陕西省 	陕西省 	陕西省 	陕西省 	安徽省 	安徽省 						
项目 	三原县 	眉县 	太白山 	华州区 	柞水县 	萧县 	固镇县 						
项目 	三原县 	眉县 	太白山 	华州区 	柞水县 	萧县 	固镇县 						
居民 	陕价商发[2015]108 号 	陕价商发[2015]108 号 	陕价商发[2015]108 号 	陕价商发[2015]108 号 	柞价发[2012]18 号 	萧价业[2013]17 号 	固价[2012]43号 						
居民 	陕价商发[2015]108 号 	陕价商发[2015]108 号 	陕价商发[2015]108 号 	陕价商发[2015]108 号 	柞价发[2012]18 号 	萧价业[2013]17 号 	固价[2012]43号 						
													
工业、商业 	陕价商发[2015]110 号 	宝市价价发[2017]119 号 	宝市价价发[2017]119 号 	渭价发 [2016]173 号 	柞价发[2012]18 号 	萧价[2015]21号 	固价[2012]43号 						
													
公福 	陕价商发[2015]108 号 	陕价商发[2015]108 号 	陕价商发[2015]108 号 	陕价商发[2015]108 号 	柞价发[2012]18 号 	- 	- 						
汽车 	咸发改 [2016]541 号 	宝市价价发[2017]119 号 	宝市价价发[2017]119 号 	渭价发 [2016]173 号 	柞价发[2015]32 号 	萧价[2015]21号 	固价[2016]19号 						
汽车 	咸发改 [2016]541 号 	宝市价价发[2017]119 号 	宝市价价发[2017]119 号 	渭价发 [2016]173 号 	柞价发[2015]32 号 	萧价[2015]21号 	固价[2016]19号 						
													
项目 	陕西省 	陕西省 	陕西省 	陕西省 	陕西省 	安徽省 	安徽省 						
项目 	三原县 	眉县 	太白山 	华州区 	柞水县 	萧县 	固镇县 						
项目 	三原县 	眉县 	太白山 	华州区 	柞水县 	萧县 	固镇县 						
居民定 价文件 	咸价发[2013]76 号 	陕价价函[2009]131号 	陕价价函[2009]131号 	渭价发[2010]62 号 	商政价发[2012]53 号 	萧价业[2013]23号 	固价[2012]43号 						
居民定 价文件 	咸价发[2013]76 号 	陕价价函[2009]131号 	陕价价函[2009]131号 	渭价发[2010]62 号 	商政价发[2012]53 号 	萧价业[2013]23号 	固价[2012]43号 						
													
项目 	陕西省 	陕西省 	陕西省 	陕西省 	陕西省 	安徽省 	安徽省 	其它 6 区县 					
项目 	三原县 	眉县 	太白山 	华州区 	柞水县 	萧县 	固镇县 	其它 6 区县 					
2017 年度 	2017 年度 	2017 年度 	2017 年度 	2017 年度 	2017 年度 	2017 年度 	2017 年度 	2017 年度 					
城市燃气设计输送量 	14,600.00 	14,600.00 	4,500.00 	14,600.00 	- 	1,752.00 	1,752.00 	10,500.00 					
城市燃气实际输送量 	4,846.27 	1,882.74 	279.52 	1,139.49 	- 	204.14 	277.03 	639.63 					
供气率 	33.19% 	12.90% 	6.21% 	7.80% 	- 	11.65% 	15.81% 	6.09% 					
CNG/LNG 加气站设计供气量 	547.50 	3,102.50 	525.00 	730.00 	730.00 	730.00 	730.00 	5,840.00 					
CNG/LNG 加气站实际供气量 	185.89 	1,190.13 	119.80 	193.45 	161.93 	239.34 	87.31 	3,474.97 					
供气率 	33.95% 	38.36% 	22.82% 	26.50% 	22.18% 	32.79% 	11.96% 	59.50% 					
2016 年度 	2016 年度 	2016 年度 	2016 年度 	2016 年度 	2016 年度 	2016 年度 	2016 年度 	2016 年度 					
城市燃气设计输送量 	14,600.00 	14,600.00 	4,500.00 	14,600.00 	- 	1,752.00 	1,752.00 	8,797.00 					
城市燃气实际输送量 	3,861.68 	1,609.08 	251.85 	672.18 	- 	117.90 	172.29 	237.14 					
供气率 	26.45% 	11.02% 	5.60% 	4.60% 	- 	6.73% 	9.83% 	2.70% 					
CNG/LNG 加气站设计供气量 	547.50 	1,642.50 	525.00 	730.00 	730.00 	730.00 	730.00 	5,512.50 					
CNG/LNG 加气站实际供气量 	176.44 	599.79 	216.57 	224.63 	246.75 	238.95 	111.35 	935.53 					
供气率 	32.23% 	36.52% 	41.25% 	30.77% 	33.80% 	32.73% 	15.25% 	16.97% 					
2015 年度 	2015 年度 	2015 年度 	2015 年度 	2015 年度 	2015 年度 	2015 年度 	2015 年度 	2015 年度 					
城 市 燃 气 设 计 输 送量 	14,600.00 	14,600.00 	4,500.00 	14,600.00 	1,752.00 	1,752.00 	1,752.00 	5,540.42 					
城 市 燃 气 实 际 输 送量 	2,774.86 	1,232.08 	290.28 	202.66 	- 	71.14 	82.16 	44.24 					
供气率 	19.01% 	8.44% 	6.45% 	1.39% 	- 	4.06% 	4.69% 	0.80% 					
CNG/LNG 加气站设计供气量 	547.50 	1,642.50 	525.00 	730.00 	730.00 	730.00 	730.00 	1,458.33 					
CNG/LNG 加气站实际供气量 	172.92 	400.31 	91.52 	241.33 	146.55 	222.18 	128.77 	152.76 					
供气率 	31.58% 	24.37% 	17.43% 	33.06% 	20.08% 	30.44% 	17.64% 	10.47% 					
													
项目 	2017 年度 	2017 年度 	2016 年度 	2016 年度 	2015 年度 								
项目 	平均 单价 	变化 幅度 	平均 单价 	变化 幅度 	平均 单价 								
居民用户 	1.92 	3.23% 	1.86 	-1.59% 	1.89 								
工业用户 	2.12 	-1.85% 	2.16 	-7.30% 	2.33 								
商业用户 	2.60 	6.12% 	2.45 	1.24% 	2.42 								
公福用户 	2.05 	5.13% 	1.95 	-6.25% 	2.08 								
汽车用户 	2.86 	-9.49% 	3.16 	-14.13% 	3.68 								
													
项目 	2017 年度 	2017 年度 	2016 年度 	2016 年度 	2015 年度 								
项目 	平均 单价 	变化 幅度 	平均 单价 	变化 幅度 	平均 单价 								
居民用户 	1,998.98 	2.98% 	1,941.09 	-0.35% 	1,947.88 								
工业用户 	210,017.39 	53.79% 	136,559.26 	38.53% 	98,575.00 								
商业用户 	25,126.70 	-15.02% 	29,568.99 	17.43% 	25,181.03 								
公福用户 	79,470.00 	27.78% 	62,191.30 	10.53% 	56,268.42 								
													
客户名称 	销售性质 	销售金额 	占工业售气收入比重 										
													
2017 年度 	2017 年度 	2017 年度 	2017 年度 										
													
陕西宏远航空锻造有限责任公司 	工业售气 	1,050.36 	13.13% 										
													
陕西鑫宝制管有限公司 	工业售气 	897.21 	11.21% 										
陕西达利食品有限公司 	工业售气 	779.68 	9.74% 										
陕西达利食品有限公司 	工业售气 	779.68 	9.74% 										
金堆城钼业股份有限公司矿冶分公司 	工业售气 	482.79 	6.03% 										
金堆城钼业股份有限公司矿冶分公司 	工业售气 	482.79 	6.03% 										
陕西三川果蔬汁有限公司 	工业售气 	470.53 	5.88% 										
陕西三川果蔬汁有限公司 	工业售气 	470.53 	5.88% 										
合计 	合计 	3,680.57 	45.99% 										
合计 	合计 	3,680.57 	45.99% 										
													
2016 年度 	2016 年度 	2016 年度 	2016 年度 										
													
陕西宏远航空锻造有限责任公司 	工业售气 	1,238.67 	20.88% 										
													
陕西鑫宝制管有限公司 	工业售气 	796.13 	13.42% 										
													
金堆城钼业股份有限公司矿冶分公司 	工业售气 	518.11 	8.73% 										
													
陕西达利食品有限公司 	工业售气 	469.68 	7.92% 										
													
陕西三川果蔬汁有限公司 	工业售气 	448.52 	7.56% 										
													
合计 	合计 	3,471.11 	58.51% 										
													
2015 年度 	2015 年度 	2015 年度 	2015 年度 										
陕西宏远航空锻造有限责任公司 	工业售气 	1,191.65 	27.97% 										
陕西宏远航空锻造有限责任公司 	工业售气 	1,191.65 	27.97% 										
陕西鑫宝制管有限公司 	工业售气 	825.69 	19.38% 										
陕西鑫宝制管有限公司 	工业售气 	825.69 	19.38% 										
陕西建华铝业有限公司 	工业售气 	284.68 	6.68% 										
陕西建华铝业有限公司 	工业售气 	284.68 	6.68% 										
客户名称 	销售性质 	销售金额 	占工业售气收入比重 										
													
陕西达利食品有限公司 	工业售气 	264.46 	6.21% 										
													
陕西八钢板簧有限公司 	工业售气 	242.60 	5.69% 										
													
合计 	合计 	2,809.08 	65.94% 										
													
客户名称 	销售性质 	销售金额 	占商业售气收入比重 										
2017 年度 	2017 年度 	2017 年度 	2017 年度 										
2017 年度 	2017 年度 	2017 年度 	2017 年度 										
客户名称 	销售性质 	销售金额 	占商业售气收入比重 										
													
湖北金色农谷青少年实践教育基地 	商业售气 	1,251.51 	40.12% 										
													
陕西太白山艾兰温泉国际酒店有限公司 	商业售气 	101.76 	3.26% 										
													
陕西太白山凤凰温泉酒店有限公司 	商业售气 	74.70 	2.39% 										
陕西恒景温泉酒店有限公司 	商业售气 	34.73 	1.11% 										
陕西恒景温泉酒店有限公司 	商业售气 	34.73 	1.11% 										
渭南市华州区福润德餐饮有限公司 	商业售气 	26.85 	0.86% 										
渭南市华州区福润德餐饮有限公司 	商业售气 	26.85 	0.86% 										
合计 	合计 	1,489.55 	47.75% 										
合计 	合计 	1,489.55 	47.75% 										
2016 年度 	2016 年度 	2016 年度 	2016 年度 										
2016 年度 	2016 年度 	2016 年度 	2016 年度 										
													
湖北金色农谷青少年实践教育基地 	商业售气 	390.22 	20.89% 										
													
陕西太白山凤凰温泉酒店有限公司 	商业售气 	79.07 	4.23% 										
													
陕西恒景温泉酒店有限公司 	商业售气 	48.19 	2.58% 										
													
固镇白马环球港商业管理有限公司 	商业售气 	45.40 	2.43% 										
													
宝鸡中苑国际大酒店有限公司 	商业售气 	35.92 	1.92% 										
													
合计 	合计 	598.80 	32.05% 										
													
2015 年度 	2015 年度 	2015 年度 	2015 年度 										
陕西太白山凤凰温泉酒店有限公司 	商业售气 	96.12 	7.86% 										
陕西太白山凤凰温泉酒店有限公司 	商业售气 	96.12 	7.86% 										
安徽省翠濮酒店管理有限公司 	商业售气 	26.95 	2.20% 										
安徽省翠濮酒店管理有限公司 	商业售气 	26.95 	2.20% 										
中国农业银行股份有限公司三原县支行 	商业售气 	25.39 	2.08% 										
中国农业银行股份有限公司三原县支行 	商业售气 	25.39 	2.08% 										
宝鸡中苑国际大酒店有限公司 	商业售气 	23.96 	1.96% 										
宝鸡中苑国际大酒店有限公司 	商业售气 	23.96 	1.96% 										
													
陕西恒景温泉酒店有限公司 	商业售气 	23.20 	1.90% 										
													
合计 	合计 	195.62 	15.99% 										
													
客户名称 	销售性质 	销售金额 	占公福售气收入比重 										
													
2017 年度 	2017 年度 	2017 年度 	2017 年度 										
													
渭南市华州区聚兴热力有限公司 	公福售气 	192.68 	8.00% 										
													
临泽县银先物业管理有限公司 	公福售气 	185.20 	7.69% 										
三原居庸阁物业管理有限公司 	公福售气 	133.13 	5.53% 										
三原居庸阁物业管理有限公司 	公福售气 	133.13 	5.53% 										
咸阳鸿基物业管理有限公司三原分公司 	公福售气 	105.95 	4.40% 										
咸阳鸿基物业管理有限公司三原分公司 	公福售气 	105.95 	4.40% 										
陕西三原好管家物业管理有限公司 	公福售气 	103.60 	4.30% 										
陕西三原好管家物业管理有限公司 	公福售气 	103.60 	4.30% 										
合计 	合计 	720.56 	29.90% 										
合计 	合计 	720.56 	29.90% 										
													
2016 年度 	2016 年度 	2016 年度 	2016 年度 										
													
临泽县银先物业管理有限公司 	公福售气 	178.56 	11.54% 										
													
三原居庸阁物业管理有限公司 	公福售气 	159.42 	10.30% 										
													
咸阳鸿基物业管理有限公司三原分公司 	公福售气 	146.36 	9.46% 										
													
三原县医院 	公福售气 	86.10 	5.57% 										
													
陕西省泾惠渠管理局 	公福售气 	53.41 	3.45% 										
													
合计 	合计 	623.85 	40.32% 										
													
2015 年度 	2015 年度 	2015 年度 	2015 年度 										
三原县医院 	公福售气 	101.85 	10.14% 										
三原县医院 	公福售气 	101.85 	10.14% 										
咸阳鸿基物业管理有限公司三原分公司 	公福售气 	100.21 	9.98% 										
咸阳鸿基物业管理有限公司三原分公司 	公福售气 	100.21 	9.98% 										
咸阳铭华物业管理有限公司 	公福售气 	85.35 	8.50% 										
咸阳铭华物业管理有限公司 	公福售气 	85.35 	8.50% 										
陕西省泾惠渠管理局 	公福售气 	57.56 	5.73% 										
陕西省泾惠渠管理局 	公福售气 	57.56 	5.73% 										
													
渭南市华州区机关事务管理局 	公福售气 	54.67 	5.44% 										
													
合计 	合计 	399.64 	39.79% 										
													
客户名称 	销售性质 	销售金额 	占用户安装收入比重 										
													
2017 年度 	2017 年度 	2017 年度 	2017 年度 										
													
安徽省柏星置业有限公司 	居民安装收入 	416.90   	3.55%   										
													
安徽嘉楼置业有限公司 	居民安装收入 	369.99   	3.15%   										
渭南市华州区聚兴热力有限公司 	居民安装收入 	216.22   	1.84%   										
渭南市华州区聚兴热力有限公司 	居民安装收入 	216.22   	1.84%   										
客户名称 	销售性质 	销售金额 	占用户安装收入比重 										
													
固镇中旭建设投资有限公司 	居民安装收入 	191.74   	1.63%   										
													
眉县齐镇齐镇村民委员会 	居民安装收入 	185.01   	1.57%   										
													
合计 	合计 	1,379.85   	11.74%   										
2016 年度 	2016 年度 	2016 年度 	2016 年度 										
2016 年度 	2016 年度 	2016 年度 	2016 年度 										
安徽尚达信置业有限公司 	居民安装收入 	342.88 	3.29% 										
安徽尚达信置业有限公司 	居民安装收入 	342.88 	3.29% 										
陕西三原恒博房地产开发有限公司 	居民安装收入 	302.52 	2.90% 										
陕西三原恒博房地产开发有限公司 	居民安装收入 	302.52 	2.90% 										
眉县齐镇齐镇村民委员会 	居民安装收入 	284.24 	2.73% 										
眉县齐镇齐镇村民委员会 	居民安装收入 	284.24 	2.73% 										
													
安徽省萧县新城置业有限公司 	居民安装收入 	264.42 	2.54% 										
													
眉县汤峪镇八庄村村民委员会 	居民安装收入 	197.96 	1.90% 										
													
合计 	合计 	1,392.03 	13.37% 										
													
2015 年度 	2015 年度 	2015 年度 	2015 年度 										
													
安徽尚达信置业有限公司 	居民安装收入 	610.32 	5.28% 										
													
陕西聚旺伟业房地产开发有限公司 	居民安装收入 	435.83 	3.77% 										
													
安徽省柏星置业有限公司 	居民安装收入 	405.76 	3.51% 										
眉县住房保障服务中心 	居民安装收入 	261.60 	2.26% 										
眉县住房保障服务中心 	居民安装收入 	261.60 	2.26% 										
安徽嘉楼置业有限公司 	居民安装收入 	202.55 	1.75% 										
安徽嘉楼置业有限公司 	居民安装收入 	202.55 	1.75% 										
合计 	合计 	1,916.06 	16.57% 										
合计 	合计 	1,916.06 	16.57% 										
													
省份 	区域 	区域 	天然气来源 										
陕西省 	三原县 	三原县 	管道天然气 										
陕西省 	三原县 	三原县 	管道天然气 										
陕西省 	三原县 	三原县 	LNG 天然气运输车 										
陕西省 	三原县 	三原县 	LNG 天然气运输车 										
陕西省 													
陕西省 	眉县 	眉县 	管道天然气 										
陕西省 	眉县 	眉县 											
陕西省 	眉县 	眉县 	LNG 天然气运输车 										
陕西省 													
陕西省 	太白山 	太白山 	管道天然气 										
陕西省 													
陕西省 	华州区 	华州区 	管道天然气 										
陕西省 	华州区 	华州区 											
陕西省 	华州区 	华州区 	CNG 天然气运输车 										
陕西省 													
陕西省 	柞水县 	柞水县 	CNG 天然气运输车 										
													
安徽省 	萧县 	萧县 	CNG 天然气运输车 										
安徽省 	萧县 	萧县 											
安徽省 	萧县 	萧县 	LNG 天然气运输车 										
安徽省 	固镇县 	固镇县 	CNG 天然气运输车 										
安徽省 	固镇县 	固镇县 	CNG 天然气运输车 										
安徽省 	固镇县 	固镇县 	LNG 天然气运输车 										
安徽省 	固镇县 	固镇县 	LNG 天然气运输车 										
甘肃省 	山丹县 	山丹县 	LNG 天然气运输车 										
甘肃省 	山丹县 	山丹县 	LNG 天然气运输车 										
甘肃省 	临泽县 	临泽县 	CNG 天然气运输车 										
甘肃省 	临泽县 	临泽县 	CNG 天然气运输车 										
甘肃省 	临泽县 	临泽县 											
甘肃省 	临泽县 	临泽县 	LNG 天然气运输车 										
甘肃省 													
甘肃省 	天祝县 	天祝县 	CNG 天然气运输车 										
甘肃省 	天祝县 	天祝县 											
甘肃省 	天祝县 	天祝县 	LNG 天然气运输车 										
甘肃省 													
甘肃省 	漳县 	漳县 	LNG 天然气运输车 										
甘肃省 													
甘肃省 	渭源县 	渭源县 	LNG 天然气运输车 										
省份 	区域 	区域 	天然气来源 										
两当县 	两当县 	LNG 天然气运输车 											
两当县 	两当县 	LNG 天然气运输车 											
													
泾源县 	泾源县 	LNG 天然气运输车 											
													
屈家岭 	屈家岭 	CNG 天然气运输车 											
屈家岭 	屈家岭 												
屈家岭 	屈家岭 	LNG 天然气运输车 											
													
潘家湾 	潘家湾 	管道天然气 											
潘家湾 	潘家湾 												
潘家湾 	潘家湾 	LNG 天然气运输车 											
													
宁夏回族自治区 													
													
湖北省 													
													
项目 	2017 年度 	2016 年度 	2015 年度 										
采购量（万立方米） 	15,104.86 	9,746.59 	6,289.97 										
采购金额（万元） 	27,289.66 	15,460.65 	10,424.94 										
单位价格（元/立方米） 	1.81 	1.59 	1.66 										
													
项目 	2017 年度 	2016 年度 	2015 年度 										
原材料采购总额 	4,199.45 	4,159.88 	2,429.90 										
													
原材料名称 （单位） 	采购数量 	单价（元） 	采购金额 （万元） 	耗用数量 	耗用金额 （万元） 	耗用金额占安装成本的比重 							
2017 年度 	2017 年度 	2017 年度 	2017 年度 	2017 年度 	2017 年度 	2017 年度 	2017 年度 						
管材（米） 	673,742 	17.25 	1,162.02 	646,926 	982.73 	16.93% 							
计量设备（台） 	35,663 	356.62 	1,271.80 	38,717 	1,190.59 	20.51% 							
调压设备（台） 	1,041 	4,918.06 	511.97 	794 	303.11 	5.22% 							
合计 	 	 	2,945.79 	 	2,476.43 	42.67% 							
2016 年度 	2016 年度 	2016 年度 	2016 年度 	2016 年度 	2016 年度 	2016 年度 	2016 年度 						
管材（米） 	662,893 	17.37 	1,151.26 	483,485 	814.88 	17.54% 							
计量设备（台） 	43,579 	323.44 	1,409.53 	37,637 	1,061.03 	22.84% 							
调压设备（台） 	682 	3,847.65 	262.41 	638 	224.90 	4.84% 							
合计 	 	 	2,823.20 	 	2,100.81 	45.23% 							
2015 年度 	2015 年度 	2015 年度 	2015 年度 	2015 年度 	2015 年度 	2015 年度 	2015 年度 						
管材（米） 	391,034 	15.94 	623.48 	445,833 	660.08 	13.82% 							
计量设备（台） 	29,556 	301.71 	891.74 	38,785 	1,127.75 	23.62% 							
调压设备（台） 	657 	3,538.81 	232.50 	559 	168.61 	3.53% 							
合计 	 	 	1,747.72 	 	1,956.44 	40.97% 							
													
生产能耗项目 	2017 年度 	2016 年度 	2015 年度 										
营业成本-水费 	4.48 	4.70 	4.48 										
营业成本-电费 	267.32 	273.55 	264.27 										
合计金额 	271.80 	278.25 	268.75 										
营业成本 	37,092.94 	23,368.20 	17,922.94 										
占比 	0.73% 	1.19% 	1.50% 										
													
序号 	供应商名称 	采购性质 	采购金额 	占管道气采购比重 									
													
 	2017 年度 	2017 年度 	2017 年度 	2017 年度 									
													
1 	陕西省天然气股份有限公司 	管道气 	9,993.54 	83.60% 									
1 	陕西液化天然气投资发展有限公司 	管道气 	207.72 	1.74% 									
1 	陕西液化天然气投资发展有限公司 	管道气 	207.72 	1.74% 									
													
2 	渭南市西潼燃气管网有限公司 	管道气 	1,752.69 	14.66% 									
													
合计 	合计 	合计 	11,953.95 	100.00% 									
													
 	2016 年度 	2016 年度 	2016 年度 	2016 年度 									
1 	陕西省天然气股份有限公司 	管道气 	8,230.00 	89.82% 									
1 	陕西省天然气股份有限公司 	管道气 	8,230.00 	89.82% 									
2 	渭南市西潼燃气管网有限公司 	管道气 	933.11 	10.18% 									
2 	渭南市西潼燃气管网有限公司 	管道气 	933.11 	10.18% 									
合计 	合计 	合计 	9,163.11 	100.00% 									
合计 	合计 	合计 	9,163.11 	100.00% 									
 	2015 年度 	2015 年度 	2015 年度 	2015 年度 									
 	2015 年度 	2015 年度 	2015 年度 	2015 年度 									
													
1 	陕西省天然气股份有限公司 	管道气 	6,953.29 	97.86% 									
													
2 	渭南市西潼燃气管网有限公司 	管道气 	152.21 	2.14% 									
													
合计 	合计 	合计 	7,105.50 	100.00% 									
													
供应商名称 	采购性质 	采购金额 	占 CNG 采购比重 										
													
2017 年度 	2017 年度 	2017 年度 	2017 年度 										
													
徐州港华燃气有限公司 	CNG 	919.41 	33.92% 										
													
渭南顺驰能源运输有限公司 	CNG 	604.58 	22.30% 										
宿州中燃城市燃气发展有限公司 	CNG 	486.34 	17.94% 										
宿州中燃城市燃气发展有限公司 	CNG 	486.34 	17.94% 										
蚌埠新奥燃气发展有限公司 	CNG 	274.64 	10.13% 										
蚌埠新奥燃气发展有限公司 	CNG 	274.64 	10.13% 										
富平县润富加气站 	CNG 	98.73 	3.64% 										
富平县润富加气站 	CNG 	98.73 	3.64% 										
合计 	合计 	2,383.70 	87.93% 										
合计 	合计 	2,383.70 	87.93% 										
													
2016 年度 	2016 年度 	2016 年度 	2016 年度 										
													
渭南顺驰能源运输有限公司 	CNG 	841.37 	22.47% 										
													
徐州港华燃气有限公司 	CNG 	726.60 	19.40% 										
													
蚌埠新奥燃气发展有限公司 	CNG 	335.16 	8.95% 										
													
宿州中燃城市燃气发展有限公司 	CNG 	299.17 	7.99% 										
													
西安市西蓝天然气股份有限公司 	CNG 	213.83 	5.71% 										
													
合计 	合计 	2,416.13 	64.51% 										
													
2015 年度 	2015 年度 	2015 年度 	2015 年度 										
渭南市天然气有限公司 	CNG 	716.93 	24.74% 										
渭南市天然气有限公司 	CNG 	716.93 	24.74% 										
徐州港华燃气有限公司 	CNG 	537.61 	18.55% 										
徐州港华燃气有限公司 	CNG 	537.61 	18.55% 										
蚌埠新奥燃气发展有限公司 	CNG 	408.84 	14.11% 										
蚌埠新奥燃气发展有限公司 	CNG 	408.84 	14.11% 										
宿州中燃城市燃气发展有限公司 	CNG 	263.89 	9.11% 										
宿州中燃城市燃气发展有限公司 	CNG 	263.89 	9.11% 										
													
徐州华气新能源有限公司 	CNG 	242.30 	8.36% 										
													
合计 	合计 	2,169.57 	74.86% 										
													
供应商名称 	采购性质 	采购金额 	占 LNG 采购 比重 										
													
2017 年度 	2017 年度 	2017 年度 	2017 年度 										
													
宁夏赛林新能源有限公司 	LNG 	4,933.12 	39.07% 										
													
哈密成运商贸有限公司 	LNG 	4,532.96 	35.90% 										
四川秦蜀能源公司 	LNG 	1,124.18 	8.90% 										
四川秦蜀能源公司 	LNG 	1,124.18 	8.90% 										
荆门市睿远贸易有限公司 	LNG 	602.41 	4.77% 										
荆门市睿远贸易有限公司 	LNG 	602.41 	4.77% 										
兰州瑞丰天燃气有限责任公司 	LNG 	477.13 	3.78% 										
兰州瑞丰天燃气有限责任公司 	LNG 	477.13 	3.78% 										
合计 	合计 	11,669.80 	92.43% 										
合计 	合计 	11,669.80 	92.43% 										
													
2016 年度 	2016 年度 	2016 年度 	2016 年度 										
													
宁夏赛林新能源有限公司 	LNG 	856.38 	33.55% 										
													
哈密成运商贸有限公司 	LNG 	828.27 	32.45% 										
													
沙洋凯达实业股份有限公司 	LNG 	313.27 	12.27% 										
													
兰州瑞丰天燃气有限责任公司 	LNG 	295.12 	11.56% 										
													
宁夏哈纳斯能源发展有限公司 	LNG 	128.29 	5.03% 										
													
合计 	合计 	2,421.33 	94.86% 										
													
2015 年度 	2015 年度 	2015 年度 	2015 年度 										
宁夏哈纳斯能源发展有限公司 	LNG 	345.15 	81.94% 										
宁夏哈纳斯能源发展有限公司 	LNG 	345.15 	81.94% 										
合计 	合计 	345.15 	81.94% 										
合计 	合计 	345.15 	81.94% 										
													
序号 	供应商名称 	采购性质 	采购 金额 	占原材采购总额比重 	原材料种类 								
													
2017 年度 	2017 年度 	2017 年度 	2017 年度 	2017 年度 	2017 年度 								
													
1 	陕西百得利实业有限公司 	原材料 	1,239.41 	29.51% 	管材、计量设备、其他配件 								
													
2 	浙江松川仪表科技股份有限公司 	原材料 	607.49 	14.47% 	计量设备 								
序号 	供应商名称 	采购性质 	采购 金额 	占原材采购总额比重 	原材料种类 								
													
3 	重庆界石仪表有限公司 	原材料 	584.74 	13.92% 	调压设备、其他配件 								
													
4 	西安科特燃气设备有限公司 	原材料 	465.98 	11.10% 	计量设备、其他配件 								
													
5 	上海真兰仪表科技股份有限公司 	原材料 	233.41 	5.56% 	计量设备 								
合计 	合计 	合计 	3,131.04 	74.56% 	 								
合计 	合计 	合计 	3,131.04 	74.56% 	 								
 	2016 年度 	2016 年度 	2016 年度 	2016 年度 	2016 年度 								
 	2016 年度 	2016 年度 	2016 年度 	2016 年度 	2016 年度 								
													
1 	陕西百得利实业有限公司 	原材料 	1,667.53 	40.09% 	管材、计量设备、其他配件 								
2 	成都秦川物联网科技股份有限公司 	原材料 	547.55 	13.16% 	计量设备 								
2 	成都秦川物联网科技股份有限公司 	原材料 	547.55 	13.16% 	计量设备 								
													
3 	重庆界石仪表有限公司 	原材料 	365.69 	8.79% 	调压设备、其他配件 								
													
4 	上海真兰仪表科技股份有限公司 	原材料 	358.85 	8.63% 	计量设备、其他配件 								
													
5 	西安科特燃气设备有限公司 	原材料 	284.90 	6.85% 	计量设备 								
合计 	合计 	合计 	3,224.52 	77.51% 	 								
合计 	合计 	合计 	3,224.52 	77.51% 	 								
2015 年度 	2015 年度 	2015 年度 	2015 年度 	2015 年度 	2015 年度 								
2015 年度 	2015 年度 	2015 年度 	2015 年度 	2015 年度 	2015 年度 								
1 	陕西百得利实业有限公司 	原材料 	680.65 	28.01% 	管材、其他配件 								
1 	陕西百得利实业有限公司 	原材料 	680.65 	28.01% 	管材、其他配件 								
													
2 	诸暨市雄屹机械部件有限公司 	原材料 	338.23 	13.92% 	计量设备 								
2 	绍兴佳德安燃气设备科技有限公司 	原材料 	60.45 	2.49% 	其他配件 								
2 	绍兴佳德安燃气设备科技有限公司 	原材料 	60.45 	2.49% 	其他配件 								
													
3 	重庆界石仪表有限公司 	原材料 	333.94 	13.74% 	调压设备、其他配件 								
													
4 	上海真兰仪表科技股份有限公司 	原材料 	201.07 	8.27% 	计量设备 								
													
5 	成都秦川物联网科技股份有限公司 	原材料 	185.18 	7.62% 	计量设备 								
合计 	合计 	合计 	1,799.52 	74.06% 	 								
合计 	合计 	合计 	1,799.52 	74.06% 	 								
													
序号 	安全生产制度 	法律法规及行业标准规范 	主要内容 										
1 	《单气源合建站运行管理手册》 《双气源合建站运行管理手册》 	1、《中华人民共和国安全生产法》 2、《危险化学品安全管理条例》（国务院令第 344 号） 3、《特种设备气瓶安全监察条例》（国务院令第 549 号） 4、《气瓶安全监察规定》（国质检总局第 46号令） 5、《气瓶安全监察规程》（国质监国[2000]250号） 6、《永久气体气瓶充装站安全技术》（GB17264） 7、《永久气体气瓶充装规定》（GB14194-93） 	运行管理手册确定了安全生产管理制度、设备安全管理制度、设备操作规程、设备作业指导书、应急抢险预案等管理制度，适用于天然气合建站充装气体的运行和安全管理，用于保证按安全技术规范要求对天然气合建站运行管理的全部阶段都得到有效控制 										
2 	《西安华通新能源股份有限公司安全监察管理制度》 	1、《中华人民共和国安全生产法》 2、《中华人民共和国消防法》 3、《城镇燃气管理条例》（国务院令第 583号） 4、《城镇燃气设施运行、维护和抢修安全技	该制度确定了安全管理体系组织架构、安全监察工作流程、安全管理工作标准等细则，加强了公司安全工作监督管理，保障公司生产经营活动安全运行 										
													
术规程》 													
1、《中华人民共和国突发事件应对法》 	该预案为避免因自然灾害和异常情况的发生对天然气输配系统造成损害而造成更大的次生事故发生规范了应急操作 												
1、《中华人民共和国道路运输条例》 2、《危险化学品安全管理条例》 3、《道路危险货物运输管理规定》等 	该规程规定了充装作业安全操作规程、卸气作业安全操作规程、CNG 运输车拖挂车连接操作规程等细则，保障了天然气运输车辆的安全使用 												
1、《中华人民共和国安全生产法》 2、《中华人民共和国突发事件应对法》 	该办法对安全责任事故进行等级划分，规定了安全责任事故的上报、调查处理及处罚等细则，加强了公司的安全管理。 												
													
3 	《西安华通新能源股份有限公司应急预案》 												
4 	《西安华通新能源股份有限公司车辆安全操作规程》 												
5 	《西安华通新能源股份有限公司安全责任事故处置管理办法》 												
													
序号 	污染物 	施工期间 	生产运营期间 	环保设施的运行 									
1 	废水 	发行人及其子公司施工期排放的废水较少 	运营期工程站场产生的废水主要为生活污水 	做预处理后由农用罐车拉至所在县（区）污水处理厂处理后达标排放。 生活废水排入化粪池经处理后用于门站绿化 									
2 	废气 	项目施工扬尘及机械设备尾气，对环境影响是暂时的 	门站检修、管道超压放散的少量天然气 	排放方式为点燃放散排放，放散量较小 									
3 	固体废物 	建设过程中生产的建筑垃圾 	生活垃圾及滤器粉尘 	建设过程产生的弃土全部回填，加强绿化；建筑垃圾、生活垃圾 统一收集后定存放，交环卫部门统一收运和处置 									
4 	噪音污染 	施工期以施工期机械噪音为主，属临时性影响 	调压设备、压缩机以及系统超压排空时的噪音 	禁止夜间施工，防止噪音扰民。运营期间噪音影响轻微，可忽略不计 									
													
序号 	环境设施项目 	2017 年度 	2016 年度 	2015 年度 									
1 	环保设备设施投入 	62.50 	5.60 	28.00 									
2 	环境评价费用 	2.80 	25.69 	5.50 									
3 	环保治理绿化 	6.79 	2.00 	23.01 									
合计 	合计 	72.09 	33.29 	56.51 									
													
类别 	原值 	累计折旧 	净值 	平均成新率 									
房屋建筑物 	14,880.64 	1,513.12 	13,367.52 	89.83% 									
机器设备 	10,781.65 	1,889.52 	8,892.12 	82.47% 									
运输工具 	1,536.36 	754.61 	781.75 	50.88% 									
输气管网 	83,919.32 	9,141.73 	74,777.59 	89.11% 									
其他设备 	907.21 	466.53 	440.68 	48.58% 									
合计 	112,025.17 	13,765.51 	98,259.66 	87.71% 									
													
序号 	设备名称 	主体 	原值 	净值 	成新率 								
													
1 	压缩机系统 	太白山公司 	188.60 	95.28 	50.52% 								
													
2 	站区天然气压缩机 	萧县华通 	185.20 	118.03 	63.73% 								
													
3 	高压储气井 	三原加气站 	114.77 	38.56   	33.60% 								
													
序号 	所有 权人 	权证编号 	建筑面积/用途 	房屋座落 	登记时间 	登记时间 	是否 抵押 						
1 	发行人 	西安市房权证碑林区字第1125106021-7＿1-1-1F101~1号 	326.9/商业 	西安市碑林区文艺路1号1幢1单元1F101室 	2012.8.15 	2012.8.15 	否 						
2 	发行人 	西安市房权证碑林区字第1125106021-7＿1-1-10801~1号 	1,191.61/商业 	西安市碑林区文艺路1号1幢1单元10801室 	2012.8.15 	2012.8.15 	否 						
3 	发行人 	西安市房权证碑林区字第1125106021-7＿1-1-10901~1号 	1,191.61/商业 	西安市碑林区文艺路1号1幢1单元10901室 	2012.8.15 	2012.8.15 	否 						
4 	发行人 	西安市房权证碑林区字第1125106021-7＿1-1-11001~1 	649.28/商业 	西安市碑林区环城南路118号 	2003.3.18 	2003.3.18 	否 						
5 	三原 华通 	陕（2016）三原县不动产权第0000362号 	434.68/办公 	三原县梁岸乡兴隆村 	2016.12.21 	2016.12.21 	是 						
6 	眉县 华通 	陕（2017）眉县 不动产权 第0001760号 	526.30/仓储 	眉县金渠镇蔡家崖村四组西宝公路北侧 	2017.12.21 	2017.12.21 	否 						
7 	眉县 城西 	陕（2017）眉县不动产权第 0000543 号 	486.22/商业服务 	眉县首善镇姜眉路西侧 	2017.8.1 	2017.8.1 	否 						
8 	眉县 分公司 	陕（2017）眉县不动产权第 0000654 号 	185.18/公共设施 	金渠镇蔡家崖村二组 	2017.8.17 	2017.8.17 	否 						
9 	华州 分公司 	华房权证公有字 第1-0014号 	861.58/ 综合用地 	华县莲花寺镇水峪村（310国道北侧） 	2012.12.13 	2012.12.13 	否 						
10 	柞水 分公司 	柞房权证乾佑公字 第159号 	225.55/办公 	柞水县乾佑镇什家湾村 	2013.5.31 	2013.5.31 	否 						
11 	固镇 华通 	固房产证城关镇字 第141075号 	89.90/非住宅 	皖固镇县华海景秀世家4号楼103室商铺 	2014.11.19 	2014.11.19 	否 						
12 	临泽 分公司 	甘（2017）临泽县不动产权第0000816号 	148.86/商业服务 	临泽县312国道以北，原西头号加油站 	2017.5.15 	2017.5.15 	否 						
13 	临泽 分公司 	甘（2017）临泽县不动产权第0002094号 	231.10/商业服务 	临泽县工业园区 	2017.9.6 	2017.9.6 	否 						
14 	发行人 	甘（2017）天祝县不动	1,085.04/	天祝县城区东	2017.9.13 	2017.9.13 	否 						
序号 	所有 权人 	权证编号 	建筑面积/用途 	房屋座落 	登记时间 	登记时间 	是否 抵押 						
产权第0000160号 	仓储等 	南污水处理厂南侧1幢1层1室等 	南污水处理厂南侧1幢1层1室等 										
甘（2017）天祝县不动产权第0000173号 	340.60/办公等 	天祝县华藏寺镇岔口驿村1层1室等 	天祝县华藏寺镇岔口驿村1层1室等 	2017.9.27 	否 								
泾房权证2014字 第3220号 	129.75/营业厅 	泾源县北环路以北、思源村以西合建站 	泾源县北环路以北、思源村以西合建站 	2014.4.14 	否 								
泾房权证2014字 第3221号 	1,242.19/ 综合办公 	泾源县北环路以北、思源村以西天然气合建站 	泾源县北环路以北、思源村以西天然气合建站 	2014.4.14 	否 								
鄂（2017）荆门市不动产权第0008881号 	319.04/其他 	易家岭汉宜公路北空压机房幢101号等4户 	易家岭汉宜公路北空压机房幢101号等4户 	2017.7.26 	否 								
													
15 	天祝 分公司 												
16 	泾源 分公司 												
17 	泾源 分公司 												
18 	屈家岭华通 												
													
序号 	所有权人 	用途 	面积 										
1 	眉县霸王河 	站房 	800 										
2 	太白山公司 	站房 	700 										
													
序号 	所有权人 	用途 	面积 										
1 	山丹华通 	站房 	800 										
2 	漳县分公司 	站房 	800 										
3 	固镇华通 	站房 	740 										
4 	三原加气站 	站房 	108 										
5 	潘家湾分公司 	站房 	187 										
6 	渭源分公司 	站房 	459 										
													
序号 	所有权人 	用途 	面积 										
1 	萧县华通 	站房 	1,506 										
2 	两当分公司 	站房 	850 										
													
序号 	承租人 	出租方 	坐落 	坐落 	面积 （平方米） 	面积 （平方米） 	用途 	用途 	金额 （万元/年） 	租赁期限 			
1 	发行人 	张玲玲 	西安市高新路86 号领先时代广场 2 幢 2 单元16 层 21610 室 	西安市高新路86 号领先时代广场 2 幢 2 单元16 层 21610 室 	56.53 	56.53 	办公 	办公 	1.80 	2017/07/01 至2019/06/30 			
2 	三原 分公司 	孙慧芳 	三原县秦桐街县医院对面 	三原县秦桐街县医院对面 	100 	100 	办公 	办公 	3.80 	2018/03/25 至2019/03/24 			
3 	眉县 分公司 	刘彦新 	营头南街 	营头南街 	20 	20 	办公 	办公 	0.21 	2017/10/08 至2018/10/08 			
4 	眉县 分公司 	沈红军 	齐镇官村庵村 	齐镇官村庵村 	35 	35 	住宅 	住宅 	0.31 	2017/10/08 至2018/10/08 			
5 	眉县 华通 	汪海林 	常兴二组新村 	常兴二组新村 	55 	55 	办公 	办公 	0.35 	2017/04/01 至2018/04/01 			
6 	华州 分公司 	赵浩明 	山水幸福城西区02 号店面双层 	山水幸福城西区02 号店面双层 	200 	200 	办公 	办公 	4.80 	2016/04/01 至2019/04/01 			
7 	广运通配送 	张莉 	高新区绿景园小区 	高新区绿景园小区 	163.16 	163.16 	办公、住宿 	办公、住宿 	3.00 	2017/04/01 至2018/03/31 			
8 	山丹 华通 	雷伟杰 	仁和北路 5 号 	仁和北路 5 号 	50 	50 	办公 	办公 	2.90 	2017/08/10 至2020/08/10 			
9 	天祝 分公司 	高永生 	天祝县 312 国道西侧新都小区 	天祝县 312 国道西侧新都小区 	54 	54 	办公 	办公 	1.70 	2015/01/01 至2019/12/31 			
10 	漳县 分公司 	裴铁成 	漳县武阳镇武阳路 29 号 	漳县武阳镇武阳路 29 号 	110 	110 	仓库 	仓库 	0.66 	2016/06/01 至2018/06/01 			
11 	渭源 分公司 	康立恒 	渭源县新街 	渭源县新街 	126 	126 	办公、住宿 	办公、住宿 	1.50 	2017/04/29 至2018/04/29 			
12 	两当 分公司 	张凤鸣 	两当县庙坪新村 	两当县庙坪新村 	220 	220 	办公、住宿 	办公、住宿 	1.44 	2017/08/01 至2018/07/31 			
13 	两当 分公司 	冯备军 	东街五一村（原磷肥厂） 	东街五一村（原磷肥厂） 	168 	168 	仓库 	仓库 	2.016 	2018/01/01 至2018/12/31 			
14 	屈家岭华通 	王秋平 	湖北荆门屈家岭管理区易家岭王畈巷 51 号 	湖北荆门屈家岭管理区易家岭王畈巷 51 号 	42 	42 	办公 	办公 	0.60 	2015/08/18 至2018/08/17 			
15 	屈家岭	王秋平 	湖北荆门屈家岭	湖北荆门屈家岭	300 	300 	办公、住	办公、住	3.30 	2017/06/15 至			
序号 	承租人 	出租方 	坐落 	坐落 	面积 （平方米） 	面积 （平方米） 	用途 	用途 	金额 （万元/年） 	租赁期限 			
华通 	管理区易家岭王畈巷 51 号 	管理区易家岭王畈巷 51 号 	宿 	宿 	2018/06/14 								
屈家岭华通 	黄静 	湖北屈家岭创业路永安院 	湖北屈家岭创业路永安院 	200 	200 	仓库 	仓库 	0.8 	2017/11/01 至2018/10/31 				
贵州 华通 	任宇 	独山县百泉镇城市之星 	独山县百泉镇城市之星 	98.88 	98.88 	住宿 	住宿 	2.40 	2017/05/01 至2018/04/30 				
													
16 													
17 													
													
项目 	原值 	累计摊销 	净值 										
土地使用权 	7,708.53 	648.35 	7,060.17 										
专利权 	100.00 	100.00 	- 										
外购软件 	169.28 	119.52 	49.76 										
特许经营权 	1,085.79 	134.54 	951.25 										
合计 	9,063.60 	1,002.41 	8,061.18 										
													
序号 	土地使用权人 	权证编号 	权证编号 	坐落 	面积（平方米）/用途 	取得方式 	入账成本（万元） 	价款支付 	使用期限 	后续计量 	实际使用情况 	是否 抵押 	是否 抵押 
1 	三原 华通 	陕（ 2016）三原县不动产权 第 0000362号 	陕（ 2016）三原县不动产权 第 0000362号 	三原县梁岸乡兴隆村 	2,414.40/公共设施用地 	出让 	60.13 	已以货币支付全部价款 	至 2049/9/29 	按直线法摊销50年 	正常使用 	是 	是 
2 	三原 华通 	陕（ 2016）三原县不动产权 第 0000361号 	陕（ 2016）三原县不动产权 第 0000361号 	三原县裕原路 	188.46/公共设施用地 	划拨 	- 	- 	- 	- 	正常使用 	否 	否 
3 	三原加气站 	陕（ 2017）三原县不动产权 第 0000806号 	陕（ 2017）三原县不动产权 第 0000806号 	三原县冶金大道东段 	5,670.59/商业用地 	出让 	159.47 	已以货币支付全部价款 	至 2052/6/12 	按直线法摊销40年 	正常使用 	否 	否 
4 	眉县 华通 	陕（ 2017）眉县 不动产权 第 0001760号 	陕（ 2017）眉县 不动产权 第 0001760号 	眉县金渠镇蔡家崖村四组西宝公路北侧 	1,558.52/仓储用地 	出让 	- 	- 	至2050/12/23 	- 	正常使用 	否 	否 
5 	眉县 城西 	陕（ 2017）眉县 不动产权 第0000543号 	陕（ 2017）眉县 不动产权 第0000543号 	眉县首善镇姜眉路西侧 	2,795.64/商服用地 	出让 	180.00 	已以货币支付全部价款 	至 2048/6/17 	按直线法摊销40年 	正常使用 	否 	否 
6 	眉县 分公司 	陕（ 2017）眉县 不动产权 第 0000654号 	陕（ 2017）眉县 不动产权 第 0000654号 	金渠镇蔡家崖村二组 	10,822.19/商服用地 	出让 	924.32 	截至 2017 年12 月 31 日，已以货币支付 782.72 万元，剩余141.60万元尚未支付 	至 2056/4/20 	按直线法摊销40年 	正常使用 	否 	否 
7 	眉县 分公司 	眉国用（2013） 第 020 号 	眉国用（2013） 第 020 号 	眉县霸王河工业园区 	3,254.00/基础设施用地 	出让 	54.45 	已以货币支付全部价款 	至 2062/12/8 	按直线法摊销50年 	正常使用 	否 	否 
8 	发行人 	华国用（2012） 第 37 号 	华国用（2012） 第 37 号 	华县莲花寺镇水峪村（310国道北侧） 	5,109.00/商业用地 	出让 	285.78 	已以货币支付全部价款 	至2051/11/29 	按直线法摊销40年 	正常使用 	否 	否 
9 	华州 分公司 	华国用（2014） 第92号 	华国用（2014） 第92号 	华县莲花寺镇下东路东侧 	1,687.72/商业用地 	出让 	54.00 	已以货币支付全部价款 	至2054/12/17 	按直线法摊销40年 	正常使用 	否 	否 
10 	华州 分公司 	渭（ 2016）华州区不动产权第 1300021号 	渭（ 2016）华州区不动产权第 1300021号 	瓜坡镇良侯大道北段西侧 	7,681.90/商业用地 	出让 	504.18 	已以货币支付全部价款 	至 2056/4/24 	按直线法摊销40年 	正常使用 	否 	否 
11 	太白	眉国用	眉国用	眉县汤峪口	3,164.78/加	出让 	27.70 	已以货币支	至 2057/9/6 	按直线法	正常	否 	否 
序号 	土地使用权人 	权证编号 	权证编号 	坐落 	面积（平方米）/用途 	取得方式 	入账成本（万元） 	价款支付 	使用期限 	后续计量 	实际使用情况 	是否 抵押 	是否 抵押 
山 公司 	（2007） 第146号 	（2007） 第146号 	中心大道与太安路交口 	气站用地 	付全部价款 	摊销50年 	使用 						
太白山公司 	陕（ 2017）眉县 不动产权 第 0000245号 	陕（ 2017）眉县 不动产权 第 0000245号 	眉县太白山旅游开发区法汤路东 	10,047.00/批发零售用地 	出让 	636.35 	已以货币支付全部价款 	至 2057/4/1 	按直线法摊销40年 	正常使用 	否 	否 	
发行人 	柞国用（2012）字 第18号 	柞国用（2012）字 第18号 	乾佑镇什家湾村 	6,097.00/其他商服用地 	出让 	210.00 	已以货币支付全部价款 	至 2052/5/14 	按直线法摊销40年 	正常使用 	否 	否 	
固镇 华通 	固国用（2014） 第2310032338号 	固国用（2014） 第2310032338号 	固镇县城关镇南陈圩村 	4,915.00/公共设施用地 	出让 	47.76 	已以货币支付全部价款 	至 2060/8/27 	按直线法摊销50年 	正常使用 	否 	否 	
固镇刘园华通 	皖（ 2016）固镇县不动产权 第000004号 	皖（ 2016）固镇县不动产权 第000004号 	新101省道东200米S034省道北侧 	4,118.90/公共设施用地 	出让 	653.45 	已以货币支付全部价款 	至 2066/1/1 	按直线法摊销50年 	正常使用 	否 	否 	
山丹 分公司 	山国用（2014） 第345号 	山国用（2014） 第345号 	山丹县清泉镇南湖 	16,039.28/商业用地 	出让 	149.75 	已以货币支付全部价款 	至 2054/1/2 	按直线法摊销40年 	正常使用 	否 	否 	
临泽 分公司 	甘（ 2017）临泽县不动产权 第0000816号 	甘（ 2017）临泽县不动产权 第0000816号 	临泽县312国道以北，原西头号加油站 	4,772.05/批发零售用地 	出让 	237.00 	已以货币支付全部价款 	至 2054/4/17 	按直线法摊销40年 	正常使用 	否 	否 	
临泽 分公司 	甘（ 2017）临泽县不动产权 第0002094号 	甘（ 2017）临泽县不动产权 第0002094号 	临泽县工业园区 	9,954.02/其他商服用地 	出让 	146.61 	已以货币支付全部价款 	至 2053/2/21 	按直线法摊销40年 	正常使用 	否 	否 	
天祝 分公司 	甘（ 2017）天祝县不动产权 第 0000173号 	甘（ 2017）天祝县不动产权 第 0000173号 	天祝县华藏寺镇岔口驿村1层1室等 	8,645.00/其他商服用地 	出让 	178.84 	已以货币支付全部价款 	至 2055/3/30 	按直线法摊销40年 	正常使用 	否 	否 	
发行人 	甘（ 2017）天祝县不动产权 第 0000160号 	甘（ 2017）天祝县不动产权 第 0000160号 	天祝县城区东南污水处理厂南侧1幢1层1室等 	8,000.00/商服用地 	出让 	398.43 	已以货币支付全部价款 	至2053/11/10 	按直线法摊销40年 	正常使用 	否 	否 	
漳县 分公司 	漳国用（2013） 第 013340 号 	漳国用（2013） 第 013340 号 	漳县武阳镇董家庄村 	10,000.00/公共设施用地 	出让 	251.41 	已以货币支付全部价款 	至 2063/6/19 	按直线法摊销50年 	正常使用 	否 	否 	
序号 	土地使用权人 	权证编号 	权证编号 	坐落 	面积（平方米）/用途 	取得方式 	入账成本（万元） 	价款支付 	使用期限 	后续计量 	实际使用情况 	是否 抵押 	是否 抵押 
22 	渭源 分公司 	渭路国用（2015） 第00005号 	渭路国用（2015） 第00005号 	渭源县路园镇 	10,936.20/其他商服用地 	出让 	354.92 	已以货币支付全部价款 	至 2055/1/14 	按直线法摊销40年 	正常使用 	否 	否 
23 	发行人 	泾国用（2012） 第60032号 	泾国用（2012） 第60032号 	泾源县城北环路北侧、思源村以西、大庄村以东 	8,268.00/其他商服用地 	出让 	341.29 	已以货币支付全部价款 	至 2052/8/29 	按直线法摊销40年 	正常使用 	否 	否 
24 	发行人 	泾国用（2012） 第60031号 	泾国用（2012） 第60031号 	泾源县城北环路北侧、思源村以西、大庄村以东 	5,355.00/其他商服用地 	出让 	341.29 	已以货币支付全部价款 	至 2052/8/31 	按直线法摊销40年 	正常使用 	否 	否 
25 	屈家岭 华通 	鄂（ 2017）荆门市不动产权 第0008881号 	鄂（ 2017）荆门市不动产权 第0008881号 	易家岭汉宜公路北空压机房幢101号等4户 	9,721.14/商服用地 	出让 	476.68 	截至 2017 年12 月 31 日，已以货币支付 469.60 万元，剩余 7.08万元尚未支付 	至 2052/12/25 	按直线法摊销40年 	正常使用 	否 	否 
26 	潘家湾分公司 	鄂（ 2018）嘉鱼县不动产权 第0000364号 	鄂（ 2018）嘉鱼县不动产权 第0000364号 	嘉鱼县潘家湾镇畈湖村 	23,193.47/其他商服用地 	出让 	1,145.00 	截至 2017 年12 月 31 日，已以货币支付 634.00 万元，剩余511.00万元尚未支付 	至 2055/9/25 	按直线法摊销40年 	正常 使用 	否 	否 
													
12 													
13 													
14 													
15 													
16 													
17 													
18 													
19 													
20 													
21 													
													
序号 	使用人 	土地位置 	面积（亩） 										
1 	萧县华通 	安徽省宿州市萧县教育路东段 	11 										
													
序号 	使用人 	土地位置 	面积（亩） 										
1 	两当分公司 	城关镇香泉村 	9.6 										
													
序号 	使用人 	土地位置 	面积（亩） 										
													
1 	贵州华通 	国道 312 以北 	175 										
													
序号 	使用人 	土地位置 	面积（亩） 										
1 	三原华通 	西阳镇西南村 	16 										
2 	三原华通 	陵前镇 	3 										
3 	潘家湾分公司 	潘家湾村 	34 										
4 	高铁岭分公司 	高铁岭镇临港产业园 	29.5 										
5 	眉县霸王河 	陕西省宝鸡市眉县教坊村一组加气站扩建部分 	4.41 										
													
序号 	专利号 	专利名称 	专利类型 	申请时间 	期限 								
1 	ZL201220495467.4 	一种使用天然气切割金属材料的装置 	实用新型 	2012 年 9 月 26 日 	10 年 								
2 	ZL201220495483.3 	一进口多出口的天然气 PE 稳压分流装置 	实用新型 	2012 年 9 月 26 日 	10 年 								
3 	ZL201020136192.6 	气体泄漏区域自动报警控制装置 	实用新型 	2010 年 3 月 19 日 	10 年 								
													
序号 	具体内容 	获取方式 	入账成本 	价款支付 	后续计量 	实际使用情况 							
1 	速达 V5 财务软件 	外购取得 	3.42 	已以货币支付全部价款 	按直线法摊销 5 年 	正常使用 							
2 	信安之星内网管理软件 	外购取得 	6.25 	已以货币支付全部价款 	按直线法摊销 5 年 	正常使用 							
3 	用友系统 	外购取得 	19.66 	已以货币支付全部价款 	按直线法摊销 5 年 	正常使用 							
4 	工程管理系统（奥枫） 	外购取得 	16.22 	已以货币支付全部价款 	按直线法摊销 5 年 	正常使用 							
序号 	具体内容 	获取方式 	入账成本 	价款支付 	后续计量 	实际使用情况 							
5 	天然气营业收费系统（奥枫） 	外购取得 	37.77 	已以货币支付全部价款 	按直线法摊销 5 年 	正常使用 							
6 	燃气监督执行系统（奥枫） 	外购取得 	61.95 	已以货币支付全部价款 	按直线法摊销 5 年 	正常使用 							
7 	阶梯气价管理系统（奥枫） 	外购取得 	8.00 	已以货币支付全部价款 	按直线法摊销 5 年 	正常使用 							
8 	安检抄表分析系统 	外购取得 	7.26 	截至 2017 年 12月 31 日，尚未支付价款 	按直线法摊销 5 年 	正常使用 							
9 	工程管理系统升级 	外购取得 	3.68 	截至 2017 年 12月 31 日，已以货币支付 3.69 万元，剩余 0.22 万元尚未支付 	按直线法摊销 5 年 	正常使用 							
10 	用友 NC 软件 	外购取得 	5.07 	已以货币支付全部价款 	按直线法摊销 5 年 	正常使用 							
													
序号 	具体内容 	获取方式 	入账成本 	价款支付 	后续计量 	实际使用情况 							
1 	漳县天然气 特许经营权 	外购取得 	100.00 	已以货币支付全部价款 	按直线法摊销30 年 	正常使用 							
2 	渭源县天然气 特许经营权 	外购取得 	400.00 	已以货币支付全部价款 	按直线法摊销30 年 	正常使用 							
3 	屈家岭天然气 特许经营权 	收购取得 	585.79 	已以货币形式收购 	按直线法摊销30 年 	正常使用 							
													
序号 	商标标识 	商标 注册证号 	核定 类别 	有效期 	核定服务项目或 核定使用商品范围 								
1 	 	1715830 	39 	2012.2.14 至 2022.2.13 	能源分配，煤气站，液化气站，给水，管道运输，停车厂，司机服务，配水，配电，车辆租赁 								
2 	 	1727701 	40 	2012.3.7 至 2022.3.6 	金属处理，能源生产，燃料加工，水净化，空气净化，废物处理，焊接，金属电镀，锅炉制造 								
3 	 	11552977 	40 	2014.3.7 至2024.3.6 	焊接；锅炉制造；金属处理；金属电镀；废物处理（变形）；空气净化；水净化；燃料加工；能源生产；化学试剂加工和处理 								
4 	 	11552473 	39 	2014.3.7 至2024.3.6 	给水；管道运输；煤气站；能源分配；配电；配水；司机服务；停车场服务；液化气站；运载工具（车辆）出租 								
5 	 	11552680 	39 	2014.3.7 至2024.3.6 	给水；管道运输；煤气站；能源分配；配电；配水；司机服务；停车场服务；液化气站；运载工具（车辆）出租 								
6 	 	11593613 	4 	2014.4.2 至2024.4.20 	燃料；汽车燃料；发动机燃料非化学添加剂；汽车燃料非化学添加剂；气体燃料；天然气（气体燃料）；固态气体（燃料）；矿物燃料；除尘制剂 								
7 	 	11552526 	40 	2014.7.28 至2024.7.27 	水净化；燃料加工 								
													
序号 	著作权名称 	著作权人 	登记号 	首次发表日期 									
1 	华通商标标识 	公司 	国作登字 -2013-F-00139071 	2000 年 10 月 21 日 									
													
编号 	注册者 	通用网址 	有效期 										
20140214141301419 	公司 	http://www.xavaton.com 	2014.2.14 至 2024.2.14 										
													
省级 区域 	序号 	协议名称 	协议名称 	协议对方 	协议本方 	许可内容 	批准立项项目/时间 	签订日期 	经营期限 				
陕西省 	1 	《三原县人民政府与陕西省华通天然气有限责任公司关于三原县天然气开发利用投资的协议书》 	《三原县人民政府与陕西省华通天然气有限责任公司关于三原县天然气开发利用投资的协议书》 	陕西省咸阳市三原县人民政府 	华通有限 	改造三原县城区内锅炉、餐饮、工业等强制性改造为天然气，居民用气，独家开发利用天然气 	三原分公司 2012.07.31 三原加气站 2009.08.26 	1999 年 6月 9 日 	未约定期限 				
陕西省 	1 	《三原县人民政府与陕西省华通天然气有限责任公司关于三原县天然气开发利用投资的协议书》 	《三原县人民政府与陕西省华通天然气有限责任公司关于三原县天然气开发利用投资的协议书》 	陕西省咸阳市三原县人民政府 	华通有限 	改造三原县城区内锅炉、餐饮、工业等强制性改造为天然气，居民用气，独家开发利用天然气 	三原分公司 2012.07.31 三原加气站 2009.08.26 	1999 年 6月 9 日 	未约定期限 				
陕西省 													
陕西省 	2 	《眉县人民政府陕西省华通天然气有限公司关于在眉县投资开发利用天然气的协议书》 	《眉县人民政府陕西省华通天然气有限公司关于在眉县投资开发利用天然气的协议书》 	陕西省宝鸡市眉县人民政府 	华通有限 	眉县境内天然气开发、居民、企业、旅游区用气 	 眉县城西加气站 2007.04.19 眉县霸王河加气站 2014.08.18 眉县城东加气站 2016.07.08 	1999 年 8月 13 日 	未约定期限 				
陕西省 													
陕西省 	3 	《眉县太白山旅游开发区管委会陕西华通天然气有限公司关于太白山旅游开发区实施天然气工程的协议书》 	《眉县太白山旅游开发区管委会陕西华通天然气有限公司关于太白山旅游开发区实施天然气工程的协议书》 	陕西省宝鸡市眉县太白山旅游开发管委会 	发行人 	太白山旅游开发区天然气输配气工程 	太白山供气项目 2016.11.29 太白山加气站 2016.06.03 	2000 年 2月 25 日 	未约定期限 				
陕西省 	4 	《华县人民政府西安华通新能源股份有限公司关于华县城市天然气开发利用投资的协议》 	《华县人民政府西安华通新能源股份有限公司关于华县城市天然气开发利用投资的协议》 	陕西省渭南市华县人民政府 	发行人 	华县进行城市管道天然气独家投资建设和特许经营 	华县天然气门站及CNG 加气站 2009.07.16 华县加气站 2014.01.24 	2008 年 7月 8 日 	未约定期限 				
陕西省 	4 	《华县人民政府西安华通新能源股份有限公司关于华县城市天然气开发利用投资的协议》 	《华县人民政府西安华通新能源股份有限公司关于华县城市天然气开发利用投资的协议》 	陕西省渭南市华县人民政府 	发行人 	华县进行城市管道天然气独家投资建设和特许经营 	华县天然气门站及CNG 加气站 2009.07.16 华县加气站 2014.01.24 	2008 年 7月 8 日 	未约定期限 				
省级 区域 	序号 	协议名称 	协议名称 	协议对方 	协议本方 	许可内容 	批准立项项目/时间 	签订日期 	经营期限 				
													
5 	《柞水县城市天然气开发利用项目投资经营协议书》 	《柞水县城市天然气开发利用项目投资经营协议书》 	陕西省商洛市柞水县人民政府 	发行人 	柞水县天然气工程项目，铺设管道网络建储配调压城市门站 1 座、汽车加气站一座，城区居民生活用气体供应 	柞水县天然气利用工程 2010.09.30 	2010 年 5月 31 日 	50 年 					
													
6 	《萧县人民政府西安华通新能源股份有限公司关于萧县城市天然气开发利用投资的协议》 	《萧县人民政府西安华通新能源股份有限公司关于萧县城市天然气开发利用投资的协议》 	安徽省萧县人民政府 	发行人 	萧县城市管道天然气建设和特许经营，并不再将特许经营权授予第三方 	萧县天然气利用工程 2010.07.08 萧县经济开发区天然气利用工程 2017.01.13 	2008 年 1月 28 日 	未约定期限 					
6 			安徽省萧县人民政府 	发行人 		萧县天然气利用工程 2010.07.08 萧县经济开发区天然气利用工程 2017.01.13 							
6 	《补充协议》 	《补充协议》 	安徽省萧县人民政府 	发行人 	独家投资、经营萧县经济开发区及皮革园天然气项目，包括经济开发区及皮革园的管网敷设，LNG综合场站等 	萧县天然气利用工程 2010.07.08 萧县经济开发区天然气利用工程 2017.01.13 	2012 年 10月 22 日 	30 年 					
7 	《关于固镇县城市天然气开发利用投资的协议》 	《关于固镇县城市天然气开发利用投资的协议》 	安徽省蚌埠市固镇县人民政府 	发行人 	固镇县城关镇范围内进行城市管道天然气/铺设管道网络建储配调压城市门站、汽车加气站 	固镇天然气利用工程 2009.05 固镇刘园天然气二期项目 2016.04.13 	2008 年 9月 15 日 	30 年 					
7 	《关于固镇县城市天然气开发利用投资的协议》 	《关于固镇县城市天然气开发利用投资的协议》 	安徽省蚌埠市固镇县人民政府 	发行人 	固镇县城关镇范围内进行城市管道天然气/铺设管道网络建储配调压城市门站、汽车加气站 	固镇天然气利用工程 2009.05 固镇刘园天然气二期项目 2016.04.13 	2008 年 9月 15 日 	30 年 					
													
8 	《山丹县人民政府与西安华通新能源股份有限公司关于山丹县行政区域内天然气开发利用与经营协议书》、《补充协议书》 	《山丹县人民政府与西安华通新能源股份有限公司关于山丹县行政区域内天然气开发利用与经营协议书》、《补充协议书》 	甘肃省山丹县人民政府 	发行人 	山丹县行政区域内城市管道天然气建设，并在上述区域范围内拥有独家开发利用天然气的经营权（含民用、工业、商业、LNG、CNG、SNG 汽车加气站、分布式能源等）/管道铺设、入户安装 	山丹加气站 2012.11.26 山丹县天然气利用工程 2012.10.15 	2011 年 10月 21 日 	30 年 					
													
9 	《天祝县城市管道天然气特许经营协议》 	《天祝县城市管道天然气特许经营协议》 	天祝县人民政府 	发行人、天祝分公	天祝县投资、建设、安装和经营管道天	天祝加气站 2012.11.26 	2012 年 12月 8 日 	30 年 					
省级 区域 	序号 	协议名称 	协议名称 	协议对方 	协议本方 	许可内容 	批准立项项目/时间 	签订日期 	经营期限 				
													
司 	然气的输配管网及相关设施，建设经营天然气加气站，采购、存储、生产、运输和加工天然气并以管道形式输配、供应和销售管道天然气，向居民和工业用户供应天然气，并提供相关管道天然气设施的维护、运行、抢修抢险业务和用户天然气设施的维修、收费、服务与管理等。 	天祝天然气利用工程 2013.04.07 											
													
发行人 	独资建设漳县城镇天然气工程项目，铺设管道网路并建储配调压城市门站 1座、汽车加气站 1座，漳县城市管道天然气和加气站建设项目 	漳县天然气利用工程 2012.09.10 漳县汽车加气站建设项目 2013.05.03 	2011 年 7月 6 月 	30 年 									
													
发行人 	临泽县行政区域内进行城镇天然气建设，独家开发利用天然气的经营权（含民用、工业、商业、LNG、CNG、SNG汽车加气站、分布式能源等）/ 	临泽县城市天然气储配门站及供气管网工程 2013.06.26 	2012 年 5月 5 日 	30 年 									
发行人 	两当县境内进行城市管道天然气建设，并在上述区域范围内拥有独家开发利	两当城关加气站 2016.03.31 两当分公司 2016.03.31 	2015 年 12月 11 日 	30 年 									
发行人 	两当县境内进行城市管道天然气建设，并在上述区域范围内拥有独家开发利	两当城关加气站 2016.03.31 两当分公司 2016.03.31 	2015 年 12月 11 日 	30 年 									
省级 区域 	序号 	协议名称 	协议名称 	协议对方 	协议本方 	许可内容 	批准立项项目/时间 	签订日期 	经营期限 				
													
用天然气的经营权（含民用、工业、商业、LNG、CNG、SNG 汽车加气站、分布式能源等） 													
													
渭源县行政区域内及渭源县工业集中区（含会川镇区、会川工业园区及其他需用气区域）的民用、工业、商业、特种行业（含 CNG、LNG 加气站及相关燃气项目）等城市管道天然气经营权 	渭源县天然气利用工程 2016.05.13 渭源县加气站 2015.05.26 	2014 年 4月 8 日 	30 年 										
													
独家投资、建设、运营、维护城市管道天然气设施、以管道等输送形式独家向用户供应天然气、液化天然气、液化石油气、人工煤气及其他气体燃料，不包含汽车加气站及船舶加气等业务范围 	屈家岭天然气利用工程 2015.04.16 屈家岭天然气利用工程扩建项目 2016.03.17 	2012 年 11月 13 日 	30 年 										
潘家湾镇行政区域内，以管道输送形式供应民用、工业、商业、潘家湾镇天然气城市门站、调压储备门站、卸载站并提供相关管道燃气设施的维护、运行、抢修抢险业务等/潘家湾镇管道天然气项目 	潘家湾天然气利用项目 2016.05.13 潘家湾畈湖加气站 2014.07.15 	2012 年 12月 4 日 	30 年 										
潘家湾镇行政区域内，以管道输送形式供应民用、工业、商业、潘家湾镇天然气城市门站、调压储备门站、卸载站并提供相关管道燃气设施的维护、运行、抢修抢险业务等/潘家湾镇管道天然气项目 	潘家湾天然气利用项目 2016.05.13 潘家湾畈湖加气站 2014.07.15 	2012 年 12月 4 日 	30 年 										
省级 区域 	序号 	协议名称 	协议名称 	协议对方 	协议本方 	许可内容 	批准立项项目/时间 	签订日期 	经营期限 				
													
宁夏回族自治区 	16 	《泾源县人民政府与西安华通新能源股份有限公司关于泾源县城市天然气开发利用与经营项目的协议》、《补充协议书》 	《泾源县人民政府与西安华通新能源股份有限公司关于泾源县城市天然气开发利用与经营项目的协议》、《补充协议书》 	宁夏回族自治区固原市泾源县人民政府 	发行人 	泾源县内城市管道天然气建设和天然气销售特许经营（含民用、工业、商业、SNG、LNG、CNG汽车加气站、分布式能源等）， 	泾源县天然气利用工程 2012.03.12 	2011 年 5月 16 日 	30 年 				
宁夏回族自治区 													
宁夏回族自治区 	17 	《隆德县人民政府西安华通新能源股份有限公司关于隆德县城市天然气开发利用与经营的协议》、《补充协议书》 	《隆德县人民政府西安华通新能源股份有限公司关于隆德县城市天然气开发利用与经营的协议》、《补充协议书》 	宁夏回族自治区隆德县人民政府 	发行人 	隆德县城市管道天然气建设和天然气销售特许经营（含民用、工业、商业、SNG、LNG、CNG汽车加气站、分布式能源等） 	隆德分公司于 2015年 6 月 25 日注销 	2011 年 5月 24 日 	30 年 				
贵州省 	18 	《天然气综合开发战略合作协议》、《补充协议书》 	《天然气综合开发战略合作协议》、《补充协议书》 	贵州省独山县人民政府 	发行人 	天然气调峰发电厂、天然气 LNG 液化工厂、汽车检测中心、加油加气站 	贵州华通 于 2013 年 10 月 28日设立，尚未开发建设 	2013 年 5月 14 日 	未约定期限 				
贵州省 	18 	《天然气综合开发战略合作协议》、《补充协议书》 	《天然气综合开发战略合作协议》、《补充协议书》 	贵州省独山县人民政府 	发行人 	天然气调峰发电厂、天然气 LNG 液化工厂、汽车检测中心、加油加气站 	贵州华通 于 2013 年 10 月 28日设立，尚未开发建设 	2013 年 5月 14 日 	未约定期限 				
													
安徽省 													
													
甘肃省 													
													
10 	《城市天然气开发利用项目合同书》、《城市天然气开发利用项目协议书》 	漳县人民政府、漳县工信局 											
													
11 	《关于临泽县行政区域内城镇天然气综合开发利用与经营协议书》 	甘肃省临泽县人民政府 											
12 	《两当县天然气综合开发利用项目协议书》 	甘肃省两当县人民政府 											
12 	《两当县天然气综合开发利用项目协议书》 	甘肃省两当县人民政府 											
													
13 	《渭源县城市管道天然气特许经营协议》 	甘肃省定西市渭源县人民政府 	发行人 										
													
14 	《城市燃气特许经营协议》、《<城市燃气特许经营协议>补充协议》 	湖北省荆门市屈家岭管理区城乡建设管理局 	发行人 										
15 	《嘉鱼县潘家湾镇管道天然气项目特许经营协议书》 	湖北省嘉鱼县住房和城乡建设局 	发行人 										
15 	《嘉鱼县潘家湾镇管道天然气项目特许经营协议书》 	湖北省嘉鱼县住房和城乡建设局 	发行人 										
													
序号 	资质 单位 	经营类别 	经营范围 	编号 	发证日期 	有效期限 	发证机关 						
1 	三原 华通 	管道燃气 	三原县 	陕201403080005G 	2014.11.20 	至2019.11.20 	咸阳市集中供热和燃气管理办公室 						
2 	三原 加气站 	燃气汽车加气站（CNG） 	三原县冶金大道东段 	陕201403080018J 	2014.9.15 	至2019.9.15 	咸阳市集中供热和燃气管理办公室 						
3 	眉县 华通 	管道燃气、汽车加气 	眉县县城 	陕201202080004GJ 	2017.3.21 	至2022.3.21 	宝鸡市住房和城市建设局 						
4 	眉县 城西 	汽车加气 	眉县县城 	陕 20120208002J 	2014.6.10 	至2018.6.10 	宝鸡市住房和城市建设局 						
5 	眉县 城东 	汽车加气 	站址所在地 	陕201702080052J 	2017.6.6 	至 2022.6.6 	宝鸡市住房和城市建设局 						
6 	眉县 霸王河 	汽车加气 	站址所在地 	陕201702080053J 	2017.6.6 	至 2022.6.6 	宝鸡市住房和城市建设局 						
7 	华州 分公司 	管道燃气、燃气汽车加气站 	渭南市华县 	陕201305050101GJ 	2013.9.9 	至 2018.9.8 	陕西省住房和城乡建设厅 						
8 	太白山公司 	管道燃气、CNG汽车加气 	太白山旅游区、汤峪、槐芽、横渠镇 	陕201202080003GJ 	2018.1.9 	至 2023.1.9 	宝鸡市住房和城市建设厅 						
9 	柞水 分公司 	燃气汽车加气站 	商洛市柞水县 	陕201310070091J 	2014.12.1 	至2019.12.1 	陕西省住房和城乡建设厅 						
10 	萧县 华通 	GJ 	萧县城区 	皖201204040041GJ 	2012.1.9 	至 2032.1.9 	宿州市城市管理局 						
11 	固镇 华通 	天然气（固镇县区域） 	县区区域 	皖201105030001G 	2011.11.1 	至2030.11.1 	固镇县住房和城乡建设局 						
12 	山丹 华通 	城镇燃气经营及汽	山丹县 	- 	2018.4.20 	至2020.4.19 	山丹县市政公用事						
序号 	资质 单位 	经营类别 	经营范围 	编号 	发证日期 	有效期限 	发证机关 						
车加气 	业管理局 												
管道燃气 	临泽县 	甘201507230003G 	2017.11.1 	至2018.10.31 	临泽县住房和城乡建设局 								
燃气汽车加气站 	张掖市临泽县 	甘G201607230001J 	2018.3.11 	至2019.3.10 	临泽县住房和城乡建设局 								
管道燃气 	天祝藏族自治县县城区 	甘2011706230002G 	2017.6.14 	至2019.6.13 	天祝藏族自治县住房和城乡建设局 								
汽车加气 	天祝藏族自治县行政区域范围内 	甘201706230001J 	2017.6.14 	至 2019.6.13 	天祝藏族自治县住房和城市建设局 								
城镇燃气经营及汽车加气加液 	漳县 	甘 201804090001M 	2018.4.9 	至 2021.4.9 	漳县住房和城乡建设局 								
L-CNG 合建站 	泾源县 	宁201704180001GJ 	2017.6.22 	至2020.6.21 	泾源县城乡建设和环境保护局 								
管道燃气（天然气） 	屈家岭管理区 	鄂 20150706003G 	2015.10.23 	至2018.10.23 	荆门市屈家岭管理区城乡建设管理局 								
													
13 	临泽 分公司 												
14 	临泽 加气站 												
15 	天祝 分公司 												
16 	天祝 加气站 												
17 	漳县 分公司 												
18 	泾源 分公司 												
19 	屈家岭华通 												
													
序号 	资质 单位 	类别/范围 	类别/范围 	地址 	地址 	编号 	发证日期 	有效期限 	有效期限 	发证机关 			
1 	三原 加气站 	车用气瓶/压缩天然气 	车用气瓶/压缩天然气 	三原县冶金大道东段 	三原县冶金大道东段 	TS4261140R2019 	2015.2.4 	至 2019.1.27 	至 2019.1.27 	陕西省质量技术监督管理局 			
2 	眉县 	车用气瓶	车用气瓶	宝鸡市眉县	宝鸡市眉县	TS4261137R2018 	2018.2.5 	至 	至 	陕西省			
序号 	资质 单位 	类别/范围 	类别/范围 	地址 	地址 	编号 	发证日期 	有效期限 	有效期限 	发证机关 			
城西 	（压缩天然气） 	（压缩天然气） 	首善镇西关村二组 	首善镇西关村二组 	2018.8.24 	2018.8.24 	质量技术监督局 						
眉县 城东 	车用气瓶（压缩天然气、液化天然气） 	车用气瓶（压缩天然气、液化天然气） 	眉县城东蔡家崖村 310国道南侧 	眉县城东蔡家崖村 310国道南侧 	TS4261492R2021 	2017.4.12 	至 2021.4.11 	至 2021.4.11 	陕西省质量技术监督局 				
眉县 霸王河 	车用气瓶（压缩天然气、液化天然气） 	车用气瓶（压缩天然气、液化天然气） 	眉县霸王河工业园区秀舒路西段北侧 	眉县霸王河工业园区秀舒路西段北侧 	TS4261491R2021 	2017.4.12 	至 2021.4.11 	至 2021.4.11 	陕西省质量技术监督局 				
华州 分公司 	车用气瓶/压缩天然气 	车用气瓶/压缩天然气 	华县莲花寺镇龙潭道班水峪行政村 	华县莲花寺镇龙潭道班水峪行政村 	TS4261158R2019 	2015.9.1 	至 2019.11.1 	至 2019.11.1 	陕西省质量技术监督管理局 				
太白山公司 	车用气瓶/压缩天然气 	车用气瓶/压缩天然气 	宝鸡市眉县汤峪镇 	宝鸡市眉县汤峪镇 	TS4261106R2017 	2017.5.27 	至 2021.1.19 	至 2021.1.19 	陕西省质量技术监督局 				
柞水 分公司 	车用气瓶/压缩天然气 	车用气瓶/压缩天然气 	柞水县乾佑镇什家湾村8 二组 	柞水县乾佑镇什家湾村8 二组 	TS4261191R2020 	2017.1.06 	至 2020.12.27 	至 2020.12.27 	陕西省质量技术监督管理局 				
萧县 华通 	永久气体/天然气 	永久气体/天然气 	安徽 9 省宿州市萧县教育路东段 	安徽 9 省宿州市萧县教育路东段 	TS423411055-2016 	2016.6.26 	至 2020.6.25 	至 2020.6.25 	安徽省质量技术监督局 				
固镇 华通 	永久气体/车用 CNG充装 	永久气体/车用 CNG充装 	固镇县城关镇南陈圩村 	固镇县城关镇南陈圩村 	TS423403034-2019 	2015.3.25 	至 2019.3.24 	至 2019.3.24 	蚌埠市工商行政和质量技术监督管理局 				
山丹 华通 	永久气体/压缩、液化天然气车用气瓶充装证 	永久气体/压缩、液化天然气车用气瓶充装证 	甘肃省张掖市山丹县山平公路加气站 	甘肃省张掖市山丹县山平公路加气站 	TS4262（07）003-2020 	2016.2.2 	至 2020.2.1 	至 2020.2.1 	张掖市质量技术监督局 				
临泽 分公司 	永久气体/压缩、液化天然气车用气瓶充装 	永久气体/压缩、液化天然气车用气瓶充装 	甘肃省张掖市临泽县工业开发区 	甘肃省张掖市临泽县工业开发区 	TS4262（07）002-2020 	2016.2.2 	至 2020.2.1 	至 2020.2.1 	张掖市质量技术监督管理局 				
序号 	资质 单位 	类别/范围 	类别/范围 	地址 	地址 	编号 	发证日期 	有效期限 	有效期限 	发证机关 			
12 	天祝 分公司 	永久气体/压缩天然气车用气瓶充装 	永久气体/压缩天然气车用气瓶充装 	甘肃省武威市天祝县华藏寺镇 	甘肃省武威市天祝县华藏寺镇 	WWTS0001-2019 	2015.8.11 	至 2019.8.10 	至 2019.8.10 	武威市质量技术监督管理局 			
13 	天祝 分公司 	永久气体/液化天然气车用气瓶充装 	永久气体/液化天然气车用气瓶充装 	甘肃省武威市天祝县华藏寺镇 	甘肃省武威市天祝县华藏寺镇 	WWTS0002-2019 	2015.8.11 	至 2019.8.10 	至 2019.8.10 	武威市质量技术监督管理局 			
14 	漳县 分公司 	LNG、CNG车用气瓶充装证 	LNG、CNG车用气瓶充装证 	甘肃省定西市漳县武阳镇董家庄村胡家庄社 	甘肃省定西市漳县武阳镇董家庄村胡家庄社 	TS462（24）006-2020 	2016.1.28 	至 2020.1.27 	至 2020.1.27 	定西市质量技术监督管理局 			
15 	泾源 分公司 	压缩天然气 	压缩天然气 	泾源县北环路以北，思源村以西 	泾源县北环路以北，思源村以西 	TS4264308-2018 	2014.10.28 	至 2018.10.27 	至 2018.10.27 	宁夏回族自治区质量技术监督局 			
16 	泾源 分公司 	液化天然气 	液化天然气 	泾源县北环路以北，思源村以西 	泾源县北环路以北，思源村以西 	TS426404017-2021 	2017.12.27 	至 2021.12.26 	至 2021.12.26 	宁夏回族自治区质量技术监督局 			
													
3 													
4 													
5 													
6 													
7 													
8 													
9 													
10 													
11 													
													
序号 	资质单位 	范围 	地址 	编号 	发证日期 	有效期限 	发证 机关 						
1 	广运通配送 	危险货物运输（2 类1 项） 	陕西省渭南市高新技术产业开发区丽都佳苑小区 2 号楼 3 单元 1 楼 102 室 	陕交运管许可渭字610500000461 号 	2016.12.13 	至 2020.12.12 	渭南市道路运输管理处 						
													
序号 	资质单位 	名称 	等级/类别/范围 	编号 	发证日期 	有效期限 	发证机关 						
1 	德凌工程 	建筑业企业资质证书 	建筑装修装饰工程专业承包一级/建筑幕墙工程专业承包二级 	D261015549 	2016.3.16 	至 2021.3.16 	陕西省住房和城乡建设厅 						
2 	德凌工程 	建筑业企业资质证书 	钢结构工程专业承包三级/石油化工工程施工总承包三级 	D361020250 	2016.2.15 	至 2021.2.15 	西安市城乡建设委员会 						
3 	德凌工程 	安全生产许可证 	建筑施工 	（陕）JZ 安许证字[2005]010031 	2017.9.15 	至 2020.9.15 	陕西省住房和城乡建设厅 						
													
序号 	资质单位 	名称 	等级/类别/范围 	编号 	发证日期 	有效期限 	发证机关 						
1 	德凌工程 	特种设备安装改造修理许可证 	压力管道安装/GB1、GB1（PE专项）、GB2（2）、GC2 	TS3861145-2021 	2018.3.19 	至2021.12.16 	陕西省质量技术监督局 						
													
序号 	技术名称 	工艺创新性及比较优势 											
1 	气体泄漏区域自动报警控制装置 	该项目具有的主要优势：①该系统可使主控室人员随时了解天然气城市管网的运行状况。②对天然气城市管网系统出现的损漏事故立即报警，并显示事故处的位置、管道技术参数等相关数据，便于抢险抢修人员制定方案，携带材料赶赴现场。③使主控室人员随时了解事故处理和完成情况，及时进行管网系统的调度指挥。该项目已获得中华人民共和国知识产权局颁发的《实用新型专利证书》。 											
2 	一进口多出口的天然气PE 稳压分流装置 	本项技术与现有钢制稳压分流装置相比，具有结构简单，安装方便，管件连接采用热熔组焊成一体，免维护，使用寿命不少于 50 年埋地的特点，降低了后期维护保养的支出，减少站区内的管道、设备障碍，方便巡检和其他设备、管道的维修，可以使用各种规格的 PE 管件、管材和 PE 阀门，组焊成各种形式的 PE 稳压分流装置。在我公司三原子公司重化二级站内安装的该装置已使用多年，完全可以满足天然气中压管网系统的稳压和分流。该项目已获得中华人民共和国知识产权局颁发的《实用新型专利证书》。 											
3 	一种使用天然气切割金属材料的装置 	本项技术于 2007 年 4 月在我公司眉县分公司完成试验，当年八月在眉县皇城集团投入使用，以替代原使用的液化石油气，经过多年的使用，用户单位对使用天然气替代液化石油气进行钢材切割技术，给予了较高的评价： ①天然气的火焰较冲，工件加热时间短，提高了工效，切割质量完全符合切割工艺和制造工艺的要求。②利用中、低压管道供气，使用比较安全，减少了瓶装液化石油气在运输、储存、现场搬运过程中的不安全因素和辅助工时。③克服了瓶装液化石油气市场价格不稳定和抽残不彻底的弊病，达到成本控制之目的。④天然气燃烧后较之液化石油气燃烧后产生的有害气体少，为治理环境污染做出了一定的贡献。该项技术成果已在《陕西燃气与热力》2009.2 期（总第 20 期）上进行了刊登，进行推广。该项目已获得中华人民共和国知识产权局颁发											
													
序号 	项目 	一类 	二类 	三类 									
1 	高位发热量a（兆焦耳/立方米）≥ 	36.0 	31.4 	31.4 									
2 	总硫（以硫计）a/（毫克/立方米）≤ 	60 	200 	350 									
3 	硫化氢a（毫克/立方米）≤ 	6 	20 	350 									
4 	二氧化碳含量体积百分比≤ 	2.0 	3.0 	- 									
5 	水露点b,c/摄氏度 	在交接点压力下，水露点应比输送条件最低环境温度低 5 摄氏度 	在交接点压力下，水露点应比输送条件最低环境温度低 5 摄氏度 	在交接点压力下，水露点应比输送条件最低环境温度低 5 摄氏度 									
a本标准中气体体积的标准参比条件是101.32千帕，20摄氏度。 	a本标准中气体体积的标准参比条件是101.32千帕，20摄氏度。 	a本标准中气体体积的标准参比条件是101.32千帕，20摄氏度。 	a本标准中气体体积的标准参比条件是101.32千帕，20摄氏度。 	a本标准中气体体积的标准参比条件是101.32千帕，20摄氏度。 									
													
序号 	标准名称 	实施时间 	颁布单位 										
1 	《城镇燃气输配工程施工及验收规范》（CJJ33-2005） 	2005 年 5 月 	建设部 										
2 	《城镇燃气设计规范》（GB50028-2006） 	2006 年 11 月 	建设部 										
3 	《聚乙烯燃气管道工程技术规范》（CJJ63-2008） 	2008 年 8 月 	建设部 										
4 	《燃气系统运行安全评价标准》（GB/T50811-2012） 	2012 年 12 月 	住房和城乡建设部 										
5 	《天然气管道运行规范》（SY/T5922-2012） 	2012 年 12 月 	国家能源局 										
6 	《城镇燃气设施运行、维护和抢修安全技术规程》（CJJ51-2016） 	2016 年 6 月 	住房和城乡建设部 										
													
