 	 										
											
名称 	内容 										
《国家中长期科学和技术发展规划纲要（2006-2020 年）》 	2006 年 2 月，国务院发布《国家中长期科学和技术发展规划纲要（2006-2020 年）》，其中“（26）基础件和通用部件 重点研究开发重大装备所需的关键基础件和通用部件的设计、制造和批量生产的关键技术，开发大型及特殊零部件成形及加工技术、通用部件设计制造技术和高精度检测仪器”和“（27）数字化和智能化设计制造 重点研究数字化设计制造集成技术，建立若干行业的产品数字化和智能化设计制造平台。开发面向产品全生命周期的、网络环境下的数字化、智能化创新设计方法及技术，计算机辅助工程分析与工艺设计技术，设计、制造和管理的集成技术”均为优先主题。 										
名称 	内容 										
《中国制造 2025》 	2015 年 5 月,国务院发布《中国制造 2025》,指出要“研究制定智能制造发展战略”、“加快发展智能制造装备和产品”，“激发中小企业创业创新活力，发展一批主营业务突出、竞争力强、成长性好、专注于细分市场的专业化‘小巨人’企业”，“推动建设一批高水平的中小企业集群”。 										
《工业转型升级规划（2011—2015 年）》 	2011 年 12 月，国务院发布《工业转型升级规划（2011—2015 年）》，提出要“发展先进装备制造业”，“促进工业绿色低碳发展”，“围绕工业生产源头、过程和产品三个重点，实施工业能效提升计划，推动重点节能技术、设备和产品的推广和应用，提高企业能源利用效率，鼓励工业企业建立能源管理体系”，“围绕感知、决策、执行三个关键环节，研究开发新型传感器、自动控制系统、工业机器人等感知、决策装置，以及高性能液压件与气动元件、高速精密轴承、高速精密齿轮和变频调速装置等执行部件”。 										
《公共机构节能条例》 	2008 年 8 月，国务院发布《公共机构节能条例》，明确提出“公共机构电梯系统应当实行智能化控制，合理设置电梯开启数量和时间，加强运行调节和维护保养”，“公共机构不执行节能产品、设备政府采购名录，未按照国家有关强制采购或者优先采购的规定采购列入节能产品、设备政府采购名录中的产品、设备，或者采购国家明令淘汰的用能产品、设备的，由政府采购监督管理部门给予警告，可以并处罚款；对直接负责的主管人员和其他直接责任人员依法给予处分，并予通报”。 										
《中华人民共和国特种设备安全法》 	2013 年 6 月，全国人民代表大会常务委员会通过《中华人民共和国特种设备安全法》，指出电梯属于特种设备，并对特种设备的生产、经营、使用、检验、检测做了具体规定。 										
《产业结构调整指导目录（2011）》（ 2013年修正） 	2013 年 2 月，国家发改委形成了《国家发展改革委关于修改<产业结构调整指导目录（2011 年本）>有关条款的决定》，其中“二十一、建筑”中“智能建筑产品与设备的生产制造与集成技术研究”、“二十七、综合交通运输”中“综合交通枢纽建设与改造、综合交通枢纽便捷换乘及行李捷运系统建设”、“三十八、环境保护与资源节约综合利用”中“节能、节水、节材环保及资源综合利用等技术开发、应用及设备制造”均为鼓励类项目。 										
《当前优先发展的高技术产业化重点领域指南（2011 年度）》 	2011 年 6 月，国家发改委等部门联合发布《当前优先发展的高技术产业化重点领域指南（2011 年度）》，其中明确提出“大型火电、石化、冶金、核电工程所需综合自动化系统，应用现场总线技术的检测与控制仪表，高性能智能化控制器，大型传动装置用高效、节能调速系统，数字化、智能化变送器和传感器，现场总线与无线网络集成的各种软件及硬件产品，智能化工业控制部件、控制器和执行机构，自动化测量仪表，工业无线控制、功能安全控制系统和设备”属于当前优先发展的重点领域。 										
名称 	内容 										
《高端装备制造业“十三五”发展规划》 	2016年12月19日，国务院印发《“十三五”国家战略性新兴产业发展规划》，提出要“促进高端装备与新材料产业突破发展，引领中国制造新跨越”，“着力提高智能制造核心装备与部件的性能和质量，打造智能制造体系，强化基础支撑，积极开展示范应用，形成若干国际知名品牌，推动智能制造装备迈上新台阶。” 										
《关于进一步加强电梯安全工作的意见（国质检特（2013）14 号）》 	2013 年 1 月，国家质量监督检验检疫总局发布《关于进一步加强电梯安全工作的意见（国质检特〔2013〕14 号）》，其中明确提出“提高电梯技术保障能力和手段。申请财政设立经费科目，加强电梯监督抽查、风险监测和预警等，支持电梯物联网技术的研发和应用等。统筹科技和项目经费，开展电梯重要零部件及安全保护装置可靠性研究、老旧电梯风险评估技术方法的研究和试点等，提高电梯安全技术保障能力。加强电梯标准化工作，组织制定统一的电梯物联网技术标准，研究制订电梯零部件更换报废标准等”。 										
《住宅设计规范 （GB 50096-2011）》  	2011 年 7 月，住建部与质检总局联合发布《住宅设计规范》（GB 50096-2011），其中明确提出“‘七层及七层以上住宅或住户入口层楼面距室外设计地面的高度超过 16m 时；底层作为商店或者其他用房的六层及六层以下住宅，其住户入口层楼面距该建筑物的室外设计地面高度超过 16m 时；底层做架空层或贮存空间的六层及六层以下住宅，其住户入口层楼面距该建筑物的室外设计地面高度超过16m 时；顶层为两层一套的跃层住宅时，跃层部分不计层数，其顶层住户入口层楼面距离该建筑物室外设计地面的高度超过 16m’必须设置电梯”，“十二层及十二层以上的住宅，每栋楼设置电梯不应少于两台，其中应设置一台可容纳担架的电梯”。 										
《电梯主要部件报废技术条件》（GB/T 31821-2015） 	2015 年 7 月，中国国家标准化管理委员会发布《电梯主要部件报废技术条件》（GB/T 31821-2015），且自 2016 年 2 月 1 日起正式实施。其中规定了“安全保护装置、紧急救援装置、井道安全门和活板门、驱动主机、轿厢、层门和轿门、电气控制装置”等 13 项对电梯安全运行影响较大的电梯主要部件报废技术条件；同时，标准明确将机械损伤(如开裂、变形)、非正常磨损、锈蚀、材料老化、电气故障、电气元件破损等 6 种影响安全运行的失效或潜在失效模式作为部件的报废技术条件，为存在风险隐患需要报废部件提供了技术依据。 										
《国民经济和社会发展第十三个五年规划纲要》 	2016 年 3 月，《国民经济和社会发展第十三个五年规划纲要》发布。其中，“第二十二章 实施制造强国战略”提出“全面提升工业基础能力，引导整机企业与“四基”企业、高校、科研院所产需对接”，“加快发展新型制造业，推动‘中国制造+互联网’取得实质性突破。培育推广新型智能制造模式，实施绿色制造工程，推动制造业由生产型向生产服务型转变”，“推动传统产业改造升级，鼓励企业并购，形成以大企业集团为核心，集中度高、分工细化、协作高效的产业组织形态”，“加强质量品牌建设”，“积极稳妥化解产能过剩，建立以工艺、技术、能耗、环保、质量、安全等为约束条件的推进机制，强化行业规范和准入管理，坚决淘汰落后产能”，“降低实体经济企业成本”。 										
名称 	内容 										
《“十三五”国家科技创新规划》 	2016 年 7 月，国务院印发《“十三五”国家科技创新规划》，其中明确：“智能装备与先进工艺。开展非传统制造工艺与流程、重大装备可靠性与智能化水平等关键技术研究，研制一批代表性智能加工装备、先进工艺装备和重大智能成套装备，引领装备的智能化升级。” 										
GB 7588-2003《电梯制造与安装安全规范》 国家标准第 1 号修改单 	2015 年 7 月 16 日，国家标准委发布 GB 7588-2003《电梯制造与安装安全规范》国家标准第 1 号修改单，自 2016 年 7 月 1 日开始实施。第 1 号修改单增加一些标准，包括“层门在锁住位置时，所有层门及其门锁应达到标准机械强度”，“层门/门框上的玻璃应使用夹层玻璃”，“固定在门扇上的导向装置失效时，水平滑动层门应有将门扇保持在工作位置上的装置”，“当轿厢停在规定的距离内时，打开对应的层门后，能够不用工具从层站打开轿门，除非用三角形钥匙或永久性设置在现场的工具”等。 										
《电梯型式试验规则》（TSG 7007-2016） 	2016 年 6 月 20 日，质检总局官网发布质检总局特种设备局关于《电梯型式试验规则》（TSG T7007-2016）实施的意见，《规则》增加了一些技术指标要求，包括“提高层门强度要求，从原来仅要求层门在 300N 静力情况下不得有永久变形和超标弹性变形，增加了1000N 静力载荷试验，以及摆锤冲击载荷试验”，“增加轿厢内开门限制装置”，“增加对监测短接门锁回路行为的监测功能，规定在验证电梯门关闭和锁紧的安全回路被人为短接情况下，控制系统应能自动识别并停止电梯正常运行”，“增加防止轿厢意外移动的保护装置(UCMP)”，“增加自动扶梯主驱动链保护功能”，“型式试验机构应当每四年对制造单位进行一次一致性核查；对其他制造单位的安全保护装置和主要部件，应当每两年对制造单位进行一次一致性核查”。 										
《“十三五”节能减排综合工作方案》 	2016 年 12 月，国务院印发《“十三五”节能减排综合工作方案》，其中明确：“推动建筑节能宜居综合改造试点城市建设，鼓励老旧住宅节能改造与抗震加固改造、加装电梯等适老化改造同步实施，完成公共建筑节能改造面积 1 亿平方米以上”。 										
《关于全面放开养老服务市场提升养老服务质量的若干意见》 	2016 年 12 月，国办印发《关于全面放开养老服务市场提升养老服务质量的若干意见》，其中明确：“通过政府补贴、产业引导和业主众筹等方式，加快推进老旧居住小区和老年人家庭的无障碍改造，重点做好居住区缘石坡道、轮椅坡道、公共出入口、走道、楼梯、电梯候梯厅及轿厢等设施和部位的无障碍改造，优先安排贫困、高龄、失能等老年人家庭设施改造，组织开展多层老旧住宅电梯加装”。 										
											
年份 	客梯 	货梯 	杂货梯 	扶梯 	总产量 	淘汰年限 					
1999 年 	20,950 	5,200 	1,700 	4,650 	32,500 	2014 年 					
2000 年 	24,300 	5,600 	1,650 	5,950 	37,500 	2015 年 					
2001 年 	33,060 	5,850 	1,500 	6,300 	46,710 	2016 年 					
2002 年 	42,690 	7,500 	2,500 	10,500 	63,190 	2017 年 					
2003 年 	60,810 	8,000 	2,800 	13,000 	84,610 	2018 年 					
2004 年 	110,000 	110,000 	110,000 	110,000 	110,000 	2019 年 					
2005 年 	135,000 	135,000 	135,000 	135,000 	135,000 	2020 年 					
2006 年 	147,832 	147,832 	147,832 	147,832 	147,832 	2021 年 					
2007 年 	186,000 	186,000 	186,000 	186,000 	186,000 	2022 年 					
											
2008 年 	234,302 	2023 年 									
2009 年 	262,000 	2024 年 									
2010 年 	365,000 	2025 年 									
2011 年 	450,000 	2026 年 									
											
城市 	法规名称 										
北京 	关于北京市既有多层住宅增设电梯的若干指导意见（京建发（2010）590 号） 										
上海 	本市既有多层住宅增设电梯的指导意见（沪房管修（2011）187 号） 										
韶关 	韶关市既有住宅加装电梯工作方案（韶府办（2011）211 号） 										
广州 	广州市既有住宅增设电梯试行办法（穗府办（2012）21 号） 										
福州 	关于福州市既有住宅增设电梯的若干意见（暂行）（榕政综（2012）245 号） 										
武汉 	市人民政府办公厅关于全市既有住宅增设电梯的意见（武政办（2013）158 号） 										
深圳 	深圳市既有住宅加装电梯的实施意见（2013 年 12 月） 										
											
项目 	2008 年 	2009 年 	2010 年 	2011 年 	2012 年 						
											
垂直电梯占比 	84.49% 	 83.91% 	87.12% 	88.73% 	89.22% 						
											
公司名称 	2016 年度 	2015 年度 	2014 年度 								
汇川技术 	- 	48.47% 	50.23% 								
新时达 	- 	35.98% 	39.49% 								
英威腾 	- 	42.69% 	42.59% 								
本公司 	42.88% 	43.91% 	43.88% 								
											
项目 	2016 年 	2015 年 	2014 年 								
公司门机产量（万台） 	5.76 	5.15 	4.87 								
公司门机销量（万台） 	5.77 	5.26 	4.73 								
我国垂直电梯产量（万台） 	- 	65.89 	61.90 								
公司市场占有率（产量口径） 	- 	7.82% 	7.87% 								
公司市场占有率（销量口径） 	- 	7.98% 	7.64% 								
											
竞争领域 	公司名称 	公司简介 									
电梯门系统 	宁波申菱电梯部件有限公司 	宁波申菱电梯部件有限公司是一家以电梯核心部件为主的行业领先企业，主要研发及生产销售电梯门系列、曳引机系列、轿厢系列和安全部件系列产品。 									
电梯门系统 	杭州西子孚信科技有限公司 	杭州西子孚信科技有限公司是西子联合控股有限公司下属最重要的实业生产基地之一，主要产品涵盖电梯门机和厅门系统、电梯轿厢装潢等各种品种的电梯部件，可为整梯厂家提供部件配套加工、贴牌加工，以及为安装维保公司直接提供维保类配件。 									
电梯门系统 	上海贝斯特电梯部件有限公司 	上海贝斯特电梯部件有限公司是电梯电气产品配套商，专注于电子和结构结合类电梯配套产品的开拓，主要产品包括电梯人机交换界面、微机控制的同步和异步驱动电梯门、多信号传输电梯随动电缆和预制电缆、高速多核微机电梯逻辑控制器、节能变频马达驱动等电梯电气产品。 									
											
竞争领域 	公司名称 	公司简介 									
电梯控 制系统 	苏州默纳克控制技术有限公司 	苏州默纳克控制技术有限公司是深圳市汇川技术股份有限公司全资子公司，以汇川公司领先的变频驱动技术为基础，为电梯行业提供控制和驱动产品。 									
电梯控 制系统 	上海新时达电气股份有限公司 	上海新时达电气股份有限公司业务涉及电梯控制、工业传动、机器人、运动控制、物联网等领域，产品主要包括高、中、低压各种变频器、一体化驱动控制器、伺服驱动器、工业机器人、电梯控制与驱动系统、电梯部件及专业线缆和电梯物联网等。 									
电梯控 制系统 	深圳市英威腾电气股份有限公司 	深圳市英威腾电气股份有限公司依托于电力电子、电气传动、自动控制、信息技术等关键技术的掌握，产品涵括高、中、低压变频器、电梯智能整体机、伺服系统、PLC、HMI、电机和电主轴、SVG、UPS 和光伏逆变器等。 									
											
产品名称 	技术和特点 										
VVVF 变频门机 	采用先进的 VVVF 数字马达处理器和 IPM 智能功率模块，通过旋转编码器反馈，对开关门进行精确的调节，使开关门过程更平稳，运行曲线更完美。 										
永磁同步变频门机 	永磁同步电机为驱动电机，具有低速扭矩大、运行效果好、运行过程静音、电机热损耗小等明显优势，其显著的节能效果大大提高了门机运行效率，同时也使电梯门的机械设计更简单。 										
交流矢量变频门机 	通过矢量控制算法，可以很大程度上改善对转矩控制的效果，降低电机运行的发热量，提高电机的工作效率，在改善电机动态控制性能的同时，达到节省电能的目的。 										
											
电梯门系统种类 	门机/层门装置 	示意图 	用途 								
电梯中分门系统 	中分门机 	 	电梯中分门系统用于驱动电梯轿门及层门（各含有两扇门）以中间打开的方式开启或关闭，常用于载客电梯。 								
电梯中分门系统 	中分层门装置 	 	电梯中分门系统用于驱动电梯轿门及层门（各含有两扇门）以中间打开的方式开启或关闭，常用于载客电梯。 								
											
电梯门系统种类 	中分/旁开 	门机/层门装置 	示意图 	用途 							
电梯双折门系统 	中分双折门系统 	中分双折门机 	 	电梯中分双折门系统用于驱动电梯轿门及层门（各含有四扇门）以中间打开的方式开启或关闭，常用于载货电梯。 							
电梯双折门系统 	中分双折门系统 	中分双折层门装置 	 	电梯中分双折门系统用于驱动电梯轿门及层门（各含有四扇门）以中间打开的方式开启或关闭，常用于载货电梯。 							
电梯双折门系统 	旁开双折门系统 	旁开双折门机 	 	电梯旁开双折门系统用于驱动电梯轿门及层门（各含有两扇门）以旁边打开的方式开启或关闭，							
											
旁开双折层门装置 	 	常用于载货电梯。 									
											
电梯门系统种类 	中分/旁开 	门机/层门装置 	示意图 	用途 							
电梯三折门系统 	中分三折门系统 	中分三折门机 	 	电梯中分三折门系统用于驱动电梯轿门及层门（各含有六扇门）以中间打开的方式开启或关闭，常用于开门空间较大的载货电梯。 							
电梯三折门系统 	中分三折门系统 	中分三折层门装置 	 	电梯中分三折门系统用于驱动电梯轿门及层门（各含有六扇门）以中间打开的方式开启或关闭，常用于开门空间较大的载货电梯。 							
电梯三折门系统 	旁开三折门系统 	旁开三折门机 	 	电梯旁开三折门系统用于驱动电梯轿门及层门（各含有三扇门）以旁边打开的方式开启或关闭，常用于开门空间较大的载货电梯。 							
电梯三折门系统 	旁开三折门系统 	旁开三折层门装置 	 	电梯旁开三折门系统用于驱动电梯轿门及层门（各含有三扇门）以旁边打开的方式开启或关闭，常用于开门空间较大的载货电梯。 							
											
技术先进 	集计算机技术、自动控制技术、网络通讯技术、无线通信技术、电机矢量驱动技术和嵌入式控制技术于一体，运用以距离控制为原则的直接停靠技术，采用 ARM、DSP、MCU 等多种嵌入式控制芯片，并采用集成控制局域网（CAN)等通讯技术。 										
简单易用 	采用控制驱动一体化设计，产品结构更加简洁紧凑，可以方便的实现电梯小机房、无机房设计。产品采用智能化人机操作界面，非顶层位置实现带载自学习，安装、调试、维护更加便捷。 										
安全可靠 	紧扣 GB7588-2003 国家标准，采用软件和硬件多重安全保护设计，有效杜绝蹲底、冲顶事故发生。硬件、软件设计采用多种容错设计技术，提高了控制系统的可靠性和稳定性。产品同时具有较好的抗电磁干扰和环境适应能力。 										
舒适稳定 	产品运用启动力矩自动补偿技术，能够获得更佳的用户使用舒适感。主控板、内呼板、外呼板等功能部件采用 CAN 总线互联技术进行通信，各部件之间连接简单，可靠性更强。同时，产品内置直流电抗器和制动单元，一体化设计的系统结构更加紧凑。 										
											
产品名称 	示意图 	产品系列 	用途 								
电梯一体化控制器 	  	电梯永磁同步一体化控制器 	采用 MCU-A 同步主控板，将电梯控制与电机驱动有机结合，适用于 5.5～30KW（5.5～15KW见图 A，18.5～30KW 见图 B）电梯永磁同步曳引机系统的一体化控制。 								
电梯一体化控制器 	  	电梯交流异步一体化控制器 	采用 MCU-B 异步主控板，将电梯控制与电机驱动有机结合，适用于 5.5～30KW（5.5～15KW见图 A，18.5～30KW 见图 B）电梯交流异步曳引机系统的一体化控制。 								
外呼板 	     	液晶显示外呼板(图 A) 	外呼板是电梯控制系统和乘客进行交互的重要接口，它在厅外接收乘客召唤及显示电梯所在楼层、运行方向等相关信息。 								
外呼板 	     	点阵显示外呼板(图 B) 	外呼板是电梯控制系统和乘客进行交互的重要接口，它在厅外接收乘客召唤及显示电梯所在楼层、运行方向等相关信息。 								
内呼板 	   	液晶显示内呼板(图 A) 	内呼板是电梯控制系统和乘客进行交互的重要接口，在轿厢内接收乘客指令及显示电梯所在楼层、运行方向等相关信息。 								
内呼板 	   	点阵显示内呼板(图 B) 	内呼板是电梯控制系统和乘客进行交互的重要接口，在轿厢内接收乘客指令及显示电梯所在楼层、运行方向等相关信息。 								
指令板 	 	指令板用于电梯轿厢内的楼层选定按钮的采集和指示灯的输出控制。 	指令板用于电梯轿厢内的楼层选定按钮的采集和指示灯的输出控制。 								
											
产品名称 	示意图 	用途 									
电梯轿厢 	 	轿厢是电梯用以承载和运送人员和物资的箱形空间，一般由轿底、轿壁、轿顶、轿门等主要部件构成。 									
产品名称 	示意图 	用途 									
电梯层门板、门套 	 	电梯层门板是设置在电梯层站入口的门，门套是用于装饰层门门框的构件。 									
电梯地坎 	 	电梯地坎是电梯轿厢或者层门入口出入轿厢的带槽金属踏板。 									
电梯光幕 	 	电梯光幕是利用光电感应原理制成的电梯门安全保护装置。 									
											
序号 	网点所在城市 	辐射区域 									
1 	佛山 	广东、广西、海南 									
2 	重庆 	重庆、四川、云南、贵州 									
3 	武汉 	湖南、湖北、河南、安徽 									
4 	泉州 	福建、江西 									
5 	杭州 	浙江（除湖州以外） 									
6 	湖州 	湖州及苏州部分区域 									
7 	上海 	上海 									
8 	天津 	北京、天津、河北、内蒙古、山西 									
9 	西安 	陕西、宁夏、甘肃、新疆 									
10 	沈阳 	辽宁、吉林、黑龙江 									
											
项目 	项目 	产能 	产量 	销量 	产能利用率 	产销率 					
门机 	中分 	34,000 	38,763 	38,896 	114.01% 	100.34% 					
门机 	中分 	34,000 	38,763 	38,896 	114.01% 	100.34% 					
门机 	双折 	18,000 	18,463 	18,420 	104.82% 	99.77% 					
门机 	三折 	18,000 	405 	418 	104.82% 	103.21% 					
门机 	小计 	52,000 	57,631 	57,734 	110.83% 	100.18% 					
门机 	小计 	52,000 	57,631 	57,734 	110.83% 	100.18% 					
层门装置 	中分 	286,000 	270,660 	269,276 	94.64% 	99.49% 					
层门装置 	双折 	76,000 	74,808 	74,717 	100.04% 	99.88% 					
层门装置 	双折 	76,000 	74,808 	74,717 	100.04% 	99.88% 					
层门装置 	三折 	76,000 	1,224 	1,236 	100.04% 	100.98% 					
层门装置 	三折 	76,000 	1,224 	1,236 	100.04% 	100.98% 					
层门装置 	小计 	362,000 	346,692 	345,229 	95.77% 	99.58% 					
层门装置 	小计 	362,000 	346,692 	345,229 	95.77% 	99.58% 					
											
项目 	项目 	产能 	产量 	销量 	产能利用率 	产销率 					
											
门机 	中分 	30,000 	32,308 	33,331 	107.69% 	103.17% 					
门机 											
门机 	双折 	18,000 	18,831 	18,868 	106.80% 	100.20% 					
门机 		18,000 			106.80% 						
门机 	三折 	18,000 	393 	380 	106.80% 	96.69% 					
门机 											
门机 	小计 	48,000 	51,532 	52,579 	107.36% 	102.03% 					
											
层门装置 	中分 	293,000 	300,196 	303,626 	102.46% 	101.14% 					
层门装置 											
层门装置 	双折 	69,000 	77,837 	77,534 	114.30% 	99.61% 					
层门装置 		69,000 			114.30% 						
层门装置 	三折 	69,000 	1,031 	1,001 	114.30% 	97.09% 					
层门装置 											
层门装置 	小计 	362,000 	379,064 	382,161 	104.71% 	100.82% 					
											
项目 	项目 	产能 	产量 	销量 	产能利用率 	产销率 					
											
门机 	中分 	30,000 	30,631 	29,361 	102.10% 	95.85% 					
门机 											
门机 	双折 	17,000 	17,714 	17,621 	104.20% 	99.47% 					
门机 		17,000 			104.20% 						
门机 	三折 	17,000 	339 	338 	104.20% 	99.71% 					
门机 											
门机 	小计 	47,000 	48,684 	47,320 	103.58% 	97.20% 					
											
层门装置 	中分 	290,000 	292,663 	299,118 	100.92% 	102.21% 					
层门装置 											
层门装置 	双折 	65,000 	69,082 	68,441 	107.71% 	99.07% 					
层门装置 		65,000 			107.71% 						
层门装置 	三折 	65,000 	929 	931 	107.71% 	100.22% 					
层门装置 											
层门装置 	小计 	355,000 	362,674 	368,490 	102.16% 	101.60% 					
											
项目 	项目 	项目 	2016 年 	2016 年 	2016 年 	2016 年 	2015 年 	2015 年 	2014 年 	2014 年 	2014 年 
项目 	项目 	项目 	门机 	门机 	层门装置 	门机 	层门装置 	门机 	门机 	层门装置 	
配套销售 	数量（台） 	45,637 	45,637 	342,181 	49,454 	380,892 	44,076 	44,076 	367,268 		
配套销售 	数量占比 	79.05% 	79.05% 	99.12% 	94.06% 	99.67% 	93.14% 	93.14% 	99.67% 		
配套销售 	金额（万元） 	11,086.66 	11,086.66 	12,319.37 	12,469.46 	14,292.79 	12,462.15 	12,462.15 	14,100.45 		
配套销售 	金额占比 	83.03% 	83.03% 	99.14% 	94.07% 	99.40% 	93.16% 	93.16% 	99.48% 		
单独	数量（台） 	12,097 	12,097 	3,048 	3,125 	1,269 	3,244 	3,244 	1,222 		
											
销售 	数量占比 	20.95% 	0.88% 	5.94% 	0.33% 	6.86% 	0.33% 				
销售 	金额（万元） 	2,266.23 	106.89 	785.79 	85.90 	915.16 	74.18 				
销售 	金额占比 	16.97% 	0.86% 	5.93% 	0.60% 	6.84% 	0.52% 				
合计 	数量（台） 	57,734 	345,229 	52,579 	382,161 	47,320 	368,490 				
合计 	金额（万元） 	13,352.89 	12,426.26 	13,255.25 	14,378.69 	13,377.31 	14,174.63 				
											
项目 	项目 	2016 年度 	2016 年度 	2015 年度 	2015 年度 	2014 年度 	2014 年度 				
项目 	项目 	金额 	比例 	金额 	比例 	金额 	比例 				
门机 	中分 	7,444.60 	26.44% 	6,884.28 	23.15% 	7,005.07 	23.71% 				
门机 	双折 	5,702.47 	20.25% 	6,173.58 	20.76% 	6,189.85 	20.95% 				
门机 	三折 	205.82 	0.73% 	197.39 	0.66% 	182.39 	0.62% 				
门机 	小计 	13,352.89 	47.43% 	13,255.25 	44.58% 	13,377.31 	45.28% 				
层门装置 	中分 	7,016.65 	24.92% 	8,487.56 	28.55% 	8,497.78 	28.76% 				
层门装置 	双折 	5,193.86 	18.45% 	5,701.62 	19.18% 	5,496.90 	18.60% 				
层门装置 	三折 	215.76 	0.77% 	189.51 	0.64% 	179.95 	0.61% 				
层门装置 	小计 	12,426.26 	44.13% 	14,378.69 	48.36% 	14,174.63 	47.97% 				
其他 	其他 	2,376.53 	8.44% 	2,098.49 	7.06% 	1,994.71 	6.75% 				
主营业务收入 	主营业务收入 	28,155.69 	100% 	29,732.42 	100% 	29,546.66 	100% 				
											
项目 	项目 	2016 年度 	2016 年度 	2015 年度 	2015 年度 	2014 年度 					
项目 	项目 										
项目 	项目 	单价 	变动 	单价 	变动 	单价 					
											
门机 	中分 	1,913.98 	-7.33% 	2,065.43 	-13.43% 	2,385.84 					
门机 											
门机 	双折 	3,095.80 	-5.38% 	3,271.98 	-6.85% 	3,512.77 					
门机 											
门机 	三折 	4,923.93 	-5.21% 	5,194.58 	-3.74% 	5,396.23 					
											
层门装置 	中分 	260.57 	-6.78% 	279.54 	-1.60% 	284.09 					
层门装置 											
层门装置 	双折 	695.14 	-5.47% 	735.37 	-8.44% 	803.16 					
层门装置 											
层门装置 	三折 	1,745.64 	-7.79% 	1,893.16 	-2.06% 	1,932.90 					
											
区域 	2016 年度 	2016 年度 	2015 年度 	2015 年度 	2014 年度 	2014 年度 					
区域 											
区域 	收入 	比例 	收入 	比例 	收入 	比例 					
											
华东地区 	13,890.88 	49.34% 	15,114.70 	50.84% 	15,086.00 	51.06% 					
											
华南地区 	8,707.87 	30.93% 	9,166.46 	30.83% 	8,848.73 	29.95% 					
											
西南地区 	2,240.12 	7.96% 	2,081.02 	7.00% 	2,150.71 	7.28% 					
											
东北地区 	1,380.53 	4.90% 	1,663.25 	5.59% 	1,396.64 	4.73% 					
											
华北地区 	889.44 	3.16% 	888.55 	2.99% 	1,180.55 	4.00% 					
											
华中地区 	1,040.23 	3.69% 	792.46 	2.67% 	844.63 	2.86% 					
											
西北地区 	6.63 	0.02% 	25.98 	0.09% 	39.39 	0.13% 					
											
合计 	28,155.69 	100% 	29,732.42 	100% 	29,546.66 	100% 					
											
序号 	客户名称 	销售收入（万元） 	占营业收入比例 								
											
1 	巨人通力电梯有限公司 	3,211.32 	11.40% 								
											
2 	上海爱登堡电梯集团股份有限公司 	2,639.15 	9.37% 								
											
3 	菱王电梯股份有限公司 	2,472.89 	8.78% 								
											
4 	快意电梯股份有限公司 	1,359.33 	4.83% 								
											
5 	广州永日电梯有限公司 	1,033.19 	3.67% 								
											
合计 	合计 	10,715.88 	38.04% 								
											
序号 	客户名称 	销售收入（万元） 	占营业收入比例 								
											
1 	上海爱登堡电梯集团股份有限公司 	3,073.52 	10.33% 								
											
2 	巨人通力电梯有限公司 	3,054.28 	10.27% 								
											
3 	菱王电梯股份有限公司 	2,494.55 	8.39% 								
											
4 	快意电梯股份有限公司 	2,049.51 	6.89% 								
											
5 	广州永日电梯有限公司 	1,092.36 	3.67% 								
											
合计 	合计 	11,764.22 	39.55% 								
2 	快意电梯股份有限公司 	2,771.00 	9.37% 								
											
3 	菱王电梯股份有限公司 	2,217.60 	7.50% 								
											
4 	巨人通力电梯有限公司 	1,548.66 	5.24% 								
											
5 	四川科莱电梯股份有限公司 	1,248.88 	4.22% 								
											
合计 	合计 	11,323.50 	38.30% 								
											
序号 	客户名称 	销售收入（万元） 	占营业收入比例 								
											
1 	上海爱登堡电梯集团股份有限公司 	3,537.36 	11.96% 								
2 	快意电梯股份有限公司 	2,771.00 	9.37% 								
											
3 	菱王电梯股份有限公司 	2,217.60 	7.50% 								
											
4 	巨人通力电梯有限公司 	1,548.66 	5.24% 								
											
5 	四川科莱电梯股份有限公司 	1,248.88 	4.22% 								
											
合计 	合计 	11,323.50 	38.30% 								
											
期间 	客户名称 	 门机 	 门机 	 门机 	 门机 	层门装置 	层门装置 	层门装置 	层门装置 		
期间 	客户名称 	销量（台） 	销量占当年门机销量比 	销售金额 （万元） 	销售金额占当年门机销售收入比 	销量（台） 	销量占当年层门装置销量比 	销售金额（万元） 	销售金额占当年层门装置销售收入比 		
 2016 年 	巨人通力电梯有限公司 	11,168 	19.34% 	2,132.30 	15.97% 	17,718 	5.13% 	816.81 	6.57% 		
 2016 年 	上海爱登堡电梯集团股份有限公司 	3,886 	6.73% 	678.33 	5.08% 	63,950 	18.52% 	1,899.50 	15.29% 		
 2016 年 	菱王电梯股份有限公司 	5,402 	9.36% 	1,100.02 	8.24% 	44,829 	12.99% 	1,221.08 	9.83% 		
 2016 年 	快意电梯股份有限公司 	2,922 	5.06% 	729.91 	5.47% 	17,319 	5.02% 	573.08 	4.61% 		
 2016 年 	广州永日电梯有限公司 	1,738 	3.01% 	395.18 	2.96% 	21,738 	6.03% 	585.79 	4.71% 		
 2016 年 	合计 	25,116 	43.50% 	5,035.74 	37.71% 	165,554 	47.95% 	5,096.25 	41.01% 		
 2015 年 	上海爱登堡电梯集团股份有限公司 	4,099 	7.80% 	793.58 	5.99% 	63,906 	16.72% 	2,174.68 	15.12% 		
 2015 年 	巨人通力电梯有限公司 	8,527 	16.22% 	1,707.81 	12.88% 	33,771 	8.84% 	1,253.48 	8.72% 		
 2015 年 	菱王电梯股份有限公司 	4,952 	9.42% 	1,128.65 	8.51% 	41,912 	10.97% 	1,324.95 	9.21% 		
 2015 年 	快意电梯股份有限公司 	3,864 	7.35% 	933.10 	7.04% 	37,260 	9.75% 	1,071.04 	7.45% 		
 2015 年 	广州永日电梯有限公司 	1,838 	3.50% 	428.96 	3.24% 	23,097 	6.04% 	636.60 	4.43% 		
 2015 年 	合计 	23,280 	44.28% 	4,992.09 	37.66% 	199,946 	52.32% 	6,460.75 	44.93% 		
 2014 年 	上海爱登堡电梯集团股份有限公司 	4,934 	10.43% 	1,174.66 	8.78% 	74,606 	20.25% 	2,268.05 	16.00% 		
 2014 年 	快意电梯股份有限公司 	4,994 	10.55% 	1,239.49 	9.27% 	50,878 	13.81% 	1,482.40 	10.46% 		
 2014 年 	菱王电梯股份有限公司 	4,385 	9.27% 	1,077.15 	8.05% 	34,035 	9.24% 	1,116.19 	7.87% 		
 2014 年 	巨人通力电梯有限公司 	2,329 	4.92% 	728.26 	5.44% 	11,666 	3.17% 	701.22 	4.95% 		
 2014 年 	四川科莱电梯股份有限公司 	1,860 	3.93% 	436.83 	3.27% 	26,678 	7.24% 	777.26 	5.48% 		
 2014 年 	合计 	18,502 	39.10% 	4,656.39 	34.81% 	197,863 	53.70% 	6,345.12 	44.76% 		
											
类别 	具体构成 										
钣金冲压件 	门机底板、层门装置底板、机架、导流板、轿门联动板、底板集合件、挂板等钣金件材料 										
板材 	热轧板、冷轧板、酸洗板、镀锌板、不锈钢板等金属板材 										
电气元器件 	印制板、集成电路、功率器件、电阻、电容、电感、二极管、三极管、连接件、开关、按键、光电声器件、传感器、触点、集成变压器等材料 										
机加工件 	轴承、摆件、重锤、销轴、隔套、螺栓、打杆、连杆、从动轴、摆动轴、铆销轴、偏心轴、启动钩打杆、曲柄、垫盘、锁钩、锁芯等加工件材料 										
电机 	普通电机、永磁同步电机、防爆电机、防水电机等电机材料 										
滚轮 	客梯滚轮、中分滚轮、锁钩滚轮、门锁滚轮、维修滚轮等滚轮材料 										
导轨 	长导轨、中导轨、短导轨、冷拉导轨、层门装置导轨等导轨材料 										
橡塑材料 	拖链、同步带、多楔带、同步带轮、橡胶圈等橡塑材料 										
包装材料 	包装袋、纸板、木板、木方箱等包装材料 										
标准件 	螺母、螺丝、螺钉、螺柱、垫圈、垫片等标准零部件材料 										
塑料原料 	尼龙塑料颗粒（PA6-G30、PA6-G30S、PA66  BK、PA6  120G 等） 										
电梯门系统配套部件 	门板、门套、铝地坎、地坎托板、铁地坎和护脚板等相关材料 										
挂板结合件 	由挂板、冲铆轴、钢丝绳头固定件、限位轮结合件、中分滚轮和重锤绳轮组成的左挂板结合件或右挂板结合件 										
其他 	铆压套装、钢丝绳结合件、固定启动钩结合件、强迫关门机构、联动轮结合件、联动钢丝绳、门刀过渡板结合件、绳轮支架结合件、从动轮小组装、减速从动轮机构等材料 										
											
名称 	2016 年度 	2016 年度 	2015 年度 	2015 年度 	2014 年度 	2014 年度 					
名称 											
名称 	金额 	占比 	金额 	占比 	金额 	占比 					
											
钣金冲压件 	2,114.54 	14.72% 	2,355.10 	15.94% 	2,723.86 	18.01% 					
											
电气元器件 	1,612.46 	11.23% 	1,526.60 	10.33% 	1,401.60 	9.27% 					
											
包装材料 	1,413.26 	9.84% 	1,454.21 	9.84% 	1,350.29 	8.93% 					
											
板材 	1,499.21 	10.44% 	1,207.11 	8.17% 	1,217.15 	8.05% 					
											
机加工件 	1,057.70 	7.36% 	1,126.29 	7.62% 	1,200.31 	7.94% 					
											
电梯门系统配套部件 	1,297.60 	9.03% 	1,175.62 	7.96% 	1,192.96 	7.89% 					
											
电机 	1,100.86 	7.66% 	1,051.16 	7.11% 	1,109.80 	7.34% 					
滚轮 	538.90 	3.75% 	549.98 	3.72% 	960.44 	960.44 	6.35% 				
											
标准件 	721.57 	5.02% 	788.96 	5.34% 	957.14 	957.14 	6.33% 				
											
导轨 	510.49 	3.55% 	721.04 	4.88% 	732.19 	732.19 	4.84% 				
											
橡塑材料 	580.26 	4.04% 	623.40 	4.22% 	676.37 	676.37 	4.47% 				
											
挂板结合件 	970.33 	6.76% 	1,343.22 	9.09% 	529.05 	529.05 	3.50% 				
											
塑料原料 	142.79 	0.99% 	157.50 	1.07% 	173.70 	173.70 	1.15% 				
											
其他 	803.33 	5.59% 	697.24 	4.72% 	896.56 	896.56 	5.93% 				
											
合计 	14,363.29 	100% 	14,777.43 	100% 	15,121.42 	15,121.42 	100% 				
											
名称 	单位 	2016 年 	2016 年 	2015 年 	2015 年 	2014 年 					
名称 	单位 										
名称 	单位 	单价 	变动 	单价 	变动 	单价 					
											
钣金冲压件 	个 	0.80 	-2.15% 	0.81 	1.58% 	0.80  					
											
电气元器件 	个 	0.74 	-6.00% 	0.79 	14.77% 	0.69  					
											
包装材料 	个 	13.09 	-6.11% 	13.94 	5.39% 	13.23  					
											
板材 	公斤 	3.32 	29.21% 	2.57 	-28.74% 	3.60  					
											
机加工件 	个 	1.61 	-1.65% 	1.64 	1.56% 	1.61  					
											
电梯门系统配套部件 	个 	16.36 	-3.77% 	17.00 	8.71% 	15.64  					
											
电机 	个 	182.41 	-8.18% 	198.66 	-10.11% 	221.00  					
											
滚轮 	个 	4.26 	-2.02% 	4.34 	-27.47% 	5.99  					
											
标准件 	个 	0.07 	-4.45% 	0.08 	28.13% 	0.06  					
											
导轨 	根 	44.00 	-16.88% 	52.93 	-3.31% 	54.74  					
											
橡塑材料 	个 	1.40 	-3.19% 	1.45 	-9.36% 	1.60  					
											
挂板结合件 	个 	22.95 	-4.00% 	23.91 	-2.95% 	24.63  					
											
名称 	2016 年度 	2016 年度 	2015 年度 	2015 年度 	2014 年度 	2014 年度 					
名称 											
名称 	金额 	占比 	金额 	占比 	金额 	占比 					
											
直接材料 	14,129.28 	87.81% 	14,919.89 	89.44% 	15,048.17 	90.70% 					
											
直接人工 	1,352.63 	8.41% 	1,241.59 	7.44% 	1,065.56 	6.42% 					
											
制造费用 	608.55 	3.78% 	519.97 	3.12% 	477.59 	2.88% 					
											
合计 	16,090.46 	100% 	16,681.45 	100% 	16,591.32 	100% 					
											
序号 	供应商名称 	采购金额（万元） 	占采购总额比例 								
											
1 	无锡市梅村永新冲压件厂 	1,977.95 	13.77% 								
											
2 	平阳仁和电梯配件有限公司 	898.60 	6.26% 								
											
3 	苏州市相城区望亭鑫龙精密机械厂 	520.85 	3.63% 								
3 											
3 	苏州市相城区望亭望中五金厂 	240.00 	1.67% 								
											
4 	宁波华元机械科技有限公司 	723.83 	5.04% 								
											
5 	无锡市典范金属材料有限公司 	612.98 	4.27% 								
											
合计 	合计 	4,974.22 	34.63% 								
											
序号 	供应商名称 	采购金额（万元） 	占采购总额比例 								
											
1 	无锡市梅村永新冲压件厂 	 2,319.43  	15.70% 								
											
2 	平阳仁和电梯配件有限公司 	 1,114.76  	7.54% 								
											
3 	无锡雍晟泰和钢铁贸易有限公司 	 739.54  	5.00% 								
											
4 	无锡市古峰商贸有限公司 	 654.05  	4.43% 								
											
5 	苏州市相城区望亭鑫龙精密机械厂 	 362.97  	2.46% 								
5 											
5 	苏州市相城区望亭望中五金厂 	 238.54 	1.61% 								
											
合计 	合计 	5,429.29 	36.74% 								
											
序号 	供应商名称 	采购金额（万元） 	占采购总额比例 								
											
1 	无锡市梅村永新冲压件厂 	2,390.87 	15.81% 								
											
2 	平阳仁和电梯配件有限公司 	1,439.02 	9.52% 								
											
3 	无锡雍晟泰和钢铁贸易有限公司 	1,119.34 	7.40% 								
											
4 	常州市武进荣达电梯附件有限公司 	629.00 	4.16% 								
											
5 	无锡市古峰商贸有限公司 	615.78 	4.07% 								
											
合计 	合计 	6,194.01 	40.96% 								
											
序号 	供应商 	加工内容 	加工金额 	占营业成本比例 							
											
1 	苏州市相城区望亭望中五金厂 	线束加工，小组装等 	76.43 	0.48% 							
1 											
1 	苏州市相城区望亭鑫龙精密机械厂 	门刀底板、门刀臂加工 	20.38 	0.13% 							
											
2 	无锡市锡春汽车部件有限公司 	喷涂加工 	48.35 	0.30% 							
											
3 	无锡市奥建马五金机械有限公司 	电泳加工 	35.71 	0.22% 							
											
4 	无锡市新裕涂装有限公司 	喷涂加工 	24.86 	0.15% 							
											
5 	无锡市君泰五金加工厂 	电泳加工 	15.53 	0.10% 							
											
6 	无锡市古峰商贸有限公司 	镀锌加工 	6.15 	0.04% 							
											
7 	上海海柯电子有限公司 	线束加工 	1.05 	0.01% 							
											
8 	常州市武进荣达电梯附件有限公司 	镀锌加工 	0.28 	0.00% 							
											
合计 	合计 	合计 	228.75 	1.42% 							
											
序号 	供应商 	加工内容 	加工金额 	占营业成本比例 							
											
1 	苏州市相城区望亭望中五金厂 	线束加工，小组装等 	70.90 	0.33% 							
											
2 	无锡市锡春汽车部件有限公司 	喷涂加工 	63.23 	0.29% 							
											
3 	无锡市君泰五金加工厂 	电泳加工 	46.64 	0.22% 							
											
4 	无锡市新裕涂装有限公司 	喷涂加工 	33.36 	0.15% 							
											
5 	无锡华阳科技有限公司 	贴片加工 	25.56 	0.12% 							
											
6 	无锡市古峰商贸有限公司 	镀锌加工 	6.76 	0.03% 							
											
7 	无锡市古德电子有限公司 	贴片加工 	5.43 	0.03% 							
											
8 	常州市武进荣达电梯附件有限公司 	镀锌加工 	3.15 	0.01% 							
											
合计 	合计 	合计 	255.04 	1.18% 							
											
序号 	供应商 	加工内容 	加工金额 	占营业成本比例 							
											
1 	无锡市新裕涂装有限公司 	喷涂加工 	101.71 	0.61% 							
											
2 	苏州市相城区望亭望中五金厂 	线束加工，小组装等 	55.40 	0.33% 							
											
3 	无锡市君泰五金加工厂 	电泳加工 	25.32 	0.15% 							
											
4 	无锡市锡春汽车部件有限公司 	喷涂加工 	20.26 	0.12% 							
											
5 	无锡市古德电子有限公司 	贴片加工 	18.87 	0.11% 							
											
6 	无锡华阳科技有限公司 	贴片加工 	12.68 	0.08% 							
											
7 	无锡富玛克机械有限公司 	冲床加工 	10.08 	0.06% 							
											
8 	无锡市古峰商贸有限公司 	镀锌加工 	3.74 	0.02% 							
											
9 	上海海柯电子有限公司 	线束加工 	0.55 	- 							
											
10 	无锡宏迅电子有限公司 	贴片加工 	0.15 	- 							
											
合计 	合计 	合计 	248.77 	1.50% 							
											
项目 	2016 年度 	2015 年度 	2014 年度 								
门机产能（台） 	52,000 	48,000 	47,000 								
门机产量（台） 	57,631 	51,532 	48,684 								
门机销量（台） 	57,734 	52,579 	47,320 								
门机产能利用率 	110.83% 	107.36% 	103.58% 								
门机产销率 	100.18% 	102.03% 	97.20% 								
层门装置产能（台） 	362,000 	362,000 	355,000 								
层门装置产量（台） 	346,692 	379,064 	362,674 								
层门装置销量（台） 	345,229 	382,161 	368,490 								
层门装置产能利用率 	95.77% 	104.71% 	102.16% 								
层门装置产销率 	99.58% 	100.82% 	101.60% 								
门机+层门装置产量（台） 	404,323 	430,596 	411,358 								
门机+层门装置销量（台） 	402,963 	434,740 	415,810 								
											
项目 	2016 年 	2015 年 	2014 年 								
钣金冲压件（个/台） 	23.15 	21.77 	21.88 								
电气元器件（个/台） 	80.45 	87.48 	82.53 								
包装材料（个/台） 	1.17 	1.12 	1.11 								
板材（公斤/台） 	11.13 	10.73 	9.67 								
机加工件（个/台） 	14.38 	14.05 	17.89 								
电机（个/台） 	1.00 	1.00 	1.00 								
挂板结合件（个/台） 	1.28 	1.36 	0.56 								
滚轮（个/台） 	2.27 	2.10 	3.49 								
											
项目 	2016 年度 	2015 年度 	2014 年度 								
电量（度） 	1,681,493.20 	1,449,131.35 	1,388,601.70 								
门机产量（台） 	57,631 	51,532 	48,684 								
层门装置产量（台） 	346,692 	379,064 	362,674 								
门机+层门装置产量（台） 	404,323 	430,596 	411,358 								
电量/（门机+层门装置产量） 	4.16 	3.37 	3.38 								
											
项目 	2016 年 	2015 年 	2014 年 								
设备投入 	16.62 	10.30 	24.49 								
费用支出 	9.23 	9.89 	6.31 								
											
类别 	主要内容 	环保措施 									
废气 	焊接废气、食堂油烟等 	车间通风、油烟净化器等 									
废水 	生活污水、食堂废水等 	食堂废水经隔油池预处理后与生活污水接管进入芦村污水处理厂集中处理等 									
固废 	生产固废、生活垃圾等 	委托处置、外卖、环卫清运等 									
噪声 	设备噪声等 	厂房隔声及距离衰减等 									
											
项目 	2016 年 	2015 年 	2014 年 								
工伤累计次数（次） 	4 	5 	5 								
事故主要内容 	外伤、损伤、骨折等 	外伤、烫伤、骨折等 	外伤、损伤、骨折等 								
工伤保险赔付金额合计（万元） 	0.53 	14.96 	25.25 								
											
项目 	折旧年限（年） 	账面原值 	累计折旧 	账面价值 	成新率 						
房屋及建筑物 	40 	11,057.72 	635.60 	10,422.12 	94.25% 						
机器设备 	10 	2,401.08 	699.38 	1,701.70 	70.87% 						
运输设备 	5 	111.38 	92.58 	18.80 	16.88% 						
办公设备 	6 	241.37 	128.40 	112.97 	46.80% 						
合计 	- 	13,811.54 	1,555.96 	12,255.59 	88.73% 						
											
序号 	固定资产名称 	剩余折旧年限（年） 	成新率 	权属人 							
											
1 	喷涂线 	10.00 	100.00% 	展鹏科技 							
											
2 	激光切割机 	8.75 	87.50% 	展鹏科技 							
											
3 	门板自动焊接线 	10.00 	100.00% 	展鹏科技 							
											
4 	贴片机(NPM-W2) 	8.83 	88.33% 	展鹏科技 							
											
5 	贴片机(NPM-W2) 	8.83 	88.33% 	展鹏科技 							
											
6 	双曲轴精密冲床 	8.00 	80.00% 	展鹏科技 							
											
7 	数控转塔冲床(HPI-3048-36LA2) 	4.00 	40.00% 	展鹏科技 							
8 	X-ray(viewX2000) 	8.92 	89.17% 	展鹏科技 							
											
9 	数控液压折弯机 	9.83 	98.33% 	展鹏科技 							
											
10 	三合一整平送料机(NLF2-400) 	7.42 	74.17% 	展鹏科技 							
											
11 	冷弯成型机组 	8.17 	81.67% 	展鹏科技 							
											
12 	三合一送料机 	9.75 	97.50% 	展鹏科技 							
											
13 	三合一送料机 	9.58 	95.83% 	展鹏科技 							
											
14 	三合一送料机 	9.58 	95.83% 	展鹏科技 							
											
15 	数控冲床(HPI-3048-36LA2) 	1.08 	10.83% 	展鹏科技 							
											
16 	涂覆机（四轴）(AT-C100) 	9.00 	90.00% 	展鹏科技 							
											
17 	数控液压折弯机 	4.75 	47.50% 	展鹏科技 							
											
18 	波峰焊(PEAK-350) 	8.83 	88.33% 	展鹏科技 							
											
19 	波峰焊(PEAK-350) 	8.83 	88.33% 	展鹏科技 							
											
20 	涂覆机(三轴）(AT-C100) 	9.00 	90.00% 	展鹏科技 							
											
21 	风管式分体空调机组 	7.92 	79.17% 	展鹏科技 							
											
22 	印刷机(GKG-G5) 	8.83 	88.33% 	展鹏科技 							
											
23 	冲床(APA-110) 	9.00 	90.00% 	展鹏科技 							
											
24 	自动光学检查机（V6XL） 	9.08 	90.83% 	展鹏科技 							
											
25 	自动光学检测机（V6） 	9.42 	94.17% 	展鹏科技 							
											
26 	冲床 	9.75 	97.50% 	展鹏科技 							
											
27 	冲床 	9.75 	97.50% 	展鹏科技 							
											
28 	冲床 	9.75 	97.50% 	展鹏科技 							
											
序号 	所有权人 	权证号 	坐落 	建筑面积（m2） 	规划用途 	他项权利 					
1 	展鹏 科技 	锡房权证字第WX1000998830 号 	飞宏路 8 	39,707.84 	工交仓储 	无 					
1 	展鹏 科技 	锡房权证字第WX1000998830 号 	飞宏路 8 	12,237.75 	工交仓储 	无 					
											
项目 	取得方式 	账面原值 	累计摊销 	账面价值 							
土地使用权 	购买 	3,233.13 	321.39 	2,911.74 							
软件 	购买 	93.85 	64.11 	29.75 							
合计 	- 	3,326.98 	385.49 	2,941.49 							
											
序号 	使用权人 	使用权证号 	座落 	面积（m2） 	用途 	使用权类型 	终止日期 	他项权利 			
1 	展鹏科技 	锡南国用（2015）第 007071 号 	飞宏路 8 	24,804.8 	工业用地 	出让 	2057 年 3月 7 日 	无 			
2 	展鹏科技 	锡南国用（2015）第 007073 号 	飞宏路 8 	11,039.1 	科教用地 	出让 	2057 年 11月 11 日 	无 			
											
序号 	注册人 	注册商标 	注册号 	核定类别 	有效期限 	取得 方式 					
1 	展鹏 科技 	 	5096668 	第 7 类 	2009.1.14-2019.1.13 	申请取得 					
2 	展鹏 科技 	 	5096669 	第 7 类 	2009.1.14-2019.1.13 	申请取得 					
											
序号 	专利名称 	类别 	专利号 	有效期限 	专利权人 						
											
1 	电梯专用变频器母线无误差稳压方法 	发明专利 	ZL201110048808.3 	2011.3.1-2031.2.28 	展鹏科技 						
											
2 	电机智能化磁编码系统及其工作方法 	发明专利 	ZL201310346947.3 	2013.8.12-2033.8.11 	展鹏科技 						
											
3 	电梯门锁 	实用新型 	ZL200720037270.5 	2007.4.30-2017.4.29 	展鹏科技 						
											
4 	电梯门板吊挂机构 	实用新型 	ZL200720039191.8 	2007.5.27-2017.5.26 	展鹏科技 						
5 	电梯门地坎 	实用新型 	ZL200820038812.5 	2008.7.30-2018.7.29 	展鹏科技 						
											
6 	电梯门悬挂机构 	实用新型 	ZL200920257336.0 	2009.10.30-2019.10.29 	展鹏科技 						
											
7 	电梯控制系统功能测试用模拟井道 	实用新型 	ZL201020542011.X 	2010.9.21-2020.9.20 	展鹏科技 						
											
8 	一种电压自动调节器 	实用新型 	ZL201020697603.9 	2010.12.27-2020.12.26 	展鹏科技 						
											
9 	剪板机前置定位机构 	实用新型 	ZL201120018592.1 	2011.1.20-2021.1.19 	展鹏科技 						
											
10 	电梯门机轿厢前壁安装的减振装置 	实用新型 	ZL201120018648.3 	2011.1.20-2021.1.19 	展鹏科技 						
											
11 	电梯门机及层门装置挂板的限位机构 	实用新型 	ZL201120018794.6 	2011.1.20-2021.1.19 	展鹏科技 						
											
12 	电梯一体化控制系统 	实用新型 	ZL201120045033.X 	2011.2.23-2021.2.22 	展鹏科技 						
											
13 	永磁同步门机控制器 	实用新型 	ZL201120045022.1 	2011.2.23-2021.2.22 	展鹏科技 						
											
14 	具有 CAN 接口的门机、轿顶一体化控制器 	实用新型 	ZL201120045025.5 	2011.2.23-2021.2.22 	展鹏科技 						
											
15 	智能发电机电压励磁调节器 	实用新型 	ZL201120045023.6 	2011.2.23-2021.2.22 	展鹏科技 						
											
16 	具有物联网接口的电梯无线监控系统 	实用新型 	ZL201120045034.4 	2011.2.23-2021.2.22 	展鹏科技 						
											
17 	手持操作器 	实用新型 	ZL201120045031.0 	2011.2.23-2021.2.22 	展鹏科技 						
											
18 	电梯控制内招板 	实用新型 	ZL201120051548.0 	2011.3.1-2021.2.28 	展鹏科技 						
											
19 	正余弦编码器采集卡 	实用新型 	ZL201120067955.0 	2011.3.15-2021.3.14 	展鹏科技 						
											
20 	一种电梯中分层门装置组合式电气联锁 	实用新型 	ZL201220233878.6 	2012.5.23-2022.5.22 	展鹏科技 						
											
21 	一体式轿门锁门刀 	实用新型 	ZL201220557783.X 	2012.10.26-2022.10.25 	展鹏科技 						
											
22 	一种电梯门机转动同步带多楔带张紧装置 	实用新型 	ZL201320845552.3 	2013.12.20-2023.12.19 	展鹏科技 						
											
23 	一种插针开关测试设备 	实用新型 	ZL201320848252.0 	2013.12.20-2023.12.19 	展鹏科技 						
											
24 	一种板链式电梯门机装配的流水线装置 	实用新型 	ZL201320843206.1 	2013.12.20-2023.12.19 	展鹏科技 						
											
25 	一种电梯轿门安全触板门保护系统 	实用新型 	ZL201320843379.3 	2013.12.20-2023.12.19 	展鹏科技 						
											
26 	一种一体式冲压成型轴承套 	实用新型 	ZL201320845550.4 	2013.12.20-2023.12.19 	展鹏科技 						
											
27 	电梯门机用钢丝绳耐久性测试装置 	实用新型 	ZL201320848191.8 	2013.12.20-2023.12.19 	展鹏科技 						
											
28 	电梯层门自闭用重锤 	实用新型 	ZL201420672727.X 	2014.11.12-2024.11.11 	展鹏科技 						
											
29 	电梯层门自闭装置 	实用新型 	ZL201420672857.3 	2014.11.12-2024.11.11 	展鹏科技 						
											
30 	一种电梯门系统长导轨支撑结构 	实用新型 	ZL201521002117.X 	2015.12.7-2025.12.6 	展鹏科技 						
31 	一种电梯门系统钢丝绳与导轨固定装置 	实用新型 	ZL201521003914.X 	2015.12.7-2025.12.6 	展鹏科技 						
											
32 	电梯层门装置的门套开锁式紧急开锁机构 	实用新型 	ZL201620100780.1 	2016.2.1-2026.1.31 	展鹏科技 						
											
33 	一体式轿门锁门刀装置 	实用新型 	ZL201620386788.9 	2016.4.29-2026.4.28 	展鹏科技 						
											
34 	电梯厅门挂件底板 	外观设计 	ZL200730033037.5 	2007.4.30-2017.4.29 	展鹏科技 						
											
35 	电梯厅门挂件 	外观设计 	ZL200730033038.X 	2007.4.30-2017.4.29 	展鹏科技 						
											
36 	电梯轿厢（1） 	外观设计 	ZL201330060408.4 	2013.3.12-2023.3.11 	展鹏科技 						
											
37 	电梯轿厢（2） 	外观设计 	ZL201330060407.X 	2013.3.12-2023.3.11 	展鹏科技 						
											
38 	电梯轿厢（3） 	外观设计 	ZL201330060406.5 	2013.3.12-2023.3.11 	展鹏科技 						
											
39 	电梯轿厢（4） 	外观设计 	ZL201330060409.9 	2013.3.12-2023.3.11 	展鹏科技 						
											
40 	电梯轿厢（5） 	外观设计 	ZL201330060411.6 	2013.3.12-2023.3.11 	展鹏科技 						
											
41 	电梯轿厢（6） 	外观设计 	ZL201330060405.0 	2013.3.12-2023.3.11 	展鹏科技 						
											
42 	电梯轿厢（7） 	外观设计 	ZL201330060410.1 	2013.3.12-2023.3.11 	展鹏科技 						
											
43 	电梯轿厢（8） 	外观设计 	ZL201330060403.1 	2013.3.12-2023.3.11 	展鹏科技 						
											
44 	电梯轿厢（9） 	外观设计 	ZL201330060355.6 	2013.3.12-2023.3.11 	展鹏科技 						
											
45 	电梯轿厢（10） 	外观设计 	ZL201330060351.8 	2013.3.12-2023.3.11 	展鹏科技 						
											
46 	电梯轿厢（11） 	外观设计 	ZL201330060354.1 	2013.3.12-2023.3.11 	展鹏科技 						
											
序号 	名称 	登记号 	取得方式 	著作权人 							
1 	展鹏电梯一体化控制软件 V1.0 	2011SR022364 	原始取得 	展鹏科技 							
2 	展鹏电梯一体化内招控制软件 V1.2 	2011SR022362 	原始取得 	展鹏科技 							
3 	展鹏电梯一体化外招控制软件 V1.2 	2011SR022613 	原始取得 	展鹏科技 							
4 	展鹏手持操作调试系统 V1.0 	2011SR022611 	原始取得 	展鹏科技 							
5 	展鹏基于永磁同步曳引机的驱动控制软件 V1.0 	2011SR024008 	原始取得 	展鹏科技 							
6 	展鹏电梯一体化控制器调试、监控软件系统 V1.0 	2011SR022614 	原始取得 	展鹏科技 							
7 	展鹏电梯光幕系统控制软件 V1.0 	2012SR125944 	原始取得 	展鹏科技 							
8 	展鹏交流异步电机矢量控制门机驱动软件 V1.0 	2012SR126263 	原始取得 	展鹏科技 							
9 	展鹏基于交流异步曳引机的电梯一体化驱动控制软件 V1.0 	2012SR125973 	原始取得 	展鹏科技 							
10 	展鹏数字式 VVVF 同步带门机控制软件V1.0 	2011SR022628 	原始取得 	展鹏科技 							
11 	展鹏三相交流门机驱动软件 V1.0 	2011SR023996 	原始取得 	展鹏科技 							
12 	展鹏永磁同步门机驱动软件 V1.0 	2011SR022607 	原始取得 	展鹏科技 							
											
项目 	序号 	证书名称 	证书编号 	产品名称 	型号规格 	型号规格 	发证日期 	发证日期 	发证单位 		
型式试验（国家标准） 	1 	特种设备型式试验合格证 	TX F340-022-15 0066 	电梯门锁装置（轿门闭锁装置） 	FED-Y/01 	FED-Y/01 	2015-8-21 	2015-8-21 	上海交通大学电梯检测中心 		
型式试验（国家标准） 	2 	特种设备型式试验合格证 	TX F340-027-16 0006 	电梯门锁装置 	FED-0701 	FED-0701 	2016-3-7 	2016-3-7 	国家电梯产品质量监督检验中心（浙江） 		
型式试验（国家标准） 	3 	特种设备型式试验合格证 	TX F340-027-16 0017 	电梯门锁装置 	FED-0702 	FED-0702 	2016-5-16 	2016-5-16 	国家电梯产品质量监督检验中心（浙江） 		
型式试验（国家标准） 	4 	特种设备型式试验合格证 	TX F340-027-16 0019 	电梯门锁装置 	FEL-162A 	FEL-162A 	2016-6-15 	2016-6-15 	国家电梯产品质量监督检验中心（浙江） 		
型式试验（国家标准） 	5 	特种设备型式试验证书 	TSX F36002220160063 	含有电子元件的安全电路 	INTC-MCU 	INTC-MCU 	2016-11-11 	2016-11-11 	上海交通大学电梯检测中心 		
型式试验（国家标准） 	6 	特种设备型式试验证书 	TSX B33002720170001 	01 双折系列层门 	FESL.01 	FESL.01 	2017-1-5 	2017-1-5 	国家电梯产品质量监督检验中心（浙江） 		
型式试验（国家标准） 	7 	特种设备型式试验证书 	TSX B33002720170002 	02A 中分系列层门 	FECL.02A 	FECL.02A 	2017-1-5 	2017-1-5 	国家电梯产品质量监督检验中心（浙江） 		
型式试验（国家标准） 	8 	特种设备型式试验证书 	TSX B33002720170003 	02 双折系列层门 	FESL.02 	FESL.02 	2017-1-5 	2017-1-5 	国家电梯产品质量监督检验中心（浙江） 		
型式试验（国家标准） 	9 	特种设备型式试验证书 	TSX B33002720170004 	02 中分系列层门 	FECL.02 	FECL.02 	2017-1-5 	2017-1-5 	国家电梯产品质量监督检验中心（浙江） 		
型式试验（国家标准） 	10 	特种设备型式试验证书 	TSX B33002720170005 	01 中分系列层门 	FECL.01 	FECL.01 	2017-1-5 	2017-1-5 	国家电梯产品质量监督检验中心（浙江） 		
型式试验（国家标准） 	11 	特种设备型式试验证书 	TSX B33002720170006 	01 三折系列层门 	FE3SL.01 	FE3SL.01 	2017-1-5 	2017-1-5 	国家电梯产品质量监督检验中心（浙江） 		
型式试验（国家标准） 	12 	特种设备型式试验证书 	TSX B33002720170007 	02 中分系列层门 	FECL.02 	FECL.02 	2017-1-5 	2017-1-5 	国家电梯产品质量监督检验中心（浙江） 		
型式试验（国家标准） 	13 	特种设备型式试验证书 	TSX B33002720170008 	02 双折系列层门 	FESL.02 	FESL.02 	2017-1-5 	2017-1-5 	国家电梯产品质量监督检验中心（浙江） 		
项目 	序号 	证书名称 	证书编号 	产品名称 	型号规格 	型号规格 	发证日期 	发证日期 	发证单位 		
14 	特种设备型式试验证书 	TSX B33002720170009 	01 双折系列层门 	FESL.01 	FESL.01 	2017-1-5 	2017-1-5 	国家电梯产品质量监督检验中心（浙江） 			
15 	特种设备型式试验证书 	TSX F34002720170010 	电梯门锁装置 	FEL-161A 	FEL-161A 	2017-2-23 	2017-2-23 	国家电梯产品质量监督检验中心（浙江） 			
16 	特种设备型式试验证书 	TSX F34002720170011 	电梯门锁装置 	FEL-161 	FEL-161 	2017-3-6 	2017-3-6 	国家电梯产品质量监督检验中心（浙江） 			
17 	特种设备型式试验证书 	TSX F34002720170012 	电梯门锁装置 	FEL-161C 	FEL-161C 	2017-3-6 	2017-3-6 	国家电梯产品质量监督检验中心（浙江） 			
18 	CERTIFICATE OF CONFORMITY TO TYPE WITH RANDOM CHECKING 	SCMC.0036 	LANDING DOOR LOCKING DEVICE 	FEL-161A 	FEL-161A 	2016-5-6 	2016-5-6 	European inspection and certification company S.A 			
19 	Attestation of Conformity 	E8A160865715002 	Digital Door Controller 	FE-D3000 	FE-D3000 	2016-9-21 	2016-9-21 	Germany TÜV SÜD 			
20 	检验报告（耐火性能） 	BETC-NH-2015-00745 	中分电梯防火层门系统 	CMCO2-FH 	CMCO2-FH 	2015-5-19 	2015-5-19 	国家建筑工程质量监督检验中心 			
21 	检测报告（防水试验） 	C12-314-WT 	中分挂件 	FECL.02 	FECL.02 	2012-10-26 	2012-10-26 	上海仪器仪表自控系统检验测试所 			
22 	检测报告（防尘防水） 	C12-326-WT 	中分门机 	FECO.02C/FS 	FECO.02C/FS 	2012-11-16 	2012-11-16 	上海仪器仪表自控系统检验测试所 			
23 	检测报告（防尘防水） 	C16-008-WT-01 	旁开门机 	FESO.01/FS 	FESO.01/FS 	2016-1-18 	2016-1-18 	上海仪器仪表自控系统检验测试所 			
24 	检测报告（防水试验） 	C16-008-WT-02 	旁开挂件 	FESL.01/FS 	FESL.01/FS 	2016-1-18 	2016-1-18 	上海仪器仪表自控系统检验测试所 			
25 	防爆合格证 	GYB14.1276 	数字式VVVF 同步带防爆门机 	FE 系列 	FE 系列 	2014-9-22 	2014-9-22 	国家级仪器仪表防爆安全监督检验站 			
26 	防爆合格证 	GYB16.1100X 	数字式VVVF 同步带防爆门机 	FEa-bc/F 	FEa-bc/F 	2016-2-22 	2016-2-22 	国家级仪器仪表防爆安全监督检验站 			
项目 	序号 	证书名称 	证书编号 	产品名称 	型号规格 	型号规格 	发证日期 	发证日期 	发证单位 		
27 	防爆合格证 	GYB16.1195X 	数字式VVVF 同步带防爆门机 	FEa-bc/FT 	FEa-bc/FT 	2016-3-30 	2016-3-30 	国家级仪器仪表防爆安全监督检验站 			
											
型式试验（欧洲标准） 											
防火检验 											
防水检验 											
防爆检验 											
											
序号 	名称 	发证机构 	证书编号 	所属单位 	发证日期/有效期 						
1 	高新技术企业证书 	江苏省科学技术厅、江苏省财政厅、江苏省国家税务局、江苏省地方税务局 	GF201532000540 	展鹏科技 	2015.8/三年 						
2 	“展鹏 02 型门机及挂件”获得高新技术产品认定证书 	江苏省科学技术厅 	130203G0659N 	展鹏科技 	2013.11/五年 						
3 	质量管理体系认证证书 	兴原认证中心有限公司 	0350715Q20004R3M 	展鹏科技 	2015.4-2018.4 						
4 	“基于物联网的电梯远程监测平台及智能电梯一体化控制系统”获得第五届中国国际物联网（传感网）博览会银奖 	中国国际物联网（传感网）博览会组委会 	- 	展鹏科技 	2014.9 						
5 	江苏省管理创新优秀企业 	江苏省经济和信息化委员会 	- 	展鹏科技 	2014.5 						
6 	无锡市企业技术中心 	无锡市经济和信息化委员会 	0332020313002 	展鹏科技 	2013.11 						
7 	企业设计中心 	无锡市科学技术局 	- 	展鹏科技 	2013.5 						
8 	江苏省著名商标证书 	江苏省工商行政管理局 	（2014）0425 	展鹏科技 	2014.12/三年 						
9 	江苏省电梯及其门系统变频控制工程技术研究中心 	江苏省科学技术厅 	苏科条发[2015]251号 	展鹏科技 	2015.11 						
10 	“展鹏 02 型门机及挂件”获 2016 年度无锡市中小企业“专精特新”产品证书 	无锡市经济和信息化委员会 	- 	展鹏科技 	2016.6 						
11 	江苏省科技型中小企业 	无锡市科学技术局 	16320200KJQY000690 	展鹏科技 	2016.8 						
											
技术名称 	技术简介 	所处阶段 									
											
电梯门机控制技术 	该技术充分考虑到国内电梯门系统应用现场的复杂工况，通过软硬件结合的方式，确保在多种异常工况下的门系统可靠运行或报警提示；采用可视化的人机交互方式，使调试人员的现场操作更直观、方便；支持传统并口、CAN 总线、485 总线等多种控制接口，可以满足市场上绝大多数电梯门系统的控制需求。 	大批量生产 									
											
电梯 VVVF门机变频技术 	该技术通过 VVVF 变频控制，能够实现良好的调速性能；基于霍尔位置反馈的闭环控制，使得门机装置无需增加硬件开关便能实现各加减速点的灵活设定和自动检测；根据可编程的开关门运行曲线，自动调节电机的转速，使开关门动作达到快速、平稳、噪音小的良好运行效果。 	大批量生产 									
											
交流矢量门机变频技术 	该技术利用电机数学模型的坐标变换，实现交流异步电机励磁电流和转矩电流的解耦，并实时精确地对两者进行独立闭环控制，从而实现门机开关门速度和位置的精准调节，能够实现门机运行直接停靠到位、门机的响应速度和控制精度进一步提高。此外，采用该项技术后，交流电机长期运行的热损耗低，节能效果明显，同时可延长电机的使用寿命。 	小批量生产 									
											
永磁同步门机变频技术 	该项技术以永磁同步电机作为门系统驱动电机，采用目标励磁电流为 0 的控制策略，通过相电流的解耦和 SVPWM 电压调制方法，实时跟踪和调节转矩电流。采用该技术的门系统具有低速扭矩大、运行效率高、噪音低和电机热损耗小等特点，通过速度和转矩双闭环控制，能够实现电梯门直接驱动和开关门直接停靠到位。 	大批量生产 									
											
一体式底板成形加工技术 	该技术综合利用整平、冲压和滚压成型等多种机械加工技术，能够实现成型底板的一次性加工。采用该技术加工的产品具有一致性好、效率高和精度优等优点。 	大批量生产 									
											
一体式轿门锁门刀技术 	该技术采用平行机构原理判断开锁区域，一把门刀能够同时实现轿门锁紧功能和层轿门联动功能，门机和层门装置机械结构和零部件构成更加紧凑。 	大批量生产 									
											
组合式电气联锁技术 	该技术将层门电气联锁主副触点组合于一体实现内部串接，提高了产品运行的可靠性、结构的合理性和产品的防尘效果。 	大批量生产 									
											
电梯门机、层门装置的挂板防脱离导轨技术 	该技术对电梯导轨外形进行优化设计，建立了电梯挂板导轨的防脱离结构，可以有效防范电梯运行发生异常情况时挂板与导轨脱离等危险情况的发生。 	大批量生产 									
智能磁编码检测技术 	该技术将磁编码器芯片 AS5045 与 EEPROM 24C02 集成于电机内置编码器，通过一次自学习把电机参数自动保存到编码器的 EEPROM 之中，使系统控制所需电机参数与实际电机一一对应，从而使得产品的安装调试更加便捷高效。 	大批量生产 									
											
基于下管采样的相电流重构技术 	该技术直接采样功率逆变桥的三个下管电流，通过数学模型恢复重构出三个相电流，用于矢量控制的 CLARK、PARK 变换，通过取消高压隔离硬件电路，降低了产品成本。 	试生产 									
											
集成电梯光幕接口的电梯门控技术 	该技术在硬件上支持电梯光幕的直接接入，在软件上能够对光幕触发信号进行预处理优化，加快电梯门机对光幕遮挡信号的响应速度，大幅降低电梯夹人事件发生的概率。 	大批量生产 									
											
技术名称 	技术简介 	所处阶段 									
											
CAN 通信电梯控制技术 	运用该技术，主控系统与门机控制器、内呼板和外呼板以及语音报站等各部件之间全部通过 CAN 通信总线完成命令和状态信息的交换，实现电梯系统的高效可靠运行；并联/群控梯之间，也通过 CAN总线通信实现并联/群控的电梯调度算法，可使电梯系统运行更加安全可靠，安装更加便捷高效，使用维护成本更为经济。 	小批量生产 									
											
电梯并联控制技术 	运用该技术可以使得两台电梯直接通过 CAN 串行通信总线完成两者之间的信息交换，合理分配两台电梯的召唤信号，做到等待时间最短与节省能源两者之间的合理兼顾。 	小批量生产 									
											
电梯群控控制技术 	运用该技术，两台以上电梯直接通过 1 条 CAN 串行通信总线完成彼此之间的信息交换，根据召唤数的多少及负载情况，合理分配各电梯的召唤信号，使电梯群总的运行效率达到最优。 	小批量生产 									
											
永磁同步曳引机矢量变频调速技术 	该技术实时采样永磁同步曳引电机的相电流，利用电机数学模型进行 CLARK 和 PARK 变换及其逆变换，实现电机励磁电流和转矩电流的解耦，并基于励磁电流为 0 的控制策略，分别对两者进行 PI 闭环控制；同时采样永磁同步曳引电机转子位置、速度，通过速度外环 PI 调节实时改变转矩电流目标值，实现速度和位置的精确控制。 	小批量生产 									
											
交流异步曳引机矢量变频调速技术 	该技术实时采样交流异步曳引电机的相电流，利用电机数学模型进行 CLARK 和 PARK 变换及其逆变换，实现交流异步电机励磁电流和转矩电流的解耦，并对两者分别进行 PI 闭环控制；同时采样交流异步曳引电机的转子速度，通过速度外环 PI 调节实时改变转矩电流目标值，实现速度和位置的精确控制。 	小批量生产 									
											
SIN/COS 编码器测速技术 	该技术通过脉冲和模拟采样相结合的方法，对 SIN/COS 编码器提供的 A、B 相相互正交的正、余弦信号进行实时检测，精确计算出电机转子的位置和速度。 	小批量生产 									
											
启动力矩自动补偿技术 	该技术可在无电梯称重传感器的情况下，通过精确速度感测技术，及时完成输出力矩的补偿，防止电梯启动时轿厢倒溜现象，达到电梯轿厢平稳启动的目的。 	小批量生产 									
电机参数自动识别技术 	该技术通过施加特殊的激励电压脉冲序列，通过观察电机位置、速度和相电流的响应，利用电机的数学模型精确计算出电机的定子电阻、转子电阻、d 轴电感和 q 轴电感等电机参数。 	小批量生产 									
											
电梯直接停靠技术 	该技术将电梯控制逻辑和电机的矢量控制技术有机结合在一起，运行控制曲线产生后由矢量控制驱动功能模块来执行，可在电梯减速停靠过程中保证速度的平滑过渡和停靠准确。运用该技术，电梯启动时可根据目标楼层间距离自动生成运行曲线。运行过程中，实时计算电梯的运行速度与曲线目标值的差值，进而及时修正偏差，可使轿厢不经过爬行阶段，直接停靠到目标层，提高了电梯的运行效率和乘梯的舒适度。 	小批量生产 									
											
基于 CAN 总线的语音报站技术 	基于 CAN 总线的语音报站器，采用 MP3 解码技术，声音清晰优美；采用 TF 卡存储文件，数据更新更为便捷；产品能够播报用户自选或自行录制的报站音、背景音乐、广告词等内容。 	小批量生产 									
											
基于 CAN 总线的电梯 IC管理技术 	该技术实现基于 CAN 总线的电梯 IC 管理系统，实现了系统接口的简化和安装的便捷化；采用 TF 卡记录授权用户信息及用户刷卡信息，实现了数据的大容量记录和便捷化扩展；支持在线和离线的系统工作方式，系统构建更加灵活；支持 TF 卡、CAN 总线和蓝牙无线（智能手机）等多种数据交换方式，数据交互灵活多样。 	试生产 									
											
轿顶、门机一体化控制技术 	该技术将门机控制功能和轿顶信号处理功能集成在一个控制器中，节省了电梯轿顶板，降低了电梯成本；控制器直接通过 CAN 总线与主控系统通信，使得门机控制器与主控系统之间的信号传输更直接，更高效。 	小批量生产 									
											
母线无误差稳压技术 	该技术可预测电流型母线稳压器调节放电时间的大小，实时改变放电电阻的接入占空比，实现电机发电电流和放电电阻的放电电流相等，从而实现母线稳压的目的。 	小批量生产 									
											
别墅梯一体化控制技术 	该技术可以适应别墅梯系统采样电流小、无控制机房、单相 AC220V电源、曳引速度低以及开关门手拉控制等应用需求。 	小批量生产 									
											
技术名称 	技术简介 	所处阶段 									
											
电梯轿门距离的实时判断技术 	该技术可根据红外管接收状态自动判断当前轿门所在位置的宽度，通过不同距离下的多种扫描光束的切换，使得在整个门保护过程中，保护盲区范围更小、门遮挡反应更灵敏。 	小批量生产 									
											
电梯光幕的冗余容错技术 	电梯光幕在使用过程中难免会出现红外收发管损坏情况。运用该技术后，系统会根据一定条件自动屏蔽损坏的红外管，并通过 LED指示提醒用户。该技术可以有效延长光幕产品的使用寿命，减少后期的维保工作。 	小批量生产 									
电梯光幕的快速检测技术 	响应速度是检测光幕性能的重要指标，该技术摒弃常规的遮挡光束滤波方法，通过即刻回扫功能，可以提高响应速度并降低了误报警的概率。在遇到外界特殊干扰时，运用该技术的产品具有自动恢复功能，提高了产品的可靠性。 	小批量生产 									
											
电梯光幕的慢扫描技术 	电梯光幕正常工作时处于快速扫描的状态，长时间的连续工作会增加光幕损坏的概率。运用该技术后，产品在判断到电梯关门到位后，自动进入慢扫描状态，通过降低光幕的扫描频率，进而减小光幕损坏的概率。 	小批量生产 									
											
技术名称 	技术简介 	所处阶段 									
											
电梯隐患预判技术 	该技术通过感知技术实时采集电梯的运行状态和环境参数，并与电梯控制的各种控制参数和状态设定做智能对比分析，使控制系统具有故障自诊断和故障预判的功能，符合电梯行业对电梯安全性和可靠性要求日益提高的趋势。 	基础研究 									
											
电梯轿厢“危险事件”甄别技术 	该技术基于移动图像和现场声音的智能识别技术，可以自诊断轿厢“危险”事件的发生，主动上报“危险”信息，方便相关监管人员对轿厢“危险事件”的及时发现和主动干预，最大限度的减少轿厢“危险事件”带来的各种损失。 	基础研究 									
											
电梯服务链监管技术 	该技术基于物联网技术，创新性地提出电梯服务链的明确概念，通过建立电梯从“产品-销售-安装-使用-维护-维修”的完整档案，全面实现对每台电梯生命周期的追踪和管理。运用该技术可以有效解决电梯发生问题时无法追责的问题，同时可以对整个电梯行业的上、中、下游企业和电梯用户进行有效监管，促进电梯行业的健康发展。 	小批试用 									
											
基于电梯离线数据的数据挖掘技术 	该技术通过建立电梯运行状态数据库，把每部电梯的运行、事件、状态、环境、故障等信息上报到中心，通过对大数据的深入挖掘，提炼出更多有关电梯安全运行的关联数据，为电梯的安全运行积累更多的知识和经验。 	基础研究 									
											
基于智能手机的电梯远程调试和远程监控技术 	该技术通过自主研发的智能手机 APP，可以实现对授权的入网电梯进行在线远程调试和远程监控。通过该技术可以实现电梯的远程诊断，极大的方便了公司电梯一体化产品的市场推广和售后维护工作。 	小批试用 									
											
技术名称 	技术简介 	所处阶段 									
电子板自动测试技术 	该技术采用基于计算机控制的自动测试技术，通过选择不同的测试脚本文件，实现对各类电子板的上电前检测、上电检测、程序烧录、功能测试、老化测试等所有测试步骤的自动执行和数据监测。所有测试数据自动记录到数据库，并支持对测试数据的统计分析。使用该技术可以规范、完整公司的电气产品测试流程，测试工作效率得到极大提高。 	成熟应用 									
											
电梯控制系统功能测试用模拟井道技术 	该技术通过多个水平放置的模拟电梯井道进行单梯、并联和群控的电梯控制功能调试，与实际井道相比可实现更为直观、方便的井道功能模拟测试。 	成熟应用 									
											
模拟负载测试技术 	该技术采用两台永磁同步曳引机或两台交流电机，其中一台作为“加载电机”，另一台作为“拖动电机”，通过同轴连接器将两者实现同轴连接；借用现有的变频器，配合专用的软件（驱动和控制），使“加载电机”工作在恒转矩模式。被测变频器按照正常的井道安装方式接线，用来控制“拖动电机”，模拟正常的井道进行电机带载自学习、井道自学习、检修运行和正常距离控制。 	成熟应用 									
											
序号 	项目名称 	应用领域 	所处阶段 	拟达到的目标 							
											
1 	基于无速度传感的交流矢量门系统 	电梯门系统 	样机验证阶段 	基于先进的无速度传感交流矢量控制算法，实现电梯门系统更好的运行效率、更高的动态响应和更优的低速控制效果。相比公司现有电梯门系统产品，该系统具有更好的性价比和市场竞争力，系公司未来电梯门系统升级换代产品。 							
											
2 	基于大屏真彩液晶的电梯呼叫系统 	电梯一体化控制系统 	样机研发阶段 	针对高端客户的需求，完善公司电梯一体化控制系统配套外围功能模块，开发基于 Linux 的真彩液晶呼叫系统。该产品支持公司电梯一体化控制系统的 CAN 总线协议，支持电梯的楼层、方向、状态、报警等信息展现，支持用户视频、音频、图片的多媒体信息定制播放，支持实时显示日历、时间、天气、新闻、公告等信息，支持电梯语音报站功能，支持电梯空闲时自动开启省电模式。 							
											
3 	货梯重载门系统 	电梯门系统 	基础研究阶段 	针对大开门货梯出入口宽度和高度尺寸大，层门、轿门系统质量大的特点，研发设计一种出入口宽度范围为 3000mm 至 5000mm，出入口高度范围≤3600mm，承载能力可达 700kg 的货梯重载门系统，填补公司现有门系统产品适用范围的空白。 							
序号 	项目名称 	应用领域 	所处阶段 	拟达到的目标 							
											
4 	电梯轿厢及门系统配套件产业化研发 	电梯轿厢及门系统配套部件 	基础研究阶段 	通过引进先进的电梯轿厢及门系统配套件加工制造生产线，结合电梯新国标的具体要求，对公司目前电梯轿厢及门系统配套件产品和加工工艺进行相适应的优化设计，实现相关产品生产效率的显著提高、生产成本的明显降低、产品性能的有效改善，为客户提供性能更优越，性价比更高的电梯轿厢及门系统配套件产品。 							
											
5 	基于高性能32 位 DSP 的电梯一体化控制系统 	电梯一体化控制系统 	基础研究阶段 	针对公司电梯一体化控制器目前采用 16 位数字信号处理器（DSP）的性能瓶颈，本项目拟采用高性能 32 位 DSP 芯片从硬件和软件上重新优化设计电梯一体化控制系统，进一步提升电梯一体化控制产品的动态响应能力和矢量变频性能，提高产品的性价比和市场竞争力。 							
											
项目 	2016 年 	2015 年 	2014 年 								
											
研发费用 	984.02 	985.29 	951.72 								
											
营业收入 	28,169.70 	29,742.69 	29,566.11 								
											
所占比例 	3.49% 	3.31% 	3.22% 								
											
序号 	项目名称 	立项时间 	项目周期 	2016 年 	2015 年 	2014 年 	研发方式 				
1 	展鹏三代电梯门系统 	2013 年 1 月 	2013 年 1 月-2014 年 12 月 	 	 	453.68 	自主研发 				
2 	电梯变频门系统生产线 	2013 年 1 月 	2013 年 1 月-2014 年 12 月 	 	 	118.24 	自主研发 				
3 	基于 CAN 总线的展鹏智能电梯系统 	2013 年 1 月 	2013 年 1 月-2015 年 12 月 	 	121.97 	256.05 	自主研发 				
4 	展鹏智能电梯远程监管平台 	2013 年 1 月 	2013 年 1 月-2015 年 12 月 	 	67.56 	123.75 	自主研发 				
5 	大开门电梯光幕 	2015 年 1 月 	2015 年 1 月-2015 年 12 月 	 	49.98 	 	自主研发 				
6 	第三代具有轿门锁紧功能的轿门系统 	2015 年 1 月 	2015 年 1 月-2015 年 12 月 	 	103.81 	 	自主研发 				
7 	电梯安全节能管理及维保综合监管云平台的研发 	2015 年 7 月 	2015 年 7 月-2017 年 7 月 	 	48.54 	 	委托研发 				
8 	集成电梯光幕的一体化电梯门系统 	2015 年 1 月 	2015 年 1 月-2016 年 12 月 	175.47 	309.66 	 	自主研发 				
9 	别墅梯一体化控制系统 	2015 年 1 月 	2015 年 1 月-2016 年 12 月 	169.72 	147.23 	 	自主研发 				
10 	第三代组合式电气联锁层门系统 	2015 年 1 月 	2015 年 1 月-2016 年 12 月 	390.74 	136.52 	 	自主研发 				
11 	基于无速度传感的交流矢量门系统 	2016 年 1 月 	2016 年 1 月-2017 年 12 月 	141.77 	 	 	自主研发 				
12 	基于大屏真彩液晶的电梯呼叫系统 	2016 年 1 月 	2016 年 1 月-2017 年 12 月 	106.32 	 	 	自主研发 				
研发费用合计 	研发费用合计 	研发费用合计 	研发费用合计 	984.02 	985.29 	951.72 	 				
											
