主管部门 	主管范围 						
工信部 	监督民爆器材生产、销售 						
公安机关 	监督民爆器材购买、运输、爆破作业，监控民爆器材流向 						
行业协会 	参与民爆器材行业发展政策研究、管理法规、制度等起草和论证工作，以及民爆行业发展规划编制的前期工作；承担民爆器材及装备的技术交流、技术咨询、成果推广、产品展示工作；承担行业生产、流通的统计及分析上报工作等 						
							
时间 	文件名 	发布部门 					
2004.1 	《安全生产许可证条例》 	国务院 					
2006.5 	《民用爆炸物品安全管理条例》 	国务院 					
2006.8 	《民用爆炸物品生产许可实施办法》 	国防科工委 					
2006.8 	《民用爆炸物品销售许可实施办法》 	国防科工委 					
2007.3 	《生产安全事故报告和调查处理条例》 	国务院 					
2007.8 	《民用爆炸物品产品质量监督检验管理办法》 	国防科工委 					
2008.8 	《关于调整民用爆破器材出厂价格的通知》 	发改委 					
2008.10 	《民爆行业主要标准目录》 	工信部 					
2009.12 	《民用爆炸物品建设项目验收管理办法》 	工信部 					
2010.5 	《关于民用爆炸物品行业技术进步的指导意见》 	工信部 					
2010.10 	《民爆行业安全事故应急预案及编制导则》 	工信部 					
2010.11 	《民用爆炸物品生产专用设备安全使用年限管理规定》 	工信部 					
2010.11 	《关于进一步推进民爆行业结构调整的指导意见》 	工信部 					
2011.2 	《民用爆炸物品行业安全评价导则》 	工信部 					
2011.9 	《关于加强工业雷管安全生产基础条件建设的指导意见》 	工信部 					
2012.3 	《民用爆炸物品进出口管理办法》 	工信部、公安部、海关总署 					
2012.5 	《爆破作业单位资质条件和管理要求》（GA990—2012） 	公安部 					
2012.5 	《爆破作业项目管理要求》（GA991—2012） 	公安部 					
2012.6 	《关于提升工业炸药生产线本质安全生产水平的指导意见》 	工信部 					
2012.12 	《民用爆炸物品专用生产设备目录管理暂行办法》 	工信部 					
2012.12 	《民用爆炸物品科技管理办法》 	工信部 					
2013.1 	《关于加强民爆行业信息化建设有关安全管理的通知》 	工信部 					
2013.1 	《民用爆炸物品企业安全生产标准化管理通则》 	工信部 					
2013.12 	《关于加强散装炸药流向信息化管理工作的通知》 	公安部 					
2014.1 	国务院关于取消和下放一批行政审批项目的决定 	工信部 					
2014.4 	关于印发《民用爆炸物品生产企业门禁式定员监控系统安全技术条件（修订）》的通知 	工信部 					
2014.7 	工业和信息化部关于加强民用爆炸物品生产销售全过程安全管控的通知 	工信部 					
2014.8 	全国人大常委会关于修改《中华人民共和国安全生产法》的决定 	全国人大常委会 					
2014.12 	关于放开民爆器材出厂价格有关问题的通知 	发改委、公安部、工信部 					
2015.2 	关于印发《互联网危险物品信息发布管理规定》的通知 	公安部、工信部、国家互联网信息办公室等 					
2015.4 	关于加强安全生产监管执法的通知 	国务院办公厅 					
2015.5 	《民用爆炸物品安全生产许可实施办法》 	工信部 					
2016.1 	关于调整《民用爆炸物品专用生产设备目录》管理方式的通知 	工信部 					
2016.2 	工信部批准发布《民用爆炸物品工艺技术文件管理》等 6 项民爆行业系列标准 	工信部 					
							
序号 	单位名称 	销售额（万元） 	占行业比例 				
1 	中铁民爆物资有限公司 	155,491.26 	6.73% 				
2 	贵州联合民爆器材经营有限责任公司 	40,375.46 	1.75% 				
3 	西藏高争民爆股份有限公司 	24,562.65 	1.06% 				
4 	富蕴县民用爆破器材专卖有限责任公司 	7,637.87 	0.33% 				
5 	永州市旺达民用爆破器材经营有限公司 	7,400.27 	0.32% 				
6 	临汾骏铠民爆器材有限责任公司 	5,548.17 	0.24% 				
 	合计 	241,015.68 	10.43% 				
 	民爆流通行业 2015 年度销售总额 	2,310,200.00 	 				
							
地区名称 	仓库名称 	仓库容量 					
拉萨 	703 仓库 	工业炸药 0.23 吨，工业雷管 11 万发 					
山南 	山南销售仓库 	工业炸药 219 吨，工业雷管 100 万发，工业索类火工品 5 万米 					
林芝 	林芝销售仓库 	工业炸药 190 吨，工业雷管 50 万发 					
昌都 	昌都危险品种仓库 	工业炸药 164 吨，工业雷管 100 万发 					
日喀则 	日喀则销售仓库 	工业炸药 200 吨，工业雷管 50 万发 					
那曲 	那曲销售仓库 	工业炸药 200 吨，工业雷管 40 万发 					
阿里 	阿里销售仓库 	工业炸药 100 吨，工业雷管 10 万发 					
							
序号 	企业名称 	产能（吨） 					
1 	高争爆破 	10,000 					
2 	中金新联爆破 	4,000 					
3 	葛洲坝易普力股份有限公司墨竹工卡分公司 	4,000 					
							
项目 	产品名称 	对外销售数量 	成本金额（万元） 	金额占比 			
自产成品 	粉状乳化炸药（吨） 	2,325.31 	1,608.36 	27.38% 			
外购成品 	胶状乳化炸药（吨） 	3,580.60 	2,768.55 	47.14% 			
外购成品 	工业雷管（万发） 	428.38 	1,263.23 	21.51% 			
外购成品 	工业导爆索（万米） 	134.19 	233.19 	3.97% 			
合计 	合计 	 	5,873.33 	100% 			
							
地区 	具体型号 	销售价格（含税） 					
湖南沅陵 	炸药 	13,000 					
广东汕尾 	岩石乳炸药（二级）∮32~∮59 	12,742 					
广西自治区 	2 号岩石乳化炸药（二级）∮59 	10,986 					
高争民爆 	藏产乳化粉状管装炸药∮32 	18,154.63 					
高争民爆 	藏产乳化粉状袋装炸药 	16,839.60 					
							
项目 	2016 年 1~6 月 	2015 年度 	2014 年度 	2013 年度 			
营业收入 	14,788.40 	24,562.65 	22,904.97 	19,265.27 			
其中：主营业务收入 	14,600.56 	24,102.22 	22,795.40 	19,124.78 			
其他业务收入 	187.83 	460.43 	109.57 	140.48 			
营业成本 	6,853.92 	11,521.49 	10,327.63 	9,063.04 			
其中：主营业务成本 	6,745.78 	11,397.60 	10,232.00 	8,968.34 			
其中：主营业务成本 	6,745.78 	11,397.60 	10,232.00 	8,968.34 			
其他业务成本 	108.14 	123.89 	95.64 	94.70 			
综合毛利率 	53.65% 	53.09% 	54.91% 	52.96% 			
主营业务毛利率 	53.80% 	52.71% 	55.11% 	53.11% 			
							
年度 	商品名称 	销量 	金额（万元） 	占主营业务收入比例 			
2016 年 1~6 月 	粉状乳化炸药（吨） 	2,325.31 	3,438.55 	23.55% 			
2016 年 1~6 月 	胶状乳化炸药（吨） 	3,580.60 	5,389.79 	36.91% 			
2016 年 1~6 月 	工业雷管（万发） 	428.38 	3,954.59 	27.09% 			
2016 年 1~6 月 	工业导爆索（万米） 	134.19 	611.24 	4.19% 			
2016 年 1~6 月 	爆破服务 	- 	957.98 	6.56% 			
2016 年 1~6 月 	配送收入 	- 	248.41 	1.70% 			
2016 年 1~6 月 	合计 	- 	14,600.56 	100.00% 			
2015 年度 	粉状乳化炸药（吨） 	5,992.12 	9,006.76 	37.37% 			
2015 年度 	胶状乳化炸药（吨） 	4,184.66 	6,644.97 	27.57% 			
							
震源药柱（吨） 	391.51 	979.27 	4.06% 				
工业雷管（万发） 	462.84 	3,872.08 	16.07% 				
工业导爆索（万米） 	77.04 	358.77 	1.49% 				
爆破服务 	- 	2,580.88 	10.71% 				
配送收入 	- 	658.97 	2.73% 				
其他 	- 	0.51 	0.00% 				
合计 	- 	24,102.21 	100.00% 				
粉状乳化炸药（吨） 	6,394.66 	9,643.02 	42.30% 				
胶状乳化炸药（吨） 	4,438.53 	7,622.14 	33.44% 				
震源药柱（吨） 	117.98 	299.06 	1.31% 				
工业雷管（万发） 	420.49 	3,287.78 	14.42% 				
工业导爆索（万米） 	27.05 	131.44 	0.58% 				
爆破服务 	- 	1,017.97 	4.47% 				
配送收入 	- 	793.99 	3.48% 				
合计 	- 	22,795.40 	100.00% 				
粉状乳化炸药（吨） 	4,991.98 	7,174.78 	37.52% 				
胶状乳化炸药（吨） 	4,235.61 	7,370.13 	38.54% 				
震源药柱（吨） 	99.60 	252.03 	1.32% 				
工业雷管（万发） 	478.53 	3,308.01 	17.30% 				
工业导爆索（万米） 	36.82 	148.94 	0.78% 				
爆破服务 	- 	470.19 	2.46% 				
配送收入 	- 	399.95 	2.09% 				
其他 	- 	0.75 	0.00% 				
合计 	- 	19,124.78 	100.00% 				
							
2014 年度 							
2013 年度 							
							
地区名称 	2016 年 1~6 月 	2015 年度 	2014 年度 	2013 年度 			
拉萨 	6,829.69 	13,927.44 	16,915.25 	13,271.00 			
山南 	3,596.44 	5,498.90 	2,580.26 	1,625.55 			
昌都 	1,547.29 	2,702.07 	2,828.08 	2,837.51 			
日喀则 	1,270.86 	1,844.50 	136.15 	1,167.00 			
那曲 	264.49 	164.59 	239.90 	79.00 			
阿里 	215.62 	185.40 	90.14 	221.09 			
林芝 	1,064.01 	239.75 	115.19 	64.12 			
西藏自治区外 	- 	- 	- 	- 			
合计 	14,788.40 	24,562.65 	22,904.97 	19,265.27 			
							
产品类别 	2016 年 1~6 月 	2015 年度 	2014 年度 	2013 年度 			
粉状乳化炸药（元/吨） 	14,787.47 	15,031.01 	15,079.80 	14,372.61 			
胶状乳化炸药（元/吨） 	15,052.76 	15,879.34 	17,172.67 	17,400.40 			
震源药柱（元/吨） 	- 	25,012.52 	25,348.36 	25,304.22 			
工业雷管（元/万发） 	92,315.00 	83,660.02 	78,189.26 	69,128.58 			
工业导爆索（元/万米） 	45,550.34 	46,569.31 	48,591.50 	40,450.84 			
							
品种 	2016 年 1~6 月 	2016 年 1~6 月 	2016 年 1~6 月 	2015 年度 	2015 年度 	2015 年度 	
品种 	销售数量（万发） 	销售数量（占比） 	平均销售价格（万元/万发） 	销售数量（万发） 	销售数量（占比） 	平均销售价格（万元/万发） 	
导 爆 管 雷 管（5 米） 	331.12 	77.29% 	8.95 	344.92 	74.52% 	8.19 	
导 爆 管 雷 管（7 米） 	52.85 	12.34% 	10.91 	7.16 	1.55% 	9.89 	
导 爆 管 雷 管（10-24 米） 	17.33 	4.05% 	16.57 	39.51 	8.54% 	16.10 	
工业电雷管 	18.70 	4.36% 	5.67 	52.34 	11.31% 	5.59 	
瞬发电雷管 	8.39 	1.96% 	2.56 	18.90 	4.08% 	2.57 	
总计 	428.38 	100% 	9.23 	462.84 	100% 	8.37 	
品种 	2014 年度 	2014 年度 	2014 年度 	2013 年度 	2013 年度 	2013 年度 	
品种 	2014 年度 	2014 年度 	2014 年度 	2013 年度 	2013 年度 	2013 年度 	
品种 	销售数量（万发） 	销售数量（占比） 	平均销售价格（万元/万发） 	销售数量（万发） 	销售数量（占比） 	平均销售价格（万元/万发） 	
导 爆 管 雷 管（5 米） 	267.39 	63.59% 	8.08 	301.21 	62.94% 	7.95 	
导 爆 管 雷 管（5 米） 	267.39 	63.59% 	8.08 	301.21 	62.94% 	7.95 	
导 爆 管 雷 管（7 米） 	10.02 	2.38% 	9.54 	- 	- 	- 	
导 爆 管 雷 管（10-24 米） 	35.86 	8.53% 	15.41 	13.60 	2.84% 	15.81 	
工业电雷管 	68.44 	16.28% 	5.50 	99.73 	20.84% 	5.31 	
工业电雷管 	68.44 	16.28% 	5.50 	99.73 	20.84% 	5.31 	
瞬发电雷管 	38.78 	9.22% 	2.65 	63.99 	13.37% 	2.64 	
总计 	420.49 	100% 	7.82 	478.53 	100% 	6.91 	
							
年度 	序号 	客户名称 	销售额（万元） 	占销售收入比例 			
2016 年1~6 月 	1 	中国铁建股份有限公司 	4,056.16 	27.43% 			
2016 年1~6 月 	2 	中国中铁股份有限公司 	2,635.59 	17.82% 			
2016 年1~6 月 	3 	西藏中金新联爆破工程有限公司 	1,303.41 	8.81% 			
2016 年1~6 月 	4 	葛洲坝易普力股份有限公司墨竹工卡分公司 	609.24 	4.12% 			
2016 年1~6 月 	5 	华电西藏能源有限公司大古水电站分公司 	402.94 	2.72% 			
2016 年1~6 月 	 	合计 	9,007.34 	60.90% 			
2015 年度 	1 	西藏华泰龙矿业开发有限公司 	4,095.07 	16.67% 			
2015 年度 	2 	西藏中金新联爆破工程有限公司 	2,192.70 	8.93% 			
2015 年度 	3 	中国中铁股份有限公司 	1,834.87 	7.47% 			
2015 年度 	4 	中国铁建股份有限公司 	1,665.04 	6.78% 			
2015 年度 	5 	华电西藏能源有限公司大古水电站分公司 	1,313.84 	5.35% 			
2015 年度 	 	合计 	11,101.52 	45.20% 			
2014 年度 	1 	西藏华泰龙矿业开发有限公司 	7,924.90 	34.60% 			
2014 年度 	2 	中国铁建股份有限公司 	899.66 	3.93% 			
2014 年度 	3 	中国中铁股份有限公司 	588.16 	2.57% 			
2014 年度 	4 	葛洲坝集团基础工程有限公司 	582.08 	2.54% 			
2014 年度 	5 	绵阳佳成建设有限公司 	555.5 	2.43% 			
2014 年度 	 	合计 	10,550.30 	46.07% 			
2013 年度 	1 	西藏华泰龙矿业开发有限公司 	6,085.12 	31.59% 			
2013 年度 	2 	中国铁建股份有限公司 	826.63 	4.29% 			
2013 年度 	3 	中国中铁股份有限公司 	600.54 	3.12% 			
2013 年度 	4 	武警水电三总队旁多电站 	506.84 	2.63% 			
2013 年度 	5 	西藏巨龙铜业有限公司 	492.18 	2.55% 			
2013 年度 	 	合计 	8,511.31 	44.18% 			
							
序号 	产品种类 	数量 	含税单价 	市场价格 	金额 	签订年度 	
1 	内地乳化胶状炸药∮32 	1,070 吨 	1.82 	1.87 	1,942.55 	2013 	
1 	内地乳化胶状炸药炸药∮70 	580 吨 	1.92 	1.92 	1,113.87 	2013 	
1 	藏产乳化粉状管装炸药 	20 吨 	1.82 	1.82 	36.31 	2013 	
2 	藏产乳化粉状袋装炸药 	1,850 吨 	1.68 	1.68 	3,115.33 	2013 	
2 	导爆管毫秒延期雷管 5 米 	2.4 万发 	8.81 	8.81 	21.15 	2013 	
2 	导爆管半秒延期雷管（1-15 段） 	68 万发 	8.81 	8.81 	599.22 	2013 	
3 	内地乳化胶状炸药∮32 	710 吨 	1.82 	1.87 	1,288.98 	2014 	
3 	内地乳化胶状炸药炸药∮70 	650 吨 	1.92 	1.92 	1,248.30 	2014 	
3 	藏产乳化粉状袋装炸药 	3,100 吨 	1.68 	1.68 	5,220.28 	2014 	
4 	内地乳化胶状炸药炸药∮90 	70 吨 	1.92 	1.92 	134.43 	2014 	
5 	藏产乳化粉状管装炸药 	160 吨 	1.82 	1.82 	290.48 	2014 	
5 	导爆管毫秒延期雷管（1-15 段） 	18 万发 	8.81 	8.81 	158.62 	2014 	
5 	导爆管毫秒延期雷管（1-15 段） 	18 万发 	8.81 	8.81 	158.62 	2014 	
5 	导爆管半秒延期雷管（1-15 段） 	60 万发 	8.81 	8.81 	528.73 	2014 	
6 	内地乳化胶状炸药∮32 	460 吨 	1.82 	1.87 	835.11 	2015 	
6 	内地乳化胶状炸药炸药∮70 	100 吨 	1.92 	1.92 	192.05 	2015 	
6 	藏产乳化粉状袋装炸药 	1,820 吨 	1.68 	1.68 	3,064.81 	2015 	
7 	藏产乳化粉状管装炸药 	100 吨 	1.82 	1.82 	181.55 	2015 	
7 	藏产乳化粉状管装炸药 	100 吨 	1.82 	1.82 	181.55 	2015 	
7 	导爆管毫秒延期雷管 5 米角线 	7.5 万发 	8.81 	8.81 	66.09 	2015 	
7 	导爆管半秒延期雷管 5 米角线 	34 万发 	8.81 	8.81 	299.61 	2015 	
							
年 度 	商品名称 	金额（万元） 	占比 				
2016 年 1~6 月 	自产 	1,608.36 	27.38% 				
2016 年 1~6 月 	外购 	4,264.97 	72.62% 				
2015 年度 	自产 	4,115.30 	44.36% 				
2015 年度 	外购 	5,161.00 	55.64% 				
2014 年度 	自产 	4,078.84 	45.48% 				
2014 年度 	外购 	4,890.23 	54.52% 				
2013 年度 	自产 	3,675.40 	43.74% 				
2013 年度 	外购 	4,726.90 	56.26% 				
							
年度 	许可产能 （吨） 	实际产量 （吨） 	生产成本 （万元） 	单位成本 （元/吨） 			
2016 年 1~6 月 	12,000.00 	2,437.42 	1,603.49 	6,578.64 			
2015 年度 	12,000.00 	6,287.35 	4,366.56 	6,944.99 			
2014 年度 	12,000.00 	6,918.00 	4,551.44 	6,579.14 			
2013 年度 	12,000.00 	4,604.17 	3,453.51 	7,500.82 			
							
年 度 	商品名称 	采购数量 	采购金额 （万元） 	占当年采购总额比例 			
2016 年 1~6月 	胶状乳化炸药（吨） 	3,575.97 	2,696.88 	61.16% 			
2016 年 1~6月 	工业雷管（万发） 	490.43 	1,426.23 	32.34% 			
							
工业导爆索（万米） 	170.00 	286.32 	6.49% 				
合计 	- 	4,409.43 	100.00% 				
胶状乳化炸药（吨） 	4,146.72 	3,205.19 	60.68% 				
震源药柱（吨） 	335.54 	484.44 	9.17% 				
工业雷管（万发） 	509.42 	1,415.41 	26.80% 				
工业导爆索（万米） 	100.00 	176.71 	3.35% 				
合计 	- 	5,281.75 	100.00% 				
胶状乳化炸药（吨） 	4,453.02 	3,663.20 	71.21% 				
震源药柱（吨） 	173.95 	261.55 	5.08% 				
工业雷管（万发） 	436.89 	1,181.79 	22.97% 				
工业导爆索（万米） 	20.00 	37.61 	0.73% 				
其他 	- 	0.01 	0.00% 				
合计 	- 	5,144.16 	100% 				
胶状乳化炸药（吨） 	4,043.11 	3,183.93 	69.47% 				
震源药柱（吨） 	109.42 	164.87 	3.60% 				
工业雷管（万发） 	427.10 	1,113.56 	24.30% 				
工业导爆索（万米） 	34.61 	60.58 	1.32% 				
其他 	- 	60.47 	1.32% 				
合计 	- 	4,583.41 	100% 				
							
2015 年度 							
2014 年度 							
2013 年度 							
							
商品名称 	2016 年 1~6 月 	2015 年度 	2014 年度 	2013 年度 			
胶状乳化炸药（元/吨） 	7,541.67 	7,729.46 	8,226.33 	7,874.95 			
震源药柱（元/吨） 	- 	14,437.45 	15,035.93 	15,067.63 			
工业雷管（元/万发） 	29,081.21 	27,784.74 	27,050.06 	26,072.58 			
工业导爆索（元/万米） 	16,842.35 	17,671.00 	18,805.00 	17,503.61 			
							
年份 	供应商名称 	采购金额（万元） 	占采购总额比例 				
2016 年1~6 月 	四川宜宾威力化工有限公司 	1,033.23 	23.43% 				
2016 年1~6 月 	青海青乐化工机械有限公司 	884.06 	20.05% 				
2016 年1~6 月 	湖北凯龙化工集团股份有限公司 	832.36 	18.88% 				
2016 年1~6 月 	四川雅化实业集团股份有限公司 	645.27 	14.63% 				
2016 年1~6 月 	湖南神斧民爆集团有限公司 	413.58 	9.38% 				
2016 年1~6 月 	合 计 	3,808.50 	86.37% 				
2015 年度 	湖北凯龙化工集团股份有限公司 	1,241.17 	23.50% 				
2015 年度 	四川宜宾威力化工有限公司 	1,140.61 	21.60% 				
2015 年度 	青海青乐化工机械有限公司 	903.57 	17.11% 				
2015 年度 	四川雅化实业集团股份有限公司 	814.01 	15.41% 				
2015 年度 	陕西红旗民爆集团股份有限公司 	428.62 	8.12% 				
2015 年度 	合 计 	4,527.98 	85.73% 				
2014 年度 	湖北凯龙化工集团股份有限公司 	1,397.94 	27.18% 				
2014 年度 	四川雅化实业集团股份有限公司 	1,041.45 	20.25% 				
2014 年度 	四川宜宾威力化工有限公司 	877.88 	17.07% 				
2014 年度 	青海青乐化工机械有限公司 	785.44 	15.27% 				
2014 年度 	陕西红旗民爆集团股份有限公司 	402.79 	7.83% 				
2014 年度 	合 计 	4,505.50 	87.58% 				
2013 年度 	四川雅化实业集团股份有限公司 	1,246.76 	27.20% 				
2013 年度 	湖北凯龙化工集团股份有限公司 	998.90 	21.79% 				
2013 年度 	四川宜宾威力化工有限公司 	886.82 	19.35% 				
2013 年度 	青海青乐化工机械有限公司 	836.10 	18.24% 				
2013 年度 	陕西红旗民爆集团股份有限公司 	395.00 	8.62% 				
2013 年度 	合 计 	4,363.58 	95.20% 				
							
年 度 	原材料名称 	采购数量（吨） 	采购金额（万元） 	占当年采购总额比例 			
2016 年 1~6 月 	硝酸铵 	1,762.50 	418.62 	61.86% 			
2016 年 1~6 月 	硝酸铵（多孔） 	337.40 	83.83 	12.39% 			
2016 年 1~6 月 	专用复合蜡 	60.00 	54.31 	8.03% 			
2016 年 1~6 月 	乳化剂 	26.64 	45.58 	6.74% 			
2016 年 1~6 月 	石蜡 	35.00 	27.56 	4.07% 			
2016 年 1~6 月 	烟煤 	206.00 	14.19 	2.10% 			
2016 年 1~6 月 	其他 	- 	32.65 	4.81% 			
2016 年 1~6 月 	合计 	- 	676.74 	100.00% 			
2015 年度 	硝酸铵 	4,724.00 	1,161.15 	62.03% 			
2015 年度 	硝酸铵（多孔） 	1,125.20 	291.84 	15.59% 			
2015 年度 	专用复合蜡 	180.00 	163.01 	8.71% 			
2015 年度 	乳化剂 	87.48 	149.67 	8.00% 			
							
石蜡 	90.00 	72.03 	3.85% 				
烟煤 	426.81 	30.93 	1.65% 				
木炭 	5.00 	3.26 	0.17% 				
合计 	6,638.49 	1,871.89 	100.00% 				
硝酸铵 	5,597.50 	1,474.67 	66.90% 				
硝酸铵（多孔） 	1,012.40 	284.95 	12.93% 				
专用复合蜡 	220.00 	196.20 	8.90% 				
乳化剂 	94.50 	161.23 	7.31% 				
石蜡 	76.00 	65.25 	2.96% 				
烟煤 	511.88 	22.09 	1.00% 				
合计 	7,512.28 	2,204.39 	100% 				
硝酸铵 	3,482.50 	992.90 	66.09% 				
硝酸铵（多孔） 	492.68 	153.62 	10.23% 				
专用复合蜡 	180.00 	158.07 	10.52% 				
乳化剂 	75.78 	129.05 	8.59% 				
石蜡 	76.00 	61.54 	4.10% 				
烟煤 	206.67 	7.07 	0.47% 				
合计 	4,513.63 	1,502.25 	100% 				
							
2014 年度 							
2013 年度 							
							
原材料名称 	2016 年 1~6 月 	2015 年度 	2014 年度 	2013 年度 			
硝酸铵 	2,375.15 	2,457.98 	2,634.52 	2,851.11 			
硝酸铵（多孔） 	2,484.59 	2,593.67 	2,814.60 	3,118.05 			
专用复合蜡 	9,051.67 	9,056.11 	8,918.18 	8,781.67 			
乳化剂 	17,109.61 	17,109.05 	17,061.38 	17,029.56 			
							
年份 	供应商名称 	采购金额（万元） 	占采购总额比例 				
2016 年1~6 月 	咸阳祥庆汽车服务有限公司 	299.93 	44.32% 				
2016 年1~6 月 	陕西兴化化学股份有限公司 	238.72 	35.27% 				
2016 年1~6 月 	南京群峰复合材料有限公司 	50.00 	7.39% 				
2016 年1~6 月 	湖北安宁同一石油化工有限公司 	45.54 	6.73% 				
2016 年1~6 月 	兰州泰河谷石化产品有限公司 	27.51 	4.07% 				
2016 年1~6 月 	合 计 	661.70 	97.78% 				
2015 年度 	咸阳祥庆汽车服务有限公司 	698.59 	37.32% 				
2015 年度 	陕西兴化化学股份有限公司 	695.11 	37.13% 				
2015 年度 	南京群峰复合材料有限公司 	150.00 	8.01% 				
2015 年度 	湖北同一石油化工有限公司 	149.54 	7.99% 				
2015 年度 	兰州泰河谷石化产品有限公司 	71.90 	3.84% 				
2015 年度 	合 计 	1,765.14 	94.30% 				
2014 年度 	陕西兴化化学股份有限公司 	857.62 	38.91% 				
2014 年度 	咸阳祥庆汽车服务有限公司 	744.57 	33.78% 				
2014 年度 	南京群峰复合材料有限公司 	196.2 	8.90% 				
2014 年度 	湖北同一石油化工有限公司 	161.23 	7.31% 				
2014 年度 	兰州泰河谷石化产品有限公司 	65.25 	2.96% 				
2014 年度 	合 计 	2,024.87 	91.86% 				
2013 年度 	陕西兴化化学股份有限公司 	561.09 	37.35% 				
2013 年度 	咸阳祥庆汽车服务有限公司 	390.51 	26.00% 				
2013 年度 	南京群峰复合材料有限公司 	158.07 	10.52% 				
2013 年度 	湖北同一石油化工有限公司 	129.05 	8.59% 				
2013 年度 	兰州泰河谷石化产品有限公司 	61.54 	4.10% 				
2013 年度 	合 计 	1,300.26 	86.55% 				
							
年度 	品种 	数量（吨） 	采购金额（万元） 	采购单价（元/吨） 	定价原则 		
2016 年1~6 月 	硝酸铵 	1,762.50 	196.95 	1,117.44 	市场价 		
2016 年1~6 月 	硝酸铵（多孔） 	337.40 	41.77 	1,237.99 	市场价 		
2016 年1~6 月 	合 计 	2,099.90 	238.72 	1,136.81 	 		
2015 年度 	硝酸铵 	4,724.00   	549.09 	1,162.34   	市场价 		
2015 年度 	硝酸铵（多孔） 	1,125.20   	146.02 	1,297.71   	市场价 		
2015 年度 	合 计 	5,849.20 	695.11 	  1,188.39 	 		
2014 年度 	硝酸铵 	5,597.50   	712.61 	1,273.08   	市场价 		
2014 年度 	硝酸铵（多孔） 	1,012.40   	145.01 	1,432.37   	市场价 		
2014 年度 	硝酸铵（多孔） 	1,012.40   	145.01 	1,432.37   	市场价 		
2014 年度 	合 计 	6,609.90 	857.62 	  1,297.48 	 		
2013 年度 	硝酸铵 	3,482.50   	483.98 	1,389.75   	市场价 		
2013 年度 	硝酸铵（多孔） 	492.68   	77.11 	1,565.09   	市场价 		
2013 年度 	合 计 	3,975.18 	561.09 	  1,411.48 	 		
							
项目 	2016 年 1~6 月 	2015 年度 	2014 年度 	2013 年度 			
兴化股份销售均价（元/吨） 	- 	1,165.15 	1,348.50 	1,499.61 			
高争民爆采购均价（元/吨） 	1,136.81 	1,188.39 	1,297.48 	1,411.48 			
							
名称 	2016 年 1~6 月 	2015 年度 	2014 年度 	2013 年度 			
煤炭 	14.19 	24.27 	38.24 	19.14 			
电力 	39.83 	89.50 	79.18 	67.55 			
能源合计 	54.02 	113.77 	117.42 	86.69 			
生产成本 	1,603.49 	4,366.56 	4,551.44 	3,453.51 			
占比 	3.37% 	2.61% 	2.58% 	2.51% 			
							
类别 	产生量 	污染物类别 	排放量 	处理设施 			
废水 	10.06 m3/d 	生产废水 	0 m3/d 	生产废水经隔油沉淀池处理后用于绿化灌溉 			
废气 	0.54 t/a 	粉尘 	0.54 t/a 	湿法除尘器，设计除尘率为95% 			
废气 	3 t/a 	烟尘 	0.1 t/a 	SKM-6 型脱硫除尘装置，除尘率≥95%，除硫率≥84% 			
废气 	37.75 t/a 	二氧化硫 	6.04 t/a 	SKM-6 型脱硫除尘装置，除尘率≥95%，除硫率≥84% 			
固体废弃物 	1166.8 t/a 	固体废渣 	1160.95 t/a 	炉渣用作建筑材料或销售给废品回收站，其他废渣焚烧处理 			
							
项目 	2016 年 1~6 月 	2015 年度 	2014 年度 	2013 年度 			
清洁生产审核 	- 	24.27 	25.00 	- 			
环境影响评估、审核 	30.00 	85.17 	55.85 	123.57 			
在线监测、检测 	1.50 	4.10 	4.50 	0.30 			
环保设施投入及维护 	17.34 	45.65 	33.65 	30.64 			
排污费 	4.15 	12.81 	8.10 	7.58 			
总计 	52.99 	172.00 	127.10 	162.09 			
							
固定资产类别 	固定资产原值 	累计折旧 	固定资产净值 				
房屋及建筑物 	24,881.42 	2,284.86 	22,596.55 				
机器设备 	2,509.50 	1,111.04 	1,398.46 				
运输工具 	1,885.36 	596.33 	1,289.03 				
电子设备及其他 	1,023.03 	517.50 	505.53 				
合     计 	30,299.30 	4,509.72 	25,789.58 				
							
序号 	房产证号 	建筑面积m2 	座落地点 	所属企业 			
1 	房权证【2014】房字第【0031】号 	12,398.26 	曲水县南木乡江村 	高争民爆 			
2 	房权证【2014】房字第【0032】号 	838.00 	曲水县聂当乡德吉村 	高争民爆 			
3 	房权证【2014】房字第【0061】号 	507.49 	曲水县南木乡江村 	高争民爆 			
4 	房权证【乃东】房字第【713000259】号 	1,013.90 	乃东路 	高争民爆 			
5 	房权证【601】房字第【00000228】号 	701.52 	噶尔县狮泉河镇加木乡黑坪塘处 	高争民爆 			
6 	房权证【昌都】房字第【2010004099】号 	1,045.35 	昌都地区昌都县卡若镇左巴村 	高争民爆 			
7 	房权证【眉权】房字第【0218911】号 	722.07 	东坡区新村街新村 2 组 	高争民爆 			
8 	房权证【眉权】房字第【0218910】号 	142.92 	东坡区新村街新村 2 组 	高争民爆 			
9 	房权证【昌都】房字第【2010003668】号 	2,309.17 	西藏自治区昌都地区昌都西路 	高争民爆 			
9 	房权证【昌都】房字第【2010003668】号 	2,309.17 	西藏自治区昌都地区昌都西路 	高争民爆 			
10 	那房权证那镇字第 540572016030 号 	886.05 	109 国道东北侧那曲镇28 村那么切自然村 	高争民爆 			
11 	房权证【2016】字第【0007】号 	1,438.94 	曲水县南木乡江村境内 	高争爆破 			
							
序号 	设备名称 	原值 	净值 	所属企业 			
1 	炸药生产线主体设备 	1,874,851.31 	990,937.08 	高争民爆 			
2 	循环流化床锅炉 	1,727,000.00 	912,791.76 	高争民爆 			
3 	设备电线、电缆 	1,230,000.00 	650,106.41 	高争民爆 			
4 	无塔供水 	1,120,000.00 	582,620.98 	高争民爆 			
5 	制药中包装箱生产线 	1,020,000.00 	539,112.73 	高争民爆 			
5 	制药中包装箱生产线 	1,020,000.00 	539,112.73 	高争民爆 			
6 	AE-JLO 型乳化炸药乳化系统 	977,384.78 	504,972.81 	高争民爆 			
7 	复合式除湿机 	806,800.00 	426,427.70 	高争民爆 			
8 	电力设备款 	700,000.00 	369,979.27 	高争民爆 			
9 	林芝无塔供水 	490,000.00 	430,965.46 	高争民爆 			
10 	防爆电气设备 	410,000.00 	216,702.07 	高争民爆 			
11 	那曲无塔供水 	390,000.00 	388,821.63 	高争民爆 			
12 	林芝防雷设备 	380,000.00 	343,326.86 	高争民爆 			
13 	AE-HLCIII 型乳化器 	341,880.36 	170,528.21 	高争民爆 			
14 	F216 型装药机 	283,791.27 	180,573.79 	高争民爆 			
15 	乳化装药机 	268,710.53 	101,632.35 	高争民爆 			
16 	螺杆空压机 	267,957.25 	137,930.79 	高争民爆 			
17 	中高温降型喷雾式玻璃钢冷却踏 	265,500.00 	140,327.79 	高争民爆 			
18 	水箱配制罐 	365,163.07 	326,806.31 	高争爆破 			
19 	工艺管路、阀门、过滤器及配件 	342,510.26 	282,533.33 	高争爆破 			
20 	自动控制系统 	342,510.26 	282,533.33 	高争爆破 			
21 	基质罐 	296,842.22 	265,661.85 	高争爆破 			
22 	乳化器 	285,425.21 	225,425.92 	高争爆破 			
22 	乳化器 	285,425.21 	225,425.92 	高争爆破 			
23 	混装炸药生产线 	3,051,000.00 	3,051,000.00 	昌都高争 			
24 	锅炉 	290,000.00 	268,902.50 	昌都高争 			
							
序号 	权利人 	土地证号 	面积 m2 	座落位置 	终止日期 	用途 	取得方式 
1 	高争 民爆 	国用（2014）第【60-2】号 	105,134.50 	曲水县聂当乡德吉村境内 	2053 年 	综合用地 	出让 
2 	高争 民爆 	国用（2014）第【152-1】号 	113,339.00 	曲水县南木乡江村境内 	2058 年 	工业用地 	出让 
3 	高争 民爆 	国用（2014）第【46】号 	30,279.46 	林芝县八一镇尼西村 	2064 年 10 月14 日 	仓储用地 	出让 
4 	高争 民爆 	国用（2014）第【923】号 	28,500.00 	日喀则市甲龙沟 	2062 年 9 月11 日 	工业用地 	出让 
5 	高争民爆 	国用（2015）第【205】号 	67,573.33 	鲁琼工业园区 	2063 年 12 月4 日 	工业用地 	出让 
6 	高争民爆 	国用（土登）第【811-2-2】 	32,848.00 	拉萨市夺底路50 号 	2083 年 4 月 	居民用地 	投资入股 
7 	高争民爆 	国用（土登）第【811-2-1】号 	8,685.00 	拉萨市夺底路50 号 	2083 年 4 月 	居民用地 	投资入股 
8 	高争民爆 	国用（2014）第【1322】号 	18,920.09 	109 国道东北侧那曲镇 28 村那么切自然村 	2062 年 12 月18 日 	仓储用地 	出让 
9 	高争民爆 	国用（2002）第【031】号 	942.01 	昌都地区昌都西路 	2028 年 12 月31 日 	商业用地 	投资入股 
10 	高争民爆 	国用（2013）第【22】号 	20,000.00 	昌都地区昌都县卡诺镇左巴村 	2060 年 10 月23 日 	仓储用地 	出让 
11 	高争民爆 	国用（2012）第【1456】号 	15,000.00 	噶尔县狮泉河镇加木村黑坪塘处 	2062 年 12 月 	工业用地 	出让 
12 	高争民爆 	国用（2014）第【05806】号 	3,988.87 	眉山市东坡区新村街新村 2组 	住宅用地终止日期 2079年 12 月 3 日；商业用地终止日期 2049年 12 月 3 日 	住宅用地、商业用地 	投资入股 
12 	高争民爆 	国用（2014）第【05806】号 	3,988.87 	眉山市东坡区新村街新村 2组 	住宅用地终止日期 2079年 12 月 3 日；商业用地终止日期 2049年 12 月 3 日 	住宅用地、商业用地 	投资入股 
13 	高争民爆 	国用（2014）第【0011】号 	208.70 	乃东路 	2056 年 7 月15 日 	综合用地 	出让 
14 	高争民爆 	国用（ 2016）第【0006】号 	16,668.00 	西藏藏药股份有限公司以北、林琼岗路以东 	2053 年 7 年 	商业用地 	出让 
15 	高争民爆 	国用（98）第【022】号 	5,282.40 	昌都北路 10 号 	2028 年 12 月31 日 	综合用地 	投资入股 
16 	高争民爆 	国用（2016）第【217-2】号 	20,699.90 	曲水县南木乡江村境内 	2062 年 	工业用地 	出让 
17 	高争爆破 	国用（2016）第【241】号 	10,220.10 	曲水县南木乡江村境内 	2062 年 	工业用地 	出让 
合计 	合计 	 	498,289.36 	 	 	 	 
							
序号 	商标名称 	注册编号 	商标权人 	有效期 	核定使用商品 		
1 	移山牌 	11272802 	高争民爆 	2013 年 12 月 28 日至2023 年 12 月 27 日 	第 13 类（炸药） 		
							
序号 	证书持有人 	许可经营资质名称 	证书编号 	发证机关 	有效期 		
1 	高争民爆 	民用爆炸物品生产许可证 	MB生许证字【120】 	中华人民共和国工业和信息化部 	2013年 11月 26日至2016年11月26日 		
2 	高争民爆 	民用爆炸物品销售许可证 	（藏）MB销许证字-【01】 	西藏自治区工业和信息化厅 	2016 年 5 月 13 日至2019年5月12日 		
3 	高争民爆 	道路运输经营许可证 	藏交运管许可拉字540100007481号 	拉萨市运管局 	2015年 12月 16日至2020年1月11日 		
4 	高争民爆 	拉萨市排放污染物许可证 	201612 	拉萨市环保局 	2016 年 6 月 23 日至2017年6月22日 		
5 	高争爆破 	爆破作业单位许可证 	5400001300001 	西藏自治区公安厅 	2015 年 5 月 11 日至2018年5月11日 		
6 	高争爆破 	安全生产许可证 	（藏）JZ安许证字【2013】000015 	西藏自治区住房和城乡建设厅 	2016 年 5 月 11 日至2019年5月11日 		
							
存储仓库名称 	核定数量 	单位 	存储仓库地址 				
工业炸药 	0.23 	吨 	西藏拉萨市703民爆仓库（曲水县聂当乡） 				
工业炸药 	164 	吨 	西藏昌都市卡诺区沙格村 				
工业炸药 	100 	吨 	西藏阿里地区葛尔县狮泉河镇加木乡 				
工业炸药 	190 	吨 	西藏林芝市巴宜区尼西沟 				
工业炸药 	219 	吨 	西藏山南地区乃东县泽当镇鲁琼沟 				
工业炸药 	200 	吨 	西藏日喀则市甲龙沟 				
工业炸药 	200 	吨 	西藏那曲地区那曲镇德吉乡 				
工业雷管 	11 	万发 	西藏拉萨市703民爆仓库（曲水县聂当乡） 				
工业雷管 	100 	万发 	西藏昌都市卡诺区沙格村 				
工业雷管 	50 	万发 	西藏林芝市巴宜区尼西沟 				
工业雷管 	100 	万发 	西藏山南地区乃东县泽当镇鲁琼沟 				
工业雷管 	50 	万发 	西藏日喀则市甲龙沟 				
工业雷管 	40 	万发 	西藏那曲地区那曲镇德吉乡 				
工业雷管 	10 	万发 	西藏阿里地区葛尔县狮泉河镇加木乡 				
工业索类火工品 	5 	万米 	西藏山南地区乃东县泽当镇鲁琼沟 				
							
