项目 	2018 年 1-3 月 	2018 年 1-3 月 	2017 年度 	2017 年度 	2016 年度 	2016 年度 	2015 年度 	2015 年度 					
项目 	收入 	占比 	收入 	占比 	收入 	占比 	收入 	占比 					
一、智能手机 	23,239,490 	67.53% 	80,563,594 	70.28% 	48,764,139 	71.26% 	53,715,410 	80.40% 					
二、IoT 及生活消费产品 	7,696,566 	22.37% 	23,447,823 	20.46% 	12,415,438 	18.14% 	8,690,563 	13.01% 					
三、互联网服务 	3,231,350 	9.39% 	9,896,389 	8.63% 	6,537,769 	9.55% 	3,239,454 	4.85% 					
四、其他 	244,956 	0.71% 	716,936 	0.63% 	716,815 	1.05% 	1,165,831 	1.74% 					
合计 	34,412,362 	100.00% 	114,624,742 	100.00% 	68,434,161 	100.00% 	66,811,258 	100.00% 					
													
相关业务 	法律法规名称 	颁布部门 	颁布部门 	主要内容 									
手机生产及销售 	《 强 制性 产 品 认证管理规定》 	国家质量监督检验检疫总局 	国家质量监督检验检疫总局 	明确指出国家规定的相关产品必须经过认证，并标注认证标志后，方可出厂、销售、进口或者在其他经营活动中使用。同时发布了需经强制性认证的产品目录。 									
手机生产及销售 	《 电 信设 备 进 网管理办法》 	信息产业部（现工信部） 	信息产业部（现工信部） 	为电信终端设备、电台通讯设备等连接公用电信网络制定了规则标准。电信设备必须获得工业和信息化部颁发的进网许可证；未获得进网许可证的，不得接入公用电信网使用和在国内销售。 									
手机生产及销售 	《产品质量法》 	全国人民代表大会 	全国人民代表大会 	针对产品质量的监督管理制定的法律规范，明确产品质量责任，保护消费者的合法权益。在国家法律层面提出了生产者需要对因产品质量问题对消费者造成损失予以赔偿。 									
手机生产及销售 	《 消 费者 权 益 保护法》 	全国人民代表大会常务委员会 	全国人民代表大会常务委员会 	维护我国公民消费权益的法律规范。以专章规定了消费者的权力并特别强调经营者的义务，并鼓励、动员全社会为保护消费者的合法利益共同承担责任，对损害消费者权益的不法行为进行监督。 									
增值电信业务 	《电信条例》 	国务院 	国务院 	搭建了电信服务行业的监管框架，明确了国家对于电信业务经营实行的许可制度，并将电信业务分为基础电信业务和增值电信业务。 									
增值电信业务 	《 互 联网 信 息 服务管理办法》 	国务院 	国务院 	完善了互联网信息服务监管体系，并将互联网信息服务划分为经营性及非经营性，其中经营性互联网信息服务提供商必须取得互联网信息服务增值电信业务经营许可证（即“ICP”）。 									
增值电信业务 	《 外 商投 资 电 信企业管理规定》 	国务院 	国务院 	要求外国投资者需通过与中资企业设立合资公司的形式开展增值电信业务，且在合资公司中的持股比例不得高于 50%。 									
增值电信业务 	《 信 息产 业 部 关于 加 强外 商 投 资经 营 增值 电 信 业务管理的通知》 	信息产业部（现工信部） 	信息产业部（现工信部） 	要求境内电信公司不得以任何形式向外国投资者变相租借、转让、倒卖电信业务经营许可，也不得以任何形式为外国投资者在我国境内非法经营电信业务提供资源、场地、设施等条件。 									
移动互联网应用 	《 移 动互 联 网 应用 程 序信 息 服 务管理规定》 	国家网信办 	国家网信办 	加强对移动互联网应用程序信息服务的规范管理，明确了网民在使用移动互联网信息服务中的合法权益。 									
网络游戏 	《 网 络游 戏 管 理暂行办法》 	文化部 	文化部 	首次系统地对网络游戏的娱乐内容、市场主体、经营活动、运营行为和法律责任做出明确规定。确立了从事网络游戏活动的基本原则，明确了适用范围及“网络游戏”、“网络游戏上网运营”、“网络游戏虚拟货币”等概念，同时对网络游戏内容管理、未成年人保护、经营行为、虚拟货币发行及管理等做出制度安排。 									
相关业务 	法律法规名称 	颁布部门 	颁布部门 	主要内容 									
《 关 于移 动 游 戏出 版 服务 管 理 的通知》 	国家新闻出版广电总局 	国家新闻出版广电总局 	进一步规范移动游戏出版服务管理秩序，提高移动游戏受理和审批工作效率。 										
《 关 于保 护 未 成年 人 身心 健 康 实施 网 络游 戏 防 沉迷系统的通知》 	新闻出版总署、中央文明办、教育部、团中央、信息产业部（现工信部）、公安部、全国妇联、中国关心下一代工作委员会 	新闻出版总署、中央文明办、教育部、团中央、信息产业部（现工信部）、公安部、全国妇联、中国关心下一代工作委员会 	为净化网络环境，推广文明上网，保护未成年人身心健康，解决未成年人沉迷网络游戏的社会问题，要求游戏运营商落实反沉迷系统及实名注册系统。 										
《 关 于加 强 网 络游 戏 虚拟 货 币 管理工作的通知》 	文化部、商务部 	文化部、商务部 	对于网络游戏虚拟货币业务实行严格的市场准入制度，凡涉及相关业务的企业，需在三个月内向企业所在地省级文化行政部门提出申请并获得许可。 										
《 网 络出 版 服 务管理规定》 	国家新闻出版广电总局、工信部 	国家新闻出版广电总局、工信部 	明确规定从事网络出版服务的企业，必须依法经过出版行政主管部门批准，并取得《网络出版服务许可证》。  										
《 新 闻出 版 总 署关 于 加强 音 像 制品、电子出版物和网 络 出版 物 审 读工作的通知》 	新闻出版总署 	新闻出版总署 	强调新闻出版总署将加强针对互联网出版品的监管，包括音像制品和电子出版物年度选题计划的审核、对已出版的音像制品和电子出版物的内容进行审读、日常抽查或例行审读等。 										
《网络安全法》 	全国人民代表大会常务委员会 	全国人民代表大会常务委员会 	制定了保证网络安全，维护网络空间主权和国家安全、社会公共利益的相关法律规定。 										
《 维 护互 联 网 安全的决定》 	全国人民代表大会常务委员会 	全国人民代表大会常务委员会 	规定了对于破坏互联网的运行安全的行为，构成犯罪的，将依照刑法有关规定追究刑事责任。 										
《 互 联网 安 全 保护技术措施规定》 	公安部 	公安部 	对于防范计算机病毒、网络入侵和攻击破坏等危害网络安全的事件制定了明确完善的应对机制，并要求相关各方应保存至少 60 天内的网络身份信息。 										
《 关 于加 强 网 络信息保护的决定》 	全国人民代表大会常务委员会 	全国人民代表大会常务委员会 	完善了信息安全及隐私安全的法律保护机制。 										
《 电 信和 互 联 网用 户 个人 信 息 保护规定》 	工信部 	工信部 	对于电信业与互联网信息行业的用户个人隐私数据的采集及使用予以规范，同时指出个人隐私数据范围包括姓名、生日、身份证号、住址、电话号码等。 										
《著作权法》 	全国人民代表大会常务委员会 	全国人民代表大会常务委员会 	对我国公民及合法组织的著作权予以法律保护，范围涵盖文学、艺术作品、科学专利、计算机软件等。 										
《商标法》 	全 国 人 民 代表 大 会 常 务委员会 	全 国 人 民 代表 大 会 常 务委员会 	在法律层面对商标的申请、注册、使用及专用权保护予以规范，明确了我国注册商标有效期为十年，如到期后需要继续使用，商标持有人应最晚在到期后六个月内办理续展手续。 										
《专利法》 	全国人民代	全国人民代	保护专利权人的合法权益，完善了以国务院专利行										
相关业务 	法律法规名称 	颁布部门 	颁布部门 	主要内容 									
表大会 	表大会 	政部门为核心的监管体系。 											
中国互联网络信息中心 	中国互联网络信息中心 	规范互联网域名的注册、使用及管理的法规制度。 											
国务院 	国务院 	进一步强调保护著作权人、表演者、录音录像制作者等权利人的信息网络传播权。 											
国家版权局、信息产业部（现工信部） 	国家版权局、信息产业部（现工信部） 	为加强互联网信息服务活动中信息网络传播权的行政保护，规范行政执法行为，进一步完善对互联网著作权的保护机制。 											
全国人民代表大会常务委员会 	全国人民代表大会常务委员会 	为维护国家主权和权益，加强海关监督管理，建立的进出口相关事务的基础法律准则。 											
国家外汇管理局 	国家外汇管理局 	制定了我国外汇管理制度，明确国际收支统计申报制度，指出国务院外汇管理部门应当对国际收支进行统计、监测，定期公布国际收支状况。 											
发改委、商务部 	发改委、商务部 	细化了外商投资行业的限制，并分别将增值电信业务及互联网文化服务列入“限制外商投资产业目录”及“禁止外商投资产业目录” 											
全国人民代表大会常务委员会 	全国人民代表大会常务委员会 	允许外国的企业和其他经济组织或者个人在中国境内举办外资企业，并保障外资企业的合法权益。 											
对外经济贸易部 	对外经济贸易部 	规定了外资企业在我国境内的设立程序、注册资本、出资形式的内容，是规范外资企业在我国境内活动的重要法规。 											
													
互联网出版 													
信息安全 													
个人隐私保护 													
知识产权保护 													
													
《 中 国互 联 网 络信 息 中心 域 名 注册实施细则》 													
《 信 息网 络 传 播权保护条例》 													
《 互 联网 著 作 权行政保护办法》 													
《海关法》 													
《外汇管理条例》 													
《 外 商投 资 产 业指导目录》 													
《外资企业法》 													
《 外 资企 业 法 实施细则》 													
													
进出口及外汇 													
外商投资 													
													
法规名称 	颁布部门 	颁布部门 	主要内容 										
香 港法 例第 106章电讯条例 	香港律政司 	香港律政司 	在经营过程或业务运作中：（1）买卖作无线电通讯之用的器具或材料或该等器具的任何组件；或（2）买卖产生并发射无线电波的任何种类器具，不论该等器具是否预定作或能否作无线电通讯之用，须获得无线电商牌照（放宽限制）。除非获通讯事务管理局另行批准，否则将无线电通讯发送器具进口至中国香港或由中国香港出口须获得无线电商牌照（放宽限制）。根据香港法例第 106Z章电讯（电讯器具）（豁免领牌）令，进出口符合若干规格的电通讯器具毋须获得无线电商牌照（放宽限制）。 										
香港法例第 26 章货品售卖条例 	香港律政司 	香港律政司 	货品售卖条例规定卖方对买方承担的责任，包括：（1）倘卖方在业务过程中出售货品，而买方以明示或默示方式令卖方知悉其乃为某特定用途而购买该货品，该货品须在合理程度上符合该用途；（2）货品须与任何已提供的描述相符；及（3）货品须符合常人合理满意的标准。 										
香 港法 例第 456章消费安全条例 	香港律政司 	香港律政司 	消费品安全条例规定制造商有责任确保提供的消费品符合合理的安全程度。根据消费品安全条例，所有以供于中国香港使用而制造的产品须符合一般安全规定。除非成功进行免责辩护，否则违反消费品安全条例属刑事罪行。 										
香 港法 例第 362	香港律政司 	香港律政司 	商品说明条例规管于贸易过程中提供的手机及消费电子产品的商										
法规名称 	颁布部门 	颁布部门 	主要内容 										
章商品说明条例 	品说明及陈述。根据商品说明条例，任何人士在经营或业务过程中均不得就任何商品作出虚假商品说明或使用虚假商标。此外，任何人士不得销售或进出口带有虚假陈述或商标的商品。商户与消费者进行交易时，不得作出：（1）误导性遗漏；（2）威吓性的营业行为；（3）饵诱式广告宣传；（4）先诱后转销售行为；或（5）不当地接受付款。 												
香港法例第 112章税务条例 	香港律政司 	香港律政司 	凡身为中国香港居民的人士与“有密切联系”非居住于中国香港的人士进行交易，而其交易方式致使于中国香港产生的利润少于预期产生的正常利润，则该名非居住于中国香港的人士依据其与该名身为中国香港居民的人士的联系而经营的业务，须视作于中国香港进行，而该名非居住于中国香港的人士从该业务所获得的利润，则须以该名身为中国香港居民的人士的名义评税并缴纳税项。 										
													
相关领域 	法律法规名称 	颁布部门 	主要内容 										
与行业有关的法律 	2012 年电子及资讯科技产品（强制注 册 要求 ） 法 令（“ 强 制 注 册 法令”） 	印度通讯与信息技术部 	根据强制注册法令，任何人不得为销售、进口、出售或分销而制造或存储：（1）不符合强制注册法令规定之印度标准（“印度标准”）的商品（定义见强制注册法令）；及（2）于获得印度政府消费事务、食品与公共分配局印度标准局（“印度标准局”）发出的唯一注册号码后，未获得印度标准局不时发出的“认证标志”的商品。制造商合资格申请并自印度标准局发出唯一注册号码。强制注册法令亦规定，制造商须销毁不符合相关印度标准的次品或有缺陷的商品。为确保符合强制注册法令，有关当局有权查询数据及检查样本、检查书籍或任何其他文件或货物，并进入任何处所搜查，扣押违反强制注册法令的货物。 										
外商投资法规 	综 合 外国 直 接 投资政策（2017 年 8月 28 日生效）、1999 年外汇管理法 以 及印 度 储 备银 行 据此 颁 布 的规则、法规等 	印度商业和工业部、印度储备银行 	从事批发贸易的公司可通过备案制（无须政府事先批准）由外商独资经营，但是须遵守若干特定的指引及申报规定。此外，从事商业电子商务及单一品牌产品零售的公司亦可由外商独资经营，但是须符合若干条件。其他服务供货商亦可通过备案制由外商独资经营。 										
进出口条例 	1992 年对外贸易（发展与管理）法 	印度商业和工业部 	该法规对对外贸易的发展及管理进行规管。除非已获得印度商业和工业部对外贸易联合总监办公室授出的进出口号码外，任何人士不得进行任何进出口贸易。根据对外贸易法，违反与中央货物税、关税、外汇有关的任何法律或触犯根据印度政府颁布的任何其他法律所涉任何其他经济罪行，则会被暂停或取消进出口号码。印度政府在进行调查后确信正进口到印度的货物数量有增加，而该等情况会或可能会严重损害国内行业，则会对进口货物实行数量限制。 										
相关领域 	法律法规名称 	颁布部门 	主要内容 										
知识产权法 	1999 年商标法（经修订） 	印度商业和工业部 	商标法规管对商标的法定保护，并禁止在印度使用虚假商标。有效的商标注册赋予商标注册所有权人专有权利可就商标所注册的商品或服务使用商标，并在有关商标遭侵权的情况下提出解决办法。除非有关商标已注销，否则商标注册自授出当日起计为期十年。 										
知识产权法 	1957 年版权法（经修订） 	印度商业和工业部 	版权法规管印度的版权保护，并对（其中包括）版权的注册、指让及许可进行规管。根据版权法，除若干例外情况外，原创文学、戏剧、音乐或艺术作品、电影及录音均有版权。根据版权法，尽管并非必须注册版权方可获取或使用版权，但是有关注册可推定注册拥有人拥有相关版权。版权保护自作者去世或发表作品（视情况而定）当年的下一年度起计为期 60 年。 										
知识产权法 	1970 年专利法（经修订） 	印度商业和工业部 	专利法规管印度的专利制度。根据专利法，涉及发明并可应用于工业方面的产品及工艺均合资格获得专利。在印度获得的专利由获得专利申请当日起计为期 20 年。 										
环境法律 	1986 年环境保护法（经修订） 	印度环境与森林部 	环境保护法的实施旨在保护及改善环境。根据环保法，中央政府已获授权采取任何措施以保护及改善环境质素以及预防环境污染，包括制订规管有关事宜的规定。 										
环境法律 	2016 年电子废弃物（管理）规则（经修订） 	印度环境与森林部 	电子废弃物规则规管电子废弃物及电子废弃物规则所涵盖的电器及电子设备（包括有关组件、消耗品、零件及备件）的制造、销售、转让、采购、收集、储存及处理过程中涉及的所有制造商、生产商、消费者、大宗消费者、收集中心、经销商、电子零售商、翻新商、拆卸商及回收商。根据电子废弃物规则，若干电器及电子设备的任何生产商须申请延长生产者责任授权，有关申请须列明其电子废弃物渠道化的计划，以确保对有关废弃物进行无害环境管理。 										
竞争法 	2002 年竞争法（经修订） 	印度议会 	规管可能对印度的竞争有重大不利影响的行为。根据竞争法，如果就生产、供应、分销、储存、购买或控制货物或提供服务而正式或非正式订立任何安排、协议或一致行动协议，对或可能对印度的竞争有重大不利影响，则有关安排、协议或一致行动协议将会失效。如果竞争对手之间直接或间接订立协议以操控购买或销售价格、限制或控制生产、供应、市场、技术研发、投资或提供服务、按地区、货物或服务种类或市场客户数量瓜分市场分额或操纵投标，则会视为对印度的竞争有重大不利影响，且有关协议将会失效。如果不同市场内不同生产阶段的人员订立任何协议（包括搭售安排，独家供应及分销协议以及导致拒绝维护交易或转售价格的协议），而该等协议对印度竞争有重大不利影响，则有关协议将会失效。 竞争法亦禁止企业滥用其主导地位。任何人士违反竞 争 法 规 定 可 遭印 度 竞争 委 员 会 （ Competition 										
相关领域 	法律法规名称 	颁布部门 	主要内容 										
Commission  of  India）终止其违反竞争的协议或滥用其主导地位的行为（视情况而定），并可能受到处罚。此外，印度竞争委员会已获授境外管辖权力，可对印度境外发生但对印度竞争有重大不利影响的任何协议或滥用行为进行调查。 													
消费者保护法设立机制，使消费者在商品缺陷、服务缺陷、不公平或限制贸易行为及定价过高的情况下投诉贸易商或服务供货商。“缺陷”一词定义广泛，涵盖质量、数量、功效、纯度或标准等方面的任何缺点、缺陷及不足。根据消费者保护法，实施国家、州份及地区的三级消费者申诉补偿机制。如果货物被发现有缺陷，商家须除去有问题货物中的缺陷、以完好无缺的新货物替换货物及向投诉人退回已支付的金额，并须就消费者因该等商家的疏忽而遭受的任何损失或伤害支付赔偿，包括惩罚性罚金。 													
民事诉讼法典规定在法定的基础上承认并执行外国判决。根据民事诉讼法典，除非：（1）有司法管辖权的法院未有作出判决；（2）判决并非根据案情作出；（3）根据表面程序，判决乃基于对国际法律的错误观点作出或在印度法律适用的情况下拒绝承认有关法律；（4）作出判决的程序与自然公义相抵触；（5）判决乃通过欺诈而作出；或（6）判决所基于的观点违反任何印度现行法律，否则对于任何直接裁决的事项，外国判决为最终判决。 根据民事诉讼法典，除非与记载者相反，否则印度法院在收到声称为外国判决的已核证文本后须假定有关判决由有司法管辖权的法院作出。然而，根据民事诉讼法典，有关假定可能会因证明法院并无司法管辖权而被取代。 													
													
消费者保障 	1986 年消费者保护法（经修订） 	印度议会 											
执行民事责任 	1908 年民事诉讼法典（经修订） 	印度议会 											
													
地区 	2015 	2016 	2017 	2018E 	2019E 	2020E 	2021E 	2022E 					
中国境内 	58.9% 	61.7% 	64.5% 	66.5% 	68.2% 	69.0% 	69.7% 	70.9% 					
新兴市场 	26.1% 	32.5% 	37.7% 	41.7% 	44.8% 	47.6% 	50.0% 	52.2% 					
其他国家及地区 	76.0% 	80.1% 	83.1% 	85.4% 	87.3% 	89.0% 	90.3% 	91.4% 					
合计 	39.0% 	44.3% 	48.7% 	52.1% 	54.7% 	56.9% 	58.8% 	60.6% 					
													
地区 	2015 	2016 	2017 	2018E 	2019E 	2020E 	2021E 	2022E 					
中国境内 	4.30 	4.67 	4.44 	4.13 	4.16 	4.29 	4.32 	4.34 					
新兴市场 	6.21 	6.22 	6.44 	6.72 	7.16 	7.57 	7.98 	8.33 					
其他国家及地区 	3.87 	3.80 	3.78 	3.78 	3.79 	3.82 	3.85 	3.88 					
合计 	14.38 	14.69 	14.65 	14.63 	15.10 	15.69 	16.15 	16.54 					
													
主要智能手机组件 	2015 年 	2016 年 	2017 年 										
锂离子电池（美元/千瓦时） 	357.0 	293.2 	251.8 										
移动 DRAM 存储器（美元/GB） 	6.0 	3.5 	6.7 										
移动 NAND 存储器（美元/GB） 	0.6 	0.4 	0.5 										
移动系统芯片（美元/件） 	34.6 	35.2 	36.5 										
1080 像素显示器（美元/件） 	16.0 	13.5 	12.0 										
相机模组（美元/件） 	4.1 	4.4 	5.1 										
													
智能手机价格区间 	2015 年 	2016 年 	2017 年 										
全球市场 	全球市场 	全球市场 	全球市场 										
200 美元以下 	53.6% 	52.5% 	48.1% 										
200 美元至 300 美元 	12.0% 	14.2% 	16.1% 										
300 美元至 500 美元 	11.1% 	13.7% 	15.2% 										
500 美元以上 	23.3% 	19.5% 	20.6% 										
中国境内市场 	中国境内市场 	中国境内市场 	中国境内市场 										
200 美元以下 	56.8% 	48.1% 	39.9% 										
智能手机价格区间 	2015 年 	2016 年 	2017 年 										
200 美元至 300 美元 	13.7% 	18.3% 	18.5% 										
300 美元至 500 美元 	14.3% 	22.9% 	28.9% 										
500 美元以上 	15.3% 	10.8% 	12.6% 										
新兴市场 	新兴市场 	新兴市场 	新兴市场 										
200 美元以下 	67.9% 	68.9% 	64.8% 										
200 美元至 300 美元 	13.0% 	14.4% 	17.9% 										
300 美元至 500 美元 	7.6% 	7.4% 	7.9% 										
500 美元以上 	11.5% 	9.3% 	9.4% 										
													
品牌名称 	全球市场 	中国境内 	印度市场 	新兴市场 									
小米 	4 (7.2%) 	4 (13.9%) 	1 (26.8%) 	3 (7.3%) 									
苹果 	1 (19.7%) 	5 (12.9%) 	9 (2.8%) 	2 (8.5%) 									
华为 	3 (10.7%) 	1 (21.3%) 	15 (0.8%) 	4 (7.0%) 									
联想 	8 (3.1%) 	26 (0.1%) 	4 (5.6%) 	5 (5.5%) 									
OPPO 	5 (6.9%) 	2 (17.5%) 	5 (4.9%) 	7 (4.4%) 									
三星 	2 (18.9%) 	9 (1.0%) 	2 (24.2%) 	1 (29.9%) 									
Vivo 	6 (6.0%) 	3 (16.5%) 	3 (6.5%) 	9 (2.8%) 									
													
品牌名称 	全球市场 	中国境内 	印度市场 	新兴市场 									
小米 	4 (8.4%) 	4 (15.1%) 	1 (30.3%) 	2 (9.0%) 									
苹果 	2 (15.7%) 	5 (11.3%) 	11 (1.5%) 	4 (6.7%) 									
品牌名称 	全球市场 	中国境内 	印度市场 	新兴市场 									
华为 	3 (11.8%) 	1 (24.2%) 	8 (2.3%) 	3 (8.4%) 									
联想 	8 (2.7%) 	26 (0.1%) 	6 (3.4%) 	7 (4.5%) 									
OPPO 	5 (7.4%) 	2 (18.9%) 	3 (7.4%) 	6 (5.1%) 									
三星 	1 (23.5%) 	6 (1.3%) 	2 (25.1%) 	1 (32.3%) 									
Vivo 	6 (5.6%) 	3 (16.3%) 	4 (6.7%) 	9 (2.9%) 									
													
中国境内 	中国境内 	印度 	印度 										
排名 	智能手机品牌 	排名 	智能手机品牌 										
1 	小米（27.1%） 	1 	小米（59.6%） 										
2 	荣耀（21.7%） 	2 	三星（8.6%） 										
3 	苹果（9.8%） 	3 	摩托罗拉（6.8%） 										
4 	华为（9.1%） 	4 	荣耀（6.5%） 										
5 	OPPO（9.1%） 	5 	苹果（2.1%） 										
													
消费物联网企业 	小米 	亚马逊 	苹果 	谷歌 	三星 								
以联网设备数量口径统计的市场份额 	1.9% 	1.2% 	1.0% 	0.9% 	0.8% 								
													
 	智能电视 	智能音箱 	路由器 	平衡车 	可穿戴设备 	空气净化器 	智能电饭煲 	扫地机器人 	智能摄像头 	智能净水器 	总售价 	总售价 	
小米产品 	 	 	 	 	 	 	 	 	 	 	- 	- 	
型号名称 	小米电视 	小爱音箱 	小米路由器 	九号平衡车 	小米手环 	小米空气净化器 	米家 IH 电饭煲 	米家扫地机器人 	米家智能摄像头 	小米净水器 	- 	- 	
型号名称 	小米电视 	小爱音箱 	小米路由器 	九号平衡车 	小米手环 	小米空气净化器 	米家 IH 电饭煲 	米家扫地机器人 	米家智能摄像头 	小米净水器 	- 	- 	
售价（美元） 	138-1,492 	26-46 	15-107 	308 	23 	108-231 	62-154 	260 	15-62 	230-307 	1,185-2,990 	1,185-2,990 	
操作系统 	可通过米家 APP 实现统一控制  	可通过米家 APP 实现统一控制  	可通过米家 APP 实现统一控制  	可通过米家 APP 实现统一控制  	可通过米家 APP 实现统一控制  	可通过米家 APP 实现统一控制  	可通过米家 APP 实现统一控制  	可通过米家 APP 实现统一控制  	可通过米家 APP 实现统一控制  	可通过米家 APP 实现统一控制  	可通过米家 APP 实现统一控制  	- 	- 
 	 	 	 	 	 	 	 	 	 	 	 	 	
 	 	 	 	 	 	 	 	 	 	 	 	 	
可比产品 	 	 	 	 	 	 	 	 	 	 	- 	- 	
型号名称 	三星 UA 系列电视 	Sonos One 音箱 	TP-Link DR 系列路由器 	乐行 V  系列平衡车 	Apple Watch智能手表 	霍尼韦尔 KJ空气净化器 	松下 SR 系列净化器 	Roomba 扫地机器人 	亚马逊 Cloud 摄像头 	飞利浦WP4170 净水器 	- 	- 	
型号名称 	三星 UA 系列电视 	Sonos One 音箱 	TP-Link DR 系列路由器 	乐行 V  系列平衡车 	Apple Watch智能手表 	霍尼韦尔 KJ空气净化器 	松下 SR 系列净化器 	Roomba 扫地机器人 	亚马逊 Cloud 摄像头 	飞利浦WP4170 净水器 	- 	- 	
售价（美元） 	446-3,333 	279 	13-230 	508 	249 	325-833 	156-586 	741-1,304 	22-81 	461 	3,200-7,864 	3,200-7,864 	
售价（美元） 	446-3,333 	279 	13-230 	508 	249 	325-833 	156-586 	741-1,304 	22-81 	461 	3,200-7,864 	3,200-7,864 	
操作系统 	三星 Smarthings 	亚马逊 Alexa 	TP-Link Mobile APP 	INMOTION Mobile APP 	Watch OS 4 	JD Smart 	松下  Smart 	iRobot 	Ezviz Cloud 	Ali Smart Cloud   	- 	- 	
													
公司 	领先的全球社交媒体平台 	中国领先的电子商务平台 	中国领先的互联网公司 	中国领先的互联网公司 	领先的全球社交网络平台 								
平均获客成本 	54.1 	34.9 	18.1 	17.5 	17.5 								
													
公司 	领先的全球电子商务平台 	领先的全球搜索平台 	中国领先的互联网公司 	领先的全球社交网络平台 	中国领先的搜索平台 								
平均收入 	348.7 	54.8 	34.5 	20.2 	13.0 								
													
 	2015 	2016 	2017 	2018E 	2019E 	2020E 	2021E 	2022E 					
中国境内市场 	中国境内市场 	中国境内市场 	中国境内市场 	中国境内市场 	中国境内市场 	中国境内市场 	中国境内市场 	中国境内市场 					
城市 	64.5% 	67.6% 	70.0% 	72.5% 	74.8% 	77.2% 	79.5% 	81.9% 					
乡镇 	32.0% 	33.5% 	35.6% 	37.7% 	39.7% 	41.8% 	43.9% 	45.8% 					
印度市场 	印度市场 	印度市场 	印度市场 	印度市场 	印度市场 	印度市场 	印度市场 	印度市场 					
城市 	60.2% 	59.1% 	64.1% 	67.1% 	70.8% 	73.7% 	77.3% 	80.7% 					
乡镇 	15.3% 	17.7% 	20.4% 	23.2% 	25.9% 	28.7% 	31.4% 	34.2% 					
													
厂商/ 品牌 	2018 年第一季度出货量（百万台） 	2018 年第一季度市场份额 	2017 年第四季度市场份额 	2017 年第一季度市场份额 	2018 年第一季度出货量同比增幅 								
三星 	78.2 	23.5% 	18.9% 	23.3% 	-2.4% 								
苹果 	52.2 	15.7% 	19.7% 	14.7% 	2.8% 								
华为 	39.3 	11.8% 	10.7% 	10.0% 	13.8% 								
小米 	28.0 	8.4% 	7.2% 	4.3% 	87.8% 								
OPPO 	23.9 	7.4% 	6.9% 	7.5% 	-7.5% 								
其他 	112.7 	33.2% 	36.6% 	40.2% 	-18.5% 								
总计 	334.3 	100.0% 	100.0% 	100.0% 	-2.9% 								
													
厂商/ 品牌 	2018 年第一季度出货量（百万台） 	2018 年第一季度市场份额 	2017 年第四季度市场份额 	2017 年第一季度市场份额 	2018 年第一季度出货量同比增幅 								
华为 	21.2 	24.2% 	21.3% 	20.0% 	1.9% 								
OPPO 	16.5 	18.9% 	17.5% 	18.2% 	-12.6% 								
Vivo 	14.2 	16.3% 	16.5% 	14.2% 	-4.0% 								
小米 	13.2 	15.1% 	13.9% 	9.0% 	41.8% 								
苹果 	9.8 	11.3% 	12.9% 	9.2% 	2.5% 								
其他 	12.6 	14.2% 	18.0% 	29.4% 	-59.3% 								
厂商/ 品牌 	2018 年第一季度出货量（百万台） 	2018 年第一季度市场份额 	2017 年第四季度市场份额 	2017 年第一季度市场份额 	2018 年第一季度出货量同比增幅 								
总计 	87.5 	100.0% 	100.0% 	100.0% 	-16.0% 								
													
智能手机厂商/品牌 	市场占有率 												
小米 	30.3% 												
三星 	25.1% 												
OPPO 	7.4% 												
Vivo 	6.7% 												
Transsion 	4.6% 												
其他 	25.9% 												
													
消费物联网企业 	小米 	亚马逊 	苹果 	谷歌 	三星 								
以连网设备数量口径统计的市场份额 	1.9% 	1.2% 	1.0% 	0.9% 	0.8% 								
													
价格区间 	2018 年 1-3 月 	2018 年 1-3 月 	2017 年度 	2017 年度 	2016 年度 	2016 年度 	2015 年度 	2015 年度 					
价格区间 	收入 （千元） 	销售数量 （千部） 	收入 （千元） 	销售数量 （千部） 	收入 （千元） 	销售数量 （千部） 	收入 （千元） 	销售数量 （千部） 					
高端旗舰机 	1,315,245 	496 	4,002,451 	1,386 	249,415 	81 	- 	- 					
旗舰机 	2,840,235 	1,576 	12,244,855 	6,013 	10,744,607 	6,915 	19,676,989 	12,497 					
中高端机 	4,800,870 	4,281 	12,384,232 	10,222 	7,247,131 	6,399 	3,671,985 	3,249 					
中端机 	8,861,220 	10,991 	35,884,356 	43,299 	22,390,316 	26,781 	16,823,250 	24,023 					
入门机 	5,421,920 	11,069 	16,047,700 	30,490 	8,132,671 	15,243 	13,543,186 	26,777 					
总计 	23,239,490 	28,413 	80,563,594 	91,410 	48,764,139 	55,419 	53,715,410 	66,546 					
													
分销渠道 	2018 年 1-3 月 	2018 年 1-3 月 	2017 年度 	2017 年度 	2016 年度 	2016 年度 	2015 年度 	2015 年度 					
分销渠道 	收入 	占比 	收入 	占比 	收入 	占比 	收入 	占比 					
线上直销 	8,126,490 	26.27% 	29,231,710 	28.10% 	25,865,166 	42.28% 	43,019,390 	68.93% 					
线下直销 	2,516,412 	8.13% 	5,413,525 	5.20% 	1,660,126 	2.71% 	361,429 	0.58% 					
直销合计 	10,642,902 	34.40% 	34,645,235 	33.31% 	27,525,292 	44.99% 	43,380,819 	69.51% 					
线上分销 	9,588,489 	30.99% 	38,422,430 	36.94% 	20,113,009 	32.88% 	10,997,964 	17.62% 					
分销渠道 	2018 年 1-3 月 	2018 年 1-3 月 	2017 年度 	2017 年度 	2016 年度 	2016 年度 	2015 年度 	2015 年度 					
分销渠道 	收入 	占比 	收入 	占比 	收入 	占比 	收入 	占比 					
线下分销 	10,704,665 	34.60% 	30,943,752 	29.75% 	13,541,276 	22.13% 	8,027,190 	12.86% 					
分销合计 	20,293,154 	65.60% 	69,366,182 	66.69% 	33,654,285 	55.01% 	19,025,154 	30.49% 					
合计 	30,936,056 	100.00% 	104,011,417 	100.00% 	61,179,577 	100.00% 	62,405,973 	100.00% 					
													
年度消费金	2015年 	2016年 	2017年 										
													
额（元） 	用户数（个） 	百分比 	用户数（个） 	百分比 	用户数（个） 	百分比 							
1000以下 	15,770,265 	59.86% 	13,340,478 	60.00% 	14,033,700 	62.47% 							
1000-3000 	7,805,202 	29.63% 	6,962,986 	31.31% 	5,908,936 	26.30% 							
3000以上 	2,769,475 	10.51% 	1,931,930 	8.69% 	2,520,725 	11.22% 							
合计 	26,344,942 	100.00% 	22,235,394 	100.00% 	22,463,361 	100.00% 							
													
年度消费金额（元） 	购买次数（单） 	购买次数（单） 	购买次数（单） 	次均消费额（元） 	次均消费额（元） 	次均消费额（元） 							
年度消费金额（元） 	2015年 	2016年 	2017年 	2015年 	2016年 	2017年 							
1000以下 	18,798,146 	16,567,581 	18,645,396 	392.19   	319.59   	255.42   							
1000-3000 	14,843,610 	12,861,795 	12,157,977 	956.46   	936.57   	910.71   							
3000以上 	15,203,555 	11,091,990 	12,826,065 	1219.35   	1099.70   	1220.77   							
合计 	48,845,311 	40,521,366 	43,629,438 	821.13   	728.96   	721.82   							
													
年度购买 次数 	2015年 	2015年 	2016年 	2016年 	2017年 	2017年 							
年度购买 次数 	用户数（万） 	百分比 	用户数（万） 	百分比 	用户数（万） 	百分比 							
1次 	1,765.60   	67.02% 	1,530.91   	68.85% 	1,527.25   	67.99% 							
2-3次 	642.63   	24.39% 	510.08   	22.94% 	526.08   	23.42% 							
4次及以上 	226.26   	8.59% 	182.55   	8.21% 	193.01   	8.59% 							
合计 	2,634.49   	100.00% 	2,223.54   	100.00% 	2,246.34   	100.00% 							
													
项目 	2018 年 1-3 月 	2017 年 	2016 年 	2015 年 									
期初数量 	109 	90 	58 	36 									
当年新增线上分销商数量 	15 	40 	37 	23 									
当年终止的线上分销商数量 	25 	21 	5 	1 									
线上分销商净增加（减少） 	-10 	19 	32 	22 									
期末数量 	99 	109 	90 	58 									
													
项目 	2018 年 1-3 月 	2017 年 	2016 年 	2015 年 									
期初数量 	1,103 	299 	93 	24 									
当年新增线下分销商数量 	680 	920 	231 	70 									
当年终止的线下分销商数量 	190 	116 	25 	1 									
线下分销商净增加 	490 	804 	206 	69 									
期末数量 	1,593 	1,103 	299 	93 									
													
性能名称 	性能描述 												
系统优化 	MIUI 在多个层面对手机操作性能进行优化，以增强系统的稳定性和流畅度，降低电池消耗速度。例如，发布加速器，动态资源分配，后台升级，自动清理缓存等。因此，MIUI 反映迅速且流畅。 												
卓越的界面和用户体验 	MIUI 具有许多功能，可实现卓越的功能和体验。例如，MIUI 的系统图标附带动画效果；用户可以在同一界面同时运行两个应用程序，并为各应用程序调整屏幕空间；MIUI 的主界面高度定制，只需简单的手势即可重新排列图标、添加小工具或卸载应用程序；MIUI 通知栏按应用程序分类通知以免混乱，简洁而全面地展示信息。 												
传送门 	MIUI 借助人工智能实力提供该功能，用户仅需长按任意文字区域而不必离开当前使用的应用程序，即可获得影评、百科及地图等多种场景的海量信息。 												
通知过滤 	通知过滤可自动识别并拦截所有类型的垃圾电话及短信。 												
一键换机 	用户换用小米新机时，一键换机功能会快速配对两台设备，帮助用户将旧机上的全部数据安全转移至新机。 												
应用双开 	对于微信、Facebook 等应用程序，用户可创建并登陆两个账号，这是 iOS及安卓都尚未支持的重要功能。 												
手机分身 	用户可使用不同的密码或指纹进入不同空间，各空间有各自的墙纸、应用程序、文件及照片，工作休闲互不干扰。 												
小米快传 	无须联网即可透过小米快传使用蓝牙在设备间便捷传输文件。 												
黄页 	黄页通过识别特定的业务电话并根据其他用户的标签对其进行分类，为用户提供来电信息。它还向用户提供有关此类商业电话号码的更多信息，例如官方网站的地址和链接以及此类业务的官方微博账户。 												
国际漫游虚拟 SIM 卡 	用户通过 MIUI便捷购买虚拟 SIM 卡后即可在国际旅行时享受便利的数据网络服务。 												
万能遥控器 	小米万能遥控器可让客户使用手机控制电视、空调及众多其他家电。 												
													
业务类型 	经营主体 	成立时间 	经营范围 										
供应链融资业务 	重庆小米保理 	2017-08-11 	主要从事商业保理业务 										
互联网小额贷款业务 	重庆小米小贷 	2015-06-12 	主要从事互联网小额贷款业务 										
支付业务 	捷付睿通 	2011-01-11 	主要从事全国范围内互联网支付、移动电话支付、银行卡收单等 										
理财产品代销业务 	上海小米金服 	2015-07-16 	主要从事为金融产品信息展示，用户										
业务类型 	经营主体 	成立时间 	经营范围 										
风险测评，流量导入等金融信息服务 													
主要从事保险产品代销业务 													
主要从事商业保理业务 													
从事技术服务 													
													
保险经纪业务 	小米保险经纪注 	2005-04-29 											
供应链金融业务 	天津小米保理 	2018-03-21 											
技术服务 	北京小米支付 	2013-12-26 											
													
公司 	项目 	项目 	2018 年 3 月 31 日/2018 年 1-3 月 	2018 年 3 月 31 日/2018 年 1-3 月 	2017 年 12 月 31 日/2017 年度 	2017 年 12 月 31 日/2017 年度 	2016 年 12 月 31 日/2016 年度 	2016 年 12 月 31 日/2016 年度 	2015 年 12 月 31 日/2015 年度 	2015 年 12 月 31 日/2015 年度 			
公司 	项目 	项目 	金额 	占比 	金额 	占比 	金额 	占比 	金额 	占比 			
重庆小米小贷 	总资产 	总资产 	9,261,119 	10.06% 	8,005,556 	8.91% 	1,223,006 	2.41% 	320,413 	0.82% 			
重庆小米小贷 	净资产 	净资产 	2,892,512 	-2.26% 	1,029,740 	-0.81% 	673,530 	-0.73% 	319,049 	-0.37% 			
重庆小米小贷 	营业收入 	营业收入 	252,684 	0.73% 	616,600 	0.54% 	87,177 	0.13% 	2,995 	0.00% 			
重庆小米小贷 	净利润 	净利润 	-23,067 	0.33% 	13,125 	-0.03% 	22,921 	4.66% 	13,369 	-0.18% 			
上海小米金服 	总资产 	总资产 	26,680 	0.03% 	36,716 	0.04% 	17,735 	0.03% 	2,305 	0.01% 			
上海小米金服 	净资产 	净资产 	2,947 	0.00% 	-661 	0.00% 	10,030 	-0.01% 	-2,395 	0.00% 			
上海小米金服 	营业收入 	营业收入 	19,969 	0.06% 	44,973 	0.04% 	9,153 	0.01% 	- 	- 			
上海小米金服 	净利润 	净利润 	1,624 	-0.02% 	-20,725 	0.05% 	-20,168 	-4.10% 	-2,409 	0.03% 			
小米保险经纪注 	总资产 	总资产 	72,333 	0.08% 	49,346 	0.05% 	62,800 	0.12% 	- 	- 			
小米保险经纪注 	净资产 	净资产 	2,150 	0.00% 	1,204 	0.00% 	49,305 	-0.05% 	- 	- 			
小米保险经纪注 	营业收入 	营业收入 	3,860 	0.01% 	13,774 	0.01% 	3,460 	0.01% 	- 	- 			
小米保险经纪注 	净利润 	净利润 	946 	-0.01% 	-48,101 	0.11% 	3,094 	0.63% 	- 	- 			
捷付睿通 	总资产 	总资产 	1,064,017 	1.16% 	1,208,083 	1.34% 	91,757 	0.18% 	- 	- 			
捷付睿通 	净资产 	净资产 	103,720 	-0.08% 	95,102 	-0.07% 	91,522 	-0.10% 	- 	- 			
捷付睿通 	营业收入 	营业收入 	28,794 	0.08% 	76,407 	0.07% 	332 	0.00% 	- 	- 			
捷付睿通 	净利润 	净利润 	6,559 	-0.09% 	1,957 	0.00% 	-3,138 	-0.64% 	- 	- 			
重庆小米保	总资产 	总资产 	304,801 	0.33% 	791,966 	0.88% 	- 	- 	- 	- 			
公司 	项目 	项目 	2018 年 3 月 31 日/2018 年 1-3 月 	2018 年 3 月 31 日/2018 年 1-3 月 	2017 年 12 月 31 日/2017 年度 	2017 年 12 月 31 日/2017 年度 	2016 年 12 月 31 日/2016 年度 	2016 年 12 月 31 日/2016 年度 	2015 年 12 月 31 日/2015 年度 	2015 年 12 月 31 日/2015 年度 			
公司 	项目 	项目 	金额 	占比 	金额 	占比 	金额 	占比 	金额 	占比 			
理 	净资产 	净资产 	110,820 	-0.09% 	102,804 	-0.08% 	- 	- 	- 	- 			
理 	营业收入 	营业收入 	11,749 	0.03% 	5,569 	0.00% 	- 	- 	- 	- 			
理 	净利润 	净利润 	7,817 	-0.11% 	2,804 	-0.01% 	- 	- 	- 	- 			
Xiaomi Finance Cayman Limited 	总资产 	总资产 	2,829,880 	3.07% 	- 	- 	- 	- 	- 	- 			
Xiaomi Finance Cayman Limited 	净资产 	净资产 	235 	0.00% 	- 	- 	- 	- 	- 	- 			
Xiaomi Finance Cayman Limited 	营业收入 	营业收入 	- 	- 	- 	- 	- 	- 	- 	- 			
Xiaomi Finance Cayman Limited 	净利润 	净利润 	- 	- 	- 	- 	- 	- 	- 	- 			
Xiaomi Finance 	总资产 	总资产 	2,829,942 	3.07% 	979,876 	1.09% 	693,762 	1.37% 	324,798 	0.83% 			
Xiaomi Finance 	净资产 	净资产 	2,829,884 	-2.21% 	68 	0.00% 	145 	0.00% 	137 	0.00% 			
Xiaomi Finance 	营业收入 	营业收入 	342 	0.00% 	- 	- 	- 	- 	- 	- 			
Xiaomi Finance 	净利润 	净利润 	176 	0.00% 	-72 	0.00% 	-1 	0.00% 	131 	0.00% 			
天津小米保理 	总资产 	总资产 	- 	- 	- 	- 	- 	- 	- 	- 			
天津小米保理 	净资产 	净资产 	- 	- 	- 	- 	- 	- 	- 	- 			
天津小米保理 	营业收入 	营业收入 	- 	- 	- 	- 	- 	- 	- 	- 			
天津小米保理 	净利润 	净利润 	- 	- 	- 	- 	- 	- 	- 	- 			
北京小米支付 	总资产 	总资产 	335,582 	0.36% 	281,112 	0.31% 	305,823 	0.60% 	301,501 	0.77% 			
北京小米支付 	净资产 	净资产 	92,707 	-0.07% 	59,833 	-0.05% 	48,372 	-0.05% 	74,828 	-0.09% 			
北京小米支付 	营业收入 	营业收入 	95,233 	0.28% 	177,759 	0.16% 	80,166 	0.12% 	43,412 	0.06% 			
北京小米支付 	净利润 	净利润 	8,401 	-0.12% 	1,025 	0.00% 	-51,883 	-10.55% 	-18,176 	0.24% 			
公司 	项目 	项目 	2018 年 3 月 31 日/2018 年 1-3 月 	2018 年 3 月 31 日/2018 年 1-3 月 	2017 年 12 月 31 日/2017 年度 	2017 年 12 月 31 日/2017 年度 	2016 年 12 月 31 日/2016 年度 	2016 年 12 月 31 日/2016 年度 	2015 年 12 月 31 日/2015 年度 	2015 年 12 月 31 日/2015 年度 			
公司 	项目 	项目 	金额 	占比 	金额 	占比 	金额 	占比 	金额 	占比 			
小米信用管理 	总资产 	总资产 	50,566 	0.05% 	50,602 	0.06% 	50,596 	0.10% 	50,614 	0.13% 			
小米信用管理 	净资产 	净资产 	50,575 	-0.04% 	50,602 	-0.04% 	50,595 	-0.05% 	50,515 	-0.06% 			
小米信用管理 	营业收入 	营业收入 	- 	- 	- 	- 	- 	- 	- 	- 			
小米信用管理 	净利润 	净利润 	-27 	0.00% 	7 	0.00% 	80 	0.02% 	515 	-0.01% 			
四川银米科技 	总资产 	总资产 	2,034,627 	2.21% 	1,979,032 	2.20% 	2,035,162 	4.01% 	1,811,376 	4.63% 			
四川银米科技 	净资产 	净资产 	1,991,649 	-1.56% 	1,942,710 	-1.53% 	2,033,284 	-2.21% 	1,807,902 	-2.09% 			
四川银米科技 	营业收入 	营业收入 	2,011 	0.01% 	3,885 	0.00% 	- 	- 	7,252 	0.01% 			
四川银米科技 	净利润 	净利润 	3,617 	-0.05% 	-90,288 	0.21% 	25,382 	5.16% 	7,700 	-0.10% 			
北京小米电子软件 	总资产 	总资产 	21,986 	0.02% 	23,837 	0.03% 	21,793 	0.04% 	19,913 	0.05% 			
北京小米电子软件 	净资产 	净资产 	21,919 	-0.02% 	21,778 	-0.02% 	20,497 	-0.02% 	19,362 	-0.02% 			
北京小米电子软件 	营业收入 	营业收入 	- 	- 	30,621 	0.03% 	- 	- 	- 	- 			
北京小米电子软件 	净利润 	净利润 	202 	0.00% 	1,281 	0.00% 	1,135 	0.23% 	1,004 	-0.01% 			
上海小米慧科 	总资产 	总资产 	3,406 	0.00% 	- 	- 	- 	- 	- 	- 			
上海小米慧科 	净资产 	净资产 	-1,318 	0.00% 	-205 	0.00% 	- 	- 	- 	- 			
上海小米慧科 	营业收入 	营业收入 	- 	- 	- 	- 	- 	- 	- 	- 			
上海小米慧科 	净利润 	净利润 	-1,315 	0.02% 	-205 	0.00% 	- 	- 	- 	- 			
成都倍达资管 	总资产 	总资产 	- 	- 	- 	- 	- 	- 	- 	- 			
成都倍达资管 	净资产 	净资产 	0 	0.00% 	0 	0.00% 	- 	- 	- 	- 			
成都倍达资管 	营业收入 	营业收入 	- 	- 	- 	- 	- 	- 	- 	- 			
公司 	项目 	项目 	2018 年 3 月 31 日/2018 年 1-3 月 	2018 年 3 月 31 日/2018 年 1-3 月 	2017 年 12 月 31 日/2017 年度 	2017 年 12 月 31 日/2017 年度 	2016 年 12 月 31 日/2016 年度 	2016 年 12 月 31 日/2016 年度 	2015 年 12 月 31 日/2015 年度 	2015 年 12 月 31 日/2015 年度 			
公司 	项目 	项目 	金额 	占比 	金额 	占比 	金额 	占比 	金额 	占比 			
净利润 	净利润 	0 	0.00% 	0 	0.00% 	- 	- 	- 	- 				
													
 	2018 年 1-3 月 	2017 年 	2016 年 	2015 年 									
平均贷款金额（元） 	4,000 	3,600 	2,300 	1,500 									
平均贷款期限（月） 	8.81 	8.16 	7.59 	6.05 									
平均年贷款利率（%） 	16 	17 	17 	18 									
													
 	2018 年 1-3 月 	2017 年度 	2016 年度 	2015 年度 									
效果类广告服务 	1,380,253 	3,638,176 	2,650,459 	1,328,893 									
展示类广告服务 	276,152 	665,336 	263,265 	- 									
其他广告服务 	217,619 	1,310,877 	924,696 	491,744 									
总计 	1,874,024 	5,614,389 	3,838,420 	1,820,637 									
													
年度 	序号 	序号 	游戏名称 	模式 	收入金额 	收入金额 							
2018年 第一季度 	1 	1 	王者荣耀 	授权运营 	202,440 	202,440 							
2018年 第一季度 	2 	2 	QQ飞车手游 	授权运营 	29,183 	29,183 							
2018年 第一季度 	3 	3 	穿越火线 	授权运营 	27,437 	27,437 							
2018年 第一季度 	4 	4 	永恒纪元 	授权运营 	22,538 	22,538 							
2018年 第一季度 	5 	5 	COK列王的纷争 	独家代理 	15,470 	15,470 							
2017年 	1 	1 	王者荣耀 	授权运营 	500,981 	500,981 							
2017年 	2 	2 	永恒纪元 	授权运营 	104,680 	104,680 							
2017年 	3 	3 	COK列王的纷争 	独家代理 	84,305 	84,305 							
2017年 	4 	4 	开心消消乐 	授权运营 	58,783 	58,783 							
年度 	序号 	序号 	游戏名称 	模式 	收入金额 	收入金额 							
5 	5 	穿越火线 	授权运营 	51,949 	51,949 								
1 	1 	王者荣耀 	授权运营 	168,926 	168,926 								
2 	2 	COK列王的纷争 	独家代理 	144,085 	144,085 								
3 	3 	梦幻西游 	授权运营 	79,181 	79,181 								
4 	4 	捕鱼达人千炮版 	授权运营 	74,505 	74,505 								
5 	5 	开心消消乐 	授权运营 	65,415 	65,415 								
1 	1 	COK列王的纷争 	独家代理 	107,413 	107,413 								
2 	2 	刀塔传奇 	授权运营 	86,157 	86,157 								
3 	3 	全民奇迹 	授权运营 	60,254 	60,254 								
4 	4 	梦幻西游 	授权运营 	52,740 	52,740 								
5 	5 	开心消消乐 	授权运营 	50,213 	50,213 								
													
2016年 													
2015年 													
													
序号 	实际投资法律主体 	生态链 企业 	设立时间 	设立时间 	实际从事主要业务 	持股比例 	持股比例 	持股比例 	持股比例 				
序号 	实际投资法律主体 	生态链 企业 	设立时间 	设立时间 	实际从事主要业务 	公司及关联股东 	公司及关联股东 	公司及关联股东 	生态链企业大股东持股比例 				
序号 	实际投资法律主体 	生态链 企业 	设立时间 	设立时间 	实际从事主要业务 	公司 	关联股东注1 	合计 	生态链企业大股东持股比例 				
1 	21Vianet Group, Inc. 	北京世纪互联宽带数据中心有限公司 	2006.03.15 	2006.03.15 	互联网基础设施服务提供商 	2.50% 	8.50% 	11.00% 	21.30% 				
2 	Aetheris (Cayman) Limited 	巽一电子科技（上海）有限责任公司 	2015.06.11 	2015.06.11 	个人呼吸智能产品研发商 	20.00% 	18.32% 	38.32% 	50.00% 				
3 	YI Technology Inc. 	上海小蚁科技有限公司 	2014.09.04 	2014.09.04 	可穿戴移动化新型视频类智能电子产品开发 	8.19% 	- 	8.19% 	37.02% 				
4 	FEIZHI Lighting Technology Co., Limited 	飞彗智能照明（上海）有限公司 	2017.07.20 	2017.07.20 	智能家居照明产品研发与销售 	30.00% 	- 	30.00% 	70.00% 				
5 	Fimi United Technology Limited 	北京飞米科技有限公司 	2015.05.13 	2015.05.13 	机器人和无人机等相关领域产品研发 	16.72% 	18.53% 	35.25% 	32.10% 				
6 	Huami Corporation 	安徽华米信息科技有限公司 	2013.12.27 	2013.12.27 	可穿戴智能设备技术研究开发及产品提供商 	14.60% 	15.50% 	30.10% 	35.40% 				
7 	iHealth Inc. 	北京爱和健康科技有限公司 	2015.09.17 	2015.09.17 	个人医疗保健、智能健康产品设计与制造 	20.00% 	- 	20.00% 	70.00% 				
7 	iHealth Inc. 	天津九安医疗电子股份有限公司 	1995.08.22 	1995.08.22 	个人医疗保健、智能健康产品设计与制造 	20.00% 	- 	20.00% 	70.00% 				
8 	Kingsoft Cloud Holdings Limited 	北京金山云网络技术有限公司 	2011.03.25 	2011.03.25 	云存储，云计算服务提供商 	16.59% 	- 	16.59% 	51.73% 				
9 	LANMI Holdings Limited 	东莞市猎声电子科技有限公司 	2015.05.25 	2015.05.25 	智能家居无线音频设备研究开发及产品提供商 	17.10% 	19.10% 	36.20% 	43.20% 				
序号 	实际投资法律主体 	生态链 企业 	设立时间 	设立时间 	实际从事主要业务 	持股比例 	持股比例 	持股比例 	持股比例 				
序号 	实际投资法律主体 	生态链 企业 	设立时间 	设立时间 	实际从事主要业务 	公司及关联股东 	公司及关联股东 	公司及关联股东 	生态链企业大股东持股比例 				
序号 	实际投资法律主体 	生态链 企业 	设立时间 	设立时间 	实际从事主要业务 	公司 	关联股东注1 	合计 	生态链企业大股东持股比例 				
10 	Lumi International Ltd 	深圳绿米联创科技有限公司 	2009.12.08 	2009.12.08 	智能家庭产品的研发、研发和推广绿色低碳科技 	12.45% 	15.32% 	27.77% 	34.35% 				
10 	Lumi International Ltd 	深圳绿拓联合科技有限公 	2014.07.10 	2014.07.10 	智能家庭产品的研发、研发和推广绿色低碳科技 	12.45% 	15.32% 	27.77% 	34.35% 				
11 	Ninebot Limited 	九号联合（北京）科技有限公司 	2015.06.01 	2015.06.01 	智能短交通和服务类机器人产品提供商 	11.16% 	10.43% 	21.59% 	32.27% 				
12 	Particle Inc. 	北京一点网聚信息技术有限公司 	2013.12.24 	2013.12.24 	互联网资讯内容服务商 	11.00% 	10.84% 	21.84% 	33.65% 				
13 	Pineapple Game Inc. 	上海菠萝互娱科技有限公司 	2014.09.03 	2014.09.03 	手游开发商 	35.51% 	- 	35.51% 	37.75% 				
13 	Pineapple Game Inc. 	深圳市菠萝游戏有限公司 	2010.12.28 	2010.12.28 	手游开发商 	26.19% 	7.97% 	34.16% 	45.00% 				
14 	SMARTMI International Ltd 	北京智米电子科技有限公司 	2015.04.23 	2015.04.23 	智能环境电器技术研究开发及产品提供商 	35.71% 	30.65% 	66.36% 	15.76% 				
15 	Viomi Technology Co., Ltd 	佛山市云米电器科技有限公司 	2014.05.06 	2014.05.06 	全屋互联网家电研究开发及产品提供商、家用电器工程的施工、安装、维护服务 	16.91% 	17.82% 	34.73% 	50.73% 				
15 	Viomi Technology Co., Ltd 	佛山市小鲜互联电器科技有限公司 	2016.10.12 	2016.10.12 	全屋互联网家电研究开发及产品提供商、家用电器工程的施工、安装、维护服务 	16.91% 	17.82% 	34.73% 	50.73% 				
16 	Westhouse Holdings Limited 	珠海西山居移动游戏科技有限公司 	2012.06.11 	2012.06.11 	游戏开发商 	2.86% 	- 	2.86% 	67.65% 				
16 	Westhouse Holdings Limited 	珠海金山网络游戏科技有限公司 	2009.01.21 	2009.01.21 	游戏开发商 	2.86% 	- 	2.86% 	67.65% 				
16 	Westhouse Holdings Limited 	成都西山居世游科技有限公司 	2012.07.30 	2012.07.30 	游戏开发商 	2.86% 	- 	2.86% 	67.65% 				
17 	Xunlei Limited 	Xunlei Limited 	2003.01.29 	2003.01.29 	云计算服务商 	28.00% 	11.21% 	39.21% 	15.27% 				
18 	Zimi International Incorporation 	江苏紫米电子技术有限公司 	2012.02.23 	2012.02.23 	高端智能手机及智能手机周边设备、智能应	20.09% 	21.25% 	41.34% 	32.53% 				
序号 	实际投资法律主体 	生态链 企业 	设立时间 	设立时间 	实际从事主要业务 	持股比例 	持股比例 	持股比例 	持股比例 				
序号 	实际投资法律主体 	生态链 企业 	设立时间 	设立时间 	实际从事主要业务 	公司及关联股东 	公司及关联股东 	公司及关联股东 	生态链企业大股东持股比例 				
序号 	实际投资法律主体 	生态链 企业 	设立时间 	设立时间 	实际从事主要业务 	公司 	关联股东注1 	合计 	生态链企业大股东持股比例 				
紫米通讯技术（江苏）有限公司 	2014.04.28 	2014.04.28 	用研究开发及产品提供商 										
北京爱其科技有限公司 	2013.04.01 	2013.04.01 	人工智能领域研发及智能硬件产品提供商 	13.64% 	13.64% 	27.28% 	30.38% 						
青米（北京）科技有限公司 	2014.02.28 	2014.02.28 	智能家居类产品的设计、开发、生产 	16.15% 	12.12% 	28.27% 	35.45% 						
北京疯景科技有限公司 	2015.04.22 	2015.04.22 	全景影像软硬件研发与生产 	9.05% 	- 	9.05% 	52.49% 						
云南爱必达园艺科技有限公司 	2015.02.10 	2015.02.10 	智能硬件、花卉生产和电商服务 	8.62% 	- 	8.62% 	48.81% 						
北京米糖文化创意有限公司 	2014.06.26 	2014.06.26 	玩具类产品设计开发 	17.50% 	17.50% 	35.00% 	65.00% 						
北京米物科技有限公司 	2015.12.14 	2015.12.14 	PC 外设及其他效率工具产品提供商 	10.00% 	- 	10.00% 	80.00% 						
北京石头世纪科技有限公司 	2014.07.04 	2014.07.04 	家用智能清洁机器人及其他清洁电器研发和生产 	11.85% 	1.00% 	12.85% 	43.47% 						
北京悦米科技有限公司 	2015.05.05 	2015.05.05 	机械键盘类产品提供商 	13.50% 	- 	13.50% 	63.90% 						
北京掌视无限网络科技有限公司 	2015.11.19 	2015.11.19 	游戏开发运营商 	11.11% 	11.11% 	22.22% 	54.04% 						
本上生活（深圳）科技有限公司 	2015.05.28 	2015.05.28 	毛巾产品设计与开发 	3.88% 	22.31% 	26.19% 	66.93% 						
成都趣睡科技有限公司 	2014.10.22 	2014.10.22 	睡眠产品研究开发及产品提供商 	1.80% 	17.56% 	19.36% 	49.51% 						
成都西米互动科技有限公司 	2014.06.09 	2014.06.09 	智能电视平台领域棋牌休闲游戏提供商 	9.90% 	- 	9.90% 	60.10% 						
序号 	实际投资法律主体 	生态链 企业 	设立时间 	设立时间 	实际从事主要业务 	持股比例 	持股比例 	持股比例 	持股比例 				
序号 	实际投资法律主体 	生态链 企业 	设立时间 	设立时间 	实际从事主要业务 	公司及关联股东 	公司及关联股东 	公司及关联股东 	生态链企业大股东持股比例 				
序号 	实际投资法律主体 	生态链 企业 	设立时间 	设立时间 	实际从事主要业务 	公司 	关联股东注1 	合计 	生态链企业大股东持股比例 				
31 	东莞市源创智行服饰科技有限公司 	东莞市源创智行服饰科技有限公司 	2016.09.05 	2016.09.05 	智能服饰研究开发及产品提供商 	20.00% 	- 	20.00% 	60.00% 				
32 	峰米（北京）科技有限公司 	峰米（北京）科技有限公司 	2016.03.30 	2016.03.30 	激光光电技术研究开发及产品提供商 	15.00% 	15.00% 	30.00% 	70.00% 				
33 	福州市马尾区朱雀网络信息技术有限公司 	福州市马尾区朱雀网络信息技术有限公司 	2015.03.25 	2015.03.25 	网络游戏开发商 	14.45% 	- 	14.45% 	57.79% 				
34 	海南云游天涯文化传播有限公司 	海南云游天涯文化传播有限公司 	2016.08.09 	2016.08.09 	游戏展会及分发服务提供商 	20.00% 	20.00% 	40.00% 	60.00% 				
35 	板牙信息科技（上海）有限公司 	板牙信息科技（上海）有限公司 	2016.03.01 	2016.03.01 	车载智能产品提供商 	12.58% 	12.58% 	25.16% 	33.78% 				
35 	板牙信息科技（上海）有限公司 	上海新案数字科技有限公司 	2016.09.30 	2016.09.30 	车载智能产品提供商 	12.58% 	12.58% 	25.16% 	33.78% 				
36 	捷耐拓（北京）光学科技有限公司 	捷耐拓（北京）光学科技有限公司 	2012.09.25 	2012.09.25 	太阳镜等相关产品制造与销售 	10.00% 	10.00% 	20.00% 	80.00% 				
37 	南京机器岛智能科技有限公司 	南京机器岛智能科技有限公司 	2016.01.22 	2016.01.22 	儿童智能设备研究开发及产品提供商 	12.67% 	- 	12.67% 	32.66% 				
38 	骑记（厦门）科技有限公司 	骑记（厦门）科技有限公司 	2011.09.20 	2011.09.20 	自行车和两轮产品研究开发及产品提供商 	18.00% 	2.50% 	20.50% 	36.57% 				
39 	青岛亿联客信息技术有限公司 	青岛亿联客信息技术有限公司 	2012.11.09 	2012.11.09 	智能硬件照明产品设计、研发、生产和销售 	14.97% 	16.87% 	31.84% 	35.54% 				
40 	青萍科技（北京）有限公司 	青萍科技（北京）有限公司 	2015.06.18 	2015.06.18 	智能电子产品研发商 	2.50% 	- 	2.50% 	62.10% 				
41 	上海创米科技有限公司 	上海创米科技有限公司 	2014.04.10 	2014.04.10 	居家安全、生活类智能家居产品与服务提供商 	35.00% 	- 	35.00% 	65.00% 				
42 	上海纯米电子科技有限公司 	上海纯米电子科技有限公司 	2013.07.10 	2013.07.10 	互联网厨房家电与系统的研发与生产 	18.04% 	20.90% 	38.94% 	34.69% 				
序号 	实际投资法律主体 	生态链 企业 	设立时间 	设立时间 	实际从事主要业务 	持股比例 	持股比例 	持股比例 	持股比例 				
序号 	实际投资法律主体 	生态链 企业 	设立时间 	设立时间 	实际从事主要业务 	公司及关联股东 	公司及关联股东 	公司及关联股东 	生态链企业大股东持股比例 				
序号 	实际投资法律主体 	生态链 企业 	设立时间 	设立时间 	实际从事主要业务 	公司 	关联股东注1 	合计 	生态链企业大股东持股比例 				
43 	上海酷橙网络科技有限公司 	上海酷橙网络科技有限公司 	2013.10.18 	2013.10.18 	手机游戏开发 	12.18% 	6.08% 	18.26% 	53.64% 				
44 	上海龙旗科技股份有限公司 	龙旗电子（惠州）有限公司 	2009.11.26 	2009.11.26 	智能手机等智能产品的设计、研发、生产与服务 	10.00% 	10.00% 	20.00% 	33.60% 				
44 	上海龙旗科技股份有限公司 	上海龙旗科技股份有限公司 	2004.10.27 	2004.10.27 	智能手机等智能产品的设计、研发、生产与服务 	10.00% 	10.00% 	20.00% 	33.60% 				
44 	上海龙旗科技股份有限公司 	龙旗通信技术（香港）有限公司 	2004.04.21 	2004.04.21 	智能手机等智能产品的设计、研发、生产与服务 	10.00% 	10.00% 	20.00% 	33.60% 				
45 	上海摩象网络科技有限公司 	上海摩象网络科技有限公司 	2016.05.18 	2016.05.18 	视觉类软硬件产品的研发与销售 	13.18% 	- 	13.18% 	52.49% 				
46 	上海润米科技有限公司 	上海润米科技有限公司 	2015.02.27 	2015.02.27 	出行智能产品研究开发及产品提供商 	9.37% 	- 	9.37% 	76.93% 				
47 	上海硕米科技有限公司 	上海硕米科技有限公司 	2015.03.11 	2015.03.11 	手机配件设计生产 	5.00% 	- 	5.00% 	76.00% 				
48 	上海小寻科技有限公司 	上海小寻科技有限公司 	2015.07.23 	2015.07.23 	儿童智能穿戴设备研究开发及产品提供商 	13.55% 	13.55% 	27.10% 	37.18% 				
49 	深圳市秀美时尚科技有限公司 	深圳市秀美时尚科技有限公司 	2015.05.29 	2015.05.29 	智能穿戴、移动终端产品及配件的开发、销售 	20.00% 	20.00% 	40.00% 	60.00% 				
50 	舒可士（深圳）科技有限公司 	舒可士（深圳）科技有限公司 	2015.06.19 	2015.06.19 	个人健康护理消费电子产品研究开发及产品提供商 	9.92% 	- 	9.92% 	32.74% 				
51 	天津华来科技有限公司 	天津华来科技有限公司 	2009.11.03 	2009.11.03 	智能安防家具产品生产销售商 	7.00% 	- 	7.00% 	27.93% 				
52 	天津须眉科技有限公司 	天津须眉科技有限公司 	2017.02.23 	2017.02.23 	消费电子产品研发与涉及、产品提供商 	15.00% 	- 	15.00% 	60.00% 				
53 	万魔声学科技有限公司 	衡阳加一电子科技有限公司（已注销） 	2013.02.25 	2013.02.25 	智能声学产品研究开发及产品提供商 	17.91% 	7.90% 	25.81% 	32.99% 				
序号 	实际投资法律主体 	生态链 企业 	设立时间 	设立时间 	实际从事主要业务 	持股比例 	持股比例 	持股比例 	持股比例 				
序号 	实际投资法律主体 	生态链 企业 	设立时间 	设立时间 	实际从事主要业务 	公司及关联股东 	公司及关联股东 	公司及关联股东 	生态链企业大股东持股比例 				
序号 	实际投资法律主体 	生态链 企业 	设立时间 	设立时间 	实际从事主要业务 	公司 	关联股东注1 	合计 	生态链企业大股东持股比例 				
加一万摩声学科技（深圳）有限公司 	2014.12.11 	2014.12.11 											
耳一号声学科技（深圳）有限公司 	2016.11.25 	2016.11.25 											
万魔声学科技有限公司（曾用名：加一联创电子科技有限公司） 	2013.10.25 	2013.10.25 											
无锡青禾小贝科技有限公司 	2017.01.17 	2017.01.17 	口腔护理类产品提供商 	10.00% 	10.00% 	20.00% 	80.00% 						
无锡睿米信息技术有限公司 	2015.01.08 	2015.01.08 	车载智能产品研发与生产 	18.62% 	- 	18.62% 	49.80% 						
西安蜂语信息科技有限公司 	2015.07.15 	2015.07.15 	通讯类消费电子产品研究开发及产品提供商 	8.29% 	8.29% 	16.58% 	62.20% 						
珠海小猴科技有限公司 	2016.06.24 	2016.06.24 	智能家居产品提供商 	7.50% 	- 	7.50% 	43.88% 						
													
19 	北京爱其科技有限公司 												
20 	北京动力未来科技股份有限公司 												
21 	北京疯景科技有限公司 												
22 	云南爱必达园艺科技有限公司 												
23 	北京米糖文化创意有限公司 												
24 	北京米物科技有限公司 												
25 	北京石头世纪科技有限公司 												
26 	北京悦米科技有限公司 												
27 	北京掌视无限网络科技有限公司 												
28 	本上生活（深圳）科技有限公司 												
29 	成都趣睡科技有限公司 												
30 	成都西米互动科技有限公司 												
													
54 	无锡青禾小贝科技有限公司 												
55 	无锡睿米信息技术有限公司 												
56 	西安蜂语信息科技有限公司 												
57 	珠海小猴科技有限公司 												
													
序号 	生态链企业 	小米及关联方持股比例 	创始人（或大股东）持股比例 	董事席位情况 									
1 	Xunlei Limited 	39.21% 	15.27% 	共设有 9 名董事（2 名独董），其中小米委派 2 名董事，金山软件委派 1 名董事 									
2 	北京智米电子科技有限公司 	66.36% 	15.76% 	共设有 7 名董事，其中小米委派 2 名董事，境外顺为资本委派 1 名董事 									
3 	江苏紫米电子技术有限公司 	41.34% 	32.53% 	共设有 5 名董事，其中小米委派 1 名董事，境外顺为资本委派 1 名董事 									
4 	南京酷科电子科技有限公司 	35.00% 	30.00% 	共设有 3 名董事，小米委派 1 名董事 									
5 	上海纯米电子科技有限公司 	39.36% 	34.69% 	共设有 5 名董事，其中小米委派 1 名董事，境内顺为资本委派 1 名董事 									
6 	深圳市彩米科技有限公司 	51.00% 	34.00% 	共设有 5 名董事，小米委派 2 名董事 									
													
序号 	生态链企业 	产品类型 	金额 										
1 	生态链企业 A 	智能硬件及生活消费产品 	563,588   										
2 	生态链企业 B 	智能硬件及生活消费产品 	485,459 										
3 	生态链企业 C 	智能硬件及生活消费产品 	347,999   										
4 	生态链企业 D 	智能硬件及生活消费产品 	314,333   										
5 	生态链企业 E 	智能硬件及生活消费产品 	271,140   										
													
序号 	生态链企业 	产品类型 	金额 										
1 	生态链企业 C 	智能硬件及生活消费产品 	1,931,015   										
2 	生态链企业 B 	智能硬件及生活消费产品 	1,754,924 										
3 	生态链企业 A 	智能硬件及生活消费产品 	1,686,353   										
4 	生态链企业 E 	智能硬件及生活消费产品 	1,018,561   										
5 	生态链企业 D 	智能硬件及生活消费产品 	1,011,346   										
													
序号 	生态链企业 	产品类型 	金额 										
1 	生态链企业 B 	智能硬件及生活消费产品 	1,477,936   										
2 	生态链企业 A 	智能硬件及生活消费产品 	1,357,744 										
3 	生态链企业 C 	智能硬件及生活消费产品 	1,027,399   										
4 	生态链企业 E 	智能硬件及生活消费产品 	642,783   										
5 	生态链企业 F 	智能硬件及生活消费产品 	300,467   										
													
序号 	生态链企业 	产品类型 	金额 										
1 	生态链企业 A 	智能硬件及生活消费产品 	1,358,493   										
2 	生态链企业 B 	智能硬件及生活消费产品 	871,415 										
3 	生态链企业 C 	智能硬件及生活消费产品 	481,865   										
4 	生态链企业 G 	智能硬件及生活消费产品 	411,530   										
5 	生态链企业 H 	智能硬件及生活消费产品 	255,826   										
													
产品 	年份 	产量 	销量 	产销率 									
智能手机 	2018 年 1-3 月 	2,440 	2,841 	116.43% 									
产品 	年份 	产量 	销量 	产销率 									
2017 年 	9,498 	9,141 	96.24% 										
2016 年 	5,064 	5,542 	109.44% 										
2015 年 	6,898 	6,655 	96.48% 										
													
 	2018 年 1-3 月 	2017 年 	2016 年 	2015 年 									
前五名客户的收入合计 	9,431,882 	36,735,311 	18,500,222 	19,851,926 									
占当期营业收入比例 	27.41% 	32.05% 	27.03% 	29.71% 									
													
项目 	2018 年 1-3 月 	2018 年 1-3 月 	2017 年度 	2017 年度 	2016 年度 	2016 年度 	2015 年度 	2015 年度 					
项目 	金额 	比例 	金额 	比例 	金额 	比例 	金额 	比例 					
原材料采购成本 	19,713,335 	92.69% 	65,038,737 	91.32% 	42,615,284 	92.69% 	48,292,615 	92.93% 					
其他 	1,553,567 	7.31% 	6,185,702 	8.68% 	3,359,071 	7.31% 	3,675,413 	7.07% 					
合计 	21,266,902 	100.00% 	71,224,439 	100.00% 	45,974,355 	100.00% 	51,968,028 	100.00% 					
													
序号 	生态链企业名称 	生态链硬件产品 											
1 	北京智米电子科技有限公司 	空气净化器 											
2 	江苏紫米电子技术有限公司 	移动电源 											
3 	安徽华米信息科技有限公司 	手环 											
4 	北京石头世纪科技有限公司 	扫地机器人 											
5 	九号联合（北京）科技有限公司 	平衡车 											
6 	佛山市云米电器科技有限公司 	净水器 											
7 	万魔声学科技有限公司 	耳机 											
													
原材料 	2018 年 1-3 月 	2018 年 1-3 月 	2017 年度 	2017 年度 	2016 年度 	2016 年度 	2015 年度 	2015 年度 					
原材料 	金额 	占比 	金额 	占比 	金额 	占比 	金额 	占比 					
广告推广成本 	314,182 	28.24% 	924,198 	26.02% 	515,624 	22.89% 	152,004 	13.33% 					
游戏相关成本 	420,882 	37.84% 	1,418,135 	39.92% 	1,132,638 	50.27% 	798,837 	70.07% 					
其他互联网服务成本 	377,258 	33.92% 	1,210,027 	34.06% 	604,677 	26.84% 	189,230 	16.60% 					
互联网服务总成本 	1,112,322 	100.00% 	3,552,360 	100.00% 	2,252,939 	100.00% 	1,140,071 	100.00% 					
													
 	2018 年 1-3 月 	2017 年 	2016 年 	2015 年 									
向前五名供应商采购金额合计 	11,243,852 	41,788,760 	23,007,706 	26,704,020 									
占当期采购总额比例 	37.34% 	42.01% 	37.60% 	41.65% 									
													
项目 	电子设备 	办公设备 	合计 										
原值 	437,932 	22,433 	460,365 										
累计折旧 	313,524 	12,684 	326,208 										
账面价值 	124,408 	9,749 	134,157 										
成新率（%） 	28.41% 	43.46% 	29.14% 										
													
序号 	项目名称 	建设单位 	地址 	面积（m2） 									
1 	广东小米互联网产业园 	广东小米科技有限责任公司 	广州市海珠区 	103,205 									
2 	 小米电子互联网产业园 	北京小米电子产品有限公司 	北京经济技术开发区 	191,303 									
3 	小米移动互联网产业园项目 	小米科技有限责任公司、北京小米移动软件有限公司、北京多看科技有限公司 	北京市海淀区 	348,006 									
													
序号 	商标 	所有权人 	注册地区 	类别 	注册号 	注册日期 							
1 	 	小米科技有限责任公司 	中国 	9 	8911270 	2012/07/07 							
2 	 	小米科技有限责任公司 	中国 	37 	10268535 	2013/02/07 							
3 	 	小米科技有限责任公司 	中国 	35 	10979461 	2013/10/21 							
序号 	商标 	所有权人 	注册地区 	类别 	注册号 	注册日期 							
4 	 	小米科技有限责任公司 	中国 	36 	10268536 	2013/02/07 							
5 	 	小米科技有限责任公司 	中国 	38 	10268534 	2013/02/07 							
6 	 	小米科技有限责任公司 	中国 	42 	10273145 	2013/03/07 							
7 	 	小米科技有限责任公司 	中国 	25 	10268539 	2013/03/07 							
8 	 	小米科技有限责任公司 	中国 	18 	10268542 	2013/02/07 							
9 	 	小米科技有限责任公司 	中国 	9 	10979448 	2014/08/14 							
10 	 	小米科技有限责任公司 	中国 	9 	8228211 	2011/04/28 							
11 	 	小米科技有限责任公司 	中国 	9 	10674583 	2015/04/07 							
12 	 	小米科技有限责任公司 	中国 	16 	10268558 	2013/02/07 							
13 	 	小米科技有限责任公司 	中国 	35 	8298568 	2013/05/07 							
14 	 	小米科技有限责任公司 	中国 	36 	10268552 	2013/02/07 							
15 	 	小米科技有限责任公司 	中国 	37 	10268551 	2014/05/07 							
16 	 	小米科技有限责任公司 	中国 	38 	8298621 	2011/08/07 							
17 	 	小米科技有限责任公司 	中国 	42 	10268548 	2013/02/07 							
18 	 	小米科技有限责任公司 	中国 	9 	10272726 	2014/09/07 							
19 	 	小米科技有限责任公司 	中国 	11 	8522198     	2011/08/07 							
序号 	商标 	所有权人 	注册地区 	类别 	注册号 	注册日期 							
20 	 	小米科技有限责任公司 	中国 	11 	15161529 	2017/03/28 							
21 	 	小米科技有限责任公司 	中国 	7 	15161531 	2015/09/28 							
22 	 	小米科技有限责任公司 	中国 	11 	16953358 	2017/01/07 							
23 	 	小米科技有限责任公司 	中国 	9 	16953287 	2017/10/21 							
24 	 	小米科技有限责任公司 	中国 	9 	11263303 	2016/04/07 							
25 	 	小米科技有限责任公司 	中国 	9 	13846095A 	2015/05/28 							
26 	 	小米科技有限责任公司 	中国 	9 	11506548 	2014/02/21 							
27 	 	小米科技有限责任公司 	中国 	9 	14532784 	2015/12/07 							
28 	 	小米科技有限责任公司 	中国 	9 	8471269 	2011/07/21 							
29 	 	小米科技有限责任公司 	中国 	28 	10308449 	2014/06/07 							
30 	 	小米科技有限责任公司 	中国 	9 	10979418 	2013/09/21 							
31 	 	小米科技有限责任公司 	中国 	9 	19072758 	2017/03/14 							
32 	 	小米科技有限责任公司 	中国 	9 	10286656 	2016/05/21 							
33 	 	小米科技有限责任公司 	中国 	35 	10286657 	2013/02/14 							
34 	 	小米科技有限责任公司 	中国 	37 	10286658 	2014/05/14 							
35 	 	小米科技有限责任公司 	中国 	9 	8701320 	2011/10/07 							
序号 	商标 	所有权人 	注册地区 	类别 	注册号 	注册日期 							
36 	 	小米科技有限责任公司 	中国 	42 	8701376 	2011/11/28 							
37 	 	小米科技有限责任公司 	中国 	9 	9082558 	2012/02/07 							
38 	 	小米科技有限责任公司 	中国香港 	3, 5, 8, 9, 11, 12, 14, 16, 17, 18, 20, 21, 22, 24, 25, 26, 27, 28, 30, 34, 35, 36, 38, 41, 42, 43, 45   	302269486 	2014/02/17 							
39 	 	小米科技有限责任公司 	中国香港 	9, 11, 14, 25, 35, 38, 42 	302266164AA 	2016/11/24 							
40 	 	小米科技有限责任公司 	中国香港 	3, 5, 8, 12, 16, 17, 18, 20, 21, 22 	302266579 	2016/11/30 							
41 	 	小米科技有限责任公司 	中国香港 	24, 26, 27, 28, 34, 36, 38, 41, 43, 45 	302266588 	2016/08/22 							
42 	 	小米科技有限责任公司 	中国香港 	9, 11, 14, 25, 35, 38, 42 	302267749 	2013/12/23 							
43 	 	小米科技有限责任公司 	中国香港 	3, 5, 8, 12, 16, 17, 18, 20, 21, 22 	302267703 	2014/03/17 							
44 	 	小米科技有限责任公司 	中国香港 	24, 26, 27, 28, 30, 34, 36, 41, 43, 45 	302267758 	2013/12/23 							
45 	 	小米科技有限责任公司 	中国香港 	11, 20, 24, 38   	303801555 	2017/03/07 							
46 	 	小米科技有限责任公司 	中国香港 	7, 9, 10, 11, 12, 28, 42   	303836755 	2017/05/31 							
47 	 	小米科技有限责任公司 	中国香港 	14, 16, 20, 21, 25, 35, 38   	303836764 	2017/05/31 							
48 	 	小米科技有限责任公司 	中国香港 	9,35,38,42 	302825668 	2014/08/19 							
49 	 	小米科技有限责任公司 	中国香港 	3, 5, 8, 9, 11, 12, 16, 17, 20, 22, 24, 26, 27, 28, 30, 34, 38, 	302269495 	2014/02/24 							
序号 	商标 	所有权人 	注册地区 	类别 	注册号 	注册日期 							
41, 42, 43, 45 	41, 42, 43, 45 												
9, 11, 14, 25, 35, 38, 42 	9, 11, 14, 25, 35, 38, 42 	302267938 	2014/02/24 										
35, 37, 43 	35, 37, 43 	302267992 	2013/05/06 										
9, 35, 42 	9, 35, 42 	302269521 	2013/04/23 										
9,35,42 	9,35,42 	302267893 	2013/04/10 										
													
50 	 	小米科技有限责任公司 	中国香港 										
51 	 	小米科技有限责任公司 	中国香港 										
52 	 	小米科技有限责任公司 	中国香港 										
53 	 	小米科技有限责任公司 	中国香港 										
													
序号 	美术作品名称 	注册号 	注册日期 										
1 	MI 图形 	国作登字-2018-F-00400972 	2018/01/18 										
2 	小米之家形象识别图 	国作登字-2018-F-00400973 	2018/01/18 										
序号 	美术作品名称 	注册号 	注册日期 										
3 	MIUI-V5 图形设计 	国作登字-2013-F-00091328 	2013/05/14 										
4 	狐妹 	国作登字 2013-F-00086981 	2013/04/03 										
5 	米兔搪胶包装图 	国作登字-2012-F-00057277 	2012/03/26 										
6 	米兔毛绒玩偶外包装图 	国作登字-2012-F-00057289 	2012/03/26 										
7 	米兔客服衣服图案 	国作登字-2012-F-00058112 	2012/03/29 										
8 	米兔客服 Logo 	国作登字-2012-F-00058113 	2012/03/29 										
9 	米兔举旗 	国作登字-2012-F-00058118 	2012/03/29 										
10 	米兔硅胶包装 	国作登字-2012-F-00057282 	2012/03/26 										
11 	米兔表情原型 	2011-F-052862 	2011/12/29 										
12 	MI 变形系列之蒙克 	2011-F-052860 	2011/12/29 										
13 	小象手机支架外包装条形码图案 	2011-F-052886 	2011/12/29 										
14 	米兔表情原型 	2011-F-052863 	2011/12/29 										
15 	MI 变形系列之达利 	2011-F-050631 	2011/12/07 										
16 	Mi 图形 	国作登字-2017-F-00360143 	2017/03/01 										
17 	MIJIA 及图形 	国作登字-2016-F-00269796 	2016/05/17 										
18 	短信铃音 	国作登字-2014-S-00134992 	2014/07/25 										
19 	手机铃音 	国作登字-2014-B-00128894 	2014/07/15 										
20 	米家定制 logo 	国作登字-2017-F-00477188 	2017/06/20 										
21 	小米桌面天气图标 	国作登字-2013-F-00117358 	2013/12/13 										
22 	小米 VRLOGO 	国作登字-2017-F-00486855 	2017/07/27 										
23 	小爱虚拟形象 	国作登字-2017-F-00439079 	2017/12/04 										
24 	米兔站立图形 	国作登字-2017-F-00442760 	2017/12/13 										
													
序号 	软件著作权名称 	版本 	注册号 	注册日期 									
1 	多看阅读软件(iOS 5.0 版) 	V 1.0 	2013SR042791 	2013/05/09 									
2 	多看阅读软件(Android 4.0 版) 	V 1.0 	2013SR048012 	2013/05/21 									
3 	多看阅读软件(Android 4.2 版) 	V 1.0 	2013SR042800 	2013/05/09 									
4 	多看阅读软件(iOS 6.0 版) 	V 1.0 	2013SR042631 	2013/05/09 									
5 	多看电纸书字典系统 	V1.0 	2010SR057944 	2010/11/02 									
6 	Airkan 协议软件 	V1.0 	2016SR089191 	2016/04/28 									
7 	小米 MiBoxUI 系统软件 	V1.0 	2017SR242069 	2017/06/07 									
8 	MIUI 在线视频软件 	V1.0 	2016SR089195 	2016/04/28 									
序号 	软件著作权名称 	版本 	注册号 	注册日期 									
9 	多看视频软件(AppleTV) 	V1.0 	2016SR089200 	2016/04/28 									
10 	盒子手机遥控软件 	V1.0 	2016SR089202 	2016/04/28 									
11 	盒子在线视频软件 	V1.0 	2016SR089206 	2016/04/28 									
12 	手机视频播放软件 	V1.0 	2016SR089211 	2016/04/28 									
13 	米聊 Windows8 版本通讯软件 	V1.0 	2013SR076133 	2013/07/29 									
14 	MIUI 移动操作系统软件 	V1.0 	2013SR036886 	2013/04/24 									
15 	小米桌面软件 	V1.0 	2013SR033509 	2013/04/12 									
16 	小米运营数据系统软件 	V1.0 	2012SR034956 	2012/05/03 									
17 	小米科技售后服务系统软件 	V1.0 	2012SR035052 	2012/05/03 									
18 	小米仓储软件 	V1.0 	2012SR034666 	2012/05/03 									
19 	小米移动网上营业厅软件（Android 版） 	V1.0 	2016SR330529 	2016/11/15 									
20 	小米移动网上营业厅软件（iOS 版） 	V1.0 	2016SR322156 	2016/11/08 									
21 	小米商城软件 	V1.0 	2015SR115578 	2015/06/25 									
22 	小米小说软件(Android 版) 	V1.0 	2013SR159136 	2013/12/27 									
23 	小米手机助手软件 	V1.0 	2013SR116591 	2013/10/31 									
24 	小米米聊 Android 平台手机即时通讯软件 	V1.0 	2011SR098162 	2011/12/20 									
25 	小米应用超市软件 	V1.0 	2012SR028632 	2012/04/12 									
26 	小米主题软件 	V1.0 	2012SR028630 	2012/04/12 									
27 	小米系统更新软件 	V1.0 	2012SR028575 	2012/04/12 									
28 	小米音乐软件 	V1.0 	2012SR028595 	2012/04/12 									
29 	小米图库软件 	V1.0 	2012SR028577 	2012/04/12 									
30 	小米联系人软件 	V1.0 	2012SR028592 	2012/04/12 									
31 	小米防打扰软件 	V1.0 	2012SR028586 	2012/04/12 									
32 	小米短信软件 	V1.0 	2012SR028606 	2012/04/12 									
33 	小米电话软件 	V1.0 	2012SR028581 	2012/04/12 									
34 	小米路由器软件 	V1.0 	2015SR243564 	2015/12/04 									
35 	小米锁屏软件 	V1.0 	2012SR028628 	2012/04/12 									
36 	小米启动器软件 	V1.0 	2012SR015648 	2012/03/01 									
37 	小米 MIUI 操作系统软件 	V3.0 	2016SR195143 	2016/07/27 									
38 	小米 MIUI 操作系统软件 	V4.0 	2016SR343242 	2016/11/28 									
39 	小米推送软件 	V1.0 	2016SR122824 	2016/05/28 									
40 	小米一键换机软件 	V1.0 	2016SR060788 	2016/03/23 									
序号 	软件著作权名称 	版本 	注册号 	注册日期 									
41 	小米电台软件 	V1.0 	2015SR116918 	2015/06/26 									
42 	小米智能家庭 APP 软件 	V1.0 	2015SR089041 	2015/05/23 									
43 	小米安卓平板操作系统软件 	V1.0 	2014SR159071 	2014/10/23 									
44 	红米极简模式软件 	V1.0 	2014SR197607 	2014/12/17 									
45 	小米 NFC 碰碰贴系统软件 	V1.0 	2014SR091997 	2014/07/05 									
46 	小米系统软件 	V1.0 	2014SR060783 	2014/05/15 									
47 	小米米聊 iPhone 平台手机即时通讯软件 	V2.0 	2014SR054052 	2014/05/05 									
48 	小米安卓手机操作系统（东南亚版）软件 	V2.1 	2014SR017864 	2014/02/14 									
49 	小米米聊 Android 平台手机社交通讯软件 	V2.0 	2014SR035177 	2014/03/29 									
50 	小米安卓手机操作系统软件 	V2.0 	2013SR141237 	2013/12/09 									
51 	小米安卓手机操作系统软件 	V1.0 	2012SR037797 	2012/05/11 									
52 	“快视频”互联网短视频播放软件 	V1.0 	2017SR212931 	2017/05/26 									
53 	想看视频软件(Android 版) 	V1.0 	2017SR233885 	2017/06/05 									
54 	围观软件(Android 版) 	V1.0 	2017SR252275 	2017/06/09 									
55 	小米新应用技术柜架软件 	V1.0 	2017SR290748 	2017/06/20 									
56 	脸图软件 	V1.0 	2017SR304474 	2017/06/23 									
57 	米家有品电商应用软件 	V1.0 	2017SR378443 	2017/07/18 									
58 	小米贷款软件（Android 版） 	V1.0 	2017SR575607 	2017/10/19 									
59 	小米文件存储软件 	V1.0 	2017SR575965 	2017/10/19 									
60 	小米结构化存储软件 	V1.0 	2017SR575713 	2017/10/19 									
61 	全局搜索软件 	V1.0 	2017SR575615 	2017/10/19 									
62 	米家对讲机 APP 软件(iOS 版) 	V1.0 	2017SR149027 	2017/05/02 									
63 	米家对讲机 APP 软件(Android 版) 	V1.0 	2017SR239065 	2017/06/06 									
64 	哎呀宝贝系统软件(Android 版) 	V1.0 	2017SR582112 	2017/10/23 									
65 	小米 IoT 开放平台软件 	V1.0 	2017SR601937 	2017/11/02 									
66 	小米弹性消息队列系统 	V1.0 	2017SR620605 	2017/11/13 									
67 	小米生态云管理控制台软件 	V1.0 	2017SR620770 	2017/11/13 									
68 	小米浏览器软件 	V1.0 	2017SR649864 	2017/11/27 									
69 	小米音乐软件 	V2.0 	2017SR649802 	2017/11/27 									
70 	小米媒体平台系统 	V1.0 	2017SR649873 	2017/11/27 									
71 	小米 MIUI 操作系统软件 	V5.0 	2017SR633503 	2017/11/17 									
72 	小米广告平台排期系统 	V1.0 	2017SR649847 	2017/11/27 									
序号 	软件著作权名称 	版本 	注册号 	注册日期 									
73 	亿米广告投放系统软件 	V1.0 	2017SR649854 	2017/11/27 									
74 	Pegasus 分布式键值系统软件 	V1.0 	2017SR634974 	2017/11/20 									
75 	小米系统 N 软件(Android  版) 	V1.0 	2017SR642654 	2017/11/22 									
76 	小米系统 M 软件(Android  版) 	V1.0 	2017SR642526 	2017/11/22 									
77 	小米 MetokNLP 网络定位软件 	V1.0 	2017SR655541 	2017/11/29 									
78 	米阅小说软件 	V1.0 	2017SR692078 	2017/12/14 									
79 	小米主题服务系统 	V1.0 	2017SR670644 	2017/12/06 									
80 	视频播放 SDK 软件 	V1.0 	2018SR071755 	2018/01/30 									
81 	小米 MIUI 系统软件 	V1.0 	2013SR051124 	2013/05/29 									
82 	小米金融软件 	V1.0 	2015SR115582 	2015/06/25 									
83 	小米支付系统软件（PC 版） 	V1.0 	2015SR070668 	2015/04/28 									
84 	小米支付系统软件（Android 版） 	V1.0 	2015SR069815 	2015/04/27 									
85 	干脆贷贷款软件 	V1.0 	2017SR673143 	2017/12/07 									
													
序号 	域名 	ICP 备案主体 	到期日期 										
1 	mi.com 	小米科技有限责任公司 	2023-11-05 										
2 	xiaomi.com 	小米科技有限责任公司 	2020-07-22 										
3 	miui.com 	小米科技有限责任公司 	2022-12-05 										
4 	mipay.com 	北京小米支付技术有限公司 	2019-07-03 										
5 	miwifi.com 	小米科技有限责任公司 	2022-02-21 										
6 	miliao.com 	小米科技有限责任公司 	2020-04-29 										
7 	duokan.com 	北京多看科技有限公司 	2023-02-25 										
8 	xiaomi.cn 	小米科技有限责任公司 	2022-06-18 										
9 	miui.cn 	小米科技有限责任公司 	2020-06-24 										
10 	xiaomi.net 	小米科技有限责任公司 	2020-03-24 										
序号 	域名 	ICP 备案主体 	到期日期 										
11 	mipay.net 	捷付睿通股份有限公司 	2020-08-01 										
12 	mioffice.cn 	小米科技有限责任公司 	2020-07-20 										
13 	mi.cn 	小米科技有限责任公司 	2019-12-27 										
14 	mijiayoupin.com 	北京小米移动软件有限公司 	2020-12-01 										
15 	wali.com 	北京瓦力网络科技有限公司 	2020-05-01 										
													
序号 	土地使用权人 	土地使用权证号 	坐落 	面积（m2） 	使用权类型 	土地用途 	土地使用权终止日 	他项权利 					
1 	广州小米信息 	粤（ 2016）广州市不动产权第00227628号 	海珠区琶洲A区AH040238、AH040239地块 	12,013 	出让 	批发零售用地（051）、住宿餐饮用地（052）、商务金融用地（053） 	商业、旅游、娱乐用地至2056.02.19；综合或者其他用地至2066.02.19 	抵押担保中国农业银行股份有限公司固定资产借款合同（编号：44010420170000133）项下全部债权 					
2 	小米电子产品 	京（ 2016）开发区不动产权第0000001号 	北京市经济技术开发区路东区E6街区E6M-1地块 	106,517.9 	出让 	工业用地 	2065.11.02 	抵押担保中国农业银行股份有限公司固定资产借款合同（编号：11010420170000069）项下全部债权 					
3 	北京多看科技 	京（ 2016）海淀区不动产权第0000128号 	北京市海淀区安宁庄小米移动互联网产业园项目 	10,557.94 	出让 	研发设计、地下车库 	2066.04.12 	抵押担保固定资产贷款合同（编号：建京 2017年 134936字第 0145 号）项下全部债权 					
4 	小米科技 	京（ 2016）海淀区不动产权第0000127号 	北京市海淀区安宁庄小米移动互联网产业园项目 	16,716.74 	出让 	研发设计、地下车库 	2066.04.12 	抵押担保固定资产贷款合同（编号：建京 2017年 134936字第 0145 号）项下全部债权 					
5 	北京小米移动 	京（ 2016）海淀区不动产权第0000129号 	北京市海淀区安宁庄小米移动互联网产业园项目 	16,716.74 	出让 	研发设计、地下车库 	2066.04.12 	抵押担保固定资产贷款合同（编号：建京 2017年 134936字第 0145 号）项下全部债权 					
													
序号 	许可证 	业务种类/服务类型 	到期日 	颁发机关 									
1 	《增值电信业务经营许可证》（B1.B2-20150286） 	第一类增值电信业务中的互联网数据中心业务（仅限互联网资源协作服务）；第二类增值电信业务中的国内多方通信服务业务，业务覆盖范围为全国 	2020-05-07 	工信部 									
2 	《电信与信息服务业务经营许可证》（京 ICP 证 110507号） 	第二类增值电信业务中的信息服务业务（仅限互联网信息服务）。 许可网站范围包括 MIUI 官网、米聊官网、小米手机官网，服务项目不含新闻、出版、教育、医疗保健、药品和医疗器械，含电子公告服务 	2021-09-06 	北京市通信管理局 									
3 	《网络文化经营许可证》（京网文[2017]1530-131 号） 	利用信息网络经营音乐娱乐产品，游戏产品 	2020-01-31 	北京市文化局 									
4 	《增值电信业务经营许可证》（京B2-20180851） 	第二类增值电信业务中的在线数据处理与交易处理业务，仅限经营类电子商务不含互联网金融、网络预约出租汽车服务 	2023-05-31 	北京市通信管理局 									
5 	《互联网药品信息服务资格证书》（编号：（京）非经营性2014-0090 号） 	同意小米科技取得互联网药品信息服务资格，服务性质为非经营性 	2019-12-16 	北京市食品药品监督管理局 									
6 	医疗器械网络交易服务第三方平台备案凭证（备案编号（京）网械平台备字（2018）第 00005号） 	就小米科技 xiaomi.com 和mi.com 网站进行医疗器械网络交易第三方平台备案 	不适用 	北京市食品药品监督管理局 									
7 	移动通信转售业务批文 	移动通信转售业务 	不适用 	工信部 									
8 	食品经营许可证（JY11108171770977） 	食品销售（网络销售含网络经营），经营项目包括：预包装食品销售，含冷藏冷冻食品；特殊食品销售，限保健食品、特殊医学用途配方食品、婴幼儿配方乳品、其他婴幼儿配方食品 	2023-04-17 	北京市海淀区食品药品监督管理局 									
序号 	许可证 	业务种类/服务类型 	到期日 	颁发机关 									
1 	《电信与信息服务业务经营许可证》（京 ICP 证 110335号） 	第二类增值电信业务中的信息服务业务（仅限互联网信息服务）。互联网信息服务不含新闻、出版、教育、医疗保健、药品和医疗器械，含电子公告服务 	2021-10-12 	北京市通信管理局 									
2 	《网络文化经营许可证》（京网文[2016]4708-608 号） 	网络文化经营，经营范围为利用信息网络经营演出剧（节）目、表演，动漫产品，游戏产品（含网络游戏虚拟货币发行） 	2019-09-18 	北京市文化局 									
													
序号 	许可证 	业务种类/服务类型 	到期日 	颁发机关 									
1 	《网络出版服务许可证》（（总）网出证（京）字第 070 号） 	中国内地已正式出版图书、期刊内容的网络（含手机网络）传播 	2021-12-31 	国家新闻出版广电总局 									
2 	《增值电信业务经营许可证》（京B2-20180590） 	第二类增值电信业务中的信息服务业务（仅限互联网信息服务）。含出版；不含信息搜索查询服务、信息即时交互服务。 	2023-04-11 	北京市通信管理局 									
													
序号 	许可证 	业务种类/服务类型 	到期日 	颁发机关 									
1 	《增值电信业务经营许可证》（蒙B2-20110006） 	第二类增值电信业务中的信息服务业务（不含互联网信息服务），业务覆盖范围：内蒙古自治区 第二类增值电信业务中的信息服务业务（仅限互联网信息服务），服务项目：不含信息即时交互服务、信息搜索查询服务。 	2021-06-30 	内蒙古自治区通信管理局 									
2 	《支付业务许可证》（Z2003215000014） 	互联网支付、移动电话支付、银行卡收单 	2021-08-28 	中国人民银行 									
													
序号 	技术名称 	技术特点 	技术特点 	技术来源 									
1 	全面屏手机无线通信技术 	针对全面屏手机较为恶劣的辐射环境，窄带宽，高损耗的条件下，利用 SOI等工艺的调谐器件如 Switch PTIC 等，进行有源调谐天线方案设计，达到带宽复用，实现小净空高性能的目的。 	针对全面屏手机较为恶劣的辐射环境，窄带宽，高损耗的条件下，利用 SOI等工艺的调谐器件如 Switch PTIC 等，进行有源调谐天线方案设计，达到带宽复用，实现小净空高性能的目的。 	自主研发 									
2 	手机多天线智能切换技术 	在射频前端利用 SOI/CMOS 等工艺的交叉开关器件，利用驻波检测、信号强度测量、信号质量评估等方法，将不同链路上的同频天线进行多级切换调用，实现不同手机使用场景下利用不同天线作为主集收发，分集接收的功能，达到无线性能的择优选择。 	在射频前端利用 SOI/CMOS 等工艺的交叉开关器件，利用驻波检测、信号强度测量、信号质量评估等方法，将不同链路上的同频天线进行多级切换调用，实现不同手机使用场景下利用不同天线作为主集收发，分集接收的功能，达到无线性能的择优选择。 	自主研发 									
3 	手机终端自动化测试技术 	采用 PC 端计算机语言控制通信网络综合测试仪器，矢量网络分析仪器，频谱分析仪器等设备，与手机端 Android 系统软件连接通信，在微波暗室等无反射	采用 PC 端计算机语言控制通信网络综合测试仪器，矢量网络分析仪器，频谱分析仪器等设备，与手机端 Android 系统软件连接通信，在微波暗室等无反射	自主研发 									
序号 	技术名称 	技术特点 	技术特点 	技术来源 									
环境内进行工业自动化形式的测试，实现一键控制测量并获取包含射频前端传导数值，天线辐射 OTA数值，电磁兼容参数等一系列手机无线通信相关硬件指标，并根据测试计划进行软硬件系统配置，测试 DUT 配置及安排，测试计划执行，测试报告分析，测试问题管理。达到提升研发效率，提高测量精度的目的。 	环境内进行工业自动化形式的测试，实现一键控制测量并获取包含射频前端传导数值，天线辐射 OTA数值，电磁兼容参数等一系列手机无线通信相关硬件指标，并根据测试计划进行软硬件系统配置，测试 DUT 配置及安排，测试计划执行，测试报告分析，测试问题管理。达到提升研发效率，提高测量精度的目的。 												
根据 5G 通信标准和市场应用的需求，利用射频电路系统设计、多天线设计技术和智能天线调谐技术，设计具有竞争力的可商用化多模终端。在 Sub-6G 天线设计上采用兼容 SA及 NSA的频率共存设计概念，同时采用有源可调谐技术并保证多路发射时的 SAR值不超限值。在毫米波天线设计上采用天线+射频前端 SIW/AIP 等封装多模组化，以达到 EIRP 性能最优且 Spherical coverage 覆盖最广的目的。 	根据 5G 通信标准和市场应用的需求，利用射频电路系统设计、多天线设计技术和智能天线调谐技术，设计具有竞争力的可商用化多模终端。在 Sub-6G 天线设计上采用兼容 SA及 NSA的频率共存设计概念，同时采用有源可调谐技术并保证多路发射时的 SAR值不超限值。在毫米波天线设计上采用天线+射频前端 SIW/AIP 等封装多模组化，以达到 EIRP 性能最优且 Spherical coverage 覆盖最广的目的。 	自主研发 											
全球首家设计悬臂梁结构，结合压电陶瓷技术，在全面屏手机产品上实现无孔发声技术。 	全球首家设计悬臂梁结构，结合压电陶瓷技术，在全面屏手机产品上实现无孔发声技术。 	自主研发 											
全球首家通过硬件双 ADC 设计，结合自研软件算法，在手机上实现高清高动态范围录音。做到小声音更清晰，大声音不破音。 	全球首家通过硬件双 ADC 设计，结合自研软件算法，在手机上实现高清高动态范围录音。做到小声音更清晰，大声音不破音。 	自主研发 											
通过设计声学导声管结构，采用扩张管设计在全面屏手机产品上实现无孔发声技术。 	通过设计声学导声管结构，采用扩张管设计在全面屏手机产品上实现无孔发声技术。 	自主研发 											
通过集成超声波发射、接收器件，结合缝隙结构，在全面屏手机产品上实现声学距离传感器检测应用。 	通过集成超声波发射、接收器件，结合缝隙结构，在全面屏手机产品上实现声学距离传感器检测应用。 	率先应用 											
充分利用陶瓷材料的耐用性和温润如玉的质感，使陶 瓷 材料应 用 在手 机 机 身上 ， 全 球首 发 了陶瓷Unibody 一体化机身。并结合当前精密的数控加工技术，使难加工的陶瓷材质也可以做到精准的尺寸。陶瓷的使用已经成为小米手机的差异化的标识，同时温润如玉的质感是其它材质无法比拟的，体现了高端产品对优雅和对美的追求。 	充分利用陶瓷材料的耐用性和温润如玉的质感，使陶 瓷 材料应 用 在手 机 机 身上 ， 全 球首 发 了陶瓷Unibody 一体化机身。并结合当前精密的数控加工技术，使难加工的陶瓷材质也可以做到精准的尺寸。陶瓷的使用已经成为小米手机的差异化的标识，同时温润如玉的质感是其它材质无法比拟的，体现了高端产品对优雅和对美的追求。 	第 三 方 材 料 加工，自主结构设计、制程开发 											
基于自主创新的全面屏形态、创新的前置摄像头堆叠和创新的榫卯结构设计，结合合作开发的超声波距离传感器、悬臂梁发声、导声管发声等一系列创新技术实现了全面屏手机新形态，引领了行业全面屏发展潮流。 	基于自主创新的全面屏形态、创新的前置摄像头堆叠和创新的榫卯结构设计，结合合作开发的超声波距离传感器、悬臂梁发声、导声管发声等一系列创新技术实现了全面屏手机新形态，引领了行业全面屏发展潮流。 	自主创新/自主研发 											
基于玻璃热弯加工的技术，将热弯玻璃应用在手机后盖上，不但实现了手机材质的晶莹剔透感，更是提供了平面玻璃无法提供的良好握感；同时通过自主开发的制程实现了曲面玻璃尺寸的精确控制及精致外观。 	基于玻璃热弯加工的技术，将热弯玻璃应用在手机后盖上，不但实现了手机材质的晶莹剔透感，更是提供了平面玻璃无法提供的良好握感；同时通过自主开发的制程实现了曲面玻璃尺寸的精确控制及精致外观。 	第 三 方 材 料 加工，自主结构设计、制程开发 											
基于自主创新的结构设计，解决了不锈钢生产难、良率低下的行业难题，国内率先实现了不锈钢机身的大规模批量生产。不锈钢机身强度好，抗划伤，高光光泽效果好，金属质感，用户体验好。 	基于自主创新的结构设计，解决了不锈钢生产难、良率低下的行业难题，国内率先实现了不锈钢机身的大规模批量生产。不锈钢机身强度好，抗划伤，高光光泽效果好，金属质感，用户体验好。 	第 三 方 材 料 加工，自主结构设计、制程开发 											
解决手机重要手机信息可能被非法篡改的问题。通过公钥加密体系，配合手机文件系统特性，在工厂将重要信息签名，私钥存储于手机保护分区。 每次	解决手机重要手机信息可能被非法篡改的问题。通过公钥加密体系，配合手机文件系统特性，在工厂将重要信息签名，私钥存储于手机保护分区。 每次	自主研发 											
序号 	技术名称 	技术特点 	技术特点 	技术来源 									
开机启动时用手机端的公钥进行验签，如果被篡改，直接提示用户。 极大限度保护用户隐私安全。 	开机启动时用手机端的公钥进行验签，如果被篡改，直接提示用户。 极大限度保护用户隐私安全。 												
高压快充技术包括支持 USB PD 和电荷泵的充电器。该技术在手机连接充电器时，首先通过 PD 协议与充电器进行通信，验证充电器的身份及能力。并通过判断当前电池状态，并据此选择不同的充电算法，实现快速充电，并同时减少发热。 	高压快充技术包括支持 USB PD 和电荷泵的充电器。该技术在手机连接充电器时，首先通过 PD 协议与充电器进行通信，验证充电器的身份及能力。并通过判断当前电池状态，并据此选择不同的充电算法，实现快速充电，并同时减少发热。 	自主研发 											
该技术通过检测手机姿态、外设物理状态等，动态调整手机的射频参数和接口状态。 	该技术通过检测手机姿态、外设物理状态等，动态调整手机的射频参数和接口状态。 	自主研发 											
该技术可以让用户不插入实体 SIM 卡，使用虚拟SIM 卡实现上网的功能。用户可以从云端获取 SIM卡的核心参数，并以此实现用户身份的鉴权等操作，实现无实体 SIM 卡上网的功能。 	该技术可以让用户不插入实体 SIM 卡，使用虚拟SIM 卡实现上网的功能。用户可以从云端获取 SIM卡的核心参数，并以此实现用户身份的鉴权等操作，实现无实体 SIM 卡上网的功能。 	自主研发 											
基于海量用户电池数据进行分析，并以此进行故障预测等。 	基于海量用户电池数据进行分析，并以此进行故障预测等。 	自主研发 											
基于芯片级开发，从源头直接预防，让服务器对手机生成的随机数和唯一 ID 进行签名， 巧妙的分离了联网功能和验证功能，既解决了系统启动早期手机无法联网的问题，又芯片级源头控制了可能的黑客操作。 	基于芯片级开发，从源头直接预防，让服务器对手机生成的随机数和唯一 ID 进行签名， 巧妙的分离了联网功能和验证功能，既解决了系统启动早期手机无法联网的问题，又芯片级源头控制了可能的黑客操作。 	自主研发 											
生产过程需要多次重启手机，并且流线检测环境也需要对手机内存进行多次读写，过程中有可能发生重要数据丢失或数据异常，采用在工厂工站增加重要信息管控流程，在最后工站再次对重要信息进行自动分析判读处理，确保硬件/软件没有异常。 	生产过程需要多次重启手机，并且流线检测环境也需要对手机内存进行多次读写，过程中有可能发生重要数据丢失或数据异常，采用在工厂工站增加重要信息管控流程，在最后工站再次对重要信息进行自动分析判读处理，确保硬件/软件没有异常。 	自主研发 											
智能情景识别使用机器学习的方式识别用户的使用场景。是通过服务器端和手机端相互协作完成，使用 XGBoost 的算法训练模型，在手机端离线进行预测，识别用户的场景，降低手机的功耗，整理碎片提升手机的性能；同时加上离线的 Kmeans++聚类算法，识别出用户情景，通过 fakegps 的客户端技术来降低系统功耗。 	智能情景识别使用机器学习的方式识别用户的使用场景。是通过服务器端和手机端相互协作完成，使用 XGBoost 的算法训练模型，在手机端离线进行预测，识别用户的场景，降低手机的功耗，整理碎片提升手机的性能；同时加上离线的 Kmeans++聚类算法，识别出用户情景，通过 fakegps 的客户端技术来降低系统功耗。 	自主研发 											
通过芯片级防伪，在用户注册之前，对基站特征值进行判别，对异常基站做标注，降低直至取消注册权限，作为第一级防护；同时通过机器学习模型识别短信文本的方式来判断文本，通过朴素贝叶斯算法和 XGboost 算法进行模型融合在手机端加载进行离线预测，对伪基站短信进行智能的提醒和拦截。双重保护，确保更加准确安全。 	通过芯片级防伪，在用户注册之前，对基站特征值进行判别，对异常基站做标注，降低直至取消注册权限，作为第一级防护；同时通过机器学习模型识别短信文本的方式来判断文本，通过朴素贝叶斯算法和 XGboost 算法进行模型融合在手机端加载进行离线预测，对伪基站短信进行智能的提醒和拦截。双重保护，确保更加准确安全。 	自主研发 											
在终端设备上，实现了对整个显示系统的协同控制和效果优化，通过标准模式、增强模式、智能环境适应等多个模式实现了对亮度、对比度、饱和度、功耗、色彩准确性、motion  blur 等多个指标进行做优化配置，为用户提供了更好的显示系统。 	在终端设备上，实现了对整个显示系统的协同控制和效果优化，通过标准模式、增强模式、智能环境适应等多个模式实现了对亮度、对比度、饱和度、功耗、色彩准确性、motion  blur 等多个指标进行做优化配置，为用户提供了更好的显示系统。 	自主研发 											
目前的显示设备当中，由于生产工艺的限制，很难保证屏幕色温的一致性；即便是花重金保证了显示色温的一致性，但由于用户的喜好千差万别，因人而异，导致用户对屏幕色温的抱怨也是不绝于耳。本技术使用软件算法的方式，以极低的成本实现了	目前的显示设备当中，由于生产工艺的限制，很难保证屏幕色温的一致性；即便是花重金保证了显示色温的一致性，但由于用户的喜好千差万别，因人而异，导致用户对屏幕色温的抱怨也是不绝于耳。本技术使用软件算法的方式，以极低的成本实现了	自主研发 											
序号 	技术名称 	技术特点 	技术特点 	技术来源 									
16 万种色温的显示，让用户接近所见即所得的方式实现了喜好色温的选择，提升用户满意度。 	16 万种色温的显示，让用户接近所见即所得的方式实现了喜好色温的选择，提升用户满意度。 												
目前大部分手机上使用了环境光自动调整方案，以适应在不同环境亮度下屏幕亮度的适配，但是很多手机还会有很多的用户抱怨，很难满足用户需求。本方案使用高精度的背光电路，结合高精度的控制算法，适配人眼视紫红质的消亡和再生曲线，满足大部分用户对亮度的需求。同时根据特殊用户有自学习方法，让用户越用越满意。 	目前大部分手机上使用了环境光自动调整方案，以适应在不同环境亮度下屏幕亮度的适配，但是很多手机还会有很多的用户抱怨，很难满足用户需求。本方案使用高精度的背光电路，结合高精度的控制算法，适配人眼视紫红质的消亡和再生曲线，满足大部分用户对亮度的需求。同时根据特殊用户有自学习方法，让用户越用越满意。 	自主研发 											
我们将用户使用手机看内容时定义为交互模式，而不用看屏幕时，定义为非交互模式。检测方法是在sensor hub 当中，根据接近距离传感器、环境光传感器、加速度传感器检测出用户的使用状态，当非交互模式时，可以关闭指纹、TP、LCD、消息通知、LED 等节省功耗，关闭某些器件的开启功能，防止误触，极大提升用户体验。 	我们将用户使用手机看内容时定义为交互模式，而不用看屏幕时，定义为非交互模式。检测方法是在sensor hub 当中，根据接近距离传感器、环境光传感器、加速度传感器检测出用户的使用状态，当非交互模式时，可以关闭指纹、TP、LCD、消息通知、LED 等节省功耗，关闭某些器件的开启功能，防止误触，极大提升用户体验。 	自主研发 											
随着全面屏的普及，手机 Touch 的误触越来严重，严重影响了用户体验。有的厂家在 TP 硬件当中做全屏的区域抑制，这样导致在某些游戏场景，响应迟钝，导致用户抱怨抑制过度。本方案在根据特定的应用场景，设定特定的抑制区域，启动特定服务检查当前前台的 app，根据云端配置的抑制区域，决定如何抑制，做到程序的抑制差异。做大程度的满足了各类应用程序的抑制需求。 	随着全面屏的普及，手机 Touch 的误触越来严重，严重影响了用户体验。有的厂家在 TP 硬件当中做全屏的区域抑制，这样导致在某些游戏场景，响应迟钝，导致用户抱怨抑制过度。本方案在根据特定的应用场景，设定特定的抑制区域，启动特定服务检查当前前台的 app，根据云端配置的抑制区域，决定如何抑制，做到程序的抑制差异。做大程度的满足了各类应用程序的抑制需求。 	自主研发 											
由于手机 TP 的电容特性和 FOD 的低灵敏度特性，手机的贴膜对用户体验的影响很大，所以检测出贴膜之后动态适配有很大意义。本方案使用机器学习的方法，检测出贴膜的特性，动态判断贴膜状态，极大改善了对贴膜有影响的体验。 	由于手机 TP 的电容特性和 FOD 的低灵敏度特性，手机的贴膜对用户体验的影响很大，所以检测出贴膜之后动态适配有很大意义。本方案使用机器学习的方法，检测出贴膜的特性，动态判断贴膜状态，极大改善了对贴膜有影响的体验。 	自主研发 											
以往经常收到手机屏幕在夜晚使用太过刺眼，希望能够给出合适的屏幕亮度。本方案使用低亮度的背光驱动芯片，结合软件映射算法，实现低亮度的支持。同时分析显示内容，根据显示内容小范围动态设置背光等级，顺滑切换。根据夜光屏的使用场景，使用算法滤除蓝光，全方位提升人眼体验。 	以往经常收到手机屏幕在夜晚使用太过刺眼，希望能够给出合适的屏幕亮度。本方案使用低亮度的背光驱动芯片，结合软件映射算法，实现低亮度的支持。同时分析显示内容，根据显示内容小范围动态设置背光等级，顺滑切换。根据夜光屏的使用场景，使用算法滤除蓝光，全方位提升人眼体验。 	自主研发 											
传统手机录音时，使用相同的 mic 增益，录出来的声音要么太大，要么太小，究其原因是因为录音之前原本不知道音源的大小，很难设置录音增益，本方案使用双 ADC 方案，一个采用高增益，一个使用低增益，扩大了录音的动态范围，使用软件算法将高低增益录出的数据结合，获得原有的数据量，但声音的动态范围大大优化。 	传统手机录音时，使用相同的 mic 增益，录出来的声音要么太大，要么太小，究其原因是因为录音之前原本不知道音源的大小，很难设置录音增益，本方案使用双 ADC 方案，一个采用高增益，一个使用低增益，扩大了录音的动态范围，使用软件算法将高低增益录出的数据结合，获得原有的数据量，但声音的动态范围大大优化。 	自主研发 											
目前市场上的语音唤醒都不能和录音同时存在，这样导致很多录音场景时语音唤醒技术不能使用，极大的影响了用户体验，我们通过语音架构的重新设计，在 Android 上实现了多路语音同时录入的功能，优化了语音唤醒的用户体验。 	目前市场上的语音唤醒都不能和录音同时存在，这样导致很多录音场景时语音唤醒技术不能使用，极大的影响了用户体验，我们通过语音架构的重新设计，在 Android 上实现了多路语音同时录入的功能，优化了语音唤醒的用户体验。 	自主研发 											
音效算法包括各手机项目的扬声器音效和小米耳机音效。音效算法模块包括频响补偿，均衡器，动态	音效算法包括各手机项目的扬声器音效和小米耳机音效。音效算法模块包括频响补偿，均衡器，动态	自主研发 											
序号 	技术名称 	技术特点 	技术特点 	技术来源 									
范围调整，限幅器，虚拟低频等。目前，自研算法具备良好的工程结果和主观结果。使用自研的扬声器音效和调校可以更好地在各个手机项目上进行迭代，自我把控响度、风格和音质的迭代。 	范围调整，限幅器，虚拟低频等。目前，自研算法具备良好的工程结果和主观结果。使用自研的扬声器音效和调校可以更好地在各个手机项目上进行迭代，自我把控响度、风格和音质的迭代。 												
采用了一体式镜头设计,模组内部电容电感放在模组背部,这样最大限度减少模组尺寸,以达到配合手机全面屏的情况下不取消前置摄像头的目的。 	采用了一体式镜头设计,模组内部电容电感放在模组背部,这样最大限度减少模组尺寸,以达到配合手机全面屏的情况下不取消前置摄像头的目的。 	自主研发 											
具有电子产品广泛应用的先进锂离子电芯（Cell）的开发和应用能力，拥有独立自主的锂离子电芯的保护设计、开发能力。对应用于特殊要求的电池安全设计、耐低温性、耐高温性、快充等电池包（Pack）设计拥有自主研发能力。基于 UL1642、UL2054、GB31241 等标准对电池进行安全检测。 	具有电子产品广泛应用的先进锂离子电芯（Cell）的开发和应用能力，拥有独立自主的锂离子电芯的保护设计、开发能力。对应用于特殊要求的电池安全设计、耐低温性、耐高温性、快充等电池包（Pack）设计拥有自主研发能力。基于 UL1642、UL2054、GB31241 等标准对电池进行安全检测。 	自主研发 											
屏幕的外观形态，更窄更薄。更适应与全面屏超大屏占比的 mobile device 	屏幕的外观形态，更窄更薄。更适应与全面屏超大屏占比的 mobile device 	自主研发+供应商配合 											
屏内集成多种新功能 	屏内集成多种新功能 	自主研发+供应商配合 											
柔性屏幕 D，悬空屏幕，全息显示 	柔性屏幕 D，悬空屏幕，全息显示 	自主研发+供应商配合 											
更好跟手性，智能处理边缘误报点。边缘触控技术，悬浮触控技术 	更好跟手性，智能处理边缘误报点。边缘触控技术，悬浮触控技术 	自主研发+供应商配合 											
更低功耗，更高色域，更好的阳光下显示技术，更好的暗光下显示技术 	更低功耗，更高色域，更好的阳光下显示技术，更好的暗光下显示技术 	自主研发 											
系统包括关键性能数据量化，性能问题实时分析，捕获问题发生路径，服务器数据统计和学习；帮助定位和解决大量设备中的性能问题，涉及应用、中间层、虚拟机、操作系统各个软件层次的各类问题，提升设备的整体性能表现。基于互联网云计算技术，实现对 MIUI 系统质量实时监控预警。 	系统包括关键性能数据量化，性能问题实时分析，捕获问题发生路径，服务器数据统计和学习；帮助定位和解决大量设备中的性能问题，涉及应用、中间层、虚拟机、操作系统各个软件层次的各类问题，提升设备的整体性能表现。基于互联网云计算技术，实现对 MIUI 系统质量实时监控预警。 	自主研发 											
系统能够依据全面的运行状态，实时生成各类软硬件资源的完整依赖链路，进而高效地进行资源调度，涉及芯片驱动、任务调度、内存管理、文件系统、网络带宽等核心模块，大幅减少资源的浪费和等待现象，提升系统的运行性能。 	系统能够依据全面的运行状态，实时生成各类软硬件资源的完整依赖链路，进而高效地进行资源调度，涉及芯片驱动、任务调度、内存管理、文件系统、网络带宽等核心模块，大幅减少资源的浪费和等待现象，提升系统的运行性能。 	自主研发 											
包括手机端无线网络带宽资源智能分配技术；本地无线数据包加速技术，基础网络抗干扰技术，达到低延迟、抗丢包的目的；扩展 IEEE 802.11 协议，实现 IoT 设备快速发现和连接；无线网络自动化测试分析平台，支持网络连通性、连接性、延迟的监控和各种日志提取；系统网络异常在线诊断分析技术，支持用户侧网络异常的在线监控/诊断/分析。 	包括手机端无线网络带宽资源智能分配技术；本地无线数据包加速技术，基础网络抗干扰技术，达到低延迟、抗丢包的目的；扩展 IEEE 802.11 协议，实现 IoT 设备快速发现和连接；无线网络自动化测试分析平台，支持网络连通性、连接性、延迟的监控和各种日志提取；系统网络异常在线诊断分析技术，支持用户侧网络异常的在线监控/诊断/分析。 	自主研发 											
通过系统自动检测机制预判应用的恶意行为，根据其恶意级别采用相应的策略；包括系统底层限制其对资源的使用配额，如广播、消息队列、内容提供者、唤醒锁、网络等，高级别的恶意应用直接采用冻结以及强杀策略，从而保障系统健壮运行。 	通过系统自动检测机制预判应用的恶意行为，根据其恶意级别采用相应的策略；包括系统底层限制其对资源的使用配额，如广播、消息队列、内容提供者、唤醒锁、网络等，高级别的恶意应用直接采用冻结以及强杀策略，从而保障系统健壮运行。 	自主研发 											
保护设备固件安全，将设备固件的刷写能力与帐号系统相关联,有效杜绝设备固件通过非授权方式被降	保护设备固件安全，将设备固件的刷写能力与帐号系统相关联,有效杜绝设备固件通过非授权方式被降	自主研发 											
序号 	技术名称 	技术特点 	技术特点 	技术来源 									
级或篡改,保证用户软件运行环境以及用户数据的安全性。同时保留合法用户修改,定制系统固件的能力,为特殊用户提供给定制化能力。 	级或篡改,保证用户软件运行环境以及用户数据的安全性。同时保留合法用户修改,定制系统固件的能力,为特殊用户提供给定制化能力。 												
针对手机用户难以辨别陌生来电的问题，通过用户众包标记上报方法、使用分布式大数据处理技术及多种机器学习分类技术，对陌生来电号码类别进行智能预测；通过机器学习异常检测技术，实现对恶意上报的防控；通过机器学习文本语义理解技术，实现用户反馈文本的自动化处理，进而实现对号码类型的自动洗白及纠错。 	针对手机用户难以辨别陌生来电的问题，通过用户众包标记上报方法、使用分布式大数据处理技术及多种机器学习分类技术，对陌生来电号码类别进行智能预测；通过机器学习异常检测技术，实现对恶意上报的防控；通过机器学习文本语义理解技术，实现用户反馈文本的自动化处理，进而实现对号码类型的自动洗白及纠错。 	自主研发 											
基于图像处理技术，支持移动端和云端，可用于各类复杂场景中的去人去线技术，只需要进行简单交互，即可自动去除人和线等物体，自动补全背景。 	基于图像处理技术，支持移动端和云端，可用于各类复杂场景中的去人去线技术，只需要进行简单交互，即可自动去除人和线等物体，自动补全背景。 	自主研发 											
快应用技术结合了 Web 应用和原生应用各自的优点： 快应用技术实现了大部分常用的 W3C 标准元素和通用的 CSS 属性及动画，开发者可以使用易于开发的 Web 技术创建快应用。 快应用引擎会将前端页面进行原生渲染，加入了高性能的容器标签并引入了回收复用机制，使快应用在运行时能获得与原生应用相匹敌的体验，降低了内存消耗。 快应用引擎同时也提供了完善的本地能力支持，可以实现更复杂的功能。 	快应用技术结合了 Web 应用和原生应用各自的优点： 快应用技术实现了大部分常用的 W3C 标准元素和通用的 CSS 属性及动画，开发者可以使用易于开发的 Web 技术创建快应用。 快应用引擎会将前端页面进行原生渲染，加入了高性能的容器标签并引入了回收复用机制，使快应用在运行时能获得与原生应用相匹敌的体验，降低了内存消耗。 快应用引擎同时也提供了完善的本地能力支持，可以实现更复杂的功能。 	原始创新 											
快应用平台支持高效对快应用 app 进行分发的能力，结合各种场景化的入口，用户可以在体验到快应用即点即用，应用间无缝连接的特性，第一时间可以获得最新的服务。 	快应用平台支持高效对快应用 app 进行分发的能力，结合各种场景化的入口，用户可以在体验到快应用即点即用，应用间无缝连接的特性，第一时间可以获得最新的服务。 	原始创新 											
小米推送平台构建一个全平台多功能的高效消息送达系统。 1、功能丰富：和原生的谷歌 FCM 推送相比，实现了基于别名、多设备账号、用户分组和广播等丰富推送模式。推送平台还支持了消息发送的确认回执、点击回执的统计，和支持用户分组发送对比，极大便利了开发者的发送和集成。 2、全平台覆盖：同时小米推送集成了苹果的 APNS推送平台，并对其他手机做了大量适配，提供了非小米设备的高送达解决方案。 3、小米推送结合了手机应用推送消息共享长连接信道和多功能的推送支持。多应用共享长连接和小米推送特有的二进制消息格式大大降级了功耗。 	小米推送平台构建一个全平台多功能的高效消息送达系统。 1、功能丰富：和原生的谷歌 FCM 推送相比，实现了基于别名、多设备账号、用户分组和广播等丰富推送模式。推送平台还支持了消息发送的确认回执、点击回执的统计，和支持用户分组发送对比，极大便利了开发者的发送和集成。 2、全平台覆盖：同时小米推送集成了苹果的 APNS推送平台，并对其他手机做了大量适配，提供了非小米设备的高送达解决方案。 3、小米推送结合了手机应用推送消息共享长连接信道和多功能的推送支持。多应用共享长连接和小米推送特有的二进制消息格式大大降级了功耗。 	自主研发 											
当用户在光线较暗的场景下阅读网页时，调整页面整体背景色，并且根据页面元素的颜色、亮度、背景等属性，重新调整元素与颜色相关的属性，既在一定程度上保持原有色彩区别度，又将页面整体亮度降低，提升用户的阅读体验。 	当用户在光线较暗的场景下阅读网页时，调整页面整体背景色，并且根据页面元素的颜色、亮度、背景等属性，重新调整元素与颜色相关的属性，既在一定程度上保持原有色彩区别度，又将页面整体亮度降低，提升用户的阅读体验。 	原始创新 											
浏览器实现了完全兼容 HTML5 标准的页面前进后退导航机制，  支持 Web 页面浏览状态的保存和恢复，同时通过页面预加载、动态预渲染等机制完成流畅和平滑的页面导航体验。同时实现了基于应用动态内存状态的页面内存回收机制，优化浏览器多	浏览器实现了完全兼容 HTML5 标准的页面前进后退导航机制，  支持 Web 页面浏览状态的保存和恢复，同时通过页面预加载、动态预渲染等机制完成流畅和平滑的页面导航体验。同时实现了基于应用动态内存状态的页面内存回收机制，优化浏览器多	自主研发 											
序号 	技术名称 	技术特点 	技术特点 	技术来源 									
个页面导航历史场景下的内存占用。浏览器也通过这一技术支持手势滑动导航的交互体验。 	个页面导航历史场景下的内存占用。浏览器也通过这一技术支持手势滑动导航的交互体验。 												
扩展系统资源加载过程，支持基于 zip 的主题内容。无需修改第三方 app，即可对 app 内资源进行替换，从而定制出设计师所需的主题 UI。 	扩展系统资源加载过程，支持基于 zip 的主题内容。无需修改第三方 app，即可对 app 内资源进行替换，从而定制出设计师所需的主题 UI。 	原始创新 											
一套基于 xml 的接近通用的界面描述语言和图形渲染引擎，在一定需求下可用于开发风格多变的用户界面。可方便地通过更换皮肤改变界面风格、动画甚至交互方式。 	一套基于 xml 的接近通用的界面描述语言和图形渲染引擎，在一定需求下可用于开发风格多变的用户界面。可方便地通过更换皮肤改变界面风格、动画甚至交互方式。 	原始创新 											
为用户提供高品质的应用市场服务，在应用分发功能上支持多维度云端适配过滤机制，应用增量升级，支持 MIUI 系统应用自升级等关键技术，利用自研的应用评价管理方法，为用户提供客观、公正的高品质应用。利用大数据技术结合应用程序推荐方法，为用户提供个性化的应用推荐服务，更好的满足用户需求。 	为用户提供高品质的应用市场服务，在应用分发功能上支持多维度云端适配过滤机制，应用增量升级，支持 MIUI 系统应用自升级等关键技术，利用自研的应用评价管理方法，为用户提供客观、公正的高品质应用。利用大数据技术结合应用程序推荐方法，为用户提供个性化的应用推荐服务，更好的满足用户需求。 	自主研发 											
为不同格式的文档提供了统一的处理模型，屏蔽了文档格式之间的差异，实现了文档格式的透明化，同时将文件解析、排版、绘制过程模式化，不同文档格式使用相同的处理模式，可快速扩展支持新的文档格式。 	为不同格式的文档提供了统一的处理模型，屏蔽了文档格式之间的差异，实现了文档格式的透明化，同时将文件解析、排版、绘制过程模式化，不同文档格式使用相同的处理模式，可快速扩展支持新的文档格式。 	自主研发 											
为文档排版特别设计了 CSS+HTML 解析、布局和渲染引擎，支持画廊，首字下沉、文字环绕等特效，独立研发的可交互文档控件，实现文档中嵌入可交互插图、画廊、全屏插图页，代码块等控件，结合智能终端设备特性，提升电子书文档阅读体验；智能识别文档正文字体和装饰设计字体并支持更换正文字体为用户指定字体；支持提取 PDF 固定排版内容，支持照片文字重排，自动提取识别照片中的文字、图形、表格， 并根据终端屏幕尺寸重新绘制排版，适配移动终端尤其是小屏幕终端上的阅读 PDF，图片展示;文档批注智能升级,支持将添加到原始文档内容上的用户批注信息，智能匹配到修订后的文档内容上，实现用户批注不受文档本身内容修订影响。 	为文档排版特别设计了 CSS+HTML 解析、布局和渲染引擎，支持画廊，首字下沉、文字环绕等特效，独立研发的可交互文档控件，实现文档中嵌入可交互插图、画廊、全屏插图页，代码块等控件，结合智能终端设备特性，提升电子书文档阅读体验；智能识别文档正文字体和装饰设计字体并支持更换正文字体为用户指定字体；支持提取 PDF 固定排版内容，支持照片文字重排，自动提取识别照片中的文字、图形、表格， 并根据终端屏幕尺寸重新绘制排版，适配移动终端尤其是小屏幕终端上的阅读 PDF，图片展示;文档批注智能升级,支持将添加到原始文档内容上的用户批注信息，智能匹配到修订后的文档内容上，实现用户批注不受文档本身内容修订影响。 	自主研发 											
基于硬件层的安全计算技术，结合数据加密、云端识别等技术，建立 MIUI 系统级真机识别方案，为小米各个业务方（包括金融、支付、设备激活等）提供统一便捷有效的真实设备鉴别能力。 	基于硬件层的安全计算技术，结合数据加密、云端识别等技术，建立 MIUI 系统级真机识别方案，为小米各个业务方（包括金融、支付、设备激活等）提供统一便捷有效的真实设备鉴别能力。 	自主研发 											
结合区块链、密码学、同态加密、HyperLogLog 等多种技术和算法，实现多方数据协作，进行人群匹配和用户群分析。实现了数据分析能力的扩展，提供了更广泛的数据应用场景。 	结合区块链、密码学、同态加密、HyperLogLog 等多种技术和算法，实现多方数据协作，进行人群匹配和用户群分析。实现了数据分析能力的扩展，提供了更广泛的数据应用场景。 	自主研发 											
功耗测试场景模拟云端配置；定点、动态模拟用户耗电场景，统计和分析的功耗情况；实现对 Android系统（包括软件和硬件）功耗情况的准确、无差别检测。 	功耗测试场景模拟云端配置；定点、动态模拟用户耗电场景，统计和分析的功耗情况；实现对 Android系统（包括软件和硬件）功耗情况的准确、无差别检测。 	原始创新 											
通过城市公交标识的预存储机制，获得了不同城市公交系统对应的剩余金额，再利用刷卡器和消费金	通过城市公交标识的预存储机制，获得了不同城市公交系统对应的剩余金额，再利用刷卡器和消费金	原始创新 											
序号 	技术名称 	技术特点 	技术特点 	技术来源 									
额之间的关系，设计出了一套适用于各个城市的公交卡刷卡方案。该方案实现了移动终端执行刷卡操作的目标，方便了人们的公交出行。 	额之间的关系，设计出了一套适用于各个城市的公交卡刷卡方案。该方案实现了移动终端执行刷卡操作的目标，方便了人们的公交出行。 												
采用图像处理和深度学习技术，实时分析图像数据，识别图像中人脸的性别和年龄。该技术充分利用深度学习网络以及性别年龄变化的特点，将年龄与性别输出结合，提高识别的速度和准确率。 	采用图像处理和深度学习技术，实时分析图像数据，识别图像中人脸的性别和年龄。该技术充分利用深度学习网络以及性别年龄变化的特点，将年龄与性别输出结合，提高识别的速度和准确率。 	自主研发 											
基于大数据人脸数据和深度学习算法训练获得，支持移动端和云端的高精度人脸识别技术，可用于几乎所有涉及人脸识别的产品场景，如人脸解锁、人脸相册等。 	基于大数据人脸数据和深度学习算法训练获得，支持移动端和云端的高精度人脸识别技术，可用于几乎所有涉及人脸识别的产品场景，如人脸解锁、人脸相册等。 	自主研发 											
基于大数据和深度学习、采用多级过滤技术的高精度高性能的人脸检测算法，支持全人种、复杂场景人脸检测，支持云端和客户端部署。 	基于大数据和深度学习、采用多级过滤技术的高精度高性能的人脸检测算法，支持全人种、复杂场景人脸检测，支持云端和客户端部署。 	自主研发 											
基于大数据和深度学习、采用语境记忆感知网络的高精度高性能物体识别算法，根据应用场景需求，支持多达 1000 到 20000 类的物体/场景/行为识别。 	基于大数据和深度学习、采用语境记忆感知网络的高精度高性能物体识别算法，根据应用场景需求，支持多达 1000 到 20000 类的物体/场景/行为识别。 	自主研发 											
本技术主要基于２维图像信息，检测人脸识别系统中的活体攻击，例如纸质照片和电子照片。采用深度网络提取图像细节特征的方法，提高了识别正确率，保证人脸识别系统的安全不易攻破。 	本技术主要基于２维图像信息，检测人脸识别系统中的活体攻击，例如纸质照片和电子照片。采用深度网络提取图像细节特征的方法，提高了识别正确率，保证人脸识别系统的安全不易攻破。 	自主研发 											
基于深度学习+大数据的方法，在端上对场景与物体进行几十类的实时多标签分类，计算复杂度低，支持多标签，准确率与召回率高。 	基于深度学习+大数据的方法，在端上对场景与物体进行几十类的实时多标签分类，计算复杂度低，支持多标签，准确率与召回率高。 	基于开源技术进行二次开发及创新 											
基于传统机器学习与卷积神经网络的底层人脸技术可达到实时性高准确率的人脸检测与特征点定位；基于各种基于凸优化的滤波器、融合、色彩增强等技术对人像进行瑕疵去除与整体增强。整套算法从速度到效果业界全面领先。 	基于传统机器学习与卷积神经网络的底层人脸技术可达到实时性高准确率的人脸检测与特征点定位；基于各种基于凸优化的滤波器、融合、色彩增强等技术对人像进行瑕疵去除与整体增强。整套算法从速度到效果业界全面领先。 	自主研发基于端的 美 颜 cpu 与gpu 全套框架 											
通过统一的平台，支持了小米商城、音乐、游戏中心等多个产品的个性化推荐服务。支持实时计算推荐结果。支持协同过滤等个性化推荐算法以及自定义的算法插件。 	通过统一的平台，支持了小米商城、音乐、游戏中心等多个产品的个性化推荐服务。支持实时计算推荐结果。支持协同过滤等个性化推荐算法以及自定义的算法插件。 	自主研发 											
高并发高可用推荐引擎，包含召回、粗排、精排、融合等多个模块；大规模机器学习平台，支持 LR，FTRL，FFM，DNN，DSSM，强化学习等模型；系统支持数百个优化策略同时迭代和实时效果追踪。通用化提升多场景内容推荐迭代效率和推荐质量。 	高并发高可用推荐引擎，包含召回、粗排、精排、融合等多个模块；大规模机器学习平台，支持 LR，FTRL，FFM，DNN，DSSM，强化学习等模型；系统支持数百个优化策略同时迭代和实时效果追踪。通用化提升多场景内容推荐迭代效率和推荐质量。 	自主研发 											
支持动态发现后端服务，支持整合物理机房和多个云厂商负载均衡服务，支持自动最佳线路选择。 	支持动态发现后端服务，支持整合物理机房和多个云厂商负载均衡服务，支持自动最佳线路选择。 	基于开源技术进行二次开发及创新 											
基于 DPDK 技术实现的线速负载均衡，性能可达物理主机极限，支持 OSPF 协议聚簇集群，支持动态加载配置。 	基于 DPDK 技术实现的线速负载均衡，性能可达物理主机极限，支持 OSPF 协议聚簇集群，支持动态加载配置。 	自主研发 											
基于流式的连接协议，提高语音交互的响应速度和丰富的展现方式；基于响应式分布式架构思想构造的语音交互系统，方便应对大规模高并发的语音请求，同时极大提高服务横向扩展能力；基于大数据	基于流式的连接协议，提高语音交互的响应速度和丰富的展现方式；基于响应式分布式架构思想构造的语音交互系统，方便应对大规模高并发的语音请求，同时极大提高服务横向扩展能力；基于大数据	基于开源技术进行二次开发及创新 											
序号 	技术名称 	技术特点 	技术特点 	技术来源 									
和深度学习技术，对语音识别、语义解析、语音合成等多个步骤进行分发、仲裁以及优选，更好提高语音交互的体验。 	和深度学习技术，对语音识别、语义解析、语音合成等多个步骤进行分发、仲裁以及优选，更好提高语音交互的体验。 												
在矩量法、有限元法、时域有限差分方法、几何绕射理论、遗传算法等多种数值算法的基础上，在天线领域首次提出并采用了新型的原函数法。解决了天线原有的数值算法耗时长、无法智能化（自动化）修改天线模型、现有算法反复迭代后可能结果仍无法收敛的弊端；也解决了天线工程师需要长期反复调试、验证天线的难题（本技术一板搞定）；同时也解决了手机的主天线要用几副天线来完成的技术难题；同时，根据无线通信设备具体使用的环境，结合电磁波特有的电磁特性合理配置天线，使用户获得尽可能好的体验。 	在矩量法、有限元法、时域有限差分方法、几何绕射理论、遗传算法等多种数值算法的基础上，在天线领域首次提出并采用了新型的原函数法。解决了天线原有的数值算法耗时长、无法智能化（自动化）修改天线模型、现有算法反复迭代后可能结果仍无法收敛的弊端；也解决了天线工程师需要长期反复调试、验证天线的难题（本技术一板搞定）；同时也解决了手机的主天线要用几副天线来完成的技术难题；同时，根据无线通信设备具体使用的环境，结合电磁波特有的电磁特性合理配置天线，使用户获得尽可能好的体验。 	自主研发 											
通过自定义的 UI 布局协议和排版引擎，实现服务器端控制客户端的 UI 和交互，在不修改客户端代码的情况下，实现内容的灵活展示、杂志式排版和交互功能，大大降低了研发成本，极大地提高了运营效率。 	通过自定义的 UI 布局协议和排版引擎，实现服务器端控制客户端的 UI 和交互，在不修改客户端代码的情况下，实现内容的灵活展示、杂志式排版和交互功能，大大降低了研发成本，极大地提高了运营效率。 	自主研发 											
													
4 	第五代移动通信终端技术 												
5 	手机悬臂梁发声技术 												
6 	手 机 麦 克 风 双ADC 录音技术 												
7 	手机导声管发声技术 												
8 	声学距离传感器应用技术 												
9 	陶瓷材料机身 												
10 	全面屏设计 												
11 	曲面玻璃后盖 												
12 	不锈钢机身 												
13 	敏感信息防篡改技术 												
14 	高压快充技术 												
15 	降低手机辐射技术 												
16 	非实体卡鉴权技术 												
17 	电池故障预测 												
18 	刷机保护 												
19 	工厂自动化管控机制 												
20 	智能情景识别 												
21 	伪基站识别 												
22 	手机终端显示引擎 												
23 	无极色温 												
24 	柔和调光方案 												
25 	非交互检测方案 												
26 	防误触解决方案 												
27 	贴膜检测方法 												
28 	夜光屏 												
29 	高动态录音技术 												
30 	多路语音唤醒技术 												
31 	自研音效算法 												
													
32 	小型化模组设计 												
33 	核心器件——电池技术 												
34 	更窄边框，更薄的显示技术 												
35 	屏内集成技术 												
36 	更先进物理形态的显示技术 												
37 	先进触控技术 												
38 	更低功耗更好显示质量的显示技术 												
39 	性能分析系统 												
40 	系统资源分配技术 												
41 	Android 系统基础网络和无线通信优化技术 												
42 	基于恶意应用行为检测的系统保护技术 												
43 	防刷机保护技术 												
													
44 	来电陌生号识别技术 												
45 	照片去人去线技术 												
46 	快应用引擎 												
47 	快应用分发技术 												
48 	消息推送平台 												
49 	移动终端浏览器光线自适应渲染技术 												
50 	支持页面状态序列化的浏览器快速导航技术 												
51 	小米主题机制 												
52 	MIUI 百变框架 												
53 	应用分发技术 												
54 	通用文档处理技术 												
55 	文档排版引擎 												
56 	基于手机真机识别的反作弊技术 												
57 	基于区块链和布隆过滤器的可信数据交换技术 												
58 	Android 系统动态功耗检测技术 												
59 	手机刷公交卡技术 												
													
60 	性别年龄识别 												
61 	AI 人脸识别技术 												
62 	人脸检测 												
63 	物体/场景/行为识别 												
64 	活体检测 												
65 	手机端场景识别 												
66 	人像美颜 												
67 	通用个性化推荐平台 												
68 	智能推荐引擎和算法 												
69 	服务化负载均衡 												
70 	超高性能负载均衡 												
71 	高性能高弹性语音交互控制中心 												
													
72 	超级宽带天线 												
73 	Patchwall  UI 布局协议和排版引擎 												
													
项目 	2018 年 1-3 月 	2017 年度 	2016 年度 	2015 年度 									
研发费用 	1,103,775 	  3,151,401   	  2,104,226 	  1,511,815   									
营业收入 	34,412,362 	114,624,742 	68,434,161 	66,811,258 									
研发费用占营业收入比例 	3.21% 	2.75% 	3.07% 	2.26% 									
													
公司全称： 	Xiaomi H.K. Limited 												
注册地： 	中国香港 												
成立时间： 	2010 年 4 月 7 日 												
授权资本： 	10,000 港元 												
实收资本： 	10,000 港元 												
持股比例： 	Xiaomi Corporation  持股 100% 												
主营业务： 	硬件销售 												
													
公司全称： 	Xiaomi Technology India Private Limited 												
注册地： 	印度 												
成立时间： 	2014 年 10 月 7 日 												
授权资本： 	1,000,000 印度卢比 												
实收资本： 	100,000 印度卢比 												
持股比例： 	Xiaomi Singapore Pte. Ltd.持股 99.9%，Xiaomi H.K. Limited 持股 0.1% 												
主营业务： 	硬件销售 												
													
项目 	2018 年 1-3 月 	2018 年 1-3 月 	2017 年度 	2017 年度 	2016 年度 	2016 年度 	2015 年度 	2015 年度 					
项目 	金额 	比例 	金额 	比例 	金额 	比例 	金额 	比例 					
中国境内 	21,942,103 	63.76% 	82,543,462 	72.01% 	59,279,381 	86.62% 	62,755,575 	93.93% 					
其他国家和地区 	12,470,259 	36.24% 	32,081,280 	27.99% 	9,154,780 	13.38% 	4,055,683 	6.07% 					
合计 	34,412,362 	100.00% 	114,624,742 	100.00% 	68,434,161 	100.00% 	66,811,258 	100.00% 					
													
