时间 	发布主体 	名称 	主要内容 							
2006 年8 月 	国家信息产业部（现已并入工信部） 	《信息产业科技发展“十一五”规划和2020 年中长期规划纲要》 	将“多层、柔性、柔刚结合和绿色环保印制线路板技术”列为重点发展技术之一。 							
2011 年6 月 	发改委、科技部、工信部、商务部和知识产权局 	《当前优先发展高科技产业化重难点领域指南（2011 年度）》 	将高密度多层印刷板和柔性电路板等列为重点优先发展的信息高科技化产业领域之一。 							
2012 年2 月 	工信部 	《电子基础材料和关键元器件“十二五”规划》 	发展满足我国汽车及汽车电子制造业配套需求的高质量、高可靠性的电子元件；针对新一代电子整机发展需求，大力发展新型片式化、小型化、集成化、高端电子元件；加强高密度互连板、特种印制板、LED 用印制板的产业化。 							
2013 年2 月 	发改委 	《产业结构调整指导目录（2011 年本）（2013 年修正）》 	新型电子元器件制造业被列为信息产业行业鼓励类项目，包含高密度印刷电路板和柔性电路板等。 							
2013 年2 月 	发改委 	《战略性新兴产业重点产品和服务指导目录》 	新型元器件被列为战略性新兴产业，包含高密度互连印制电路板、柔性多层印制电路板和特种印制电路板等。 							
2014 年3 月 	发改委、财政部和商务部 	《鼓励进口技术和产品目录（2014 年版）》 	新型电子元器件业制造列为鼓励发展的重点行业，包含高密度印刷电路板和柔性电路板等。 							
2015 年3 月 	发改委、商务部 	《外商投资产业指导目录（2015 年修订）》 	新型电子元器件制造业属于鼓励外商投资产业，包含高密度互连积层板、多层挠性板、刚挠印刷电路板及封装载板等。 							
2015 年5 月 	国务院 	《中国制造 2025》 	明确了 9 项战略任务和重点，其中包括“提高国家制造业创新能力、推进信息化与工业化深度融合、全面推行绿色制造、深入推进制造业结构调整、提高制造业国际化发展水平”等。 							
										
项目 	2014年产值 	2015年 	2015年 	预计2020年产值 	2015-2020年年均复合增长率（预计） 					
项目 	2014年产值 	产值 	同比增幅 	预计2020年产值 	2015-2020年年均复合增长率（预计） 					
中国 	262.03 	267.29 	2.01% 	310.95 	3.1% 					
中国台湾 	75.86 	72.04 	-5.04% 	78.26 	1.7% 					
韩国 	76.45 	66.52 	-12.99% 	71.52 	1.5% 					
日本 	65.31 	56.55 	-13.41% 	48.78 	-2.9% 					
美国 	29.77 	27.76 	-6.75% 	27.61 	-0.1% 					
欧洲 	22.19 	19.33 	-12.89% 	19.07 	-0.3% 					
其他 	42.76 	43.77 	2.36% 	53.69 	4.2% 					
合计 	574.37 	553.25 	-3.68% 	609.88 	2.0% 					
										
项目 	2014年产值（单位：亿美元） 	2015年 	2015年 	预计2020年产值（单位：十亿美元） 	2015-2020年年均复合增长率（预计） 					
项目 	2014年产值（单位：亿美元） 	产值（单位：亿美元） 	同比增幅 	预计2020年产值（单位：十亿美元） 	2015-2020年年均复合增长率（预计） 					
单/双面板 	82.42 	79.05 	-4.1% 	8.4 	1.3% 					
多层板 	218.33 	206.89 	-5.2% 	23.2 	2.3% 					
HDI板 	82.88 	80.11 	-3.3% 	8.9 	2.1% 					
IC封装载板 	75.98 	69.22 	-8.9% 	6.9 	0.1% 					
挠性电路板 	114.76 	117.98 	2.8% 	13.5 	2.8% 					
合计 	574.37 	553.25 	-3.7% 	- 	- 					
										
序号 	公司名 	基本情况 	销售金额（亿美元） 	全球市场份额 						
1 	Mektron（旗胜） 	全球最大柔性板厂商 	35.12 	6.35% 						
2 	臻鼎（Foxconn）（富士康） 	富士康集团成员企业，主营柔性板、HDI、刚性板及封装基板 	27.03 	4.89% 						
3 	TTM（包括惠亚） 	北美最大的电路板厂商，主营刚性板、HDI 板、柔性板等 	24.88 	4.50% 						
4 	UMTC(欣兴集团，包括PPT 和 Subtron) 	主营封装基板、HDI、柔性板、多层板等。 	21.22 	3.84% 						
5 	Sumitomo Electric Industry（SEI）（住友电工） 	主营柔性板。 	16.16 	2.92% 						
6 	Compeq（华通） 	台湾电路板厂商 	13.95 	2.52% 						
7 	Tripod（健鼎科技） 	主营双面、多层印刷电路板 	13.68 	2.47% 						
8 	Samsung E-M（三星电机） 	三星集团成员企业，主营封装基板、HDI 板等 	13.44 	2.43% 						
9 	Ibiden（揖斐电） 	主营封装基板和多层电路板 	12.97 	2.34% 						
10 	YonngPoong Group（永丰） 	主营封装基板、HDI、柔性板和多层板 	12.95 	2.34% 						
合计 	合计 	合计 	191.40 	34.60% 						
										
序号 	公司名 	基本情况 	销售金额（亿元） 	国内市场份额 						
1 	臻鼎科技控股股份有限公司 	台湾厂商，其大陆生产基地设在广东深圳、河北秦皇岛、江苏淮安和辽宁营口 	168.19 	10.08% 						
2 	迅达科技亚太区 	美国厂商，该统计数据包括东莞美维、广州美维、上海美维、美维科技和香港美维 	107.92 	6.47% 						
3 	珠海紫翔电子科技有限公司 	日本厂商 Mektron 在中国设立的子公司，其大陆生产基地设在广东珠海和江苏苏州 	102.31 	6.13% 						
4 	健鼎科技股份有限公司 	台湾上市公司，其大陆生产基地设在江苏无锡和湖北仙桃 	82.10 	4.92% 						
5 	欣兴电子股份有限公司 	台湾厂商，其大陆生产基地设在广东深圳、江苏苏州和江苏昆山 	62.00 	3.71% 						
6 	华通电脑（惠州）有限公司 	台湾厂商，其大陆生产基地设在广东惠州、江苏苏州和重庆 	39.78 	2.38% 						
7 	志超科技股份有限公司 	台湾厂商，其大陆生产基地设在在江苏苏州、广东中山和四川遂宁 	36.39 	2.18% 						
8 	深南电路股份有限公司 	大陆厂商，在广东深圳和江苏无锡设有工厂 	35.50 	2.13% 						
9 	名幸电子有限公司 	日本厂商，其大陆生产基地设在广东广州和湖北武汉 	34.15 	2.05% 						
10 	沪士电子股份有限公司 	大陆厂商，在江苏昆山和湖北黄石设有工厂 	33.77 	2.02% 						
合计 	合计 	合计 	702.11 	42.07% 						
										
项目 	2014年 	2014年 	2015年 	2015年 	2020年（预计） 	2020年（预计） 	2015-2020年年均复合增长率（预计） 			
项目 	产值 	占比 	产值 	占比 	产值 	占比 	2015-2020年年均复合增长率（预计） 			
电脑及周边产品 	487 	26.08% 	462 	24.77% 	466 	21.83% 	0.2% 			
通讯类电子 	546 	29.24% 	565 	30.29% 	640 	29.98% 	2.5% 			
										
消费类电子 	214 	11.46% 	221 	11.85% 	262 	12.27% 	3.5% 			
汽车电子 	186 	9.96% 	177 	9.49% 	232 	10.87% 	5.6% 			
工业电子 	198 	10.61% 	199 	10.67% 	251 	11.76% 	4.8% 			
医疗电子 	99 	5.30% 	102 	5.47% 	118 	5.53% 	3.0% 			
军事航天电子 	137 	7.34% 	139 	7.45% 	166 	7.78% 	3.6% 			
合计 	1,867 	100.00% 	1,865 	100.00% 	2,135 	100.00% 	2.7% 			
										
汽车电子四大系统 	子系统 	奥士康PCB产品涉入情况 								
动力控制系统 	点火控制系统 	暂未涉及、公司未来发展方向 								
动力控制系统 	燃油喷射控制系统 	暂未涉及、公司未来发展方向 								
										
发动机怠机控制系统 	暂未涉及、公司未来发展方向 									
废气再循环系统等 	暂未涉及、公司未来发展方向 									
防抱死控制系统 	暂未涉及、公司未来发展方向 									
自动变速器控制系统 	暂未涉及、公司未来发展方向 									
悬架电子系统 	暂未涉及、公司未来发展方向 									
动力转向电子控制系统 	暂未涉及、公司未来发展方向 									
巡航控制系统等 	暂未涉及、公司未来发展方向 									
自动空调系统 	暂未涉及、公司未来发展方向 									
电子仪表系统 	涉及、技术成熟 									
安全气囊系统 	涉及、技术成熟 									
汽车电子防盗系统 	暂未涉及、公司未来发展方向 									
抬头显示系统等 	暂未涉及、公司未来发展方向 									
电子仪表系统 	涉及、技术成熟 									
汽车音响系统 	涉及、技术成熟 									
车载导航系统 	涉及、技术成熟 									
电子地图系统等 	涉及、技术成熟 									
										
安全控制系统 										
车身电子系统 										
娱乐通讯系统 										
										
时间 	发布主体 	名称 	主要内容 							
2003 年 1 月公布，2013年 1 月修订 	欧盟 	ROHS 指令 	ROHS 指令规范了电子电气产品的材料及工艺标准，使之更加有利于人体健康及环境保护，规定在电子电气产品中限制使用铅、汞、镉、六价铬、多溴联苯（PBB）和多溴二苯醚（PBDE）等六种有害物质。 							
2003 年 1 月公布，2012年 7 月修订。 	欧盟 	WEEE 指令 	WEEE 指令对报废电子电气产品的处理作出了详细的规定。自 2005 年 8 月 13 日起，WEEE指令中规定的十大类电器与电子设备生产者必须重复利用或者回收其在欧盟市场上销售的产品，否则将遭受处罚。2012 年修订的 WEEE 指令将范围扩大至所有电子电气设备，从 2018 年8 月 15 日开始实施，2012 年 8 月 13 日至 2018年 8 月 14 日为 6 年的过渡期，WEEE 指令的适用范围基本没变，仍然是原指令中给出的 10 大类电子电气设备，新指令只在第 4 大类产品中增加了“光伏电池板”。 							
1994 年 12 月公布，2014年 1 月修订。 	欧盟 	《包装和包装废物指令》 	包装材料中四大重金属铅、镉、汞和六价铬的总量最高浓度不超过 100ppm。2014 年修订的内容主要是对产品包装规定更严格，要求欧盟各成员国在 2019 年前减少八成轻便型塑料袋。 							
2006 年 12 月 	欧盟 	《关于限制全氟辛烷磺酸销售及使用的指令》 	2008 年 6 月 27 日起，在欧盟市场上销售的制成品中 PFOS（全氟辛烷磺酸）含量不能超过总质量的 0.005%。 							
2007 年 6 月 	欧盟 	《REACH 法规》 	REACH 法规于 2008 年开始实施，主要对进入欧盟市场的 3 万多种化学品及其下游产品的注册、评估、许可和限制等进行管理，化学品物质超标的，禁止进入欧盟。 							
										
销售模式 	2017 年 1-6 月 	2017 年 1-6 月 	2016 年 	2016 年 	2015 年度 	2015 年度 	2014 年度 	2014 年度 		
销售模式 	金额 	占比 	金额 	占比 	金额 	占比 	金额 	占比 		
直销 	66,016.27 	89.41% 	119,775.45 	93.63% 	95,944.39 	93.35% 	83,765.63 	95.00% 		
经销 	7,822.19 	10.59% 	8,147.22 	6.37% 	6,835.65 	6.65% 	4,408.16 	5.00% 		
合计 	73,838.46 	100.00% 	127,922.67 	100.00% 	102,780.03 	100.00% 	88,173.79 	100.00% 		
										
项目 	2017 年 1-6 月 	2016 年度 	2015 年度 	2014 年度 						
产能 	170.80 	265.57 	192.41 	158.83 						
产量 	129.36 	244.70 	184.94 	169.45 						
销量 	128.54 	240.22 	181.30 	164.67 						
产能利用率 	75.74% 	92.14% 	96.12% 	106.69% 						
产销率 	99.37% 	98.17% 	98.03% 	97.18% 						
										
层数 	2017 年 1-6 月 	2017 年 1-6 月 	2016 年度 	2016 年度 	2015 年度 	2015 年度 	2014 年度 	2014 年度 		
层数 	销售收入 	占比(%) 	销售收入 	占比(%) 	销售收入 	占比(%) 	销售收入 	占比(%) 		
单/双面板 	20,049.81 	27.15 	39,334.65 	30.75 	29,255.98 	28.46 	25,687.24 	29.13 		
四层板 	30,589.63 	41.43 	52,268.18 	40.86 	47,682.17 	46.39 	48,227.55 	54.70 		
六层及以上板 	23,199.03 	31.42 	36,319.84 	28.39 	25,841.88 	25.14 	14,259.00 	16.17 		
合计 	73,838.46 	100.00 	127,922.67 	100.00 	102,780.03 	100.00 	88,173.79 	100.00 		
										
终端用途 	2017 年 1-6 月 	2017 年 1-6 月 	2016 年度 	2016 年度 	2015 年度 	2015 年度 	2014 年度 	2014 年度 		
终端用途 	销售收入 	占比(%) 	销售收入 	占比(%) 	销售收入 	占比(%) 	销售收入 	占比(%) 		
消费电子 	25,918.31 	35.10 	50,897.92 	39.79 	39,133.20 	38.07 	39,474.69 	44.77 		
通讯设备 	16,453.31 	22.28 	27,753.12 	21.70 	23,796.69 	23.15 	19,077.51 	21.64 		
计算机 	11,507.88 	15.59 	19,323.17 	15.11 	13,248.58 	12.89 	7,204.58 	8.17 		
工业控制 	6,291.33 	8.52 	11,894.71 	9.30 	13,828.27 	13.45 	12,006.94 	13.62 		
汽车电子 	6,888.36 	9.33 	11,889.66 	9.29 	10,460.94 	10.18 	7,815.91 	8.86 		
医疗电子 	4,570.65 	6.19 	4,144.27 	3.24 	994.02 	0.97 	791.83 	0.90 		
其他 	2,208.62 	2.99 	2,019.82 	1.58 	1,318.35 	1.28 	1,802.32 	2.04 		
合计 	73,838.46 	100.00 	127,922.67 	100.00 	102,780.03 	100.00 	88,173.79 	100.00 		
										
地区 	2017 年 1-6 月 	2017 年 1-6 月 	2016 年度 	2016 年度 	2015 年度 	2015 年度 	2014 年度 	2014 年度 		
地区 	销售收入 	占比(%) 	销售收入 	占比(%) 	销售收入 	占比(%) 	销售收入 	占比(%) 		
华南 	21,137.69 	28.63 	38,966.58 	30.46 	25,371.72 	24.69 	23,325.46 	26.45 		
华东 	8,915.39 	12.07 	12,220.07 	9.55 	9,397.26 	9.14 	9,250.78 	10.49 		
华北 	1,207.48 	1.64 	2,255.01 	1.76 	1,249.73 	1.22 	1,569.90 	1.78 		
境内其他地区 	2,575.90 	3.49 	965.86 	0.76 	48.54 	0.05 	305.35 	0.35 		
境内合计 	33,836.46 	45.82 	54,407.52 	42.53 	36,067.25 	35.09 	34,451.49 	39.07 		
亚洲 	36,221.51 	49.06 	67,248.71 	52.57 	59,993.47 	58.37 	51,094.58 	57.95 		
欧洲 	3,747.35 	5.08 	6,057.13 	4.74 	6,473.53 	6.30 	2,511.93 	2.85 		
美洲 	33.15 	0.04 	209.30 	0.16 	245.78 	0.24 	115.79 	0.13 		
境外合计 	40,002.01 	54.18 	73,515.15 	57.47 	66,712.78 	64.91 	53,722.30 	60.93 		
合计 	73,838.46 	100.00 	127,922.67 	100.00 	102,780.03 	100.00 	88,173.79 	100.00 		
										
项目 	2017 年 1-6 月 	2017 年 1-6 月 	2016 年度 	2016 年度 	2015 年度 	2015 年度 	2014 年度 			
项目 	单价 	变动 	单价 	变动 	单价 	变动 	单价 			
单/双面板 	392.22 	4.44% 	375.56 	-7.53% 	406.16 	1.45% 	400.37 			
四层板 	587.78 	4.82% 	560.73 	-5.48% 	593.22 	3.85% 	571.22 			
六层及以上板 	914.05 	6.38% 	859.25 	-3.94% 	894.52 	0.86% 	886.89 			
										
年度 	序号 	客户名称 	销售金额（万元） 	占营业收入的比例 	期末应收账款余额（万元） 	销售方式 	销售内容（板层） 	结算方式 		
2017 年1-6 月 	1 	共进股份 	3,968.12 	5.19% 	2,269.69 	直销 	2、4、6、8、14 	月结 130 天/月结 135 天 		
2017 年1-6 月 	2 	创维 	3,459.50 	4.53% 	2,180.51 	直销 	2、4、6 	月结 120 天 		
2017 年1-6 月 	3 	生益科技 	2,853.57 	3.73% 	2,129.65 	直销 	1、2、4、6、8、10、12 	月结 90 天 		
2017 年1-6 月 	4 	德赛西威 	2,779.22 	3.64% 	1,803.72 	直销 	2、4、6、8 	月结 120 天 		
2017 年1-6 月 	5 	深南电路 	2,471.44 	3.23% 	428.23 	直销 	2、4、6、8、10、12 	月结 90 天 		
2017 年1-6 月 	6 	富士康 	2,341.87 	3.06% 	1,442.51 	直销 	2、4、6、8 	月结 90 天/月结 60 天 		
2017 年1-6 月 	7 	华工正源 	2,116.09 	2.77% 	1,018.26 	直销 	2、4 	月结 90 天 		
2017 年1-6 月 	8 	广州视源电子科技股份有限公司 	1,759.18 	2.30% 	11.47 	直销 	2、4、6、8 	月结 90 天 		
2017 年1-6 月 	9 	中怡数宽科技（苏州）有限公司 	1,453.30 	1.90% 	766.11 	直销 	2、4、6 	月结 90 天 		
2017 年1-6 月 	10 	斯格特 	1,354.34 	1.77% 	1,531.88 	经销 	2、4、6、8 	月结 180 天 		
2017 年1-6 月 	 	合计 	24,556.63 	32.14% 	13,582.04 	 	 	 		
2016 年度 	1 	共进股份 	6,838.62 	5.21% 	2,689.38 	直销 	2、4、6、8 	月结 130 天/月结 135 天 		
2016 年度 	2 	创维 	6,040.93 	4.60% 	2,648.33 	直销 	2、4、6 	月结 120 天 		
										
3 	普联技术 	6,002.63 	4.57% 	1,005.77 	直销 	2、4、6、8 	月结 60 天 			
4 	德赛西威 	5,768.39 	4.40% 	2,852.96 	直销 	2、4、6、8 	月结 120 天 			
5 	富士康 	3,211.60 	2.45% 	1,094.20 	直销 	2、4、6、8 	月结 90 天/月结 60 天 			
6 	广州视源电子科技股份有限公司 	3,033.04 	2.31% 	4.14 	直销 	2、4、6、8 	月结 90 天 			
7 	深南电路 	2,915.77 	2.22% 	1,302.14 	直销 	2、4、6、8、10、12、14 	月结 90 天 			
8 	百一电子 	2,549.27 	1.94% 	905.02 	直销 	2、4、6、8 	月结 120 天 			
9 	生益科技 	1,941.54 	1.48% 	1,646.56 	直销 	2、4、6、8、10、12、14 	月结 90 天 			
10 	斯格特 	1,574.58 	1.20% 	1,168.09 	经销 	1、2、4、6、8 	月结 180 天/月结 150 天 			
 	合计 	39,876.36 	30.38% 	15,316.58 	 	 	 			
1 	共进股份 	7,963.60 	7.55% 	2,798.48 	直销 	2、4、6 	月结 130 天/月结 135 天 			
2 	德赛西威 	4858.67 	4.60% 	3,122.01 	直销 	2、4、6、8 	月结 120 天 			
3 	普联技术 	4,836.30 	4.58% 	1,409.33 	直销 	2、4、6、8、10 	月结 60 天 			
4 	夏普 	3,232.70 	3.06% 	912.61 	直销 	1、2、4、6、8 	月结 60 天 			
5 	创维 	1,780.32 	1.69% 	1,337.95 	直销 	2、4、6 	月结 120 天 			
6 	康佳 	1,707.19 	1.62% 	522.78 	直销 	2、4 	月结 120 天 			
7 	深南电路 	1,540.47 	1.46% 	161.60 	直销 	2、4、6、8、10 	月结 90 天 			
8 	百一电子 	1,266.81 	1.20% 	371.79 	直销 	2、4、6、8 	月结 120 天 			
9 	斯格特 	1,229.05 	1.16% 	598.47 	经销 	1、2、4、6、8 	月结 150 天/月结 120 天 			
10 	天津雅马哈电子乐器有限公司 	1,157.47 	1.10% 	55.4 	直销 	2、4、8 	月结 60 天 			
 	合计 	29,572.57 	28.02% 	11,290.44 	 	 	 			
1 	共进股份 	7,213.43 	8.04% 	3,217.76 	直销 	2、4、6、8 	月结 120 天 			
2 	普联技术 	6,768.02 	7.55% 	3,346.22 	直销 	2、4、6 	月结 60 天 			
3 	夏普 	3,626.02 	4.04% 	1,032.79 	直销 	1、2、4、6、8 	月结 60 天 			
4 	德赛西威 	3,514.58 	3.92% 	1,939.30 	直销 	1、2、4、6、8 	月结 120 天 			
5 	深南电路 	1,802.26 	2.01% 	814.65 	直销 	2、4、6、8 	月结 90 天 			
6 	康佳 	1,674.35 	1.87% 	48.70 	直销 	2、4 	月结 120 天 			
7 	铜陵市超远精密电子科技有限公司 	1,665.05 	1.86% 	791.22 	直销 	4 	月结 90 天 			
8 	天津雅马哈电子乐器有限公司 	1,199.47 	1.34% 	95.34 	直销 	2、4、6 	月结 60 天 			
9 	百一电子 	1,150.63 	1.28% 	468.39 	直销 	2、4、6、8 	月结 120 天 			
10 	光宝科技 	815.92 	0.91% 	531.25 	直销 	4 	月结 180 天 			
 	合计 	29,429.72 	32.82% 	12,285.62 	 	 	 			
										
2015 年度 										
2014 年度 										
										
年度 	序号 	客户名称 	销售金额（万元） 	占营业收入的比例 	期末应收账款余额（万元） 	销售方式 	销售内容（板层） 	结算方式 		
2017 年1-6 月 	1 	现友产业 	6,383.64 	8.35% 	5,049.57 	直销 	2、4、6 	月结 90 天或月结 120天 		
2017 年1-6 月 	2 	大德电子 	3,358.42 	4.40% 	971.65 	直销 	2、4、6、8 	月结 45 天 		
2017 年1-6 月 	3 	达创科技 	3,267.74 	4.28% 	1,322.80 	直销 	2、4、6、8 	月结 120 天 		
2017 年1-6 月 	4 	金像电子 	2,600.82 	3.40% 	2,059.91 	直销 	4、6、8、10、14 	月结 120 天 		
2017 年1-6 月 	5 	住友商事 	2,443.56 	3.20% 	1,279.46 	直销 	2、4、6 	月结 90 天 		
2017 年1-6 月 	6 	KAON 	1,842.61 	2.41% 	271.78 	直销 	1、2、4 	月结 60 天 		
2017 年1-6 月 	7 	SINACT 	1,747.60 	2.29% 	1,325.35 	直销 	2、4、6、10 	月结 120 天 		
										
8 	Mecca 	1,422.57 	1.86% 	1,347.06 	经销 	2、4、6、8 	次月结 120天 			
9 	伟创力 	1,399.07 	1.83% 	1,129.24 	直销 	2、4、6、8 	月结 120 天 			
10 	光宝科技 	1,350.12 	1.77% 	1,410.43 	直销 	2、4、6、8、10 	耗用后月结150 天/到货后 150 天/月结 180 天 			
 	合计 	25,816.16 	33.78% 	16,167.25 	 	 	 			
1 	现友产业 	13,504.73 	10.29% 	6,329.16 	直销 	2、4、6、8 	月结 90 天/月结 120 天 			
2 	大德电子 	7,865.72 	5.99% 	853.60 	直销 	2、4、6、8 	月结 45 天 			
3 	健鼎科技 	5,996.24 	4.57% 	2,031.72 	直销 	4、6、8、10 	月结 120 天 			
4 	住友商事 	4,774.93 	3.64% 	1,039.99 	直销 	2、4、6 	月结 90 天 			
5 	金像电子 	4,542.62 	3.46% 	2,936.89 	直销 	4、6、8、10 	月结 120 天 			
6 	伟创力 	3,999.47 	3.05% 	786.93 	直销 	1、2、4、6、8 	月结 120 天 			
7 	APCB 	3,617.61 	2.76% 	28.65 	直销 	4 	月结 90 天 			
8 	达创科技 	3,460.22 	2.64% 	1,545.37 	直销 	2、4、6、8 	月结 120 天 			
9 	光宝科技 	2,977.51 	2.27% 	1,861.76 	直销 	2、4、6、8、10、12 	耗用后月结150 天/到货后 150 天/月结 180 天 			
10 	SINACT 	2,203.43 	1.68% 	912.90 	直销 	2、4、6、10 	月结 120 天 			
 	合计 	52,942.48 	40.35% 	18,326.98 	 	 	 			
1 	现友产业 	10,461.42 	9.91% 	5,079.40 	直销 	2、4、6、8、10、12 	月结 90 天 			
2 	大德电子 	9,861.88 	9.34% 	1,264.90 	直销 	2、4、6 	月结 45 天 			
3 	健鼎科技 	5,164.97 	4.89% 	3,731.35 	直销 	4、6、8、10 	月结 120 天 			
4 	住友商事 	4,291.53 	4.07% 	628.08 	直销 	2、4、6 	月结 90 天 			
5 	伟创力 	4,087.50 	3.87% 	1,888.24 	直销 	1、2、4、6、8 	月结 120 天 			
6 	COSMOTECH 	3,843.37 	3.64% 	822.62 	直销 	2、4、6 	月结 60 天 			
7 	施耐德 	2,649.07 	2.51% 	467.61 	直销 	4、6、8 	月结 120 天 			
8 	光宝科技 	2,621.66 	2.48% 	1,564.41 	直销 	2、4、6、8 	耗用后月结150 天/到货后 150 天/月结 180 天 			
9 	SINACT 	1,746.49 	1.65% 	795.86 	直销 	2、4、6、8 	月结 120 天 			
10 	ALLY 	1,627.74 	1.54% 	212.98 	经销 	2、4、6、8 	月结 60 天 			
 	合计 	46,355.64 	43.90% 	16,455.45 	 	 	 			
1 	COSMOTECH 	10,416.25 	11.61% 	2,065.76 	直销 	2、4、6、8 	月结 60 天 			
2 	大德电子 	8,011.23 	8.93% 	1,674.38 	直销 	2、4、6 	月结 45 天 			
3 	住友商事 	4,633.76 	5.17% 	/ 	直销 	2、4、6 	月结 90 天 			
4 	夏普 	3,109.12 	3.47% 	275.65 	直销 	2、4、6 	月结 60 天 			
5 	伟创力 	2,792.88 	3.11% 	/ 	直销 	1、2、4、6、8、10 	月结 120 天 			
6 	现友产业 	2,729.49 	3.04% 	1,104.40 	直销 	2、4、6、8 	月结 90 天 			
7 	施耐德 	2,134.74 	2.38% 	/ 	直销 	4、6、8、12 	月结 120 天 			
8 	VESTEL 	1,733.61 	1.93% 	273.56 	直销 	2、4、6 	月结 90 天 			
9 	SINACT 	1,586.37 	1.77% 	/ 	直销 	2、4、6 	月结 120 天 			
10 	艾默生 	1,575.22 	1.76% 	/ 	直销 	2、4、6 	月结 120 天 			
 	合计 	38,722.67 	43.17% 	/ 	 	 	 			
										
2016 年度 										
2015 年度 										
										
年度 	序号 	客户名称 	集团应收该客户款项（万元） 	发行人应收该客户款项（万元） 	合计（万元） 					
2014 年度 	1 	COSMOTECH 	- 	2,065.76 	2,065.76 					
2014 年度 	2 	大德电子 	- 	1,674.38 	1,674.38 					
2014 年度 	3 	住友商事 	118.05 	745.44 	863.50 					
2014 年度 	4 	夏普 	- 	275.65 	275.65 					
2014 年度 	5 	伟创力 	335.29 	1,298.89 	1,634.18 					
2014 年度 	6 	现友产业 	- 	1,104.40 	1,104.40 					
2014 年度 	7 	施耐德 	375.64 	13.32 	388.96 					
2014 年度 	8 	VESTEL 	- 	273.56 	273.56 					
										
9 	SINACT 	361.88 	239.85 	601.73 						
10 	艾默生 	501.83 	143.92 	645.75 						
 	合计 	1,692.70 	7,835.17 	9,527.87 						
										
年度 	序号 	客户名称 	销售金额（万元） 	占营业收入的比例 	期末应收账款余额（万元） 	销售方式 	销售内容（板层） 	结算方式 		
2017 年1-6 月 	1 	现友产业 	6,383.64 	8.35% 	5,049.57 	直销 	2、4、6 	月结 90 天或月结 120天 		
2017 年1-6 月 	2 	共进股份 	3,968.12 	5.19% 	2,269.69 	直销 	2、4、6、8、14 	月结 130 天/月结 135 天 		
2017 年1-6 月 	3 	创维 	3,459.50 	4.53% 	2,180.51 	直销 	2、4、6 	月结 120 天 		
2017 年1-6 月 	4 	大德电子 	3,358.42 	4.40% 	971.65 	直销 	2、4、6、8 	月结 45 天 		
2017 年1-6 月 	5 	达创科技 	3,267.74 	4.28% 	1,322.80 	直销 	2、4、6、8 	月结 120 天 		
2017 年1-6 月 	6 	生益科技 	2,853.57 	3.73% 	2,129.65 	直销 	1、2、4、6、8、10、12 	月结 90 天 		
2017 年1-6 月 	7 	金像电子 	2,852.61 	3.73% 	2,354.50 	直销 	4、6、8、10、14 	月结 120 天 		
2017 年1-6 月 	8 	德赛西威 	2,779.22 	3.64% 	1,803.72 	直销 	2、4、6、8 	月结 120 天 		
2017 年1-6 月 	9 	富士康 	2,561.99 	3.35% 	1,593.74 	直销 	1、2、4、6、8 	月结 60 天/月结 90 天 		
2017 年1-6 月 	10 	深南电路 	2,471.44 	3.23% 	428.23 	直销 	2、4、6、8、10、12 	月结 90 天 		
2017 年1-6 月 	 	合计 	33,956.23 	44.44% 	20,104.06 	 	 	 		
2016 年度 	1 	现友产业 	13,504.73 	10.29% 	6,329.16 	直销 	2、4、6、8 	月结 90 天/月结 120 天 		
2016 年度 	2 	大德电子 	7,865.72 	5.99% 	853.60 	直销 	2、4、6、8 	月结 45 天 		
										
3 	共进股份 	6,838.62 	5.21% 	2,689.38 	直销 	2、4、6、8 	月结 130 天/月结 135 天 			
4 	健鼎科技 	6,767.79 	5.16% 	2,714.57 	直销 	4、6、8、10 	月结 120 天 			
5 	创维 	6,040.93 	4.60% 	2,648.33 	直销 	2、4、6 	月结 120 天 			
6 	普联技术 	6,002.63 	4.57% 	1,005.77 	直销 	2、4、6、8 	月结 60 天 			
7 	德赛西威 	5,768.39 	4.40% 	2,852.96 	直销 	2、4、6、8 	月结 120 天 			
8 	金像电子 	4,812.38 	3.67% 	3,123.78 	直销 	4、6、8、10 	月结 120 天 			
9 	住友商事 	4,774.93 	3.64% 	1,039.99 	直销 	2、4、6、8 	月结 90 天 			
10 	伟创力 	3,999.47 	3.05% 	786.93 	直销 	1、2、4、6、8 	月结 120 天 			
 	合计 	66,375.58 	50.58% 	24,044.47 	 	 	 			
1 	现友产业 	10,461.42 	9.91% 	5,079.40 	直销 	2、4、6、8、10、12 	月结 90 天 			
2 	大德电子 	9,861.88 	9.34% 	1,264.90 	直销 	2、4、6 	月结 45 天 			
3 	共进股份 	7,963.60 	7.55% 	2,798.48 	直销 	2、4、6 	月结 130 天/月结 135 天 			
4 	德赛西威 	5,238.89 	4.96% 	3,122.01 	直销 	2、4、6、8 	月结 120 天 			
5 	健鼎科技 	5,164.97 	4.89% 	3,731.35 	直销 	4、6、8、10 	月结 120 天 			
6 	普联技术 	4,836.30 	4.58% 	1,409.33 	直销 	2、4、6、8、10 	月结 60 天 			
7 	住友商事 	4,291.53 	4.07% 	628.08 	直销 	2、4、6 	月结 90 天 			
8 	伟创力 	4,087.50 	3.87% 	1,888.24 	直销 	1、2、4、6、8、10 	月结 120 天 			
9 	COSMOTECH 	3,843.37 	3.64% 	822.62 	直销 	2、4、6 	月结 60 天 			
10 	夏普 	3,685.93 	3.49% 	957.79 	直销 	1、2、4、6、8 	月结 60 天 			
 	合计 	59,435.38 	56.30% 	21,702.21 	 	 	 			
1 	COSMOTECH 	10,416.25 	11.61% 	2,065.76 	直销 	2、4、6、8 	月结 60 天 			
2 	大德电子 	8,011.23 	8.93% 	1,674.38 	直销 	2、4、6 	月结 45 天 			
3 	共进股份 	7,213.43 	8.04% 	3,217.76 	直销 	2、4、6、8 	月结 120 天 			
4 	普联技术 	6,768.02 	7.55% 	3,346.22 	直销 	2、4、6 	月结 60 天 			
5 	夏普 	6,735.14 	7.51% 	1,308.44 	直销 	2、4、6 	月结 60 天 			
6 	住友商事 	4,633.76 	5.17% 	/ 	直销 	2、4、6 	月结 90 天 			
7 	德赛西威 	4,197.30 	4.68% 	/ 	直销 	1、2、4、6、8 	月结 120 天 			
8 	伟创力 	2,792.88 	3.11% 	/ 	直销 	1、2、4、6、8、10 	月结 120 天 			
9 	现友产业 	2,729.49 	3.04% 	1,104.40 	直销 	2、4、6、8 	月结 90 天 			
10 	光宝科技 	2,264.14 	2.52% 	/ 	直销 	2、4、6、8、10 	月结 180 天 			
 	合计 	55,761.64 	62.16% 	/ 	 	 	 			
										
2015 年度 										
2014 年度 										
										
年度 	序号 	客户名称 	集团应收该客户款项（万元） 	发行人应收该客户款项（万元） 	合计（万元） 					
2014 年度 	1 	COSMOTECH 	- 	2,065.76 	2,065.76 					
2014 年度 	2 	大德电子 	- 	1,674.38 	1,674.38 					
2014 年度 	3 	共进股份 	- 	3,217.76 	3,217.76 					
2014 年度 	4 	普联技术 	- 	3,346.22 	3,346.22 					
2014 年度 	5 	夏普 	- 	1,308.44 	1,308.44 					
2014 年度 	6 	住友商事 	118.05 	745.44 	863.50 					
2014 年度 	7 	德赛西威 	391.69 	1,939.30 	2,331.00 					
2014 年度 	8 	伟创力 	335.29 	1,298.89 	1,634.18 					
2014 年度 	9 	现友产业 	- 	1,104.40 	1,104.40 					
2014 年度 	10 	光宝科技 	540.04 	622.43 	1,162.48 					
2014 年度 	 	合计 	1,385.08 	17,323.02 	18,708.10 					
										
年度 	序号 	客户名称 	销售金额（万元） 	占营业收入的比例 	期末应收账款余额（万元） 	销售方式 	销售内容（板层） 	结算方式 		
2017 年1-6 月 	1 	Mecca 	1,422.57 	1.86% 	1,347.06 	经销 	2、4、6、8 	次月结 120天 		
										
2 	斯格特 	1,354.34 	1.77% 	1,531.88 	经销 	2、4、6、8 	月结 180 天 			
3 	深圳奥士维 	1,326.16 	1.74% 	1,474.32 	经销 	1、2、4、6、8、10、12、14 	月结 180 天 			
4 	昆山康百智电子有限公司 	931.25 	1.22% 	672.61 	经销 	2、4 	月结 90 天 			
5 	奥仕达 	720.53 	0.94% 	606.59 	经销 	2、4、6、8、10 	月结 120 天 			
6 	ICAPE 	452.84 	0.59% 	287.57 	经销 	2、4、6、8 	月结 150 天 			
7 	S&H; INCOTEC Electronic    GmbH 	333.12 	0.44% 	85.23 	经销 	1、2、4、6、8 	月结 60 天 			
8 	JK ELECTRONICS Co., Ltd 	315.97 	0.41% 	182.69 	经销 	2、4、6、8 	月结 90 天 			
9 	深圳市腾博创智科技有限公司 	247.05 	0.32% 	289.05 	经销 	2、4、6、8 	月结 150 天 			
10 	MAGNUM 	226.77 	0.30% 	77.48 	经销 	1、4、6、8 	月结 90 天 			
 	合计 	7,330.60 	9.59% 	6,554.49 	 	 	 			
1 	斯格特 	1,574.58 	1.20% 	1,168.09 	经销 	1、2、4、6、8 	月结 150天，3 月起月结 180 天 			
2 	深圳奥士维 	1,347.65 	1.03% 	881.81 	经销 	1、2、4、6、8、10 	月结 180 天 			
3 	ICAPE 	941.55 	0.72% 	117.39 	经销 	2、4、6 	月结 150 天 			
4 	昆山康百智电子有限公司 	734.53 	0.56% 	208.29 	经销 	2、4 	月结 90 天 			
5 	奥仕达 	699.96 	0.53% 	477.99 	经销 	2、4、6、8 	月结 120 天 			
6 	Mecca 	600.16 	0.46% 	393.70 	经销 	2、4、6、8 	月结 90 天/月结 120 天 			
7 	S&H; INCOTEC Electronic    GmbH 	580.38 	0.44% 	45.17 	经销 	2、4、6、8 	月结 60 天 			
8 	MAGNUM 	524.65 	0.40% 	56.55 	经销 	1、2、4、6、8 	月结 90 天 			
9 	ALLY  （PCB） Co.,Limited 	409.30 	0.31% 	210.03 	经销 	4、6 	月结 60 天 			
10 	百欣实业有限公司 	179.94 	0.14% 	9.39 	经销 	4、6 	月结 60 天 			
 	合计 	7,592.70 	5.79% 	3,568.42 	 	 	 			
1 	ALLY 	1,627.74 	1.54% 	212.98 	经销 	2、4、6、8 	月结 60 天 			
2 	斯格特 	1,229.86 	1.17% 	599.33 	经销 	1、2、4、6、8 	月结 150天/月结 120 天 			
3 	ICAPE 	1,185.53 	1.12% 	231.80 	经销 	2、4、6 	月结 90 天 			
4 	深圳奥士维 	980.81 	0.93% 	456.05 	经销 	1、2、4、6、8、10 	月结 120天，2015 年12 月起月结 180 天 			
5 	S&H; INCOTEC Electronic    GmbH 	563.59 	0.53% 	178.69 	经销 	2、4、6、8、10 	月结 60 天 			
6 	MAGNUM ESSENCE SDN BHD 	464.62 	0.44% 	103.18 	经销 	1、2、4、6、8 	月结 90 天 			
7 	奥仕达 	207.96 	0.20% 	242.44 	经销 	1、2、4、6 	月结 90 天 			
8 	Supplier Development Asia Pacific Ltd. 	164.77 	0.16% 	26.59 	经销 	2、4、6 	月结 90 天 			
9 	环球线路板有限公司 	132.96 	0.13% 	28.84 	经销 	2、4、6 	月结 90 天 			
10 	百欣实业有限公司 	115.21 	0.11% 	11.35 	经销 	4、6 	月结 60 天 			
 	合计 	6,673.06 	6.33% 	2,091.23 	 	 	 			
1 	Icape 	1,133.28 	1.26% 	/ 	经销 	1、2、4、6 	月结 90 天 			
2 	深圳奥士维 	787.58 	0.88% 	/ 	经销 	2、4、6、8、10 	月结 90 天 			
3 	Supplier Development Asia Pacific Ltd 	769.75 	0.86% 	/ 	经销 	2、4、6、8 	月结 90 天 			
4 	斯格特 	623.22 	0.69% 	429.67 	经销 	1、2、4、6、8、10、12 	月结 90 天/月结 60 天 			
5 	环球线路板有限公司 	292.48 	0.33% 	/ 	经销 	2、4、6 	月结 90 天 			
6 	ALLY  （PCB） Co.,Limited 	266.35 	0.30% 	29.45 	经销 	4、6、10 	月结 60 天 			
7 	百欣实业有限公司 	171.37 	0.19% 	/ 	经销 	4、6 	月结 60 天 			
8 	MAGNUM 	168.43 	0.19% 	/ 	经销 	1、2、4、6、8 	月结 90 天 			
9 	Mecca 	87.64 	0.10% 	/ 	经销 	2、4、6、8 	月结 90 天 			
10 	BRAIN TECH CO.LTD 	44.38 	0.05% 	/ 	经销 	2、4、6 	月结 120 天 			
 	合计 	4,344.48 	4.85% 	/ 	 	 	 			
										
2016 年度 										
2015 年度 										
										
年度 	序号 	客户名称 	集团应收该客户款项（万元） 	发行人应收该客户款项（万元） 	合计（万元） 					
2014 年度 	1 	Icape 	394.15 	103.21 	497.36 					
2014 年度 	2 	深圳奥士维 	75.09 	233.84 	308.93 					
2014 年度 	3 	Supplier Development Asia Pacific Ltd 	364.29 	8.23 	372.52 					
2014 年度 	4 	斯格特 	- 	429.67 	429.67 					
2014 年度 	5 	环球线路板有限公司 	28.08 	15.53 	43.61 					
2014 年度 	6 	ALLY （PCB） Co.,Limited 	- 	29.45 	29.45 					
2014 年度 	7 	百欣实业有限公司 	11.13 	23.40 	34.53 					
2014 年度 	8 	MAGNUM 	8.40 	4.63 	13.03 					
2014 年度 	9 	Mecca 	- 	19.11 	19.11 					
2014 年度 	10 	BRAIN TECH CO.LTD 	21.91 	- 	21.91 					
2014 年度 	 	合计 	903.05 	867.07 	1,770.12 					
										
项目 	2017 年 1-6 月 	2016 年 	2015 年 	2014 年 						
新增数量（家） 	0 	2 	1 	- 						
撤销数量（家） 	1 	0 	0 	- 						
										
项目 	2017 年 1-6 月 	2017 年 1-6 月 	2016 年度 	2016 年度 	2015 年度 	2015 年度 	2014 年度 	2014 年度 	2014 年度 	
项目 	销售金额 	占比 	销售金额 	占比 	销售金额 	占比 	销售金额 	占比 		
										
新增客户-健鼎科技 	1,469.24 	1.92% 	6,767.79 	5.16% 	5,164.97 	4.89% 	- 	- 		
新增客户-生益科技 	2,853.57 	3.73% 	1,941.54 	1.48% 	- 	- 	- 	- 		
新增客户-富士康 	2,561.99 	3.35% 	3,487.52 	2.66% 	 	 	 	 		
撤销客户-COSMOTECH 	-2.19 	0.00% 	1,762.62 	1.34% 	3,843.37 	3.64% 	10,416.25 	11.61% 		
										
项目 	2017 年 1-6 月 	2017 年 1-6 月 	2016 年度 	2016 年度 	2015 年度 	2015 年度 	2015 年度 	2014 年度 	2014 年度 	2014 年度 
项目 	金额 	占比 	金额 	占比 	金额 	占比 	金额 	金额 	占比 	
覆铜板 	16,318.46 	39.96% 	28,461.96 	40.06% 	20,290.48 	39.08% 	19,793.86 	19,793.86 	41.24% 	
铜球 	4,367.57 	10.70% 	6,220.18 	8.76% 	4,530.00 	8.72% 	4,534.86 	4,534.86 	9.45% 	
铜箔 	2,341.33 	5.73% 	4,689.47 	6.60% 	3,207.11 	6.18% 	3,322.66 	3,322.66 	6.92% 	
半固化片 	3,723.42 	9.12% 	6,014.44 	8.47% 	4,416.74 	8.51% 	3,487.96 	3,487.96 	7.27% 	
合计 	26,750.79 	65.51% 	45,386.06 	63.89% 	32,444.33 	62.49% 	31,139.34 	31,139.34 	64.87% 	
										
项目 	2017 年 1-6 月 	2017 年 1-6 月 	2016 年度 	2016 年度 	2015 年度 	2015 年度 	2014 年度 	2014 年度 		
项目 	单价 	变动 	单价 	变动 	单价 	变动 	单价 	变动 		
覆铜板（元/m2） 	84.83 	34.01% 	63.30   	-3.61% 	65.67 	-11.96% 	74.59 	-3.57% 		
铜球（元/KG） 	41.98 	23.76% 	33.92   	-9.84% 	37.62 	-16.29% 	44.94 	-7.53% 		
铜箔（元/KG） 	76.10 	27.13% 	59.86   	9.09% 	54.87 	-10.61% 	61.38 	-4.05% 		
半固化片（元/m2） 	13.08 	19.78% 	10.92   	-2.93% 	11.25 	-2.09% 	11.49 	-3.85% 		
										
项目 	2017 年 1-6 月 	2016 年度 	2015 年度 	2014 年度 						
耗电量（万度） 	7,349.44 	12,964.74 	9,456.49 	7,784.78 						
电费（万元） 	4,342.95 	7,924.16 	5,980.19 	5,046.02 						
电价（元/度） 	0.59 	0.61 	0.63 	0.65 						
										
项目 	2017 年 1-6 月 	2017 年 1-6 月 	2017 年 1-6 月 	2016 年度 	2016 年度 	2016 年度 	2015 年度 	2015 年度 	2014 年度 	2014 年度 
项目 	金额 	占比 	金额 	金额 	占比 	金额 	占比 	金额 	占比 	
直接材料 	38,639.16 	66.94% 	58,324.71 	58,324.71 	63.14% 	46,070.43 	62.60% 	41,528.18 	64.05% 	
电 	4,342.95 	7.52% 	7,924.16 	7,924.16 	8.59% 	5,980.19 	8.13% 	5,046.02 	7.78% 	
合计 	42,982.11 	74.46% 	66,248.87 	66,248.87 	71.73% 	52,050.62 	70.73% 	46,574.20 	71.83% 	
										
年度 	序号 	供应商名称 	采购额（万元） 	占采购总额的比例 	采购方式 	采购内容 	结算方式 			
2017 年1-6 月 	1 	上海南亚覆铜箔板有限公司 	11,292.30 	15.96% 	直接采购 	覆铜板、PP 	月结 90 天 			
2017 年1-6 月 	2 	惠州合正电子科技有限公司 	5,462.83 	7.72% 	直接采购 	覆铜板、PP、铜箔 	月结 60 天 			
2017 年1-6 月 	3 	佛山市承安铜业有限公司 	4,367.57 	6.17% 	直接采购 	磷铜球 	货到付款/月结 30 天 			
2017 年1-6 月 	4 	浙江华正新材料股份有限公司 	1,456.57 	2.06% 	直接采购 	覆铜板 	月结 90 天 			
2017 年1-6 月 	5 	深圳市金洲精工科技股份有限公司 	1,059.31 	1.50% 	直接采购 	钻咀、铣刀、槽刀 	月结 90 天 			
2017 年1-6 月 	6 	泰州市欣港电子材料有限公司 	925.60 	1.31% 	直接采购 	柠檬酸金钾 	货到验收 7日内付款 			
2017 年1-6 月 	7 	南亚电子材料(惠州)有限公司 	878.39 	1.24% 	直接采购 	覆铜板、PP 	月结 30 天 			
2017 年1-6 月 	8 	广东汕头超声电子股份有限公司覆铜板厂 	802.30 	1.13% 	直接采购 	覆铜板、PP 	月结 90 天 			
2017 年1-6 月 	9 	罗门哈斯电子材料（东莞）有限公司 	787.33 	1.11% 	直接采购 	沉铜线包线药水 	月结 60 天/月结 90 天 			
2017 年1-6 月 	10 	番禺南沙殷田化工有限公司 	783.62 	1.11% 	直接采购 	干膜 	月结 120 天 			
2017 年1-6 月 	 	合计 	27,815.82 	39.32% 	 	 	 			
2016 年度 	1 	上海南亚覆铜箔板有限公司 	8,659.63 	7.82% 	直接采购 	覆铜板、PP、铜箔 	月结 90 天 			
2016 年度 	2 	惠州合正电子科技有限公司 	7,964.04 	7.19% 	直接采购 	覆铜板、PP、铜箔 	月结 60 天 			
2016 年度 	3 	广州宏仁电子工业有限公司 	6,532.27 	5.90% 	直接采购 	覆铜板、PP 	月结 90 天 			
2016 年度 	4 	佛山市承安铜业有限公司 	6,220.18 	5.62% 	直接采购 	磷铜球 	预付/货到付款/月结30 天 			
2016 年度 	5 	广东汕头超声电子股份有限公司覆铜板厂 	4,583.38 	4.14% 	直接采购 	覆铜板、PP、铜箔 	月结 120 天/月结 90 天 			
2016 年度 	6 	南亚电子材料(惠州)有限公司 	2,736.18 	2.47% 	直接采购 	覆铜板、PP 	月结 30 天 			
2016 年度 	6 	南亚电子材料（昆山）有限公司 	203.93 	0.18% 	直接采购 	铜箔 	月结 30 天 			
2016 年度 	6 	小计 	2,940.11 	2.66% 	 	 	 			
2016 年度 	7 	深圳市金洲精工科技股份有限公司 	2,148.76 	1.94% 	直接采购 	钻咀、铣刀、槽刀 	月结 90 天 			
2016 年度 	8 	浙江华正新材料股份有限公司 	2,025.13 	1.83% 	直接采购 	覆铜板、铜箔 	月结 90 天 			
2016 年度 	9 	番禺南沙殷田化工有限公司 	1,642.94 	1.48% 	直接采购 	干膜 	月结 120 天 			
2016 年度 	10 	台燿科技(中山)有限公司 	1,550.99 	1.40% 	直接采购 	覆铜板、PP、 	月结 90 天 			
2016 年度 	 	合计 	44,267.43 	39.99% 	 	 	 			
2015 年度 	1 	南亚电子材料（昆山）有限公司 	1,474.36 	1.84% 	直接采购 	铜箔、覆铜板 	月结 30 天 			
2015 年度 	1 	南亚电子材料(惠州)有限公司 	4,078.81 	5.08% 	直接采购 	覆铜板、PP 	月结 30 天 			
										
小计 	5,553.17 	6.92% 	 	 	 					
上海南亚覆铜箔板有限公司 	5,448.30 	6.78% 	直接采购 	覆铜板、PP 	月结 90 天 					
广东汕头超声电子股份有限公司覆铜板厂 	5,401.67 	6.73% 	直接采购 	覆铜板、PP 	月结 120 天 					
佛山市承安铜业有限公司 	4,530.00 	5.64% 	直接采购 	磷铜球 	预付/月结30 天 					
广东建滔积层板销售有限公司 	3,336.70 	4.16% 	直接采购 	覆铜板 	月结 90 天 					
台燿科技(中山)有限公司 	2,475.00 	3.08% 	直接采购 	覆铜板、PP 	月结 90 天 					
惠州合正电子科技有限公司 	1,741.99 	2.17% 	直接采购 	覆铜板、PP、铜箔 	月结 60 天 					
深圳市金洲精工科技股份有限公司 	1,582.14 	1.97% 	直接采购 	钻咀、槽刀、钻针 	月结 90 天 					
广东生益科技股份有限公司 	1,432.02 	1.78% 	直接采购 	覆铜板、PP 	月结 60 天 					
长兴（广州）光电材料有限公司 	576.96 	0.72% 	直接采购 	干膜 	月结 90 天 					
长兴（广州）电子材料有限公司 	571.53 	0.71% 	直接采购 	干膜 	月结 90 天 					
小计 	1,148.49 	1.43% 	 	 	 					
合计 	32,649.49 	40.66% 	 	 	 					
南亚电子材料(惠州)有限公司 	6,331.32 	9.24% 	直接采购 	覆铜板、PP 	月结 30 天 					
南亚电子材料（昆山）有限公司 	2,118.38 	3.09% 	直接采购 	铜箔 	月结 30 天 					
小计 	8,449.70 	12.34% 	 	 	 					
广东汕头超声电子股份有限公司覆铜板厂 	6,672.13 	9.74% 	直接采购 	覆铜板、PP 	月结 120 天 					
佛山市承安铜业有限公司 	4,534.86 	6.62% 	直接采购 	磷铜球 	月结 30 天 					
广东建滔积层板销售有限公司 	3,434.01 	5.01% 	直接采购 	覆铜板 	月结 90 天 					
上海南亚覆铜箔板有限公司 	2,672.86 	3.90% 	直接采购 	覆铜板、PP 	月结 30 天 					
广东生益科技股份有限公司 	2,014.72 	2.94% 	直接采购 	覆铜板、PP 	月结 60 天/月结 30 天 					
番禺南沙殷田化工有限公司 	1,733.10 	2.53% 	直接采购 	干膜 	月结 120 天 					
云南锡业股份有限公司深圳经销分公司 	1,398.19 	2.04% 	直接采购 	锡球、无铅锡条、硫酸亚锡 	月结 30 天 					
长春化工（江苏）有限公司 	1,111.90 	1.62% 	直接采购 	铜箔 	月结 30 天 					
台燿科技(中山)有限公司 	856.44 	1.25% 	直接采购 	覆铜板、PP 	月结 90 天 					
合计 	32,877.91 	48.01% 	 	 	 					
										
2 										
3 										
4 										
5 										
6 										
7 										
8 										
9 										
10 										
 										
1 										
2 										
3 										
4 										
5 										
6 										
7 										
8 										
9 										
10 										
 										
										
项目 	2017 年 1-6 月 	2016 年度 	2015 年度 	2014 年度 						
外协加工金额 	1,051.61 	2,314.15 	1,698.65 	2,881.32 						
营业成本 	57,899.84 	92,412.84 	73,598.60 	64,891.02 						
占比 	1.82% 	2.50% 	2.31% 	4.44% 						
										
年度 	序号 	供应商名称 	采购额（万元） 	占外协采购金额的比例 						
2017 年1-6 月 	1 	鹤山市兴发线路板厂 	151.16 	14.37% 						
2017 年1-6 月 	2 	深圳市明正宏电子有限公司 	140.97 	13.40% 						
2017 年1-6 月 	3 	惠州市拓鑫电子有限公司 	102.25 	9.72% 						
2017 年1-6 月 	4 	惠州市鑫富成电子有限公司 	95.55 	9.09% 						
2017 年1-6 月 	5 	惠州市联兴达电子有限公司 	81.79 	7.78% 						
2017 年1-6 月 	6 	国义电镀（深圳）有限公司 	73.35 	6.97% 						
2017 年1-6 月 	7 	湖南恒诺电子科技有限公司 	59.49 	5.66% 						
2017 年1-6 月 	8 	惠州市精钻达电子有限公司 	56.32 	5.36% 						
2017 年1-6 月 	9 	深圳市安晨电子有限公司 	48.03 	4.57% 						
2017 年1-6 月 	10 	惠州市明达盛电子有限公司 	47.41 	4.51% 						
2017 年1-6 月 	 	合计 	856.30 	81.43% 						
2016年度 	1 	深圳市明正宏电子有限公司 	709.44 	30.66% 						
2016年度 	2 	惠州市明达盛电子有限公司 	354.15 	15.30% 						
2016年度 	3 	惠州市精钻达电子有限公司 	233.76 	10.10% 						
2016年度 	4 	鹤山市兴发线路板厂 	194.89 	8.42% 						
2016年度 	5 	深圳市英诺泰克科技有限公司 	188.47 	8.14% 						
2016年度 	6 	惠州市拓鑫电子有限公司 	139.38 	6.02% 						
2016年度 	7 	深圳市安晨电子有限公司 	107.58 	4.65% 						
2016年度 	8 	深圳市坤钰精工科技有限公司 	76.98 	3.33% 						
										
9 	汇通电子科技（惠州）有限公司 	55.92 	2.42% 							
10 	惠州大亚湾聚德盛电子厂 	36.04 	1.56% 							
 	合计 	2,096.59 	90.60% 							
1 	深圳市明正宏电子有限公司 	584.78 	34.43% 							
2 	建滔敷铜板（深圳）有限公司 	118.40 	6.97% 							
2 	建滔积层板（深圳）有限公司 	27.16 	1.60% 							
2 	建滔（佛冈）积层板有限公司 	6.31 	0.37% 							
2 	江门建滔积层板有限公司 	3.56 	0.21% 							
2 	小计 	155.43 	9.15% 							
3 	深圳市英诺泰克科技有限公司 	149.03 	8.77% 							
4 	深圳市安晨电子有限公司 	105.17 	6.19% 							
5 	东莞市浩裕电子科技有限公司 	98.77 	5.81% 							
6 	惠州市明达盛电子有限公司 	88.54 	5.21% 							
7 	鹤山市兴发线路板厂 	88.13 	5.19% 							
8 	惠州市拓鑫电子有限公司 	83.51 	4.92% 							
9 	深圳市瑞翔浩实业有限公司 	72.76 	4.28% 							
10 	深圳市坤钰精工科技有限公司 	40.95 	2.41% 							
 	合计 	1,467.07 	86.36% 							
1 	惠州市惠城区宝鼎电子厂 	322.42 	11.19% 							
2 	鹤山市兴发线路板厂 	292.46 	10.15% 							
3 	深圳市明正宏电子有限公司 	281.68 	9.78% 							
4 	惠州市铁发科技有限公司 	278.46 	9.66% 							
5 	领航科技（深圳）有限公司 	177.67 	6.17% 							
6 	深圳市国昌荣电子有限公司 	151.67 	5.26% 							
7 	建滔积层板（深圳）有限公司 	77.97 	2.71% 							
7 	江门建滔积层板有限公司 	29.74 	1.03% 							
7 	建滔（佛冈）积层板有限公司 	17.50 	0.61% 							
7 	小计 	125.22 	4.35% 							
8 	汇通电子科技（惠州）有限公司 	113.27 	3.93% 							
9 	惠州市拓鑫电子有限公司 	104.71 	3.63% 							
10 	华惠通实业（深圳）有限公司 	92.66 	3.22% 							
 	合计 	1,940.22 	67.34% 							
										
2015年度 										
2014年度 										
										
成立日期 	2000 年 4 月 11 日 									
注册资本 	10 万元 									
注册地址 	鹤山市桃源镇三富工业区 									
法定代表人 	黄志坤 									
经营范围 	生产、加工、销售：电子线路板、电子元器件、五金工艺品。 									
										
成立日期 	2006 年 9 月 30 日 									
注册资本 	2,000 万元 									
注册地址 	深圳市宝安区沙井大王山第二工业区 24 号 1、2、3 栋 									
法定代表人 	祝文华 									
经营范围 	2-10 层柔性线路板、2-10 层刚性线路板、刚柔结合线路板的销售，电子产品的技术开发及销售，货物及技术进出口（以上项目均不含法律、行政法规、国务院决定规定需前置审批及禁止项目）；^2-10 层柔性线路板、2-10 层刚性线路板、刚柔结合线路板的生产、加工；普通货运。 									
法定代表人 	郑先祥 									
经营范围 	研发、生产、加工、销售：电子产品（凭有效许可证经营）。 									
										
成立日期 	2012 年 5 月 10 日 									
注册资本 	100 万元 									
注册地址 	惠东县白花镇太阳坳金排山 									
法定代表人 	郑先祥 									
经营范围 	研发、生产、加工、销售：电子产品（凭有效许可证经营）。 									
										
成立日期 	2010 年 12 月 8 日 									
注册资本 	150 万元 									
注册地址 	惠州市仲恺高新区潼侨镇联发大道南面 B-14 厂房一楼 									
法定代表人 	易红 									
经营范围 	电子线路板、电子产品的生产、加工与销售（不含电镀项目）；国内贸易。 									
										
成立日期 	2012 年 7 月 9 日 									
注册资本 	50 万元 									
注册地址 	惠州市惠城区水口街道办事处龙湖八路二街 1 号 									
法定代表人 	赵学花 									
经营范围 	生产、加工、销售：电子产品、五金制品(不含电镀、铸造工序）。 									
										
成立日期 	2012 年 8 月 24 日 									
注册资本 	478.05 万元 									
注册地址 	深圳市宝安区沙井衙边第一工业区 D7 栋 									
法定代表人 	黄善其 									
经营范围 	生产经营线路板；从事货物及技术进出口（不含分销、国家专营专控商品）。 									
										
成立日期 	2014 年 1 月 9 日 									
注册资本 	200 万元 									
注册地址 	益阳市资阳区长春东路（电子信息标准厂房一栋） 									
法定代表人 	杨五友 									
经营范围 	电子元件及电路板的研发、销售；单面板、喷锡加工。 									
注册资本 	50 万元 									
注册地址 	惠州市惠城区马安镇新乐工业城一楼西北面 									
法定代表人 	徐翠兰 									
经营范围 	生产、加工、销售：电子产品、五金制品(不含电镀、铸造工序） 									
										
成立日期 	2012-11-21 									
注册资本 	50 万元 									
注册地址 	惠州市惠城区马安镇新乐工业城一楼西北面 									
法定代表人 	徐翠兰 									
经营范围 	生产、加工、销售：电子产品、五金制品(不含电镀、铸造工序） 									
										
成立日期 	2014 年 2 月 13 日 									
注册资本 	100 万元 									
注册地址 	深圳市龙岗区龙岗街道南联社区南联第六工业区圳埔厂区第 1 栋 2 楼 									
法定代表人 	江海轮 									
经营范围 	国内贸易；货物进出口。电子产品、电子元器件、电子线路板、五金的技术开发、生产与销售；普通货运。 									
										
成立日期 	2011 年 10 月 13 日 									
注册资本 	120 万元 									
注册地址 	惠州市惠城区水口街道办事处龙津谭屋村工业区厂房 22# 									
法定代表人 	单卫平 									
经营范围 	加工、销售电子产品及零配件。 									
										
成立日期 	2004 年 5 月 21 日 									
注册资本 	50 万元 									
注册地址 	深圳市龙岗区清林西路深圳市留学人员（龙岗）创业园二园 308 									
法定代表人 	ZHAO HONGSHAO 									
经营范围 	电子元器件专用保护剂及其他无铅环保新工艺的研制、销售及相关的技术服务；电子元器件的加工与组装。 									
										
成立日期 	2014 年 6 月 9 日 									
注册资本 	100 万元 									
注册地址 	深圳市宝安区沙井街道沙三村上下围第三工业区帝堂路 112 号 									
法定代表人 	陈明 									
经营范围 	线路板及其耗材的销售；线路板、电子产品、集成电路的研发与销售，化工用品（不含危险化学品，易制毒化学品，成品油。）的销售，国内贸易，									
										
成立日期 	2004 年 3 月 31 日 									
注册资本 	1,400 万港元 									
注册地址 	惠州市惠阳区新圩镇 									
法定代表人 	叶碧霞 									
经营范围 	柔性线路板、刚性单面、双面、多层线路板的加工制造。产品内外销比例由企业视市场情况自行确定。  (依法须经批准的项目，经相关部门批准后方可开展经营活动) 									
										
成立日期 	2011 年 1 月 4 日 									
注册资本 	个体工商户 									
注册地址 	惠州大亚湾西区响水河工业园启懋(惠州)工业有限公司 H 号厂房 3 楼 									
法定代表人 	曾超一 									
经营范围 	电子产品销售，线路板钻孔，锣板加工。 									
										
成立日期 	2014 年 1 月 21 日 									
注册资本 	3,800.00 万港元 									
注册地址 	深圳市宝安区石岩街道水田社区第二工业区石龙路 73 号 									
法定代表人 	张志勤 									
经营范围 	生产经营铜面板、玻璃纤维片；货物及技术进出口（不含分销、国家专营专控商品）。 									
										
成立日期 	1997 年 1 月 3 日 									
注册资本 	5,000.00 万港元 									
注册地址 	深圳市宝安区石岩镇水田工业区 									
法定代表人 	张志勤 									
经营范围 	生产经营覆铜箔板、淋膜纸、线路板生产设备制造及覆铜面板钻孔加工。（不含线路板的蚀刻、显影、黑化、电镀） 									
成立日期 	2002 年 6 月 23 日 									
注册资本 	2,946.60 万美元 									
注册地址 	清远市佛冈县石角镇环城西路城南工业区建滔工业园内 									
法定代表人 	张志勤 									
经营范围 	半导体、元器件专用材料（布基通讯设备线路板专用）的开发、生产、销售及钻孔加工，生产经营瓦楞纸箱、淋膜纸。 									
										
成立日期 	2000 年 8 月 21 日 									
注册资本 	24,280.00 万港元 									
注册地址 	江门市高新技术开发区金瓯路段 40 号地段 									
法定代表人 	麦秀珍 									
经营范围 	生产高级防火积层板（覆铜板），包装装潢印刷品印刷（凭有效《印刷经营许可证》经营）,生产经营瓦楞纸箱、铝片。 									
										
成立日期 	2010 年 10 月 13 日 									
注册资本 	100 万元 									
注册地址 	东莞松山湖科技产业园区北部工业城中小科技企业创业园综合楼 3 楼 310号房 									
法定代表人 	何伟 									
经营范围 	研发、产销：电子元器件、LED 产品。(依法须经批准的项目，经相关部门批准后方可开展经营活动) 									
										
成立日期 	2003 年 11 月 4 日 									
注册资本 	100 万元 									
注册地址 	深圳市坪山新区坑梓沙田社区沙坜工业区 2 号厂房 									
法定代表人 	蒋油瑞 									
经营范围 	兴办实业（具体项目另行申报）；电子产品的技术开发与购销及其它国内商业、物资供销业（以上不含限制项目及专营、专控、专卖商品）。 									
法定代表人 	周仲明 									
经营范围 	加工：钻孔、锣板、钻咀研磨。(依法须经批准的项目，经相关部门批准后方可开展经营活动) 									
										
成立日期 	2009 年 3 月 25 日 									
注册资本 	个体工商户 									
注册地址 	惠州市惠城区水口大湖溪湖景工业区 13 号厂房 									
法定代表人 	周仲明 									
经营范围 	加工：钻孔、锣板、钻咀研磨。(依法须经批准的项目，经相关部门批准后方可开展经营活动) 									
										
成立日期 	2012 年 3 月 23 日 									
注册资本 	50 万元 									
注册地址 	惠州市鹅岭南路 69 号畔山豪园 B 栋 12 层 05 号房 									
法定代表人 	刘贺 									
经营范围 	线路板的设计开发，化工产品[危险化学品除外]、电子产品的销售。(依法须经批准的项目，经相关部门批准后方可开展经营活动) 									
										
成立日期 	1996 年 8 月 20 日 									
注册资本 	140 万港币 									
注册地址 	深圳市龙岗区横岗街道银荷社区银海街 22 号 101 									
法定代表人 	郭源 									
经营范围 	生产经营电脑控制系统部件及电脑ＰＣＢ板钻孔部件；产品 50％外销。 									
										
成立日期 	2012 年 8 月 24 日 									
注册资本 	50 万元 									
注册地址 	深圳市宝安区松岗街道江边社区工业四路 4 号 1 栋 101 									
法定代表人 	蒋军林 									
经营范围 	电子产品、PCB 辅料的销售；国内贸易、货物及技术进出口。（法律、行政法规、国务院决定规定在登记前须经批准的项目除外）^线路板的加工与销售 									
										
成立日期 	2003 年 7 月 25 日 									
注册资本 	3,570.00 万港元 									
注册地址 	深圳市宝安区松岗街道办沙浦围社区创业工业区第 4 栋 									
法定代表人 	邓燕平 									
经营范围 	生产经营 PCB 板接插件、新型电子元器件、CNC 精密加工件。增加：生产经营 PCB 精密钻孔加工件、五金模具。 									
										
固定资产类别 	固定资产原值 	累计折旧 	减值准备 	固定资产净值 						
房屋建筑物 	9,735.05 	1,102.04 	- 	8,633.01 						
机器设备 	91,276.18 	20,501.04 	- 	70,775.13 						
运输工具 	510.93 	192.94 	- 	317.99 						
办公设备及其他 	1,497.42 	801.91 	- 	695.51 						
合计 	103,019.58 	22,597.93 	- 	80,421.64 						
										
序号 	设备名称 	数量（台/套） 	账面原值(万元) 	成新率 	尚可使用年限 					
1 	钻孔机 	280 	22,474.88 	75.69% 	7.57 					
2 	曝光机 	51 	4,445.32 	79.29% 	7.93 					
3 	电镀线 	5 	1,235.90 	73.68% 	7.37 					
4 	成型机 	51 	2,885.23 	77.52% 	7.75 					
5 	自动光学检测机 	21 	1,961.06 	76.89% 	7.69 					
6 	压机 	6 	1,210.05 	71.68% 	7.17 					
7 	空压机 	25 	379.89 	75.19% 	7.52 					
8 	处理机 	17 	1,237.95 	80.63% 	8.06 					
9 	变压器 	8 	1,329.20 	78.47% 	7.85 					
10 	蚀刻线 	10 	1,472.99 	80.03% 	8.00 					
11 	镭射钻孔机 	2 	642.54 	83.38% 	8.34 					
12 	测试机 	68 	1,492.52 	82.59% 	8.26 					
13 	垂直连续镀铜线 	10 	3,527.35 	91.79% 	9.18 					
14 	收放板机 	161 	1,310.27 	82.67% 	8.27 					
15 	叠合拆解回流线 	3 	1,072.05 	82.80% 	8.28 					
16 	研磨机 	27 	896.83 	82.48% 	8.25 					
17 	涂布烘烤线 	8 	1,115.90 	86.37% 	8.64 					
18 	AOI 机 	7 	337.61 	60.97% 	6.10 					
19 	显影机 	6 	256.15 	70.91% 	7.09 					
20 	钻靶机 	7 	565.35 	74.91% 	7.49 					
21 	网印机 	66 	1,173.47 	81.43% 	8.14 					
22 	去毛刺除胶渣 	6 	1,821.37 	90.54% 	9.05 					
23 	废水处理设备 	26 	616.62 	72.47% 	7.25 					
24 	冷热水机 	10 	701.16 	58.89% 	5.89 					
25 	输送炉 	7 	290.88 	69.65% 	6.97 					
26 	光绘机 	4 	512.26 	71.20% 	7.12 					
27 	贴膜机 	9 	823.93 	78.04% 	7.80 					
28 	集尘机 	31 	360.58 	74.05% 	7.40 					
29 	冲孔机 	4 	592.36 	88.49% 	8.85 					
30 	磨边线 	4 	727.50 	90.00% 	9.00 					
31 	棕化机 	6 	413.93 	84.48% 	8.45 					
32 	双枪式低压喷涂机 	3 	523.48 	94.85% 	9.49 					
33 	抗氧化机/OSP 线 	4 	296.84 	79.84% 	7.98 					
34 	裁切机 	7 	194.91 	78.39% 	7.84 					
35 	缺陷验证和修复站 	10 	124.51 	56.93% 	5.69 					
36 	底片检查 	4 	162.05 	75.22% 	7.52 					
37 	锅炉 	2 	148.90 	77.46% 	7.75 					
38 	镍金线 	3 	187.69 	75.87% 	7.59 					
39 	检查机 	16 	502.30 	85.40% 	8.54 					
40 	台车 	32 	33.67 	53.26% 	5.33 					
41 	脱料系统 	4 	19.49 	41.65% 	4.16 					
42 	验孔机 	5 	88.46 	86.74% 	8.67 					
43 	包装机 	7 	42.31 	78.78% 	7.88 					
44 	补线机 	8 	18.01 	74.12% 	7.41 					
45 	铆钉机 	4 	35.66 	78.41% 	7.84 					
46 	测厚仪 	20 	135.51 	68.59% 	6.86 					
47 	烘干机 	13 	21.27 	83.90% 	8.39 					
48 	清洁机 	35 	139.81 	91.91% 	9.19 					
49 	成品清洗机 	5 	168.55 	81.22% 	8.12 					
50 	切割机 	7 	147.01 	73.51% 	7.35 					
51 	烤箱 	15 	36.65 	58.74% 	5.87 					
52 	热熔机 	6 	79.43 	69.79% 	6.98 					
53 	纯水系统 	5 	135.12 	64.86% 	6.49 					
54 	PIN 机 	13 	66.68 	79.47% 	7.95 					
55 	反直机 	6 	35.90 	49.38% 	4.94 					
56 	测量仪 	18 	211.42 	65.22% 	6.52 					
57 	烘干线 	2 	81.20 	80.21% 	8.02 					
58 	显微镜 	3 	129.21 	76.08% 	7.61 					
59 	升降机 	1 	3.08 	86.54% 	8.65 					
60 	水洗及喷砂 	4 	68.21 	77.04% 	7.70 					
61 	恒温柜 	5 	18.89 	74.71% 	7.47 					
62 	贴胶机 	6 	45.46 	81.63% 	8.16 					
63 	柴油发电机组 	1 	70.34 	30.49% 	3.05 					
64 	上下环机 	5 	73.72 	71.28% 	7.13 					
65 	显影后固化线、后烤线 	4 	202.50 	89.36% 	8.94 					
66 	冷却塔 	8 	76.31 	87.16% 	8.72 					
67 	水平化银线 	1 	170.94 	92.88% 	9.29 					
68 	PCB 字符喷印机 	2 	128.21 	92.08% 	9.21 					
69 	多项式喷印批量管制机 	3 	117.52 	96.75% 	9.68 					
70 	圆角机 	2 	7.87 	81.62% 	8.16 					
71 	三次元 	1 	41.61 	89.71% 	8.97 					
72 	多层板融合机 	7 	207.89 	97.51% 	9.75 					
73 	自动电流调压刷磨机 4 轴+9轴树脂研磨机 	3 	206.84 	89.32% 	8.93 					
74 	自动送收料机 	7 	40.60 	92.87% 	9.29 					
75 	磨板机+铜粉回收机 	6 	333.33 	96.04% 	9.60 					
76 	自动洗网再生一体机 	2 	17.95 	77.04% 	7.70 					
77 	压力机 	6 	98.72 	65.06% 	6.51 					
78 	基准钻孔机 	7 	258.42 	69.89% 	6.99 					
79 	8 铜缸自动上下料填孔线 	1 	235.90 	95.25% 	9.53 					
80 	超粗化及水洗段 	1 	41.62 	73.42% 	7.34 					
81 	钻铣机 	3 	31.54 	95.84% 	9.58 					
82 	组合式空调机组 	16 	179.71 	97.05% 	9.71 					
83 	压泥机系统 	2 	115.93 	86.80% 	8.68 					
84 	机器人钢板打磨机 	2 	47.01 	97.62% 	9.76 					
85 	整平机 	3 	43.47 	98.95% 	9.89 					
86 	数控单轴锣机 	1 	61.92 	97.62% 	9.76 					
87 	等离子处理系统 	1 	137.67 	100.00% 	10.00 					
88 	双面滚轮式红外线 IR 线 	1 	51.28 	97.62% 	9.76 					
89 	余热回收利用节能工程 	2 	159.14 	98.13% 	9.81 					
90 	高压清洗机 	4 	2.94 	92.08% 	9.21 					
91 	检修机 	2 	21.88 	99.21% 	9.92 					
92 	自动披磨锋机 	2 	9.40 	100.00% 	10.00 					
合计 	合计 	1,325 	64,976.94 	 	 					
										
序号 	设备名称 	数量（台/套） 	账面原值(万元) 	成新率 	尚可使用年限 					
1 	钻孔机 	122 	10,800.60 	68.36% 	6.84 					
2 	曝光机 	22 	1,631.88 	79.35% 	7.93 					
3 	高密度柔性线路板化学沉铜机 	2 	749.57 	98.42% 	9.84 					
4 	成型机 	27 	1,439.29 	70.92% 	7.09 					
5 	自动光学检测机 	3 	230.75 	79.40% 	7.94 					
6 	八层式真空冷热压机 	6 	498.04 	38.79% 	3.88 					
7 	处理机 	5 	312.93 	73.87% 	7.39 					
8 	垂直连续镀铜线 	3 	1,255.38 	98.65% 	9.86 					
9 	变压器 	7 	185.75 	38.91% 	3.89 					
10 	柴油发电机组 	4 	131.13 	5.00% 	0.50 					
11 	测试机 	19 	782.48 	90.77% 	9.08 					
12 	单手臂自动测试机自动线 	2 	12.22 	62.38% 	6.24 					
13 	收放板机 	38 	401.46 	81.98% 	8.20 					
14 	叠合拆解回流线 	2 	440.07 	35.85% 	3.58 					
15 	研磨机 	16 	399.88 	72.34% 	7.23 					
16 	AOI 机 	5 	340.83 	39.18% 	3.92 					
17 	显影机 	4 	175.43 	24.34% 	2.43 					
18 	钻靶机 	3 	262.72 	50.39% 	5.04 					
19 	网印机 	31 	616.02 	84.36% 	8.44 					
20 	内层涂布烘烤线 	1 	140.25 	92.88% 	9.29 					
21 	废水达标增容整改环保工程 	1 	212.62 	99.21% 	9.92 					
22 	日立水冷螺杆机 	4 	161.45 	82.65% 	8.27 					
23 	纯水设备 	2 	78.29 	54.66% 	5.47 					
24 	输送炉 	7 	212.06 	58.43% 	5.84 					
25 	光绘机 	1 	119.06 	76.25% 	7.63 					
26 	激光光绘机 	1 	13.68 	31.92% 	3.19 					
27 	菲林复片机 	1 	1.71 	5.00% 	0.50 					
28 	冲片机 	2 	12.92 	20.10% 	2.01 					
29 	三十片翻板冷却机 	2 	9.60 	54.86% 	5.49 					
30 	集尘机 	11 	128.89 	68.86% 	6.89 					
31 	退膜机 	3 	430.42 	66.91% 	6.69 					
32 	棕化机 	1 	64.10 	77.04% 	7.70 					
33 	抗氧化机 	1 	106.84 	75.46% 	7.55 					
34 	裁切机 	1 	12.34 	5.00% 	0.50 					
35 	缺陷验证和修复站 	14 	113.61 	73.18% 	7.32 					
36 	底片检查机 	1 	39.32 	85.75% 	8.57 					
37 	锅炉 	1 	18.05 	82.58% 	8.26 					
38 	V-CUT 切割机 	1 	20.51 	64.38% 	6.44 					
39 	空压机 	13 	171.78 	63.69% 	6.37 					
40 	检查机 	3 	45.50 	33.24% 	3.32 					
41 	脱料系统 	2 	11.63 	5.00% 	0.50 					
42 	烤箱 	10 	30.60 	16.92% 	1.69 					
43 	自动精密影像检测仪 	1 	16.24 	88.92% 	8.89 					
44 	测试仪 	17 	106.89 	31.66% 	3.17 					
45 	压膜机 	4 	241.21 	36.28% 	3.63 					
46 	双面在线自动光学检测仪 	3 	302.70 	85.88% 	8.59 					
47 	垂直滚轮自动涂布烤线 	1 	124.80 	81.00% 	8.10 					
48 	自动刻槽机 	1 	40.95 	5.79% 	0.58 					
49 	切张机 	1 	30.66 	10.54% 	1.05 					
50 	钻铣机 	3 	35.21 	90.59% 	9.06 					
51 	热熔机 	2 	30.43 	70.62% 	7.06 					
52 	验孔机 	2 	36.75 	95.65% 	9.56 					
53 	电脑裁板机 	2 	90.77 	72.22% 	7.22 					
54 	中央空调 	7 	237.97 	53.56% 	5.36 					
55 	线路板数孔机 	1 	51.36 	74.67% 	7.47 					
56 	成品清洗机 	2 	72.17 	48.98% 	4.90 					
57 	测厚仪 	5 	50.64 	45.65% 	4.57 					
58 	磨边后清洗机 	2 	22.22 	65.17% 	6.52 					
59 	板面清洗机 	2 	5.30 	57.25% 	5.72 					
60 	PIN 机 	7 	34.53 	75.23% 	7.52 					
61 	多项式喷印批量管制机日立小字专用机 	1 	35.32 	83.45% 	8.34 					
62 	全自动钻头上环机 	2 	46.52 	82.26% 	8.23 					
63 	内层蚀刻对位冲孔机 	1 	153.54 	85.75% 	8.58 					
64 	PP 分条机 	1 	27.35 	85.75% 	8.58 					
65 	铆钉机 	5 	36.94 	61.83% 	6.18 					
66 	磨披锋机 	3 	13.33 	79.02% 	7.90 					
67 	全自动外观检查机 	6 	356.82 	90.86% 	9.09 					
68 	UV 烘烤机 	7 	11.42 	72.66% 	7.27 					
69 	压滤机 	3 	43.64 	93.02% 	9.30 					
70 	板面清洁粘尘机 	8 	25.24 	81.05% 	8.10 					
71 	大尺寸贴膜机 	1 	85.47 	88.92% 	8.89 					
72 	PCB 基准孔钻孔机 	2 	10.26 	84.96% 	8.50 					
73 	JYS 精密补线机 	4 	10.04 	58.97% 	5.90 					
74 	加大型自动裁板磨边机 	1 	193.67 	92.88% 	9.29 					
75 	成型清洗机 	1 	25.64 	95.25% 	9.53 					
76 	测长机 	1 	24.69 	15.29% 	1.53 					
77 	压力机 	2 	37.53 	57.24% 	5.72 					
78 	双台面 V 槽切割机 	2 	37.61 	94.06% 	9.41 					
79 	机器人投板机 	1 	17.09 	100.00% 	10.00 					
80 	创峰水平烘干段 	3 	64.10 	97.62% 	9.76 					
81 	机器人钢板打磨机 	2 	47.01 	99.21% 	9.92 					
82 	多层板融合机 	1 	29.63 	98.42% 	9.84 					
83 	去毛刺机 	2 	52.99 	98.42% 	9.84 					
84 	脱硫、脱销装置 	1 	26.50 	98.42% 	9.84 					
85 	全自动超高精度影像测量仪 	1 	17.09 	78.62% 	7.86 					
合计 	合计 	530 	25,781.90 	 	 					
										
序号 	权利人 	证书编号 	座落 	面积(m2) 	取得方式 	是否抵押 				
1 	奥士康 	益房权证资阳字第2016000371 号 	资阳区长春工业园白马山社区奥士康冲压车间101 室 	463.42 	自建 	否 				
2 	奥士康 	益房权证资阳字第2016000372 号 	资阳区长春工业园白马山社区奥士康 1＃仓库101 室 	761.43 	自建 	否 				
3 	奥士康 	益房权证资阳字第2016000373 号 	资阳区长春工业园白马山社区奥士康污水处理车间 101 室 	1,050.65 	自建 	否 				
4 	奥士康 	益房权证资阳字第2016000375 号 	资阳区长春工业园白马山社区奥士康 2＃仓库101 室 	978.30 	自建 	否 				
5 	奥士康 	益房权证资阳字第2016008099 号 	资阳区长春工业园龙塘村 101 	11,855.73 	自建 	否 				
6 	奥士康 	益房权证资阳字第2016008100 号 	资阳区长春工业园龙塘村 201 	11,314.59 	自建 	否 				
7 	奥士康 	益房权证资阳字第2016008101 号 	资阳区长春工业园龙塘村 301 	9,778.71 	自建 	否 				
8 	奥士康 	益房权证资阳字第2016002571 号 	资阳区长春工业园白马山社区奥士康（二期生产车间）101 室 	10,670.56 	自建 	否 				
9 	奥士康 	益房权证资阳字第2016002572 号 	资阳区长春工业园白马山社区奥士康（二期生产车间）201 室 	10,670.56 	自建 	否 				
10 	奥士康 	益房权证资阳字第2016002573 号 	资阳区长春工业园白马山社区奥士康（二期生产车间）301 室 	10,670.56 	自建 	否 				
11 	奥士康 	益房权证资阳字第2016002574 号 	资阳区长春工业园白马山社区奥士康（二期生产车间）401 室 	10,670.56 	自建 	否 				
12 	奥士康 	益房权证资阳字第2016002575 号 	资阳区长春工业园白马山社区奥士康科技（益阳）有限公司（二期仓库）101 室 	1,397.04 	自建 	否 				
13 	奥士康 	益房权证资阳字第2016002576 号 	资阳区长春工业园白马山社区奥士康科技（益阳）有限公司（二期仓库）201 室 	1,397.04 	自建 	否 				
14 	奥士康 	益房权证资阳字第2016002577 号 	资阳区长春工业园白马山社区奥士康科技（益阳）有限公司（二期仓库）301 室 	1,397.04 	自建 	否 				
15 	奥士康 	益房权证资阳字第2016002578 号 	资阳区长春工业园白马山社区奥士康科技（益阳）有限公司二期 2＃公寓 101 室 	894.71 	自建 	否 				
16 	奥士康 	益房权证资阳字第2016002579 号 	资阳区长春工业园白马山社区奥士康科技（益阳）有限公司二期 2＃公寓架空层 01 室 	894.71 	自建 	否 				
17 	奥士康 	益房权证资阳字第2016002580 号 	资阳区长春工业园白马山社区奥士康科技（益阳）有限公司二期 2＃公寓 201 室 	894.71 	自建 	否 				
18 	奥士康 	益房权证资阳字第2016002581 号 	资阳区长春工业园白马山社区奥士康科技（益阳）有限公司二期 2＃公寓 301 室 	894.71 	自建 	否 				
19 	奥士康 	益房权证资阳字第2016002582 号 	资阳区长春工业园白马山社区奥士康科技（益阳）有限公司二期 2＃公寓 401 室 	894.71 	自建 	否 				
20 	奥士康 	益房权证资阳字第2016002583 号 	资阳区长春工业园白马山社区奥士康科技（益阳）有限公司二期 2＃公寓 501 室 	894.71 	自建 	否 				
21 	奥士康 	益房权证资阳字第2016002584 号 	资阳区长春工业园白马山社区奥士康科技（益阳）有限公司二期 1＃公寓 101 室 	894.71 	自建 	否 				
22 	奥士康 	益房权证资阳字第2016002585 号 	资阳区长春工业园白马山社区奥士康科技（益阳）有限公司二期 1＃公寓架空层 01 室 	894.71 	自建 	否 				
23 	奥士康 	益房权证资阳字第2016002586 号 	资阳区长春工业园白马山社区奥士康科技（益阳）有限公司二期 1＃公寓 201 室 	894.71 	自建 	否 				
24 	奥士康 	益房权证资阳字第2016002587 号 	资阳区长春工业园白马山社区奥士康科技（益阳）有限公司二期 1＃公寓 301 室 	894.71 	自建 	否 				
25 	奥士康 	益房权证资阳字第2016002588 号 	资阳区长春工业园白马山社区奥士康科技（益阳）有限公司二期 1＃公寓 401 室 	894.71 	自建 	否 				
26 	奥士康 	益房权证资阳字第2016002589 号 	资阳区长春工业园白马山社区奥士康科技（益阳）有限公司二期 1＃公寓 501 室 	894.71 	自建 	否 				
27 	奥士康 	益房权证资阳字第2016002826 号 	资阳区长春工业园龙塘村 101 室 	895.18 	自建 	否 				
28 	奥士康 	益房权证资阳字第2016002827 号 	资阳区长春工业园龙塘村 201 室 	895.18 	自建 	否 				
29 	奥士康 	益房权证资阳字第2016002828 号 	资阳区长春工业园龙塘村 301 室 	895.18 	自建 	否 				
30 	奥士康 	益房权证资阳字第2016002829 号 	资阳区长春工业园龙塘村 401 室 	895.18 	自建 	否 				
31 	奥士康 	益房权证资阳字第2016002830 号 	资阳区长春工业园龙塘村 501 室 	895.18 	自建 	否 				
32 	奥士康 	益房权证资阳字第2016002831 号 	资阳区长春工业园龙塘村 101 室 	895.18 	自建 	否 				
33 	奥士康 	益房权证资阳字第2016002832 号 	资阳区长春工业园龙塘村 201 室 	895.18 	自建 	否 				
34 	奥士康 	益房权证资阳字第2016002833 号 	资阳区长春工业园龙塘村 301 室 	895.18 	自建 	否 				
35 	奥士康 	益房权证资阳字第2016002834 号 	资阳区长春工业园龙塘村 401 室 	895.18 	自建 	否 				
36 	奥士康 	益房权证资阳字第2016002835 号 	资阳区长春工业园龙塘村 501 室 	895.18 	自建 	否 				
37 	奥士康 	益房权证资阳字第2016008122 号 	资阳区长春工业园龙塘村 101 室 	876.59 	自建 	否 				
38 	奥士康 	益房权证资阳字第2016008124 号 	资阳区长春工业园龙塘村 201 室 	876.59 	自建 	否 				
39 	奥士康 	益房权证资阳字第2016002838 号 	资阳区长春工业园龙塘村 101 室 	2,612.69 	自建 	否 				
40 	惠州奥士康 	深房地字第4000625755 号 	南山区商业文化中心区 	201.42 	购买 	否 				
										
序号 	座落 	面积（m2） 	出租人 	承租人 	租赁期限 	租赁用途 	是否备案 	出租方是否已取得权属证明 		
序号 	座落 	面积（m2） 	出租人 	承租人 	租赁期限 	租赁用途 	是否备案 	出租方是否已取得权属证明 		
1 	惠州市惠阳区新圩镇长布新星工业园 	12,832.51 	巫春华 	惠州奥士康 	至 2020 年6 月 30 日 	工业厂房 	否 	否 		
2 	惠州市惠阳区新圩镇长布新星工业园 	9,798.00 	刘奕源、刘世东 	惠州奥士康 	至 2020 年7 月 1 日 	工业厂房 	否 	否 		
3 	惠州市惠阳区新圩镇长布奥士康厂房大门口马路对面 	1,030.00 	李道夫 	惠州奥士康 	至 2018 年5 月 10 日 	员工宿舍 	否 	否 		
4 	惠州市惠阳区新圩镇长布村新星工业区 	4,000.00 	刘奕源、刘世东 	惠州奥士康 	至 2018 年7 月 1 日 	员工宿舍 	否 	否 		
5 	惠州市惠阳区新圩镇长布新星工业园 	2,506.00 	惠阳区金东财业发展有限公司 	惠州奥士康 	至 2019 年6 月 13 日 	员工宿舍 	否 	否 		
6 	惠州市惠阳区新圩镇长布新陂村奥士康旁 	110 	刘源泉 	惠州奥士康 	至 2018 年9 月 	办公 	否 	否 		
7 	深圳市龙华新区观澜广培社区高尔夫大道 5号第七楼层第 1单位 	197.5 	深圳观澜湖房地产开发有限公司 	惠州奥士康 	至 2019 年5 月 31 日 	办公 	是 	有 		
8 	长春路以南、长乐路以东 	3,648.00 	益阳市创鑫建设投资有限公司 	奥士康 	2017 年 9月 1 日至2020 年 8月 30 日 	员工宿舍 	否 	否 		
										
序号 	权利人 	证书编号 	取得方式 	坐落 	土地用途 	面积（m2） 	终止日期 			
1 	奥士康 	益国用（2016）第D00019号 	出让 	长春路以北、幸福路以南、白马山路以西 	工业 	24,806.24 	2061.04.06 			
2 	奥士康 	益国用（2016）第D00018号 	出让 	长春东路北侧、白马山路东侧 	工业 	67,079.03 	2060.07.05 			
3 	奥士康 	益国用（2016）第D00001号 	出让 	益阳市资阳区长春镇碑石仑村 	城镇住宅 	20,000.00 	2084.10.19 			
										
序号 	商标式样 	权利人 	注册证号 	注册类别 	有效期 	授权日 				
1 	 	惠州奥士康 	7123076 	第 9 类 	2010.10.14-2020.10.13 	2010.10.14 				
2 	 	惠州奥士康 	8416263 	第 9 类 	2011.07.21-2021.07.20 	2011.07.21 				
3 	 	惠州奥士康 	9777061 	第 9 类 	2012.09.21-2022.09.20 	2012.09.21 				
4 	 	惠州奥士康 	11648250 	第 9 类 	2014.03.28-2024.03.27 	2014.03.28 				
5 	 	惠州奥士康 	11648274 	第 9 类 	2014.04.21-2024.04.20 	2014.04.21 				
6 	 	惠州奥士康 	11648297 	第 9 类 	2014.04.21-2024.04.20 	2014.04.21 				
7 	 	惠州奥士康 	11948246 	第 9 类 	2015.04.07-2025.04.06 	2015.04.07 				
										
序号 	类别 	域名 	注册人 	注册时间 	到期时间 					
1 	国际顶级域名 	askpcb.com 	惠州奥士康 	2007.12.04 	2022.12.03 					
										
序号 	专利类别 	专利权人 	专利名称 	专利号 	取得方式 	授权日 				
1  	发明 	奥士康 	一种工控板的防焊方法 	ZL201010258756.8 	继受取得 	2012.01.04 				
2  	发明 	奥士康 	一种薄板防焊方法 	ZL201010594237.9 	继受取得 	2012.08.22 				
3  	发明 	奥士康 	一种内层厚铜板钻孔方法 	ZL201110052312.3 	继受取得 	2012.10.24 				
4  	发明 	奥士康 	一种防焊绿油墨塞孔方法 	ZL201210219070.7 	继受取得 	2015.03.11 				
5  	发明 	奥士康 	PCB板上去钯液的清洗液及清洗方法 	ZL201310637035.1 	原始取得 	2015.09.02 				
6  	发明 	奥士康 	印刷电路板用油墨的搅拌方法及装置 	ZL201410383137.X 	原始取得 	2016.03.23 				
7  	发明 	奥士康 	PCB 板短槽孔加工方法 	ZL201410383198.6 	原始取得 	2016.05.18 				
8  	发明 	奥士康 	一种多层印刷电路板的压合方法 	ZL201410069072.1 	继受取得 	2017.01.25 				
9  	发明 	奥士康 	PCB板单面开窗过孔的防焊处理方法 	ZL201310637839.1 	原始取得 	2017.02.22 				
10  	发明 	奥士康 	厚铜电路板电路图形的转移方法 	ZL20140725751.X 	原始取得 	2017.04.12 				
11  	发明 	奥士康 	一种选择性表面处理工艺方法 	ZL201410163142.X 	继受取得 	2017.04.12 				
12  	发明 	奥士康 	软硬结合电路板的生产方法 	ZL201410724809.9 	原始取得 	2017.05.17 				
13  	发明 	惠州奥士康 	一种防焊丝印方法 	ZL201010594236.4 	原始取得 	2013.04.17 				
14  	发明 	惠州奥士康 	多层 PCB 板的制备方法 	ZL201110223670.6 	原始取得 	2013.04.24 				
15  	发明 	惠州奥士康 	一种改善多层电路板过孔质量的方法 	ZL201010594235.X 	原始取得 	2013.07.17 				
16  	发明 	惠州奥士康 	一种 PCB 板制备过程中改善油墨入孔的方法 	ZL201110188241.X 	原始取得 	2014.04.09 				
17  	发明 	惠州奥士康 	一种涨缩板的分堆方法 	ZL201410163145.3 	原始取得 	2017.02.22 				
18  	发明 	惠州奥士康 	一种线路板碳油印刷工艺 	ZL201410069237.5 	原始取得 	2017.04.12 				
19  	实用新型 	奥士康 	液体加热装置 	ZL201120522340.2 	原始取得 	2012.07.25 				
20  	实用新型 	奥士康 	半固化片清洁装置 	ZL201120522315.4 	原始取得 	2012.07.25   				
21  	实用新型 	奥士康 	电镀陪镀分流条 	ZL201120522339.X 	原始取得 	2012.07.25 				
22  	实用新型 	奥士康 	多层板叠合定位装置 	ZL201120522348.9 	原始取得 	2012.07.25 				
23  	实用新型 	奥士康 	前处理刷板机清洁槽 	ZL201120522314.X 	原始取得 	2012.07.25 				
24  	实用新型 	奥士康 	桶状物夹持装置 	ZL201120522321.X 	原始取得 	2012.07.25 				
25  	实用新型 	奥士康 	PCB 板生产线药水供应装置 	ZL201320783334.1 	原始取得 	2014.06.04 				
26  	实用新型 	奥士康 	手握式气动打磨机 	ZL201320783606.8 	原始取得 	2014.07.02 				
27  	实用新型 	奥士康 	印刷电路板用油墨的搅拌装置 	ZL201420440063.4 	原始取得 	2014.12.10 				
28  	实用新型 	奥士康 	PCB 板沉铜用养板槽 	ZL201420440062.X 	原始取得 	2014.12.10 				
29  	实用新型 	奥士康 	PCB 板生产用镀铜槽铜球添加装置 	ZL201420440114.3 	原始取得 	2014.12.10 				
30  	实用新型 	奥士康 	PCB 板自动测试机送料装置 	ZL201420440584.X 	原始取得 	2014.12.10 				
31  	实用新型 	奥士康 	PCB 内层板铆钉机的铆钉排序装置 	ZL201420440434.9 	原始取得 	2014.12.10 				
32  	实用新型 	奥士康 	PCB 板生产用数板架 	ZL201420547833.5 	原始取得 	2015.01.14 				
33  	实用新型 	奥士康 	PCB 网板检查台 	ZL201420547864.0 	原始取得 	2015.01.14 				
34  	实用新型 	奥士康 	PCB 板涂布装置中的拉板夹具 	ZL201420547866.X 	原始取得 	2015.01.14 				
35  	实用新型 	奥士康 	PCB 生产用插板架锁紧装置 	ZL201520183488.6 	原始取得 	2015.07.15 				
36  	实用新型 	奥士康 	PCB 生产中贴膜板的撕膜装置 	ZL201520182976.5 	原始取得 	2015.08.05 				
37  	实用新型 	奥士康 	PCB生产用飞靶横梁清洗装置 	ZL201520182819.4 	原始取得 	2015.08.05 				
38  	实用新型 	奥士康 	PCB生产用铆钉清洗装置 	ZL201520182582.X 	原始取得 	2015.08.05 				
39  	实用新型 	奥士康 	PCB内层缺陷分析磨板机 	ZL201520287332.2 	原始取得 	2015.08.19 				
40  	实用新型 	奥士康 	PCB生产用贴胶机定位装置 	ZL201520287320.X 	原始取得 	2015.08.19 				
41  	实用新型 	奥士康 	PCB用钻孔机夹头清洗装置 	ZL201520287331.8 	原始取得 	2015.09.02 				
42  	实用新型 	奥士康 	一种磨刷装置 	ZL201520402139.9 	原始取得 	2015.10.14 				
43  	实用新型 	奥士康 	一种PCB板存放架 	ZL201520401899.8 	原始取得 	2015.10.14 				
44  	实用新型 	奥士康 	一种铜板粗化装置 	ZL201520399718.2 	原始取得 	2015.10.14 				
45  	实用新型 	奥士康 	一种铜板存放转运装置 	ZL201520401872.9 	原始取得 	2015.10.14 				
46  	实用新型 	奥士康 	一种自动放板装置 	ZL201520399507.9 	原始取得 	2015.10.14 				
47  	实用新型 	奥士康 	一种PCB板传送桌 	ZL201520399510.0 	原始取得 	2015.10.14 				
48  	实用新型 	奥士康 	一种自动PCB板传送桌 	ZL201520401631.4 	原始取得 	2015.10.14 				
49  	实用新型 	奥士康 	一种PCB板收油刀 	ZL201520402251.2 	原始取得 	2015.10.14 				
50  	实用新型 	奥士康 	一种防碰撞放板装置 	ZL201520403596.X 	原始取得 	2015.10.14 				
51  	实用新型 	奥士康 	一种吸水棉辘清洁装置 	ZL201520401654.5 	原始取得 	2015.12.02 				
52  	实用新型 	奥士康 	一种热熔多层放料架 	ZL201520474690.4 	原始取得 	2015.12.02 				
53  	实用新型 	奥士康 	PCB 板浸洗药水槽 	ZL201520690639.7 	原始取得 	2015.12.16 				
54  	实用新型 	奥士康 	PCB 板预处理干燥装置 	ZL201520695809.0 	原始取得 	2015.12.23 				
55  	实用新型 	奥士康 	便于放置 PCB 板的板架 	ZL201520690636.3 	原始取得 	2015.12.30 				
56  	实用新型 	奥士康 	PCB 板放板架 	ZL201520691141.2 	原始取得 	2015.12.30 				
57  	实用新型 	奥士康 	PCB 板输出装置 	ZL201520690123.2 	原始取得 	2016.01.06 				
58  	实用新型 	奥士康 	烤板车 	ZL201520690637.8 	原始取得 	2016.01.06 				
59  	实用新型 	奥士康 	切片旋转研磨装置 	ZL201520690638.2 	原始取得 	2016.01.06 				
60  	实用新型 	奥士康 	实验室用 PCB 板放置架 	ZL201520691054.7 	原始取得 	2016.01.06 				
61  	实用新型 	奥士康 	一种 PCB 板丝印钉床 	ZL201520691056.6 	原始取得 	2016.01.06 				
62  	实用新型 	奥士康 	PCB 板粘尘装置 	ZL201520690413.7 	原始取得 	2016.01.20 				
63  	实用新型 	奥士康 	PCB 板放置架 	ZL201520691044.3 	原始取得 	2016.01.20 				
64  	实用新型 	奥士康 	多系列料号 PCB 网板放置架 	ZL201520691626.1 	原始取得 	2016.01.20 				
65  	实用新型 	奥士康 	一种自动升降收板推车 	ZL201520697270.2 	原始取得 	2016.01.20 				
66  	实用新型 	奥士康 	一种菲林挂件架 	ZL201520690414.1 	原始取得 	2016.03.16 				
67  	实用新型 	奥士康 	PCB 板推车 	ZL201520691010.4 	原始取得 	2016.03.16 				
68  	实用新型 	奥士康 	干膜更换装置 	ZL201520691540.9 	原始取得 	2016.03.16 				
69  	实用新型 	奥士康 	一种 PCB 板插板架 	ZL201520691602.6 	原始取得 	2016.03.16 				
70  	实用新型 	奥士康 	一种输送 PCB 板的推车 	ZL201520695008.4 	原始取得 	2016.03.16 				
71  	实用新型 	奥士康 	一种 PCB 板推车 	ZL201520691048.1 	原始取得 	2016.05.04 				
72  	实用新型 	奥士康 	一种省力型拧药水桶的扳手 	ZL201620211348.X 	原始取得 	2016.08.10 				
73  	实用新型 	奥士康 	一种可折叠的实验室用运板车 	ZL201620072158.4 	原始取得 	2016.11.30 				
74  	实用新型 	奥士康 	一种 PCB 机加工上销钉气枪 	ZL201620731789.2 	原始取得 	2017.02.01 				
75  	实用新型 	奥士康 	一种切片研磨机废水过滤处理装置 	ZL201620728029.6 	原始取得 	2017.02.01 				
76  	实用新型 	奥士康 	一种 PCB  快速退钻针的治具 	ZL201620727610.6 	原始取得 	2017.02.01 				
77  	实用新型 	奥士康 	一种药水辅助添加装置 	ZL201620727607.4 	原始取得 	2017.02.15 				
78  	实用新型 	奥士康 	铝片塞孔网版 	ZL201621468806.4 	原始取得 	2017.07.18 				
79  	实用新型 	奥士康 	旋转多角度设备编号装置 	ZL201621470962.4 	原始取得 	2017.07.25 				
80  	实用新型 	奥士康 	用于 PCB 生产中掉槽的捞板工具 	ZL201621466596.5 	原始取得 	2017.07.25 				
81  	实用新型 	奥士康 	PCB 板板面清洁工具 	ZL201621467895.0 	原始取得 	2017.08.04 				
82  	实用新型 	奥士康 	涂布线夹头清洗机 	ZL201621468815.3 	原始取得 	2017.08.04 				
83  	实用新型 	奥士康 	设备定时重启预警装置 	ZL201621468810.0 	原始取得 	2017.08.22 				
84  	实用新型 	奥士康 	印刷导气板 	ZL201621467891.2 	原始取得 	2017.08.25 				
85  	实用新型 	惠州奥士康 	新型吸尘器 	ZL201020228934.8 	原始取得 	2011.01.05 				
86  	实用新型 	惠州奥士康 	PCB 板材沥水装置 	ZL201020228935.2 	原始取得 	2011.01.05 				
87  	实用新型 	惠州奥士康 	一种切片固定装置 	ZL201020666587.7 	原始取得 	2011.09.28 				
88  	实用新型 	惠州奥士康 	一种薄板保护装置 	ZL201020666586.2 	原始取得 	2011.09.28 				
89  	实用新型 	惠州奥士康 	一种用于垫板的钻孔装置 	ZL201420221009.0 	原始取得 	2014.08.20 				
90  	实用新型 	惠州奥士康 	插板架 	ZL201520963782.9 	原始取得 	2016.04.06 				
91  	实用新型 	惠州奥士康 	印刷线路板 	ZL201521109181.8 	原始取得 	2016.05.11 				
92  	实用新型 	惠州奥士康 	一种高效率防焊磨板机 	ZL201620593501.X 	原始取得 	2016.11.02 				
93  	实用新型 	惠州奥士康 	一种收板车 	ZL201620834922.7 	原始取得 	2017.01.04 				
94  	实用新型 	惠州奥士康 	一种钻针存放柜 	ZL201620834956.6 	原始取得 	2017.01.04 				
95  	实用新型 	惠州奥士康 	新型三层 PCB 板压合结构 	ZL201620857849.5 	原始取得 	2017.02.08 				
96  	实用新型 	惠州奥士康 	新型沉铜架篮 	ZL201620921675.4 	原始取得 	2017.02.15 				
97  	实用新型 	惠州奥士康 	一种 PCB 板印刷菲林 	ZL201620921181.6 	原始取得 	2017.03.22 				
98  	实用新型 	惠州奥士康 	一种印制线路板板边阻抗条的阻流结构 	ZL201620949949.0 	原始取得 	2017.04.05 				
99  	实用新型 	惠州奥士康 	一种板边具有阻流结构的线路板 	ZL201620949952.2 	原始取得 	2017.04.05 				
100  	实用新型 	惠州奥士康 	一种防介质层压合空洞的多层阻抗线路板 	ZL201620949953.7 	原始取得 	2017.04.12 				
101  	实用新型 	惠州奥士康 	一种小尺寸印制线路板测试治具 	ZL201620954295.0 	原始取得 	2017.04.12 				
102  	实用新型 	惠州奥士康 	一种新型 PP 片箱存放架 	ZL201621262404.9 	原始取得 	2017.06.20 				
103  	实用新型 	惠州奥士康 	一种分板磨板流水线传送装置 	ZL201620930601.7 	原始取得 	2017.06.20 				
104  	实用新型 	惠州奥士康 	一种可增加锣板叠数的高长径比锣刀 	ZL201621186728.9 	原始取得 	2018.08.18 				
105  	实用新型 	惠州奥士康 	一种基于气压控制的印制线路板钻孔装置 	ZL201621185006.1 	原始取得 	2017.08.25 				
										
序号 	权利人 	软件著作权名称 	著作权号 	取得方式 	开发完成日期 					
1   	奥士康 	奥士康智能数据管理软件[简称：智能数据管理软件]V1.0 	软著登字第1269227 号 	原始取得 	2015.12.22 					
										
序号 	核心技术 	某一环节核心技术 	阶段 	该技术优点 	专利获取情况 					
1 	全尺寸排版技术 	内层芯板涨缩匹配技术 	量产 	降低芯板蚀刻后的涨缩、保证多层板芯板之间层间对准度、满足产品品质需求。 	申请中 					
1 	全尺寸排版技术 	压合均匀性控制技术 	量产 	提高多层板内层介厚的均匀性，保证电信号传输平稳。 	申请中 					
1 	全尺寸排版技术 	孔位精准度控制技术 	量产 	提升钻孔孔位精度、保证线路信号稳定传输、提升产品的可靠性。 	申请中 					
1 	全尺寸排版技术 	镀铜均匀性控制技术 	量产 	提升线路板细线路的制作能力、满足电信号快速传输的要求。 	申请中 					
1 	全尺寸排版技术 	防焊印刷控制技术 	量产 	提升镀铜孔和线路的覆盖能力、满足电子元件的焊接要求。 	已获取 					
1 	全尺寸排版技术 	PCB板短槽孔加工方法 	量产 	提升短槽孔设计在机械钻孔的效率和质量。 	申请中 					
1 	全尺寸排版技术 	PCB板单面开窗过孔的防焊处理方法 	量产 	提升防焊制程生产效率和质量。 	申请中 					
1 	全尺寸排版技术 	软硬结合电路板的生产方法 	试产 	开发软硬结合电路板生产制造技术，提升制造过程良率。 	申请中 					
										
一种PCB板丝印钉床 	量产 	提升丝印效率，提升制程品质。 	已获取 							
大尺寸挡点网控制技术 	量产 	提升挡点网涨缩及解析精度，满足大板挡点网制作需求。 	申请中 							
厚铜电路板电路图形转移的方法 	量产 	提升厚铜电路板图形转移解析度，与蚀刻线条均匀性。 	已获取 							
图像转移精度技术 	量产 	提升电路板图形转移精度，满足阻抗线线宽控制要求。 	申请中 							
高精度成品尺寸控制技术 	量产 	提升锣型、冲型等设备制成能力、满足产品尺寸精密的要求。 	申请中 							
棕化膜快速形成技术 	量产 	提升棕化膜的成膜效率，满足产品可靠性要求。 	申请中 							
快速蚀刻技术 	量产 	提升蚀刻速度及能力、满足细线路产品品质要求。 	申请中 							
PCB板生产用镀铜槽铜球添加装置 	量产 	提升电镀主材料铜球添加效率，降低工人劳动强度，提升制程能力稳定性。 	已获取 							
PCB板自动测试机送料装置 	量产 	提升电子测试生产效率，降低工人劳动强度 	已获取 							
菲林快速对位技术 	量产 	菲林片工具边设计优化，提高曝光效率，满足产品品质需求。 	预申请 							
快速干膜显影技术 	量产 	提高显影精密度，提升显影速度，满足产品品质要求。 	申请中 							
混合电镀技术 	量产 	提高生产效率，提升镀铜均匀性，满足产品品质要求。 	申请中 							
高效防焊磨板前处理 	量产 	提高生产效率，提升板面粗化效果，满足绿油贴附强度。 	已获取 							
大电流积层电镀控制技术 	量产 	提升电镀效率及均匀性，满足客户对产品铜厚的要求。 	申请中 							
规模化生产计划实施系统 	试产 	实现精益生产、提高生产效率。 	预申请 							
自动化设备与搬运系统配置 	试产 	节省人工成本、提高产品品质。 	已获取 							
设备能力优化与效率提升技术 	试产 	通过改进生产设备提升生产效率，实现生产效率最大化。 	预申请 							
节能环保生产系统 	试产 	节约水、电的使用量、减少废水处理量。 	预申请 							
自动化光学检测一体化技术 	量产 	提高生产效率、提升产品品质。 	申请中 							
药水辅助添加装置 	量产 	提升药水稳定，提升产品品质。 	已获取 							
PCB生产中贴膜板的撕膜装置 	试产 	提升生产效率、降低工人劳动强度。 	已获取 							
一种自动放板装置 	量产 	提升生产效率、提升产品品质、降低工人劳动强度。 	已获取 							
一种铜板存放转运装置 	量产 	降低工人劳动强度、提升产品品质。 	已获取 							
一种自动升降收板推车 	量产 	降低工人劳动强度、提升产品品质。 	已获取 							
自动化生产PCB制造工艺流程 	量产 	降低工人劳动强度、提升生产效率、提升产品品质、减少一线作业人员。 	申请中 							
自动连续电镀技术 	量产 	实现水平线与垂直线连线生产、提高生产效率和产品品质。 	申请中 							
奥士康智能数据管理软件 	量产 	通过对原始生产数据进行分析并成立用户自己定义数据输出格式和输出内容，得到用户需要的单据报表的完整解决方法。 	申请中 							
智能生产计划软件V1.0 	量产 	根据生产实际情况、自动分配生产通道，精益生产。 	申请中 							
治工具管理软件V1.0 	量产 	通过软件管控治工具的准确性、使用寿命及质量、保证产品顺利生产。 	申请中 							
精 密 仪 器 管 理 软 件V1.0 	量产 	通过软件管控测试、检测仪器的使用情况，保证实时掌控在线设备运作情况。 	申请中 							
材料备料管理软件V1.0 	量产 	使用软件实时监控物料的耗用量、自动记录并反馈，杜绝人为失误、保证物料的安全库存。 	申请中 							
设备运作管理软件V1.0 	量产 	使用软件实时监控设备的运行情况、监督维护与保养，保证设备高效运行。 	申请中 							
阻抗条自动设计技术 	量产 	通过编制自动化程序实现阻抗的自动组合、提升阻抗设计准确率及生产效率。 	预申请 							
异型图形处理技术 	量产 	通过编制自动化程序实现对客户异型设计图形的自动识别及处理、提升产品设计准确率及生产效率。 	预申请 							
对位系统整合技术 	量产 	通过优化菲林边的对位系统，以实现同一套工具适用不同的设备进行生产，提高设备的普遍适用性。 	预申请 							
生产工具涨缩自动补偿技术 	量产 	实现菲林制造环节自动化操作、提升操作的准确率及生产效率。 	预申请 							
										
2 	高速度技术 									
3 	制造自动化整合技术 									
										
4 	自主软件开发技术 									
5 	工程自动化设计技术 									
										
序号 	项目名称 	核心技术 	拟达到的目标 	阶段 						
1 	高可靠性汽车PCB板项目 	材料可靠性管控技术 	制作出高可靠性的汽车 PCB 板产品，实现汽车电子产品更高的可靠性能要求。 	量产 						
1 	高可靠性汽车PCB板项目 	生产设备唯一性管控技术 	制作出高可靠性的汽车 PCB 板产品，实现汽车电子产品更高的可靠性能要求。 	量产 						
1 	高可靠性汽车PCB板项目 	生产车间无尘化控制技术 	制作出高可靠性的汽车 PCB 板产品，实现汽车电子产品更高的可靠性能要求。 	量产 						
1 	高可靠性汽车PCB板项目 	自动化及搬运管控技术 	制作出高可靠性的汽车 PCB 板产品，实现汽车电子产品更高的可靠性能要求。 	量产 						
1 	高可靠性汽车PCB板项目 	高可靠性电镀技术 	制作出高可靠性的汽车 PCB 板产品，实现汽车电子产品更高的可靠性能要求。 	量产 						
1 	高可靠性汽车PCB板项目 	高品质线路制造技术 	制作出高可靠性的汽车 PCB 板产品，实现汽车电子产品更高的可靠性能要求。 	量产 						
1 	高可靠性汽车PCB板项目 	先进品质检测技术 	制作出高可靠性的汽车 PCB 板产品，实现汽车电子产品更高的可靠性能要求。 	量产 						
2 	超长光电板产品项目（长度大于600mm） 	材料尺寸稳定性管控技术 	实现长度大于600mm、厚度小于0.8mm 光电产品的大批量生产。 	样品 						
2 	超长光电板产品项目（长度大于600mm） 	超长光电产品压合涨缩控制技术 	实现长度大于600mm、厚度小于0.8mm 光电产品的大批量生产。 	样品 						
2 	超长光电板产品项目（长度大于600mm） 	超长光电产品图形转移技术 	实现长度大于600mm、厚度小于0.8mm 光电产品的大批量生产。 	样品 						
2 	超长光电板产品项目（长度大于600mm） 	超长光电产品阻焊制作技术 	实现长度大于600mm、厚度小于0.8mm 光电产品的大批量生产。 	样品 						
2 	超长光电板产品项目（长度大于600mm） 	超长光电产品成品尺寸控制技术 	实现长度大于600mm、厚度小于0.8mm 光电产品的大批量生产。 	样品 						
2 	超长光电板产品项目（长度大于600mm） 	超长光电产品无痕检测技术 	实现长度大于600mm、厚度小于0.8mm 光电产品的大批量生产。 	样品 						
3 	高低阻碳膜产品项目 	电阻均匀性控制技术 	通过对碳膜的高阻与低阻相互交叉设计的研究，实现批量生产。 	量产 						
3 	高低阻碳膜产品项目 	高低电阻混搭技术 	通过对碳膜的高阻与低阻相互交叉设计的研究，实现批量生产。 	量产 						
3 	高低阻碳膜产品项目 	印刷高精度控制技术 	通过对碳膜的高阻与低阻相互交叉设计的研究，实现批量生产。 	量产 						
3 	高低阻碳膜产品项目 	高精密检测技术 	通过对碳膜的高阻与低阻相互交叉设计的研究，实现批量生产。 	量产 						
4 	高性能超厚铜PCB板项目（铜厚大于200um） 	超厚铜图形转移技术 	实现单层铜厚大于200um 的高可靠性电源产品大批量生产。 	样品 						
4 	高性能超厚铜PCB板项目（铜厚大于200um） 	低应力厚铜电镀技术 	实现单层铜厚大于200um 的高可靠性电源产品大批量生产。 	样品 						
4 	高性能超厚铜PCB板项目（铜厚大于200um） 	高品质闪蚀技术 	实现单层铜厚大于200um 的高可靠性电源产品大批量生产。 	样品 						
4 	高性能超厚铜PCB板项目（铜厚大于200um） 	超厚铜阻焊保护技术 	实现单层铜厚大于200um 的高可靠性电源产品大批量生产。 	样品 						
4 	高性能超厚铜PCB板项目（铜厚大于200um） 	超高电压检测技术 	实现单层铜厚大于200um 的高可靠性电源产品大批量生产。 	样品 						
5 	超级排版高多层项目（长度大于1200mm） 	超级排版内层尺寸控制技术 	实现长度大于1200mm 的产品大批量生产。 	样品 						
5 	超级排版高多层项目（长度大于1200mm） 	超级排版压合均匀性控制技术 	实现长度大于1200mm 的产品大批量生产。 	样品 						
5 	超级排版高多层项目（长度大于1200mm） 	超级排版孔位精准度控制技术 	实现长度大于1200mm 的产品大批量生产。 	样品 						
5 	超级排版高多层项目（长度大于1200mm） 	超级排版镀铜均匀性控制技术 	实现长度大于1200mm 的产品大批量生产。 	样品 						
5 	超级排版高多层项目（长度大于1200mm） 	超级排版线宽一致性制造技术 	实现长度大于1200mm 的产品大批量生产。 	样品 						
5 	超级排版高多层项目（长度大于1200mm） 	超级排版防焊印刷控制技术 	实现长度大于1200mm 的产品大批量生产。 	样品 						
5 	超级排版高多层项目（长度大于1200mm） 	超级排版过程涨缩控制技术 	实现长度大于1200mm 的产品大批量生产。 	样品 						
6 	多层高阶 HDI项目 	超薄介质层控制技术 	实现 6 阶以上超高布线密度 HDI 板的批量	样品 						
6 	多层高阶 HDI项目 	微通孔开发技术 	实现 6 阶以上超高布线密度 HDI 板的批量	样品 						
										
微盲孔开发技术 	生产。 									
微通孔+盲孔叠加技术 	生产。 									
6 次以上激光盲孔叠加技术 	生产。 									
任意层盲孔互联技术 	生产。 									
通盲孔匹配技术 	生产。 									
2.5D 立体设计制作技术 	通过在产品立体区域嵌入体积较大的电子元件，降低终端产品的设计厚度，并实现批量生产。 	样品 								
底层区域图形制作技术 	通过在产品立体区域嵌入体积较大的电子元件，降低终端产品的设计厚度，并实现批量生产。 	样品 								
立体区域压合填充技术 	通过在产品立体区域嵌入体积较大的电子元件，降低终端产品的设计厚度，并实现批量生产。 	样品 								
立体区域成型控制技术 	通过在产品立体区域嵌入体积较大的电子元件，降低终端产品的设计厚度，并实现批量生产。 	样品 								
底层区域可贴件技术 	通过在产品立体区域嵌入体积较大的电子元件，降低终端产品的设计厚度，并实现批量生产。 	样品 								
双面挠性板制作技术 	实现刚挠结合板的批量生产。 	设计 								
多层刚-挠板压合技术 	实现刚挠结合板的批量生产。 	设计 								
不同材料电镀技术 	实现刚挠结合板的批量生产。 	设计 								
多层刚挠板成型技术 	实现刚挠结合板的批量生产。 	设计 								
多层刚挠板检测技术 	实现刚挠结合板的批量生产。 	设计 								
电容制作与检测技术 	实现埋容埋阻产品小批量生产、突破国外的技术封锁与产品垄断。 	设计 								
电阻制作与检测技术 	实现埋容埋阻产品小批量生产、突破国外的技术封锁与产品垄断。 	设计 								
电容、电阻埋置技术 	实现埋容埋阻产品小批量生产、突破国外的技术封锁与产品垄断。 	设计 								
成品电容、电阻测试技术 	实现埋容埋阻产品小批量生产、突破国外的技术封锁与产品垄断。 	设计 								
超细线路制作技术 	实现封装基板小批量制作、突破国外的技术封锁与产品垄断。 	样品 								
微通孔、盲孔制作技术 	实现封装基板小批量制作、突破国外的技术封锁与产品垄断。 	样品 								
超细线路检测技术 	实现封装基板小批量制作、突破国外的技术封锁与产品垄断。 	样品 								
超薄产品防焊制作技术 	实现封装基板小批量制作、突破国外的技术封锁与产品垄断。 	样品 								
控深孔制作技术 	实现控深钻板批量生产。 	量产 								
控深孔镀铜控制技术 	实现控深钻板批量生产。 	量产 								
钻孔深度控制技术 	实现控深钻板批量生产。 	量产 								
控深孔平整度控制技术 	实现控深钻板批量生产。 	量产 								
控深孔深度、平整度检测技术 	实现控深钻板批量生产。 	量产 								
高频板钻孔制作技术 	实现高频板的批量生产，满足信息传输高效、高品质要求。 	量产 								
高频板除胶渣控制技术 	实现高频板的批量生产，满足信息传输高效、高品质要求。 	量产 								
高频板冲、锣板控制技术 	实现高频板的批量生产，满足信息传输高效、高品质要求。 	量产 								
高频板射频线路制作技术 	实现高频板的批量生产，满足信息传输高效、高品质要求。 	量产 								
移植拼接技术 	整合良品，减少报废。 	样品 								
移植单元尺寸精度控制技术 	整合良品，减少报废。 	样品 								
移植拼接板涨缩控制技术 										
特殊材料 Sever 板制作技术 	实现中高端 Sever 板批量生产。 	样品 								
特殊阻抗要求产品控制技术 	实现中高端 Sever 板批量生产。 	样品 								
中高端 Sever 板背钻技术 	实现中高端 Sever 板批量生产。 	样品 								
中高端 Sever 板埋嵌技术 	实现中高端 Sever 板批量生产。 	样品 								
2mil 精细线路制作技术 	实现光模块 PCB 产品的批量生产。 	样品 								
插拔式金手指平整控制技术 	实现光模块 PCB 产品的批量生产。 	样品 								
激光盲孔对位技术 	实现光模块 PCB 产品的批量生产。 	样品 								
多次压合涨缩控制技术 	实现光模块 PCB 产品的批量生产。 	样品 								
薄芯板电镀技术 	实现光模块 PCB 产品的批量生产。 	样品 								
陶瓷基  + FR4  混压板制作技术 	实现高频埋铜混压板的批量生产。 	样品 								
铜块棕化控制技术 	实现高频埋铜混压板的批量生产。 	样品 								
铜块嵌埋技术 	实现高频埋铜混压板的批量生产。 	样品 								
基板、PP 开窗制作技术 	实现高频埋铜混压板的批量生产。 	样品 								
半金属槽控深技术 	实现高频埋铜混压板的批量生产。 	样品 								
高频混压板涨缩控制技术 	实现高频埋铜混压板的批量生产。 	样品 								
										
7 	多层高阶2.5D立体项目 									
8 	多层刚挠结合板项目 									
9 	埋置无源元件项目 									
10 	封装基板项目 									
11 	控深钻板项目 									
12 	高频板项目 									
13 	移植拼装项目 									
14 	通讯Sever板项目 									
15 	光模块PCB项目 									
16 	高频埋铜混压项目 									
										
序号 	项目名称 	核心技术 	拟达到的目标 	阶段 						
1 	隔离层油墨 项目（与长沙理工大学合作） 	油墨高流动性技术 	实现油墨印刷后 PCB 板表面平整。 	样品 						
1 	隔离层油墨 项目（与长沙理工大学合作） 	油墨低扩散性技术 	实现油墨在 PCB 板表面印刷精度高、边缘扩散小于 50um。 	样品 						
1 	隔离层油墨 项目（与长沙理工大学合作） 	油墨耐高温高压技术 	实现油墨在高温高压生产环节后保持性能不变。 	样品 						
1 	隔离层油墨 项目（与长沙理工大学合作） 	油墨易剥性技术 	实现油墨易剥离，且剥离后铜面无残留油墨。 	样品 						
										
项目 	2017 年 1-6 月 	2016 年度 	2015 年度 	2014 年度 						
研发支出 	2,990.33 	5,087.64 	3,995.38 	3,186.12 						
主营业务收入 	73,838.46 	127,922.67 	102,780.03 	88,173.79 						
占比 	4.05% 	3.98% 	3.89% 	3.61% 						
										
序号 	研发机构职能部门 	主要职责 								
1 	研发部 	负责主持所有的新产品、新工艺、新技术等项目的开发、研究成果形成工作，并参与研究成果的转化工作；负责公司的知识产权管理工作。 								
2 	工程部 	参与客户前期设计，协同客户优化设计资料，对客户疑问提出解决方案；根据客户资料特性，选取最适合该产品的制作流程，提升产品制造良率。 								
3 	工艺部 	负责跟进新产品在产线生产品质状况；负责评估和制定各制程原物料消耗的标准；负责对相关流程操作工艺参数、设备运行状况的监督；参与制定产品品质标准、解决并持续改进产品的品质问题。 								
4 	实验中心 	实验中心包括化学实验室、可靠性实验室、电子实验中心。化学实验室主要负责化学药水的检验、分析工作；可靠性实验室主要负责产品品质的可靠性检验工作；电子实验中心主要负责客户新产品开发项目的信赖性要求和实验条件掌握，根据客户设计结合线路板产品的特性，提供电子产品的各项性能解决方案。 								
										
